{"level":"\u001b[32minfo\u001b[39m","message":"\u001b[32m✅ Environment variables validated via Zod\u001b[39m","timestamp":"2026-04-19 00:31:30:3130"}
{"level":"\u001b[32minfo\u001b[39m","message":"\u001b[32m🔗 Constructed internal REDIS_URL from host and port configuration\u001b[39m","timestamp":"2026-04-19 00:31:30:3130"}
{"level":"\u001b[32minfo\u001b[39m","message":"\u001b[32m✅ Configuration validation passed\u001b[39m","timestamp":"2026-04-19 00:31:30:3130"}
{"level":"\u001b[32minfo\u001b[39m","message":"\u001b[32mConfigService initialized as wrapper for ConfigManager\u001b[39m","timestamp":"2026-04-19 00:31:30:3130"}
{"level":"\u001b[32minfo\u001b[39m","message":"\u001b[32m✅ Environment variables validated via Zod\u001b[39m","timestamp":"2026-04-19 00:31:30:3130"}
{"level":"\u001b[33mwarn\u001b[39m","message":"\u001b[33m⚠️ JWT_SECRET is missing or using default value! Tokens will be signed with an insecure key.\u001b[39m","timestamp":"2026-04-19 00:31:30:3130"}
{"level":"\u001b[32minfo\u001b[39m","message":"\u001b[32m🔗 Constructed internal REDIS_URL from host and port configuration\u001b[39m","timestamp":"2026-04-19 00:31:30:3130"}
{"level":"\u001b[32minfo\u001b[39m","message":"\u001b[32m✅ Configuration validation passed\u001b[39m","timestamp":"2026-04-19 00:31:30:3130"}
{"level":"\u001b[32minfo\u001b[39m","message":"\u001b[32mConfigService initialized as wrapper for ConfigManager\u001b[39m","timestamp":"2026-04-19 00:31:30:3130"}
{"level":"\u001b[32minfo\u001b[39m","message":"\u001b[32m✅ Environment variables validated via Zod\u001b[39m","timestamp":"2026-04-19 00:31:30:3130"}
{"level":"\u001b[32minfo\u001b[39m","message":"\u001b[32m🔗 Constructed internal REDIS_URL from host and port configuration\u001b[39m","timestamp":"2026-04-19 00:31:30:3130"}
{"level":"\u001b[32minfo\u001b[39m","message":"\u001b[32m✅ Configuration validation passed\u001b[39m","timestamp":"2026-04-19 00:31:30:3130"}
{"level":"\u001b[32minfo\u001b[39m","message":"\u001b[32mConfigService initialized as wrapper for ConfigManager\u001b[39m","timestamp":"2026-04-19 00:31:30:3130"}
{"level":"\u001b[32minfo\u001b[39m","message":"\u001b[32m✅ Environment variables validated via Zod\u001b[39m","timestamp":"2026-04-19 00:31:30:3130"}
{"level":"\u001b[32minfo\u001b[39m","message":"\u001b[32m🔗 Constructed internal REDIS_URL from host and port configuration\u001b[39m","timestamp":"2026-04-19 00:31:30:3130"}
{"level":"\u001b[32minfo\u001b[39m","message":"\u001b[32m✅ Configuration validation passed\u001b[39m","timestamp":"2026-04-19 00:31:30:3130"}
{"level":"\u001b[32minfo\u001b[39m","message":"\u001b[32mConfigService initialized as wrapper for ConfigManager\u001b[39m","timestamp":"2026-04-19 00:31:30:3130"}
{"level":"\u001b[32minfo\u001b[39m","message":"\u001b[32m✅ Environment variables validated via Zod\u001b[39m","timestamp":"2026-04-19 00:31:30:3130"}
{"level":"\u001b[32minfo\u001b[39m","message":"\u001b[32m🔗 Constructed internal REDIS_URL from host and port configuration\u001b[39m","timestamp":"2026-04-19 00:31:30:3130"}
{"level":"\u001b[32minfo\u001b[39m","message":"\u001b[32m✅ Configuration validation passed\u001b[39m","timestamp":"2026-04-19 00:31:30:3130"}
{"level":"\u001b[32minfo\u001b[39m","message":"\u001b[32mConfigService initialized as wrapper for ConfigManager\u001b[39m","timestamp":"2026-04-19 00:31:30:3130"}
{"level":"\u001b[33mwarn\u001b[39m","message":"\u001b[33mStripe webhook received without signature or secret\u001b[39m","timestamp":"2026-04-19 00:31:30:3130"}
{"level":"\u001b[32minfo\u001b[39m","message":"\u001b[32mHandling checkout.session.completed\u001b[39m","sessionId":"cs_123","timestamp":"2026-04-19 00:31:30:3130"}
{"level":"\u001b[32minfo\u001b[39m","message":"\u001b[32mHandling customer.subscription.updated\u001b[39m","subscriptionId":"sub_123","timestamp":"2026-04-19 00:31:30:3130"}
{"invoiceId":"in_123","level":"\u001b[32minfo\u001b[39m","message":"\u001b[32mHandling invoice.paid\u001b[39m","timestamp":"2026-04-19 00:31:30:3130"}
{"level":"\u001b[32minfo\u001b[39m","message":"\u001b[32mReset usage for tenant tenant-123 due to invoice payment\u001b[39m","timestamp":"2026-04-19 00:31:30:3130"}
{"level":"\u001b[32minfo\u001b[39m","message":"\u001b[32m✅ Environment variables validated via Zod\u001b[39m","timestamp":"2026-04-19 00:31:31:3131"}
{"level":"\u001b[32minfo\u001b[39m","message":"\u001b[32m🔗 Constructed internal REDIS_URL from host and port configuration\u001b[39m","timestamp":"2026-04-19 00:31:31:3131"}
{"level":"\u001b[32minfo\u001b[39m","message":"\u001b[32m✅ Configuration validation passed\u001b[39m","timestamp":"2026-04-19 00:31:31:3131"}
{"level":"\u001b[32minfo\u001b[39m","message":"\u001b[32mConfigService initialized as wrapper for ConfigManager\u001b[39m","timestamp":"2026-04-19 00:31:31:3131"}
{"error":"DB Error","level":"\u001b[31merror\u001b[39m","message":"\u001b[31mPlanMiddleware.checkBotLimit error:\u001b[39m","stack":"Error: DB Error\n    at /home/codedex/projects/DeXMart/src/middleware/planMiddleware.test.ts:59:88\n    at file:///home/codedex/projects/DeXMart/node_modules/@vitest/runner/dist/chunk-artifact.js:302:11\n    at file:///home/codedex/projects/DeXMart/node_modules/@vitest/runner/dist/chunk-artifact.js:1903:26\n    at file:///home/codedex/projects/DeXMart/node_modules/@vitest/runner/dist/chunk-artifact.js:2326:20\n    at new Promise (<anonymous>)\n    at runWithCancel (file:///home/codedex/projects/DeXMart/node_modules/@vitest/runner/dist/chunk-artifact.js:2323:10)\n    at file:///home/codedex/projects/DeXMart/node_modules/@vitest/runner/dist/chunk-artifact.js:2305:20\n    at new Promise (<anonymous>)\n    at runWithTimeout (file:///home/codedex/projects/DeXMart/node_modules/@vitest/runner/dist/chunk-artifact.js:2272:10)\n    at file:///home/codedex/projects/DeXMart/node_modules/@vitest/runner/dist/chunk-artifact.js:2955:64","timestamp":"2026-04-19 00:31:31:3131"}
{"error":"DB Error","level":"\u001b[31merror\u001b[39m","message":"\u001b[31mPlanMiddleware.checkFeatureAccess error:\u001b[39m","stack":"Error: DB Error\n    at /home/codedex/projects/DeXMart/src/middleware/planMiddleware.test.ts:106:88\n    at file:///home/codedex/projects/DeXMart/node_modules/@vitest/runner/dist/chunk-artifact.js:302:11\n    at file:///home/codedex/projects/DeXMart/node_modules/@vitest/runner/dist/chunk-artifact.js:1903:26\n    at file:///home/codedex/projects/DeXMart/node_modules/@vitest/runner/dist/chunk-artifact.js:2326:20\n    at new Promise (<anonymous>)\n    at runWithCancel (file:///home/codedex/projects/DeXMart/node_modules/@vitest/runner/dist/chunk-artifact.js:2323:10)\n    at file:///home/codedex/projects/DeXMart/node_modules/@vitest/runner/dist/chunk-artifact.js:2305:20\n    at new Promise (<anonymous>)\n    at runWithTimeout (file:///home/codedex/projects/DeXMart/node_modules/@vitest/runner/dist/chunk-artifact.js:2272:10)\n    at file:///home/codedex/projects/DeXMart/node_modules/@vitest/runner/dist/chunk-artifact.js:2955:64","timestamp":"2026-04-19 00:31:31:3131"}
{"level":"\u001b[32minfo\u001b[39m","message":"\u001b[32m✅ Environment variables validated via Zod\u001b[39m","timestamp":"2026-04-19 00:31:31:3131"}
{"level":"\u001b[32minfo\u001b[39m","message":"\u001b[32m🔗 Constructed internal REDIS_URL from host and port configuration\u001b[39m","timestamp":"2026-04-19 00:31:31:3131"}
{"level":"\u001b[32minfo\u001b[39m","message":"\u001b[32m✅ Configuration validation passed\u001b[39m","timestamp":"2026-04-19 00:31:31:3131"}
{"level":"\u001b[32minfo\u001b[39m","message":"\u001b[32mConfigService initialized as wrapper for ConfigManager\u001b[39m","timestamp":"2026-04-19 00:31:31:3131"}
{"level":"\u001b[32minfo\u001b[39m","message":"\u001b[32m✅ Environment variables validated via Zod\u001b[39m","timestamp":"2026-04-19 00:31:31:3131"}
{"level":"\u001b[32minfo\u001b[39m","message":"\u001b[32m🔗 Constructed internal REDIS_URL from host and port configuration\u001b[39m","timestamp":"2026-04-19 00:31:31:3131"}
{"level":"\u001b[32minfo\u001b[39m","message":"\u001b[32m✅ Configuration validation passed\u001b[39m","timestamp":"2026-04-19 00:31:31:3131"}
{"level":"\u001b[32minfo\u001b[39m","message":"\u001b[32mConfigService initialized as wrapper for ConfigManager\u001b[39m","timestamp":"2026-04-19 00:31:31:3131"}
{"level":"\u001b[34mdebug\u001b[39m","message":"\u001b[34m[MastermindStream] Emitted reasoning:start for agent agent-456 (Tenant: tenant-123)\u001b[39m","timestamp":"2026-04-19 00:31:31:3131"}
{"level":"\u001b[34mdebug\u001b[39m","message":"\u001b[34m[MastermindStream] Emitted reasoning:thought for agent agent-456 (Tenant: tenant-123)\u001b[39m","timestamp":"2026-04-19 00:31:31:3131"}
{"level":"\u001b[34mdebug\u001b[39m","message":"\u001b[34m[MastermindStream] Emitted tool:invoke for agent agent-456 (Tenant: tenant-123)\u001b[39m","timestamp":"2026-04-19 00:31:31:3131"}
{"level":"\u001b[34mdebug\u001b[39m","message":"\u001b[34m[MastermindStream] Emitted agent:spawn for agent sub-agent-1 (Tenant: tenant-123)\u001b[39m","timestamp":"2026-04-19 00:31:31:3131"}
{"error":"Socket error","level":"\u001b[31merror\u001b[39m","message":"\u001b[31m[MastermindStream] Failed to emit reasoning:complete:\u001b[39m","stack":"Error: Socket error\n    at Object.<anonymous> (/home/codedex/projects/DeXMart/src/services/MastermindStreamService.test.ts:83:19)\n    at Object.Mock [as emitToTenant] (file:///home/codedex/projects/DeXMart/node_modules/@vitest/spy/dist/index.js:332:34)\n    at MastermindStreamService.emit (/home/codedex/projects/DeXMart/src/services/MastermindStreamService.ts:48:27)\n    at MastermindStreamService.complete (/home/codedex/projects/DeXMart/src/services/MastermindStreamService.ts:82:14)\n    at /home/codedex/projects/DeXMart/src/services/MastermindStreamService.test.ts:87:30\n    at Proxy.assertThrows (file:///home/codedex/projects/DeXMart/node_modules/chai/index.js:2798:5)\n    at Proxy.methodWrapper (file:///home/codedex/projects/DeXMart/node_modules/chai/index.js:1700:25)\n    at Proxy.<anonymous> (file:///home/codedex/projects/DeXMart/node_modules/@vitest/expect/dist/index.js:1216:12)\n    at Proxy.overwritingMethodWrapper (file:///home/codedex/projects/DeXMart/node_modules/chai/index.js:1750:33)\n    at Proxy.<anonymous> (file:///home/codedex/projects/DeXMart/node_modules/@vitest/expect/dist/index.js:1552:16)","timestamp":"2026-04-19 00:31:31:3131"}
{"level":"\u001b[32minfo\u001b[39m","message":"\u001b[32m[TenantConfigService] Updated config for channel channel-789\u001b[39m","timestamp":"2026-04-19 00:31:32:3132"}
{"level":"\u001b[32minfo\u001b[39m","message":"\u001b[32m✅ Environment variables validated via Zod\u001b[39m","timestamp":"2026-04-19 00:31:32:3132"}
{"level":"\u001b[32minfo\u001b[39m","message":"\u001b[32m🔗 Constructed internal REDIS_URL from host and port configuration\u001b[39m","timestamp":"2026-04-19 00:31:32:3132"}
{"level":"\u001b[32minfo\u001b[39m","message":"\u001b[32m✅ Configuration validation passed\u001b[39m","timestamp":"2026-04-19 00:31:32:3132"}
{"level":"\u001b[32minfo\u001b[39m","message":"\u001b[32mConfigService initialized as wrapper for ConfigManager\u001b[39m","timestamp":"2026-04-19 00:31:32:3132"}
{"level":"\u001b[32minfo\u001b[39m","message":"\u001b[32m✅ Environment variables validated via Zod\u001b[39m","timestamp":"2026-04-19 00:31:32:3132"}
{"level":"\u001b[32minfo\u001b[39m","message":"\u001b[32m🔗 Constructed internal REDIS_URL from host and port configuration\u001b[39m","timestamp":"2026-04-19 00:31:32:3132"}
{"level":"\u001b[32minfo\u001b[39m","message":"\u001b[32m✅ Configuration validation passed\u001b[39m","timestamp":"2026-04-19 00:31:32:3132"}
{"level":"\u001b[32minfo\u001b[39m","message":"\u001b[32mConfigService initialized as wrapper for ConfigManager\u001b[39m","timestamp":"2026-04-19 00:31:32:3132"}
{"level":"\u001b[32minfo\u001b[39m","message":"\u001b[32m✅ Environment variables validated via Zod\u001b[39m","timestamp":"2026-04-19 00:33:13:3313"}
{"level":"\u001b[32minfo\u001b[39m","message":"\u001b[32m🔗 Constructed internal REDIS_URL from host and port configuration\u001b[39m","timestamp":"2026-04-19 00:33:13:3313"}
{"level":"\u001b[32minfo\u001b[39m","message":"\u001b[32m✅ Configuration validation passed\u001b[39m","timestamp":"2026-04-19 00:33:13:3313"}
{"level":"\u001b[32minfo\u001b[39m","message":"\u001b[32mConfigService initialized as wrapper for ConfigManager\u001b[39m","timestamp":"2026-04-19 00:33:13:3313"}
{"level":"\u001b[32minfo\u001b[39m","message":"\u001b[32m✅ Environment variables validated via Zod\u001b[39m","timestamp":"2026-04-19 00:33:13:3313"}
{"level":"\u001b[32minfo\u001b[39m","message":"\u001b[32m🔗 Constructed internal REDIS_URL from host and port configuration\u001b[39m","timestamp":"2026-04-19 00:33:13:3313"}
{"level":"\u001b[32minfo\u001b[39m","message":"\u001b[32m✅ Configuration validation passed\u001b[39m","timestamp":"2026-04-19 00:33:13:3313"}
{"level":"\u001b[32minfo\u001b[39m","message":"\u001b[32mConfigService initialized as wrapper for ConfigManager\u001b[39m","timestamp":"2026-04-19 00:33:13:3313"}
{"level":"\u001b[32minfo\u001b[39m","message":"\u001b[32m[Ingress] Common message from whatsapp (chan-1) for tenant tenant-123\u001b[39m","timestamp":"2026-04-19 00:33:13:3313"}
{"level":"\u001b[32minfo\u001b[39m","message":"\u001b[32m[Ingress] Routing whatsapp message to Agent: AI Agent\u001b[39m","timestamp":"2026-04-19 00:33:13:3313"}
{"level":"\u001b[32minfo\u001b[39m","message":"\u001b[32m[Ingress] Common message from whatsapp (chan-1) for tenant tenant-123\u001b[39m","timestamp":"2026-04-19 00:33:13:3313"}
{"level":"\u001b[32minfo\u001b[39m","message":"\u001b[32m[Ingress] Webhook forwarding for whatsapp message.\u001b[39m","timestamp":"2026-04-19 00:33:13:3313"}
{"level":"\u001b[32minfo\u001b[39m","message":"\u001b[32mFlow 'Welcome Flow' (flow1) triggered for user user1\u001b[39m","timestamp":"2026-04-19 00:33:13:3313"}
{"level":"\u001b[34mdebug\u001b[39m","message":"\u001b[34mExecuting node n2 [Type: action]\u001b[39m","timestamp":"2026-04-19 00:33:13:3313"}
{"level":"\u001b[32minfo\u001b[39m","message":"\u001b[32mFlow 'Logic Flow' (flow2) triggered for user user1\u001b[39m","timestamp":"2026-04-19 00:33:14:3314"}
{"level":"\u001b[34mdebug\u001b[39m","message":"\u001b[34mExecuting node n2 [Type: logic]\u001b[39m","timestamp":"2026-04-19 00:33:14:3314"}
{"level":"\u001b[34mdebug\u001b[39m","message":"\u001b[34mExecuting node n3 [Type: action]\u001b[39m","timestamp":"2026-04-19 00:33:14:3314"}
{"level":"\u001b[32minfo\u001b[39m","message":"\u001b[32mFlow 'AI Flow' (flow3) triggered for user user1\u001b[39m","timestamp":"2026-04-19 00:33:14:3314"}
{"level":"\u001b[34mdebug\u001b[39m","message":"\u001b[34mExecuting node n2 [Type: ai]\u001b[39m","timestamp":"2026-04-19 00:33:14:3314"}
{"level":"\u001b[32minfo\u001b[39m","message":"\u001b[32mFlow 'Router Flow' (flow4) triggered for user user1\u001b[39m","timestamp":"2026-04-19 00:33:14:3314"}
{"level":"\u001b[34mdebug\u001b[39m","message":"\u001b[34mExecuting node n2 [Type: ai_router]\u001b[39m","timestamp":"2026-04-19 00:33:14:3314"}
{"level":"\u001b[34mdebug\u001b[39m","message":"\u001b[34mExecuting node n4 [Type: action]\u001b[39m","timestamp":"2026-04-19 00:33:14:3314"}
{"level":"\u001b[32minfo\u001b[39m","message":"\u001b[32mFlow 'Pizza Flow' (flow5) triggered for user user1\u001b[39m","timestamp":"2026-04-19 00:33:14:3314"}
{"level":"\u001b[34mdebug\u001b[39m","message":"\u001b[34mExecuting node n2 [Type: action]\u001b[39m","timestamp":"2026-04-19 00:33:14:3314"}
{"level":"\u001b[34mdebug\u001b[39m","message":"\u001b[34mExecuting node n3 [Type: wait_for_input]\u001b[39m","timestamp":"2026-04-19 00:33:14:3314"}
{"level":"\u001b[34mdebug\u001b[39m","message":"\u001b[34mFlow state saved for user user1 at node n3\u001b[39m","timestamp":"2026-04-19 00:33:14:3314"}
{"level":"\u001b[32minfo\u001b[39m","message":"\u001b[32mResuming flow 'Pizza Flow' for user user1 from node n3\u001b[39m","timestamp":"2026-04-19 00:33:14:3314"}
{"level":"\u001b[34mdebug\u001b[39m","message":"\u001b[34mExecuting node n4 [Type: action]\u001b[39m","timestamp":"2026-04-19 00:33:14:3314"}
{"level":"\u001b[32minfo\u001b[39m","message":"\u001b[32m✅ Environment variables validated via Zod\u001b[39m","timestamp":"2026-04-19 00:33:19:3319"}
{"level":"\u001b[32minfo\u001b[39m","message":"\u001b[32m🔗 Constructed internal REDIS_URL from host and port configuration\u001b[39m","timestamp":"2026-04-19 00:33:19:3319"}
{"level":"\u001b[32minfo\u001b[39m","message":"\u001b[32m✅ Configuration validation passed\u001b[39m","timestamp":"2026-04-19 00:33:19:3319"}
{"level":"\u001b[32minfo\u001b[39m","message":"\u001b[32mConfigService initialized as wrapper for ConfigManager\u001b[39m","timestamp":"2026-04-19 00:33:19:3319"}
{"level":"\u001b[32minfo\u001b[39m","message":"\u001b[32m✅ Environment variables validated via Zod\u001b[39m","timestamp":"2026-04-19 00:33:19:3319"}
{"level":"\u001b[33mwarn\u001b[39m","message":"\u001b[33m⚠️ JWT_SECRET is missing or using default value! Tokens will be signed with an insecure key.\u001b[39m","timestamp":"2026-04-19 00:33:19:3319"}
{"level":"\u001b[32minfo\u001b[39m","message":"\u001b[32m🔗 Constructed internal REDIS_URL from host and port configuration\u001b[39m","timestamp":"2026-04-19 00:33:19:3319"}
{"level":"\u001b[32minfo\u001b[39m","message":"\u001b[32m✅ Configuration validation passed\u001b[39m","timestamp":"2026-04-19 00:33:19:3319"}
{"level":"\u001b[32minfo\u001b[39m","message":"\u001b[32mConfigService initialized as wrapper for ConfigManager\u001b[39m","timestamp":"2026-04-19 00:33:19:3319"}
{"level":"\u001b[32minfo\u001b[39m","message":"\u001b[32m✅ Environment variables validated via Zod\u001b[39m","timestamp":"2026-04-19 00:33:19:3319"}
{"level":"\u001b[32minfo\u001b[39m","message":"\u001b[32m🔗 Constructed internal REDIS_URL from host and port configuration\u001b[39m","timestamp":"2026-04-19 00:33:19:3319"}
{"level":"\u001b[32minfo\u001b[39m","message":"\u001b[32m✅ Configuration validation passed\u001b[39m","timestamp":"2026-04-19 00:33:19:3319"}
{"level":"\u001b[32minfo\u001b[39m","message":"\u001b[32mConfigService initialized as wrapper for ConfigManager\u001b[39m","timestamp":"2026-04-19 00:33:19:3319"}
{"level":"\u001b[32minfo\u001b[39m","message":"\u001b[32m✅ Environment variables validated via Zod\u001b[39m","timestamp":"2026-04-19 00:33:22:3322"}
{"level":"\u001b[32minfo\u001b[39m","message":"\u001b[32m🔗 Constructed internal REDIS_URL from host and port configuration\u001b[39m","timestamp":"2026-04-19 00:33:22:3322"}
{"level":"\u001b[32minfo\u001b[39m","message":"\u001b[32m✅ Configuration validation passed\u001b[39m","timestamp":"2026-04-19 00:33:22:3322"}
{"level":"\u001b[32minfo\u001b[39m","message":"\u001b[32mConfigService initialized as wrapper for ConfigManager\u001b[39m","timestamp":"2026-04-19 00:33:22:3322"}
{"level":"\u001b[33mwarn\u001b[39m","message":"\u001b[33mStripe webhook received without signature or secret\u001b[39m","timestamp":"2026-04-19 00:33:23:3323"}
{"level":"\u001b[32minfo\u001b[39m","message":"\u001b[32mHandling checkout.session.completed\u001b[39m","sessionId":"cs_123","timestamp":"2026-04-19 00:33:23:3323"}
{"level":"\u001b[32minfo\u001b[39m","message":"\u001b[32mHandling customer.subscription.updated\u001b[39m","subscriptionId":"sub_123","timestamp":"2026-04-19 00:33:23:3323"}
{"invoiceId":"in_123","level":"\u001b[32minfo\u001b[39m","message":"\u001b[32mHandling invoice.paid\u001b[39m","timestamp":"2026-04-19 00:33:23:3323"}
{"level":"\u001b[32minfo\u001b[39m","message":"\u001b[32mReset usage for tenant tenant-123 due to invoice payment\u001b[39m","timestamp":"2026-04-19 00:33:23:3323"}
{"level":"\u001b[32minfo\u001b[39m","message":"\u001b[32m✅ Environment variables validated via Zod\u001b[39m","timestamp":"2026-04-19 00:33:23:3323"}
{"level":"\u001b[32minfo\u001b[39m","message":"\u001b[32m🔗 Constructed internal REDIS_URL from host and port configuration\u001b[39m","timestamp":"2026-04-19 00:33:23:3323"}
{"level":"\u001b[32minfo\u001b[39m","message":"\u001b[32m✅ Configuration validation passed\u001b[39m","timestamp":"2026-04-19 00:33:23:3323"}
{"level":"\u001b[32minfo\u001b[39m","message":"\u001b[32mConfigService initialized as wrapper for ConfigManager\u001b[39m","timestamp":"2026-04-19 00:33:23:3323"}
{"level":"\u001b[32minfo\u001b[39m","message":"\u001b[32m✅ Environment variables validated via Zod\u001b[39m","timestamp":"2026-04-19 00:33:23:3323"}
{"level":"\u001b[32minfo\u001b[39m","message":"\u001b[32m🔗 Constructed internal REDIS_URL from host and port configuration\u001b[39m","timestamp":"2026-04-19 00:33:23:3323"}
{"level":"\u001b[32minfo\u001b[39m","message":"\u001b[32m✅ Configuration validation passed\u001b[39m","timestamp":"2026-04-19 00:33:23:3323"}
{"level":"\u001b[32minfo\u001b[39m","message":"\u001b[32mConfigService initialized as wrapper for ConfigManager\u001b[39m","timestamp":"2026-04-19 00:33:23:3323"}
{"error":"DB Error","level":"\u001b[31merror\u001b[39m","message":"\u001b[31mPlanMiddleware.checkBotLimit error:\u001b[39m","stack":"Error: DB Error\n    at /home/codedex/projects/DeXMart/src/middleware/planMiddleware.test.ts:59:88\n    at file:///home/codedex/projects/DeXMart/node_modules/@vitest/runner/dist/chunk-artifact.js:302:11\n    at file:///home/codedex/projects/DeXMart/node_modules/@vitest/runner/dist/chunk-artifact.js:1903:26\n    at file:///home/codedex/projects/DeXMart/node_modules/@vitest/runner/dist/chunk-artifact.js:2326:20\n    at new Promise (<anonymous>)\n    at runWithCancel (file:///home/codedex/projects/DeXMart/node_modules/@vitest/runner/dist/chunk-artifact.js:2323:10)\n    at file:///home/codedex/projects/DeXMart/node_modules/@vitest/runner/dist/chunk-artifact.js:2305:20\n    at new Promise (<anonymous>)\n    at runWithTimeout (file:///home/codedex/projects/DeXMart/node_modules/@vitest/runner/dist/chunk-artifact.js:2272:10)\n    at file:///home/codedex/projects/DeXMart/node_modules/@vitest/runner/dist/chunk-artifact.js:2955:64","timestamp":"2026-04-19 00:33:23:3323"}
{"error":"DB Error","level":"\u001b[31merror\u001b[39m","message":"\u001b[31mPlanMiddleware.checkFeatureAccess error:\u001b[39m","stack":"Error: DB Error\n    at /home/codedex/projects/DeXMart/src/middleware/planMiddleware.test.ts:106:88\n    at file:///home/codedex/projects/DeXMart/node_modules/@vitest/runner/dist/chunk-artifact.js:302:11\n    at file:///home/codedex/projects/DeXMart/node_modules/@vitest/runner/dist/chunk-artifact.js:1903:26\n    at file:///home/codedex/projects/DeXMart/node_modules/@vitest/runner/dist/chunk-artifact.js:2326:20\n    at new Promise (<anonymous>)\n    at runWithCancel (file:///home/codedex/projects/DeXMart/node_modules/@vitest/runner/dist/chunk-artifact.js:2323:10)\n    at file:///home/codedex/projects/DeXMart/node_modules/@vitest/runner/dist/chunk-artifact.js:2305:20\n    at new Promise (<anonymous>)\n    at runWithTimeout (file:///home/codedex/projects/DeXMart/node_modules/@vitest/runner/dist/chunk-artifact.js:2272:10)\n    at file:///home/codedex/projects/DeXMart/node_modules/@vitest/runner/dist/chunk-artifact.js:2955:64","timestamp":"2026-04-19 00:33:23:3323"}
{"level":"\u001b[32minfo\u001b[39m","message":"\u001b[32m✅ Environment variables validated via Zod\u001b[39m","timestamp":"2026-04-19 00:33:23:3323"}
{"level":"\u001b[32minfo\u001b[39m","message":"\u001b[32m🔗 Constructed internal REDIS_URL from host and port configuration\u001b[39m","timestamp":"2026-04-19 00:33:23:3323"}
{"level":"\u001b[32minfo\u001b[39m","message":"\u001b[32m✅ Configuration validation passed\u001b[39m","timestamp":"2026-04-19 00:33:23:3323"}
{"level":"\u001b[32minfo\u001b[39m","message":"\u001b[32mConfigService initialized as wrapper for ConfigManager\u001b[39m","timestamp":"2026-04-19 00:33:23:3323"}
{"level":"\u001b[32minfo\u001b[39m","message":"\u001b[32m[TenantConfigService] Updated config for channel channel-789\u001b[39m","timestamp":"2026-04-19 00:33:23:3323"}
{"level":"\u001b[34mdebug\u001b[39m","message":"\u001b[34m[MastermindStream] Emitted reasoning:start for agent agent-456 (Tenant: tenant-123)\u001b[39m","timestamp":"2026-04-19 00:33:24:3324"}
{"level":"\u001b[34mdebug\u001b[39m","message":"\u001b[34m[MastermindStream] Emitted reasoning:thought for agent agent-456 (Tenant: tenant-123)\u001b[39m","timestamp":"2026-04-19 00:33:24:3324"}
{"level":"\u001b[34mdebug\u001b[39m","message":"\u001b[34m[MastermindStream] Emitted tool:invoke for agent agent-456 (Tenant: tenant-123)\u001b[39m","timestamp":"2026-04-19 00:33:24:3324"}
{"level":"\u001b[34mdebug\u001b[39m","message":"\u001b[34m[MastermindStream] Emitted agent:spawn for agent sub-agent-1 (Tenant: tenant-123)\u001b[39m","timestamp":"2026-04-19 00:33:24:3324"}
{"error":"Socket error","level":"\u001b[31merror\u001b[39m","message":"\u001b[31m[MastermindStream] Failed to emit reasoning:complete:\u001b[39m","stack":"Error: Socket error\n    at Object.<anonymous> (/home/codedex/projects/DeXMart/src/services/MastermindStreamService.test.ts:83:19)\n    at Object.Mock [as emitToTenant] (file:///home/codedex/projects/DeXMart/node_modules/@vitest/spy/dist/index.js:332:34)\n    at MastermindStreamService.emit (/home/codedex/projects/DeXMart/src/services/MastermindStreamService.ts:48:27)\n    at MastermindStreamService.complete (/home/codedex/projects/DeXMart/src/services/MastermindStreamService.ts:82:14)\n    at /home/codedex/projects/DeXMart/src/services/MastermindStreamService.test.ts:87:30\n    at Proxy.assertThrows (file:///home/codedex/projects/DeXMart/node_modules/chai/index.js:2798:5)\n    at Proxy.methodWrapper (file:///home/codedex/projects/DeXMart/node_modules/chai/index.js:1700:25)\n    at Proxy.<anonymous> (file:///home/codedex/projects/DeXMart/node_modules/@vitest/expect/dist/index.js:1216:12)\n    at Proxy.overwritingMethodWrapper (file:///home/codedex/projects/DeXMart/node_modules/chai/index.js:1750:33)\n    at Proxy.<anonymous> (file:///home/codedex/projects/DeXMart/node_modules/@vitest/expect/dist/index.js:1552:16)","timestamp":"2026-04-19 00:33:24:3324"}
{"level":"\u001b[32minfo\u001b[39m","message":"\u001b[32m✅ Environment variables validated via Zod\u001b[39m","timestamp":"2026-04-19 00:33:24:3324"}
{"level":"\u001b[32minfo\u001b[39m","message":"\u001b[32m🔗 Constructed internal REDIS_URL from host and port configuration\u001b[39m","timestamp":"2026-04-19 00:33:24:3324"}
{"level":"\u001b[32minfo\u001b[39m","message":"\u001b[32m✅ Configuration validation passed\u001b[39m","timestamp":"2026-04-19 00:33:24:3324"}
{"level":"\u001b[32minfo\u001b[39m","message":"\u001b[32mConfigService initialized as wrapper for ConfigManager\u001b[39m","timestamp":"2026-04-19 00:33:24:3324"}
{"level":"\u001b[32minfo\u001b[39m","message":"\u001b[32m✅ Environment variables validated via Zod\u001b[39m","timestamp":"2026-04-19 00:33:25:3325"}
{"level":"\u001b[32minfo\u001b[39m","message":"\u001b[32m🔗 Constructed internal REDIS_URL from host and port configuration\u001b[39m","timestamp":"2026-04-19 00:33:25:3325"}
{"level":"\u001b[32minfo\u001b[39m","message":"\u001b[32m✅ Configuration validation passed\u001b[39m","timestamp":"2026-04-19 00:33:25:3325"}
{"level":"\u001b[32minfo\u001b[39m","message":"\u001b[32mConfigService initialized as wrapper for ConfigManager\u001b[39m","timestamp":"2026-04-19 00:33:25:3325"}
{"level":"\u001b[32minfo\u001b[39m","message":"\u001b[32mHandling checkout.session.completed\u001b[39m","sessionId":"cs_123","timestamp":"2026-04-19 00:39:20:3920"}
{"level":"\u001b[32minfo\u001b[39m","message":"\u001b[32m✅ Environment variables validated via Zod\u001b[39m","timestamp":"2026-04-19 00:39:20:3920"}
{"level":"\u001b[32minfo\u001b[39m","message":"\u001b[32m🔗 Constructed internal REDIS_URL from host and port configuration\u001b[39m","timestamp":"2026-04-19 00:39:20:3920"}
{"level":"\u001b[32minfo\u001b[39m","message":"\u001b[32m✅ Configuration validation passed\u001b[39m","timestamp":"2026-04-19 00:39:20:3920"}
{"level":"\u001b[32minfo\u001b[39m","message":"\u001b[32m✅ Redis connected successfully\u001b[39m","timestamp":"2026-04-19 00:39:20:3920"}
{"level":"\u001b[32minfo\u001b[39m","message":"\u001b[32m✅ Redis Connected - Switching to distributed cache\u001b[39m","timestamp":"2026-04-19 00:39:20:3920"}
{"email":"conflict@example.com","level":"\u001b[33mwarn\u001b[39m","message":"\u001b[33mGoogle Login: Email conflict detected\u001b[39m","timestamp":"2026-04-19 00:39:20:3920","uid":"uid-google"}
{"level":"\u001b[32minfo\u001b[39m","message":"\u001b[32mProfile updated for user uid-123 in tenant tenant-abc\u001b[39m","timestamp":"2026-04-19 00:39:20:3920"}
{"level":"\u001b[32minfo\u001b[39m","message":"\u001b[32mProfile updated for user uid-123 in tenant tenant-abc\u001b[39m","timestamp":"2026-04-19 00:39:20:3920"}
{"level":"\u001b[32minfo\u001b[39m","message":"\u001b[32mProfile updated for user uid-123 in tenant tenant-abc\u001b[39m","timestamp":"2026-04-19 00:39:20:3920"}
{"level":"\u001b[31merror\u001b[39m","message":"\u001b[31mupdateProfile error: Firestore unavailable\u001b[39m","timestamp":"2026-04-19 00:39:20:3920","userId":"uid-123"}
{"level":"\u001b[32minfo\u001b[39m","message":"\u001b[32m✅ Environment variables validated via Zod\u001b[39m","timestamp":"2026-04-19 00:39:20:3920"}
{"level":"\u001b[32minfo\u001b[39m","message":"\u001b[32m🔗 Constructed internal REDIS_URL from host and port configuration\u001b[39m","timestamp":"2026-04-19 00:39:20:3920"}
{"level":"\u001b[32minfo\u001b[39m","message":"\u001b[32m✅ Configuration validation passed\u001b[39m","timestamp":"2026-04-19 00:39:20:3920"}
{"level":"\u001b[32minfo\u001b[39m","message":"\u001b[32m✅ Redis connected successfully\u001b[39m","timestamp":"2026-04-19 00:39:20:3920"}
{"level":"\u001b[32minfo\u001b[39m","message":"\u001b[32m✅ Redis Connected - Switching to distributed cache\u001b[39m","timestamp":"2026-04-19 00:39:20:3920"}
{"event":"Refresh Failure: Token not found (Possible Replay)","level":"\u001b[33mwarn\u001b[39m","message":"\u001b[33mSecurity Event: Refresh Failure: Token not found (Possible Replay)\u001b[39m","timestamp":"2026-04-19 00:39:20:3920","token":"[REDACTED]","userId":null}
{"level":"\u001b[32minfo\u001b[39m","message":"\u001b[32m✅ Environment variables validated via Zod\u001b[39m","timestamp":"2026-04-19 00:39:21:3921"}
{"level":"\u001b[32minfo\u001b[39m","message":"\u001b[32m🔗 Constructed internal REDIS_URL from host and port configuration\u001b[39m","timestamp":"2026-04-19 00:39:21:3921"}
{"level":"\u001b[32minfo\u001b[39m","message":"\u001b[32m✅ Configuration validation passed\u001b[39m","timestamp":"2026-04-19 00:39:21:3921"}
{"level":"\u001b[32minfo\u001b[39m","message":"\u001b[32mConfigService initialized as wrapper for ConfigManager\u001b[39m","timestamp":"2026-04-19 00:39:21:3921"}
{"level":"\u001b[32minfo\u001b[39m","message":"\u001b[32m✅ Environment variables validated via Zod\u001b[39m","timestamp":"2026-04-19 00:39:21:3921"}
{"level":"\u001b[32minfo\u001b[39m","message":"\u001b[32m🔗 Constructed internal REDIS_URL from host and port configuration\u001b[39m","timestamp":"2026-04-19 00:39:21:3921"}
{"level":"\u001b[32minfo\u001b[39m","message":"\u001b[32m✅ Configuration validation passed\u001b[39m","timestamp":"2026-04-19 00:39:21:3921"}
{"level":"\u001b[32minfo\u001b[39m","message":"\u001b[32mConfigService initialized as wrapper for ConfigManager\u001b[39m","timestamp":"2026-04-19 00:39:21:3921"}
{"level":"\u001b[32minfo\u001b[39m","message":"\u001b[32m✅ Environment variables validated via Zod\u001b[39m","timestamp":"2026-04-19 00:39:21:3921"}
{"level":"\u001b[32minfo\u001b[39m","message":"\u001b[32m🔗 Constructed internal REDIS_URL from host and port configuration\u001b[39m","timestamp":"2026-04-19 00:39:21:3921"}
{"level":"\u001b[32minfo\u001b[39m","message":"\u001b[32m✅ Configuration validation passed\u001b[39m","timestamp":"2026-04-19 00:39:21:3921"}
{"level":"\u001b[32minfo\u001b[39m","message":"\u001b[32mConfigService initialized as wrapper for ConfigManager\u001b[39m","timestamp":"2026-04-19 00:39:21:3921"}
{"level":"\u001b[34mdebug\u001b[39m","message":"\u001b[34mPerformance monitoring started\u001b[39m","timestamp":"2026-04-19 00:39:21:3921"}
{"level":"\u001b[34mdebug\u001b[39m","message":"\u001b[34mPerformance monitoring started\u001b[39m","timestamp":"2026-04-19 00:39:21:3921"}
{"level":"\u001b[32minfo\u001b[39m","message":"\u001b[32mAnalytics service initialized\u001b[39m","timestamp":"2026-04-19 00:39:21:3921"}
{"level":"\u001b[32minfo\u001b[39m","message":"\u001b[32mAnalytics service initialized\u001b[39m","timestamp":"2026-04-19 00:39:21:3921"}
{"level":"\u001b[32minfo\u001b[39m","message":"\u001b[32m✅ Redis connected successfully\u001b[39m","timestamp":"2026-04-19 00:39:21:3921"}
{"level":"\u001b[32minfo\u001b[39m","message":"\u001b[32m✅ Redis Connected - Switching to distributed cache\u001b[39m","timestamp":"2026-04-19 00:39:21:3921"}
{"level":"\u001b[32minfo\u001b[39m","message":"\u001b[32m✅ Redis connected successfully\u001b[39m","timestamp":"2026-04-19 00:39:21:3921"}
{"level":"\u001b[32minfo\u001b[39m","message":"\u001b[32m✅ Redis Connected - Switching to distributed cache\u001b[39m","timestamp":"2026-04-19 00:39:21:3921"}
{"level":"\u001b[32minfo\u001b[39m","message":"\u001b[32m✅ Environment variables validated via Zod\u001b[39m","timestamp":"2026-04-19 00:39:21:3921"}
{"level":"\u001b[32minfo\u001b[39m","message":"\u001b[32m🔗 Constructed internal REDIS_URL from host and port configuration\u001b[39m","timestamp":"2026-04-19 00:39:21:3921"}
{"level":"\u001b[32minfo\u001b[39m","message":"\u001b[32m✅ Configuration validation passed\u001b[39m","timestamp":"2026-04-19 00:39:21:3921"}
{"level":"\u001b[32minfo\u001b[39m","message":"\u001b[32mConfigService initialized as wrapper for ConfigManager\u001b[39m","timestamp":"2026-04-19 00:39:21:3921"}
{"level":"\u001b[32minfo\u001b[39m","message":"\u001b[32m✅ Redis connected successfully\u001b[39m","timestamp":"2026-04-19 00:39:21:3921"}
{"level":"\u001b[32minfo\u001b[39m","message":"\u001b[32m✅ Environment variables validated via Zod\u001b[39m","timestamp":"2026-04-19 00:39:21:3921"}
{"level":"\u001b[32minfo\u001b[39m","message":"\u001b[32mChannel deleted: chan-1 from tenant tenant-123 under Agent agent-456 (with auth cleanup)\u001b[39m","timestamp":"2026-04-19 00:39:21:3921"}
{"level":"\u001b[32minfo\u001b[39m","message":"\u001b[32mChannel archived: chan-1 for tenant tenant-123\u001b[39m","timestamp":"2026-04-19 00:39:21:3921"}
{"level":"\u001b[32minfo\u001b[39m","message":"\u001b[32m🔗 Constructed internal REDIS_URL from host and port configuration\u001b[39m","timestamp":"2026-04-19 00:39:21:3921"}
{"level":"\u001b[32minfo\u001b[39m","message":"\u001b[32m✅ Configuration validation passed\u001b[39m","timestamp":"2026-04-19 00:39:21:3921"}
{"level":"\u001b[32minfo\u001b[39m","message":"\u001b[32mConfigService initialized as wrapper for ConfigManager\u001b[39m","timestamp":"2026-04-19 00:39:21:3921"}
{"level":"\u001b[32minfo\u001b[39m","message":"\u001b[32m✅ Redis connected successfully\u001b[39m","timestamp":"2026-04-19 00:39:21:3921"}
{"level":"\u001b[32minfo\u001b[39m","message":"\u001b[32m✅ Environment variables validated via Zod\u001b[39m","timestamp":"2026-04-19 00:39:21:3921"}
{"level":"\u001b[32minfo\u001b[39m","message":"\u001b[32m🔗 Constructed internal REDIS_URL from host and port configuration\u001b[39m","timestamp":"2026-04-19 00:39:21:3921"}
{"level":"\u001b[32minfo\u001b[39m","message":"\u001b[32m✅ Configuration validation passed\u001b[39m","timestamp":"2026-04-19 00:39:21:3921"}
{"level":"\u001b[32minfo\u001b[39m","message":"\u001b[32mConfigService initialized as wrapper for ConfigManager\u001b[39m","timestamp":"2026-04-19 00:39:21:3921"}
{"level":"\u001b[32minfo\u001b[39m","message":"\u001b[32mChannel deleted: chan-1 from tenant tenant-123 under Agent agent-456 (with auth cleanup)\u001b[39m","timestamp":"2026-04-19 00:39:22:3922"}
{"level":"\u001b[32minfo\u001b[39m","message":"\u001b[32mChannel archived: chan-1 for tenant tenant-123\u001b[39m","timestamp":"2026-04-19 00:39:22:3922"}
{"level":"\u001b[32minfo\u001b[39m","message":"\u001b[32m✅ Redis connected successfully\u001b[39m","timestamp":"2026-04-19 00:39:22:3922"}
{"level":"\u001b[32minfo\u001b[39m","message":"\u001b[32m✅ Environment variables validated via Zod\u001b[39m","timestamp":"2026-04-19 00:39:22:3922"}
{"level":"\u001b[32minfo\u001b[39m","message":"\u001b[32m🔗 Constructed internal REDIS_URL from host and port configuration\u001b[39m","timestamp":"2026-04-19 00:39:22:3922"}
{"level":"\u001b[32minfo\u001b[39m","message":"\u001b[32m✅ Configuration validation passed\u001b[39m","timestamp":"2026-04-19 00:39:22:3922"}
{"level":"\u001b[32minfo\u001b[39m","message":"\u001b[32mConfigService initialized as wrapper for ConfigManager\u001b[39m","timestamp":"2026-04-19 00:39:22:3922"}
{"level":"\u001b[32minfo\u001b[39m","message":"\u001b[32mChannel chan-1 moved from agent-old to agent-new\u001b[39m","timestamp":"2026-04-19 00:39:22:3922"}
{"level":"\u001b[32minfo\u001b[39m","message":"\u001b[32m✅ Redis connected successfully\u001b[39m","timestamp":"2026-04-19 00:39:22:3922"}
{"level":"\u001b[32minfo\u001b[39m","message":"\u001b[32mChannel created: chan_f4962ee7-0830-4bae-be91-1ebaa41d4c18 for tenant tenant-123 under Agent system_default\u001b[39m","timestamp":"2026-04-19 00:39:24:3924"}
{"level":"\u001b[32minfo\u001b[39m","message":"\u001b[32mChannel created: chan_2c587139-6756-48ac-8e0d-ad2e9d679e46 for tenant tenant-123 under Agent custom-agent\u001b[39m","timestamp":"2026-04-19 00:39:24:3924"}
{"level":"\u001b[32minfo\u001b[39m","message":"\u001b[32mChannel deleted: chan-1 from tenant tenant-123 under Agent system_default (with auth cleanup)\u001b[39m","timestamp":"2026-04-19 00:39:24:3924"}
{"level":"\u001b[32minfo\u001b[39m","message":"\u001b[32m✅ Environment variables validated via Zod\u001b[39m","timestamp":"2026-04-19 00:39:24:3924"}
{"level":"\u001b[32minfo\u001b[39m","message":"\u001b[32m🔗 Constructed internal REDIS_URL from host and port configuration\u001b[39m","timestamp":"2026-04-19 00:39:24:3924"}
{"level":"\u001b[32minfo\u001b[39m","message":"\u001b[32m✅ Configuration validation passed\u001b[39m","timestamp":"2026-04-19 00:39:24:3924"}
{"level":"\u001b[32minfo\u001b[39m","message":"\u001b[32mConfigService initialized as wrapper for ConfigManager\u001b[39m","timestamp":"2026-04-19 00:39:24:3924"}
{"level":"\u001b[32minfo\u001b[39m","message":"\u001b[32m✅ Environment variables validated via Zod\u001b[39m","timestamp":"2026-04-19 00:39:24:3924"}
{"level":"\u001b[32minfo\u001b[39m","message":"\u001b[32m🔗 Constructed internal REDIS_URL from host and port configuration\u001b[39m","timestamp":"2026-04-19 00:39:24:3924"}
{"level":"\u001b[32minfo\u001b[39m","message":"\u001b[32m✅ Configuration validation passed\u001b[39m","timestamp":"2026-04-19 00:39:24:3924"}
{"level":"\u001b[32minfo\u001b[39m","message":"\u001b[32mConfigService initialized as wrapper for ConfigManager\u001b[39m","timestamp":"2026-04-19 00:39:24:3924"}
{"level":"\u001b[32minfo\u001b[39m","message":"\u001b[32m✅ Redis connected successfully\u001b[39m","timestamp":"2026-04-19 00:39:24:3924"}
{"level":"\u001b[32minfo\u001b[39m","message":"\u001b[32m[Ingress] Common message from telegram (chan-456) for tenant tenant-123\u001b[39m","timestamp":"2026-04-19 00:39:24:3924"}
{"level":"\u001b[33mwarn\u001b[39m","message":"\u001b[33m[Ingress] Channel chan-456 not found in Firestore, using mock instance.\u001b[39m","timestamp":"2026-04-19 00:39:24:3924"}
{"level":"\u001b[32minfo\u001b[39m","message":"\u001b[32m[Ingress] Routing telegram message to Agent: AI Assistant\u001b[39m","timestamp":"2026-04-19 00:39:24:3924"}
{"level":"\u001b[32minfo\u001b[39m","message":"\u001b[32mProcessing message for channel chan-456 (Tenant: tenant-123, Path: tenants/tenant-123/agents/system_default/channels/chan-456)\u001b[39m","timestamp":"2026-04-19 00:39:24:3924"}
{"level":"\u001b[32minfo\u001b[39m","message":"\u001b[32mNo AI Agent assigned (or system_default). Forwarding to Webhook.\u001b[39m","timestamp":"2026-04-19 00:39:24:3924"}
{"level":"\u001b[32minfo\u001b[39m","message":"\u001b[32m[Ingress] Common message from telegram (chan-456) for tenant tenant-123\u001b[39m","timestamp":"2026-04-19 00:39:24:3924"}
{"level":"\u001b[33mwarn\u001b[39m","message":"\u001b[33m[Ingress] Channel chan-456 not found in Firestore, using mock instance.\u001b[39m","timestamp":"2026-04-19 00:39:24:3924"}
{"level":"\u001b[32minfo\u001b[39m","message":"\u001b[32m[Ingress] Routing telegram message to Agent: AI Agent\u001b[39m","timestamp":"2026-04-19 00:39:24:3924"}
{"level":"\u001b[32minfo\u001b[39m","message":"\u001b[32m[Ingress] Common message from telegram (chan-456) for tenant tenant-123\u001b[39m","timestamp":"2026-04-19 00:39:24:3924"}
{"level":"\u001b[33mwarn\u001b[39m","message":"\u001b[33m[Ingress] Channel chan-456 not found in Firestore, using mock instance.\u001b[39m","timestamp":"2026-04-19 00:39:24:3924"}
{"level":"\u001b[32minfo\u001b[39m","message":"\u001b[32m[Ingress] Webhook forwarding for telegram message.\u001b[39m","timestamp":"2026-04-19 00:39:24:3924"}
{"level":"\u001b[32minfo\u001b[39m","message":"\u001b[32mAuthSystem initialized for Channel: resilience-channel (Tenant: resilience-tenant, Path: channels)\u001b[39m","timestamp":"2026-04-19 00:39:24:3924"}
{"level":"\u001b[32minfo\u001b[39m","message":"\u001b[32m[AuthSystem] Starting connection attempt for resilience-channel. Force: false\u001b[39m","timestamp":"2026-04-19 00:39:24:3924"}
{"error":{},"level":"\u001b[31merror\u001b[39m","message":"\u001b[31mAuthSystem connection failed\u001b[39m","timestamp":"2026-04-19 00:39:24:3924"}
{"level":"\u001b[32minfo\u001b[39m","message":"\u001b[32mAuthSystem initialized for Channel: resilience-channel (Tenant: resilience-tenant, Path: channels)\u001b[39m","timestamp":"2026-04-19 00:39:24:3924"}
{"level":"\u001b[32minfo\u001b[39m","message":"\u001b[32m[AuthSystem] Starting connection attempt for resilience-channel. Force: true\u001b[39m","timestamp":"2026-04-19 00:39:24:3924"}
{"level":"\u001b[33mwarn\u001b[39m","message":"\u001b[33m[AuthSystem] FORCING new session for resilience-channel. Clearing old creds.\u001b[39m","timestamp":"2026-04-19 00:39:24:3924"}
{"level":"\u001b[32minfo\u001b[39m","message":"\u001b[32m[AuthSystem] Auth state loaded for resilience-channel. Has Me: false\u001b[39m","timestamp":"2026-04-19 00:39:24:3924"}
{"level":"\u001b[33mwarn\u001b[39m","message":"\u001b[33m[AuthSystem] A newer version of Baileys is available: 2.3000.1015901307. Current session might need update.\u001b[39m","timestamp":"2026-04-19 00:39:24:3924"}
{"level":"\u001b[32minfo\u001b[39m","message":"\u001b[32mAuthSystem initialized for Channel: resilience-channel (Tenant: resilience-tenant, Path: channels)\u001b[39m","timestamp":"2026-04-19 00:39:24:3924"}
{"level":"\u001b[32minfo\u001b[39m","message":"\u001b[32m[AuthSystem] Starting connection attempt for resilience-channel. Force: false\u001b[39m","timestamp":"2026-04-19 00:39:24:3924"}
{"level":"\u001b[32minfo\u001b[39m","message":"\u001b[32m[AuthSystem] Auth state loaded for resilience-channel. Has Me: false\u001b[39m","timestamp":"2026-04-19 00:39:24:3924"}
{"level":"\u001b[33mwarn\u001b[39m","message":"\u001b[33m[AuthSystem] A newer version of Baileys is available: 2.3000.1015901307. Current session might need update.\u001b[39m","timestamp":"2026-04-19 00:39:24:3924"}
{"error":{"output":{"statusCode":401}},"level":"\u001b[33mwarn\u001b[39m","message":"\u001b[33m[AuthSystem] Connection closed for resilience-channel. Reconnect: false\u001b[39m","statusCode":401,"timestamp":"2026-04-19 00:39:24:3924"}
{"level":"\u001b[31merror\u001b[39m","message":"\u001b[31m[AuthSystem] SESSION LOGGED_OUT for resilience-channel. Cleaning up Firestore auth state...\u001b[39m","timestamp":"2026-04-19 00:39:24:3924"}
{"level":"\u001b[32minfo\u001b[39m","message":"\u001b[32mAuthSystem initialized for Channel: resilience-channel (Tenant: resilience-tenant, Path: channels)\u001b[39m","timestamp":"2026-04-19 00:39:24:3924"}
{"level":"\u001b[32minfo\u001b[39m","message":"\u001b[32mAuthSystem initialized for Channel: resilience-channel (Tenant: resilience-tenant, Path: channels)\u001b[39m","timestamp":"2026-04-19 00:39:24:3924"}
{"level":"\u001b[32minfo\u001b[39m","message":"\u001b[32m[AuthSystem] Starting connection attempt for resilience-channel. Force: false\u001b[39m","timestamp":"2026-04-19 00:39:24:3924"}
{"level":"\u001b[32minfo\u001b[39m","message":"\u001b[32m[AuthSystem] Auth state loaded for resilience-channel. Has Me: false\u001b[39m","timestamp":"2026-04-19 00:39:24:3924"}
{"level":"\u001b[33mwarn\u001b[39m","message":"\u001b[33m[AuthSystem] A newer version of Baileys is available: 2.3000.1015901307. Current session might need update.\u001b[39m","timestamp":"2026-04-19 00:39:24:3924"}
{"error":{"output":{"statusCode":503}},"level":"\u001b[33mwarn\u001b[39m","message":"\u001b[33m[AuthSystem] Connection closed for resilience-channel. Reconnect: true\u001b[39m","statusCode":503,"timestamp":"2026-04-19 00:39:24:3924"}
{"level":"\u001b[32minfo\u001b[39m","message":"\u001b[32m[AuthSystem] Scheduling reconnect in 1000ms (Attempt 1)\u001b[39m","timestamp":"2026-04-19 00:39:24:3924"}
{"level":"\u001b[32minfo\u001b[39m","message":"\u001b[32m[AuthSystem] Starting connection attempt for resilience-channel. Force: false\u001b[39m","timestamp":"2026-04-19 00:39:25:3925"}
{"level":"\u001b[32minfo\u001b[39m","message":"\u001b[32m[AuthSystem] Auth state loaded for resilience-channel. Has Me: false\u001b[39m","timestamp":"2026-04-19 00:39:25:3925"}
{"level":"\u001b[33mwarn\u001b[39m","message":"\u001b[33m[AuthSystem] A newer version of Baileys is available: 2.3000.1015901307. Current session might need update.\u001b[39m","timestamp":"2026-04-19 00:39:25:3925"}
{"level":"\u001b[32minfo\u001b[39m","message":"\u001b[32mAuthSystem initialized for Channel: resilience-channel (Tenant: resilience-tenant, Path: channels)\u001b[39m","timestamp":"2026-04-19 00:39:24:3924"}
{"level":"\u001b[32minfo\u001b[39m","message":"\u001b[32m[AuthSystem] Starting connection attempt for resilience-channel. Force: false\u001b[39m","timestamp":"2026-04-19 00:39:24:3924"}
{"level":"\u001b[32minfo\u001b[39m","message":"\u001b[32m[AuthSystem] Auth state loaded for resilience-channel. Has Me: false\u001b[39m","timestamp":"2026-04-19 00:39:24:3924"}
{"level":"\u001b[33mwarn\u001b[39m","message":"\u001b[33m[AuthSystem] A newer version of Baileys is available: 2.3000.1015901307. Current session might need update.\u001b[39m","timestamp":"2026-04-19 00:39:24:3924"}
{"level":"\u001b[32minfo\u001b[39m","message":"\u001b[32mAuthSystem initialized for Channel: resilience-channel (Tenant: resilience-tenant, Path: channels)\u001b[39m","timestamp":"2026-04-19 00:39:24:3924"}
{"level":"\u001b[32minfo\u001b[39m","message":"\u001b[32m[AuthSystem] Starting connection attempt for resilience-channel. Force: false\u001b[39m","timestamp":"2026-04-19 00:39:24:3924"}
{"level":"\u001b[32minfo\u001b[39m","message":"\u001b[32m[AuthSystem] Auth state loaded for resilience-channel. Has Me: false\u001b[39m","timestamp":"2026-04-19 00:39:24:3924"}
{"level":"\u001b[33mwarn\u001b[39m","message":"\u001b[33m[AuthSystem] A newer version of Baileys is available: 2.3000.1015901307. Current session might need update.\u001b[39m","timestamp":"2026-04-19 00:39:24:3924"}
{"level":"\u001b[33mwarn\u001b[39m","message":"\u001b[33m[AuthSystem] Connection handshake timed out for resilience-channel. Killing socket.\u001b[39m","timestamp":"2026-04-19 00:39:54:3954"}
{"level":"\u001b[32minfo\u001b[39m","message":"\u001b[32m✅ Environment variables validated via Zod\u001b[39m","timestamp":"2026-04-19 00:39:24:3924"}
{"level":"\u001b[32minfo\u001b[39m","message":"\u001b[32m🔗 Constructed internal REDIS_URL from host and port configuration\u001b[39m","timestamp":"2026-04-19 00:39:24:3924"}
{"level":"\u001b[32minfo\u001b[39m","message":"\u001b[32m✅ Configuration validation passed\u001b[39m","timestamp":"2026-04-19 00:39:24:3924"}
{"level":"\u001b[32minfo\u001b[39m","message":"\u001b[32mConfigService initialized as wrapper for ConfigManager\u001b[39m","timestamp":"2026-04-19 00:39:24:3924"}
{"level":"\u001b[33mwarn\u001b[39m","message":"\u001b[33m[Deduplication] Message msg1 ignored due to extreme clock skew or age. Diff: 360s\u001b[39m","timestamp":"2026-04-19 00:39:24:3924"}
{"level":"\u001b[33mwarn\u001b[39m","message":"\u001b[33m[Deduplication] Message msg2 ignored due to extreme clock skew or age. Diff: 360s\u001b[39m","timestamp":"2026-04-19 00:39:24:3924"}
{"level":"\u001b[32minfo\u001b[39m","message":"\u001b[32m[Deduplication] Duplicate message duplicate_id ignored.\u001b[39m","timestamp":"2026-04-19 00:39:24:3924"}
{"level":"\u001b[32minfo\u001b[39m","message":"\u001b[32m✅ Environment variables validated via Zod\u001b[39m","timestamp":"2026-04-19 00:39:24:3924"}
{"level":"\u001b[32minfo\u001b[39m","message":"\u001b[32m🔗 Constructed internal REDIS_URL from host and port configuration\u001b[39m","timestamp":"2026-04-19 00:39:24:3924"}
{"level":"\u001b[32minfo\u001b[39m","message":"\u001b[32m✅ Configuration validation passed\u001b[39m","timestamp":"2026-04-19 00:39:24:3924"}
{"level":"\u001b[32minfo\u001b[39m","message":"\u001b[32mConfigService initialized as wrapper for ConfigManager\u001b[39m","timestamp":"2026-04-19 00:39:24:3924"}
{"level":"\u001b[32minfo\u001b[39m","message":"\u001b[32mProcessing message for channel chan-1 (Tenant: tenant-1, Path: tenants/tenant-1/agents/agent-1/channels/chan-1)\u001b[39m","timestamp":"2026-04-19 00:39:25:3925"}
{"level":"\u001b[32minfo\u001b[39m","message":"\u001b[32mRouting to Agent: Path Agent (agent-1)\u001b[39m","timestamp":"2026-04-19 00:39:25:3925"}
{"level":"\u001b[32minfo\u001b[39m","message":"\u001b[32m✅ Environment variables validated via Zod\u001b[39m","timestamp":"2026-04-19 00:39:32:3932"}
{"level":"\u001b[32minfo\u001b[39m","message":"\u001b[32m🔗 Constructed internal REDIS_URL from host and port configuration\u001b[39m","timestamp":"2026-04-19 00:39:32:3932"}
{"level":"\u001b[32minfo\u001b[39m","message":"\u001b[32m✅ Configuration validation passed\u001b[39m","timestamp":"2026-04-19 00:39:32:3932"}
{"level":"\u001b[32minfo\u001b[39m","message":"\u001b[32mConfigService initialized as wrapper for ConfigManager\u001b[39m","timestamp":"2026-04-19 00:39:32:3932"}
{"level":"\u001b[32minfo\u001b[39m","message":"\u001b[32m✅ Environment variables validated via Zod\u001b[39m","timestamp":"2026-04-19 00:39:32:3932"}
{"level":"\u001b[33mwarn\u001b[39m","message":"\u001b[33m⚠️ JWT_SECRET is missing or using default value! Tokens will be signed with an insecure key.\u001b[39m","timestamp":"2026-04-19 00:39:32:3932"}
{"level":"\u001b[32minfo\u001b[39m","message":"\u001b[32m🔗 Constructed internal REDIS_URL from host and port configuration\u001b[39m","timestamp":"2026-04-19 00:39:32:3932"}
{"level":"\u001b[32minfo\u001b[39m","message":"\u001b[32m✅ Configuration validation passed\u001b[39m","timestamp":"2026-04-19 00:39:32:3932"}
{"level":"\u001b[32minfo\u001b[39m","message":"\u001b[32mConfigService initialized as wrapper for ConfigManager\u001b[39m","timestamp":"2026-04-19 00:39:32:3932"}
{"level":"\u001b[32minfo\u001b[39m","message":"\u001b[32m✅ Environment variables validated via Zod\u001b[39m","timestamp":"2026-04-19 00:39:32:3932"}
{"level":"\u001b[32minfo\u001b[39m","message":"\u001b[32m🔗 Constructed internal REDIS_URL from host and port configuration\u001b[39m","timestamp":"2026-04-19 00:39:32:3932"}
{"level":"\u001b[32minfo\u001b[39m","message":"\u001b[32m✅ Configuration validation passed\u001b[39m","timestamp":"2026-04-19 00:39:32:3932"}
{"level":"\u001b[32minfo\u001b[39m","message":"\u001b[32mConfigService initialized as wrapper for ConfigManager\u001b[39m","timestamp":"2026-04-19 00:39:32:3932"}
{"level":"\u001b[32minfo\u001b[39m","message":"\u001b[32m✅ Environment variables validated via Zod\u001b[39m","timestamp":"2026-04-19 00:39:34:3934"}
{"level":"\u001b[32minfo\u001b[39m","message":"\u001b[32m🔗 Constructed internal REDIS_URL from host and port configuration\u001b[39m","timestamp":"2026-04-19 00:39:34:3934"}
{"level":"\u001b[32minfo\u001b[39m","message":"\u001b[32m✅ Configuration validation passed\u001b[39m","timestamp":"2026-04-19 00:39:34:3934"}
{"level":"\u001b[32minfo\u001b[39m","message":"\u001b[32mConfigService initialized as wrapper for ConfigManager\u001b[39m","timestamp":"2026-04-19 00:39:34:3934"}
{"level":"\u001b[32minfo\u001b[39m","message":"\u001b[32mFlow 'Welcome Flow' (flow1) triggered for user user1\u001b[39m","timestamp":"2026-04-19 00:39:35:3935"}
{"level":"\u001b[34mdebug\u001b[39m","message":"\u001b[34mExecuting node n2 [Type: action]\u001b[39m","timestamp":"2026-04-19 00:39:35:3935"}
{"level":"\u001b[32minfo\u001b[39m","message":"\u001b[32mFlow 'Logic Flow' (flow2) triggered for user user1\u001b[39m","timestamp":"2026-04-19 00:39:35:3935"}
{"level":"\u001b[34mdebug\u001b[39m","message":"\u001b[34mExecuting node n2 [Type: logic]\u001b[39m","timestamp":"2026-04-19 00:39:35:3935"}
{"level":"\u001b[34mdebug\u001b[39m","message":"\u001b[34mExecuting node n3 [Type: action]\u001b[39m","timestamp":"2026-04-19 00:39:35:3935"}
{"level":"\u001b[32minfo\u001b[39m","message":"\u001b[32mFlow 'AI Flow' (flow3) triggered for user user1\u001b[39m","timestamp":"2026-04-19 00:39:35:3935"}
{"level":"\u001b[34mdebug\u001b[39m","message":"\u001b[34mExecuting node n2 [Type: ai]\u001b[39m","timestamp":"2026-04-19 00:39:35:3935"}
{"level":"\u001b[32minfo\u001b[39m","message":"\u001b[32mFlow 'Router Flow' (flow4) triggered for user user1\u001b[39m","timestamp":"2026-04-19 00:39:35:3935"}
{"level":"\u001b[34mdebug\u001b[39m","message":"\u001b[34mExecuting node n2 [Type: ai_router]\u001b[39m","timestamp":"2026-04-19 00:39:35:3935"}
{"level":"\u001b[34mdebug\u001b[39m","message":"\u001b[34mExecuting node n4 [Type: action]\u001b[39m","timestamp":"2026-04-19 00:39:35:3935"}
{"level":"\u001b[32minfo\u001b[39m","message":"\u001b[32mFlow 'Pizza Flow' (flow5) triggered for user user1\u001b[39m","timestamp":"2026-04-19 00:39:35:3935"}
{"level":"\u001b[34mdebug\u001b[39m","message":"\u001b[34mExecuting node n2 [Type: action]\u001b[39m","timestamp":"2026-04-19 00:39:35:3935"}
{"level":"\u001b[34mdebug\u001b[39m","message":"\u001b[34mExecuting node n3 [Type: wait_for_input]\u001b[39m","timestamp":"2026-04-19 00:39:35:3935"}
{"level":"\u001b[34mdebug\u001b[39m","message":"\u001b[34mFlow state saved for user user1 at node n3\u001b[39m","timestamp":"2026-04-19 00:39:35:3935"}
{"level":"\u001b[32minfo\u001b[39m","message":"\u001b[32mResuming flow 'Pizza Flow' for user user1 from node n3\u001b[39m","timestamp":"2026-04-19 00:39:35:3935"}
{"level":"\u001b[34mdebug\u001b[39m","message":"\u001b[34mExecuting node n4 [Type: action]\u001b[39m","timestamp":"2026-04-19 00:39:35:3935"}
{"level":"\u001b[32minfo\u001b[39m","message":"\u001b[32m✅ Environment variables validated via Zod\u001b[39m","timestamp":"2026-04-19 00:39:35:3935"}
{"level":"\u001b[32minfo\u001b[39m","message":"\u001b[32m✅ Environment variables validated via Zod\u001b[39m","timestamp":"2026-04-19 00:39:35:3935"}
{"level":"\u001b[32minfo\u001b[39m","message":"\u001b[32m🔗 Constructed internal REDIS_URL from host and port configuration\u001b[39m","timestamp":"2026-04-19 00:39:35:3935"}
{"level":"\u001b[32minfo\u001b[39m","message":"\u001b[32m✅ Configuration validation passed\u001b[39m","timestamp":"2026-04-19 00:39:35:3935"}
{"level":"\u001b[32minfo\u001b[39m","message":"\u001b[32mConfigService initialized as wrapper for ConfigManager\u001b[39m","timestamp":"2026-04-19 00:39:35:3935"}
{"error":"DB Error","level":"\u001b[31merror\u001b[39m","message":"\u001b[31mPlanMiddleware.checkBotLimit error:\u001b[39m","stack":"Error: DB Error\n    at /home/codedex/projects/DeXMart/src/middleware/planMiddleware.test.ts:59:88\n    at file:///home/codedex/projects/DeXMart/node_modules/@vitest/runner/dist/chunk-artifact.js:302:11\n    at file:///home/codedex/projects/DeXMart/node_modules/@vitest/runner/dist/chunk-artifact.js:1903:26\n    at file:///home/codedex/projects/DeXMart/node_modules/@vitest/runner/dist/chunk-artifact.js:2326:20\n    at new Promise (<anonymous>)\n    at runWithCancel (file:///home/codedex/projects/DeXMart/node_modules/@vitest/runner/dist/chunk-artifact.js:2323:10)\n    at file:///home/codedex/projects/DeXMart/node_modules/@vitest/runner/dist/chunk-artifact.js:2305:20\n    at new Promise (<anonymous>)\n    at runWithTimeout (file:///home/codedex/projects/DeXMart/node_modules/@vitest/runner/dist/chunk-artifact.js:2272:10)\n    at file:///home/codedex/projects/DeXMart/node_modules/@vitest/runner/dist/chunk-artifact.js:2955:64","timestamp":"2026-04-19 00:39:35:3935"}
{"error":"DB Error","level":"\u001b[31merror\u001b[39m","message":"\u001b[31mPlanMiddleware.checkFeatureAccess error:\u001b[39m","stack":"Error: DB Error\n    at /home/codedex/projects/DeXMart/src/middleware/planMiddleware.test.ts:106:88\n    at file:///home/codedex/projects/DeXMart/node_modules/@vitest/runner/dist/chunk-artifact.js:302:11\n    at file:///home/codedex/projects/DeXMart/node_modules/@vitest/runner/dist/chunk-artifact.js:1903:26\n    at file:///home/codedex/projects/DeXMart/node_modules/@vitest/runner/dist/chunk-artifact.js:2326:20\n    at new Promise (<anonymous>)\n    at runWithCancel (file:///home/codedex/projects/DeXMart/node_modules/@vitest/runner/dist/chunk-artifact.js:2323:10)\n    at file:///home/codedex/projects/DeXMart/node_modules/@vitest/runner/dist/chunk-artifact.js:2305:20\n    at new Promise (<anonymous>)\n    at runWithTimeout (file:///home/codedex/projects/DeXMart/node_modules/@vitest/runner/dist/chunk-artifact.js:2272:10)\n    at file:///home/codedex/projects/DeXMart/node_modules/@vitest/runner/dist/chunk-artifact.js:2955:64","timestamp":"2026-04-19 00:39:35:3935"}
{"level":"\u001b[32minfo\u001b[39m","message":"\u001b[32m🔗 Constructed internal REDIS_URL from host and port configuration\u001b[39m","timestamp":"2026-04-19 00:39:35:3935"}
{"level":"\u001b[32minfo\u001b[39m","message":"\u001b[32m✅ Configuration validation passed\u001b[39m","timestamp":"2026-04-19 00:39:35:3935"}
{"level":"\u001b[32minfo\u001b[39m","message":"\u001b[32mConfigService initialized as wrapper for ConfigManager\u001b[39m","timestamp":"2026-04-19 00:39:35:3935"}
{"level":"\u001b[32minfo\u001b[39m","message":"\u001b[32m✅ Environment variables validated via Zod\u001b[39m","timestamp":"2026-04-19 00:39:35:3935"}
{"level":"\u001b[33mwarn\u001b[39m","message":"\u001b[33mStripe webhook received without signature or secret\u001b[39m","timestamp":"2026-04-19 00:39:36:3936"}
{"level":"\u001b[32minfo\u001b[39m","message":"\u001b[32mHandling checkout.session.completed\u001b[39m","sessionId":"cs_123","timestamp":"2026-04-19 00:39:36:3936"}
{"level":"\u001b[32minfo\u001b[39m","message":"\u001b[32mHandling customer.subscription.updated\u001b[39m","subscriptionId":"sub_123","timestamp":"2026-04-19 00:39:36:3936"}
{"invoiceId":"in_123","level":"\u001b[32minfo\u001b[39m","message":"\u001b[32mHandling invoice.paid\u001b[39m","timestamp":"2026-04-19 00:39:36:3936"}
{"level":"\u001b[32minfo\u001b[39m","message":"\u001b[32mReset usage for tenant tenant-123 due to invoice payment\u001b[39m","timestamp":"2026-04-19 00:39:36:3936"}
{"level":"\u001b[32minfo\u001b[39m","message":"\u001b[32m🔗 Constructed internal REDIS_URL from host and port configuration\u001b[39m","timestamp":"2026-04-19 00:39:36:3936"}
{"level":"\u001b[32minfo\u001b[39m","message":"\u001b[32m✅ Configuration validation passed\u001b[39m","timestamp":"2026-04-19 00:39:36:3936"}
{"level":"\u001b[32minfo\u001b[39m","message":"\u001b[32mConfigService initialized as wrapper for ConfigManager\u001b[39m","timestamp":"2026-04-19 00:39:36:3936"}
{"level":"\u001b[32minfo\u001b[39m","message":"\u001b[32m[TenantConfigService] Updated config for channel channel-789\u001b[39m","timestamp":"2026-04-19 00:39:36:3936"}
{"level":"\u001b[34mdebug\u001b[39m","message":"\u001b[34m[MastermindStream] Emitted reasoning:start for agent agent-456 (Tenant: tenant-123)\u001b[39m","timestamp":"2026-04-19 00:39:36:3936"}
{"level":"\u001b[34mdebug\u001b[39m","message":"\u001b[34m[MastermindStream] Emitted reasoning:thought for agent agent-456 (Tenant: tenant-123)\u001b[39m","timestamp":"2026-04-19 00:39:36:3936"}
{"level":"\u001b[34mdebug\u001b[39m","message":"\u001b[34m[MastermindStream] Emitted tool:invoke for agent agent-456 (Tenant: tenant-123)\u001b[39m","timestamp":"2026-04-19 00:39:36:3936"}
{"level":"\u001b[34mdebug\u001b[39m","message":"\u001b[34m[MastermindStream] Emitted agent:spawn for agent sub-agent-1 (Tenant: tenant-123)\u001b[39m","timestamp":"2026-04-19 00:39:36:3936"}
{"error":"Socket error","level":"\u001b[31merror\u001b[39m","message":"\u001b[31m[MastermindStream] Failed to emit reasoning:complete:\u001b[39m","stack":"Error: Socket error\n    at Object.<anonymous> (/home/codedex/projects/DeXMart/src/services/MastermindStreamService.test.ts:83:19)\n    at Object.Mock [as emitToTenant] (file:///home/codedex/projects/DeXMart/node_modules/@vitest/spy/dist/index.js:332:34)\n    at MastermindStreamService.emit (/home/codedex/projects/DeXMart/src/services/MastermindStreamService.ts:48:27)\n    at MastermindStreamService.complete (/home/codedex/projects/DeXMart/src/services/MastermindStreamService.ts:82:14)\n    at /home/codedex/projects/DeXMart/src/services/MastermindStreamService.test.ts:87:30\n    at Proxy.assertThrows (file:///home/codedex/projects/DeXMart/node_modules/chai/index.js:2798:5)\n    at Proxy.methodWrapper (file:///home/codedex/projects/DeXMart/node_modules/chai/index.js:1700:25)\n    at Proxy.<anonymous> (file:///home/codedex/projects/DeXMart/node_modules/@vitest/expect/dist/index.js:1216:12)\n    at Proxy.overwritingMethodWrapper (file:///home/codedex/projects/DeXMart/node_modules/chai/index.js:1750:33)\n    at Proxy.<anonymous> (file:///home/codedex/projects/DeXMart/node_modules/@vitest/expect/dist/index.js:1552:16)","timestamp":"2026-04-19 00:39:36:3936"}
{"level":"\u001b[32minfo\u001b[39m","message":"\u001b[32m[Ingress] Common message from whatsapp (chan-1) for tenant tenant-123\u001b[39m","timestamp":"2026-04-19 00:39:36:3936"}
{"level":"\u001b[32minfo\u001b[39m","message":"\u001b[32m[Ingress] Routing whatsapp message to Agent: AI Agent\u001b[39m","timestamp":"2026-04-19 00:39:36:3936"}
{"level":"\u001b[32minfo\u001b[39m","message":"\u001b[32m[Ingress] Common message from whatsapp (chan-1) for tenant tenant-123\u001b[39m","timestamp":"2026-04-19 00:39:36:3936"}
{"level":"\u001b[32minfo\u001b[39m","message":"\u001b[32m[Ingress] Webhook forwarding for whatsapp message.\u001b[39m","timestamp":"2026-04-19 00:39:36:3936"}
{"level":"\u001b[32minfo\u001b[39m","message":"\u001b[32m✅ Environment variables validated via Zod\u001b[39m","timestamp":"2026-04-19 00:39:37:3937"}
{"level":"\u001b[32minfo\u001b[39m","message":"\u001b[32m🔗 Constructed internal REDIS_URL from host and port configuration\u001b[39m","timestamp":"2026-04-19 00:39:37:3937"}
{"level":"\u001b[32minfo\u001b[39m","message":"\u001b[32m✅ Configuration validation passed\u001b[39m","timestamp":"2026-04-19 00:39:37:3937"}
{"level":"\u001b[32minfo\u001b[39m","message":"\u001b[32mConfigService initialized as wrapper for ConfigManager\u001b[39m","timestamp":"2026-04-19 00:39:37:3937"}
{"level":"\u001b[32minfo\u001b[39m","message":"\u001b[32m✅ Environment variables validated via Zod\u001b[39m","timestamp":"2026-04-19 00:39:37:3937"}
{"level":"\u001b[32minfo\u001b[39m","message":"\u001b[32m🔗 Constructed internal REDIS_URL from host and port configuration\u001b[39m","timestamp":"2026-04-19 00:39:37:3937"}
{"level":"\u001b[32minfo\u001b[39m","message":"\u001b[32m✅ Configuration validation passed\u001b[39m","timestamp":"2026-04-19 00:39:37:3937"}
{"level":"\u001b[32minfo\u001b[39m","message":"\u001b[32mConfigService initialized as wrapper for ConfigManager\u001b[39m","timestamp":"2026-04-19 00:39:37:3937"}
{"level":"\u001b[32minfo\u001b[39m","message":"\u001b[32m✅ Environment variables validated via Zod\u001b[39m","timestamp":"2026-04-19 00:39:38:3938"}
{"level":"\u001b[32minfo\u001b[39m","message":"\u001b[32m🔗 Constructed internal REDIS_URL from host and port configuration\u001b[39m","timestamp":"2026-04-19 00:39:38:3938"}
{"level":"\u001b[32minfo\u001b[39m","message":"\u001b[32m✅ Configuration validation passed\u001b[39m","timestamp":"2026-04-19 00:39:38:3938"}
{"level":"\u001b[32minfo\u001b[39m","message":"\u001b[32mConfigService initialized as wrapper for ConfigManager\u001b[39m","timestamp":"2026-04-19 00:39:38:3938"}
{"level":"\u001b[32minfo\u001b[39m","message":"\u001b[32mChannel created: chan_d1b6a360-293b-4ddc-a19f-ab537ea23944 for tenant tenant-123 under Agent system_default\u001b[39m","timestamp":"2026-04-19 00:39:47:3947"}
{"level":"\u001b[32minfo\u001b[39m","message":"\u001b[32mChannel created: chan_5d16dc15-fed9-4ca6-995e-9ecb43cbc284 for tenant tenant-123 under Agent custom-agent\u001b[39m","timestamp":"2026-04-19 00:39:47:3947"}
{"level":"\u001b[32minfo\u001b[39m","message":"\u001b[32mChannel deleted: chan-1 from tenant tenant-123 under Agent system_default (with auth cleanup)\u001b[39m","timestamp":"2026-04-19 00:39:47:3947"}
{"level":"\u001b[32minfo\u001b[39m","message":"\u001b[32m✅ Environment variables validated via Zod\u001b[39m","timestamp":"2026-04-19 00:39:47:3947"}
{"level":"\u001b[32minfo\u001b[39m","message":"\u001b[32m🔗 Constructed internal REDIS_URL from host and port configuration\u001b[39m","timestamp":"2026-04-19 00:39:47:3947"}
{"level":"\u001b[32minfo\u001b[39m","message":"\u001b[32m✅ Configuration validation passed\u001b[39m","timestamp":"2026-04-19 00:39:47:3947"}
{"level":"\u001b[32minfo\u001b[39m","message":"\u001b[32mConfigService initialized as wrapper for ConfigManager\u001b[39m","timestamp":"2026-04-19 00:39:47:3947"}
{"level":"\u001b[32minfo\u001b[39m","message":"\u001b[32mChannel created: chan_9869a6e8-007d-4ecc-8339-af19159aae1e for tenant tenant-123 under Agent system_default\u001b[39m","timestamp":"2026-04-19 00:40:27:4027"}
{"level":"\u001b[32minfo\u001b[39m","message":"\u001b[32mChannel created: chan_64d95f31-45bf-4e11-878d-41b261b29c04 for tenant tenant-123 under Agent custom-agent\u001b[39m","timestamp":"2026-04-19 00:40:27:4027"}
{"level":"\u001b[32minfo\u001b[39m","message":"\u001b[32mChannel deleted: chan-1 from tenant tenant-123 under Agent system_default (with auth cleanup)\u001b[39m","timestamp":"2026-04-19 00:40:27:4027"}
{"level":"\u001b[32minfo\u001b[39m","message":"\u001b[32m✅ Environment variables validated via Zod\u001b[39m","timestamp":"2026-04-19 00:40:27:4027"}
{"level":"\u001b[32minfo\u001b[39m","message":"\u001b[32m🔗 Constructed internal REDIS_URL from host and port configuration\u001b[39m","timestamp":"2026-04-19 00:40:27:4027"}
{"level":"\u001b[32minfo\u001b[39m","message":"\u001b[32m✅ Configuration validation passed\u001b[39m","timestamp":"2026-04-19 00:40:27:4027"}
{"level":"\u001b[32minfo\u001b[39m","message":"\u001b[32mConfigService initialized as wrapper for ConfigManager\u001b[39m","timestamp":"2026-04-19 00:40:27:4027"}
{"level":"\u001b[32minfo\u001b[39m","message":"\u001b[32m✅ Environment variables validated via Zod\u001b[39m","timestamp":"2026-04-19 00:40:41:4041"}
{"level":"\u001b[32minfo\u001b[39m","message":"\u001b[32m🔗 Constructed internal REDIS_URL from host and port configuration\u001b[39m","timestamp":"2026-04-19 00:40:41:4041"}
{"level":"\u001b[32minfo\u001b[39m","message":"\u001b[32m✅ Configuration validation passed\u001b[39m","timestamp":"2026-04-19 00:40:41:4041"}
{"level":"\u001b[32minfo\u001b[39m","message":"\u001b[32mConfigService initialized as wrapper for ConfigManager\u001b[39m","timestamp":"2026-04-19 00:40:41:4041"}
{"level":"\u001b[32minfo\u001b[39m","message":"\u001b[32m✅ Environment variables validated via Zod\u001b[39m","timestamp":"2026-04-19 00:40:41:4041"}
{"level":"\u001b[33mwarn\u001b[39m","message":"\u001b[33m⚠️ JWT_SECRET is missing or using default value! Tokens will be signed with an insecure key.\u001b[39m","timestamp":"2026-04-19 00:40:41:4041"}
{"level":"\u001b[32minfo\u001b[39m","message":"\u001b[32m🔗 Constructed internal REDIS_URL from host and port configuration\u001b[39m","timestamp":"2026-04-19 00:40:41:4041"}
{"level":"\u001b[32minfo\u001b[39m","message":"\u001b[32m✅ Configuration validation passed\u001b[39m","timestamp":"2026-04-19 00:40:41:4041"}
{"level":"\u001b[32minfo\u001b[39m","message":"\u001b[32mConfigService initialized as wrapper for ConfigManager\u001b[39m","timestamp":"2026-04-19 00:40:41:4041"}
{"level":"\u001b[32minfo\u001b[39m","message":"\u001b[32m✅ Environment variables validated via Zod\u001b[39m","timestamp":"2026-04-19 00:40:41:4041"}
{"level":"\u001b[32minfo\u001b[39m","message":"\u001b[32m🔗 Constructed internal REDIS_URL from host and port configuration\u001b[39m","timestamp":"2026-04-19 00:40:41:4041"}
{"level":"\u001b[32minfo\u001b[39m","message":"\u001b[32m✅ Configuration validation passed\u001b[39m","timestamp":"2026-04-19 00:40:41:4041"}
{"level":"\u001b[32minfo\u001b[39m","message":"\u001b[32mConfigService initialized as wrapper for ConfigManager\u001b[39m","timestamp":"2026-04-19 00:40:41:4041"}
{"level":"\u001b[32minfo\u001b[39m","message":"\u001b[32mChannel created: chan_5589748c-19c9-4d8e-8220-798ba131f969 for tenant tenant-123 under Agent system_default\u001b[39m","timestamp":"2026-04-19 00:40:41:4041"}
{"level":"\u001b[32minfo\u001b[39m","message":"\u001b[32mChannel created: chan_4e6d62b0-0c63-4bc6-a340-12bd124784d3 for tenant tenant-123 under Agent custom-agent\u001b[39m","timestamp":"2026-04-19 00:40:41:4041"}
{"level":"\u001b[32minfo\u001b[39m","message":"\u001b[32mChannel deleted: chan-1 from tenant tenant-123 under Agent system_default (with auth cleanup)\u001b[39m","timestamp":"2026-04-19 00:40:41:4041"}
{"level":"\u001b[32minfo\u001b[39m","message":"\u001b[32m✅ Environment variables validated via Zod\u001b[39m","timestamp":"2026-04-19 00:40:41:4041"}
{"level":"\u001b[32minfo\u001b[39m","message":"\u001b[32m🔗 Constructed internal REDIS_URL from host and port configuration\u001b[39m","timestamp":"2026-04-19 00:40:41:4041"}
{"level":"\u001b[32minfo\u001b[39m","message":"\u001b[32m✅ Configuration validation passed\u001b[39m","timestamp":"2026-04-19 00:40:41:4041"}
{"level":"\u001b[32minfo\u001b[39m","message":"\u001b[32mConfigService initialized as wrapper for ConfigManager\u001b[39m","timestamp":"2026-04-19 00:40:41:4041"}
{"level":"\u001b[32minfo\u001b[39m","message":"\u001b[32m✅ Environment variables validated via Zod\u001b[39m","timestamp":"2026-04-19 00:40:42:4042"}
{"level":"\u001b[32minfo\u001b[39m","message":"\u001b[32m🔗 Constructed internal REDIS_URL from host and port configuration\u001b[39m","timestamp":"2026-04-19 00:40:42:4042"}
{"level":"\u001b[32minfo\u001b[39m","message":"\u001b[32m✅ Configuration validation passed\u001b[39m","timestamp":"2026-04-19 00:40:42:4042"}
{"level":"\u001b[32minfo\u001b[39m","message":"\u001b[32mConfigService initialized as wrapper for ConfigManager\u001b[39m","timestamp":"2026-04-19 00:40:42:4042"}
{"level":"\u001b[32minfo\u001b[39m","message":"\u001b[32mAuthSystem initialized for Channel: resilience-channel (Tenant: resilience-tenant, Path: channels)\u001b[39m","timestamp":"2026-04-19 00:40:42:4042"}
{"level":"\u001b[32minfo\u001b[39m","message":"\u001b[32m[AuthSystem] Starting connection attempt for resilience-channel. Force: false\u001b[39m","timestamp":"2026-04-19 00:40:42:4042"}
{"error":{},"level":"\u001b[31merror\u001b[39m","message":"\u001b[31mAuthSystem connection failed\u001b[39m","timestamp":"2026-04-19 00:40:42:4042"}
{"level":"\u001b[32minfo\u001b[39m","message":"\u001b[32mAuthSystem initialized for Channel: resilience-channel (Tenant: resilience-tenant, Path: channels)\u001b[39m","timestamp":"2026-04-19 00:40:42:4042"}
{"level":"\u001b[32minfo\u001b[39m","message":"\u001b[32m[AuthSystem] Starting connection attempt for resilience-channel. Force: true\u001b[39m","timestamp":"2026-04-19 00:40:42:4042"}
{"level":"\u001b[33mwarn\u001b[39m","message":"\u001b[33m[AuthSystem] FORCING new session for resilience-channel. Clearing old creds.\u001b[39m","timestamp":"2026-04-19 00:40:42:4042"}
{"level":"\u001b[32minfo\u001b[39m","message":"\u001b[32m[AuthSystem] Auth state loaded for resilience-channel. Has Me: false\u001b[39m","timestamp":"2026-04-19 00:40:42:4042"}
{"level":"\u001b[33mwarn\u001b[39m","message":"\u001b[33m[AuthSystem] A newer version of Baileys is available: 2.3000.1015901307. Current session might need update.\u001b[39m","timestamp":"2026-04-19 00:40:42:4042"}
{"level":"\u001b[32minfo\u001b[39m","message":"\u001b[32mAuthSystem initialized for Channel: resilience-channel (Tenant: resilience-tenant, Path: channels)\u001b[39m","timestamp":"2026-04-19 00:40:42:4042"}
{"level":"\u001b[32minfo\u001b[39m","message":"\u001b[32m[AuthSystem] Starting connection attempt for resilience-channel. Force: false\u001b[39m","timestamp":"2026-04-19 00:40:42:4042"}
{"level":"\u001b[32minfo\u001b[39m","message":"\u001b[32m[AuthSystem] Auth state loaded for resilience-channel. Has Me: false\u001b[39m","timestamp":"2026-04-19 00:40:42:4042"}
{"level":"\u001b[33mwarn\u001b[39m","message":"\u001b[33m[AuthSystem] A newer version of Baileys is available: 2.3000.1015901307. Current session might need update.\u001b[39m","timestamp":"2026-04-19 00:40:42:4042"}
{"error":{"output":{"statusCode":401}},"level":"\u001b[33mwarn\u001b[39m","message":"\u001b[33m[AuthSystem] Connection closed for resilience-channel. Reconnect: false\u001b[39m","statusCode":401,"timestamp":"2026-04-19 00:40:42:4042"}
{"level":"\u001b[31merror\u001b[39m","message":"\u001b[31m[AuthSystem] SESSION LOGGED_OUT for resilience-channel. Cleaning up Firestore auth state...\u001b[39m","timestamp":"2026-04-19 00:40:42:4042"}
{"level":"\u001b[32minfo\u001b[39m","message":"\u001b[32mAuthSystem initialized for Channel: resilience-channel (Tenant: resilience-tenant, Path: channels)\u001b[39m","timestamp":"2026-04-19 00:40:42:4042"}
{"level":"\u001b[32minfo\u001b[39m","message":"\u001b[32mAuthSystem initialized for Channel: resilience-channel (Tenant: resilience-tenant, Path: channels)\u001b[39m","timestamp":"2026-04-19 00:40:42:4042"}
{"level":"\u001b[32minfo\u001b[39m","message":"\u001b[32m[AuthSystem] Starting connection attempt for resilience-channel. Force: false\u001b[39m","timestamp":"2026-04-19 00:40:42:4042"}
{"level":"\u001b[32minfo\u001b[39m","message":"\u001b[32m[AuthSystem] Auth state loaded for resilience-channel. Has Me: false\u001b[39m","timestamp":"2026-04-19 00:40:42:4042"}
{"level":"\u001b[33mwarn\u001b[39m","message":"\u001b[33m[AuthSystem] A newer version of Baileys is available: 2.3000.1015901307. Current session might need update.\u001b[39m","timestamp":"2026-04-19 00:40:42:4042"}
{"error":{"output":{"statusCode":503}},"level":"\u001b[33mwarn\u001b[39m","message":"\u001b[33m[AuthSystem] Connection closed for resilience-channel. Reconnect: true\u001b[39m","statusCode":503,"timestamp":"2026-04-19 00:40:42:4042"}
{"level":"\u001b[32minfo\u001b[39m","message":"\u001b[32m[AuthSystem] Scheduling reconnect in 1000ms (Attempt 1)\u001b[39m","timestamp":"2026-04-19 00:40:42:4042"}
{"level":"\u001b[32minfo\u001b[39m","message":"\u001b[32m[AuthSystem] Starting connection attempt for resilience-channel. Force: false\u001b[39m","timestamp":"2026-04-19 00:40:43:4043"}
{"level":"\u001b[32minfo\u001b[39m","message":"\u001b[32m[AuthSystem] Auth state loaded for resilience-channel. Has Me: false\u001b[39m","timestamp":"2026-04-19 00:40:43:4043"}
{"level":"\u001b[33mwarn\u001b[39m","message":"\u001b[33m[AuthSystem] A newer version of Baileys is available: 2.3000.1015901307. Current session might need update.\u001b[39m","timestamp":"2026-04-19 00:40:43:4043"}
{"level":"\u001b[32minfo\u001b[39m","message":"\u001b[32mAuthSystem initialized for Channel: resilience-channel (Tenant: resilience-tenant, Path: channels)\u001b[39m","timestamp":"2026-04-19 00:40:42:4042"}
{"level":"\u001b[32minfo\u001b[39m","message":"\u001b[32m[AuthSystem] Starting connection attempt for resilience-channel. Force: false\u001b[39m","timestamp":"2026-04-19 00:40:42:4042"}
{"level":"\u001b[32minfo\u001b[39m","message":"\u001b[32m[AuthSystem] Auth state loaded for resilience-channel. Has Me: false\u001b[39m","timestamp":"2026-04-19 00:40:42:4042"}
{"level":"\u001b[33mwarn\u001b[39m","message":"\u001b[33m[AuthSystem] A newer version of Baileys is available: 2.3000.1015901307. Current session might need update.\u001b[39m","timestamp":"2026-04-19 00:40:42:4042"}
{"level":"\u001b[32minfo\u001b[39m","message":"\u001b[32mAuthSystem initialized for Channel: resilience-channel (Tenant: resilience-tenant, Path: channels)\u001b[39m","timestamp":"2026-04-19 00:40:42:4042"}
{"level":"\u001b[32minfo\u001b[39m","message":"\u001b[32m[AuthSystem] Starting connection attempt for resilience-channel. Force: false\u001b[39m","timestamp":"2026-04-19 00:40:42:4042"}
{"level":"\u001b[32minfo\u001b[39m","message":"\u001b[32m[AuthSystem] Auth state loaded for resilience-channel. Has Me: false\u001b[39m","timestamp":"2026-04-19 00:40:42:4042"}
{"level":"\u001b[33mwarn\u001b[39m","message":"\u001b[33m[AuthSystem] A newer version of Baileys is available: 2.3000.1015901307. Current session might need update.\u001b[39m","timestamp":"2026-04-19 00:40:42:4042"}
{"level":"\u001b[33mwarn\u001b[39m","message":"\u001b[33m[AuthSystem] Connection handshake timed out for resilience-channel. Killing socket.\u001b[39m","timestamp":"2026-04-19 00:41:12:4112"}
{"level":"\u001b[32minfo\u001b[39m","message":"\u001b[32m✅ Environment variables validated via Zod\u001b[39m","timestamp":"2026-04-19 00:40:43:4043"}
{"level":"\u001b[32minfo\u001b[39m","message":"\u001b[32m🔗 Constructed internal REDIS_URL from host and port configuration\u001b[39m","timestamp":"2026-04-19 00:40:43:4043"}
{"level":"\u001b[32minfo\u001b[39m","message":"\u001b[32m✅ Configuration validation passed\u001b[39m","timestamp":"2026-04-19 00:40:43:4043"}
{"level":"\u001b[32minfo\u001b[39m","message":"\u001b[32mConfigService initialized as wrapper for ConfigManager\u001b[39m","timestamp":"2026-04-19 00:40:43:4043"}
{"level":"\u001b[34mdebug\u001b[39m","message":"\u001b[34mPerformance monitoring started\u001b[39m","timestamp":"2026-04-19 00:40:43:4043"}
{"level":"\u001b[32minfo\u001b[39m","message":"\u001b[32mAnalytics service initialized\u001b[39m","timestamp":"2026-04-19 00:40:43:4043"}
{"level":"\u001b[32minfo\u001b[39m","message":"\u001b[32m✅ Redis connected successfully\u001b[39m","timestamp":"2026-04-19 00:40:43:4043"}
{"level":"\u001b[32minfo\u001b[39m","message":"\u001b[32m✅ Redis Connected - Switching to distributed cache\u001b[39m","timestamp":"2026-04-19 00:40:43:4043"}
{"level":"\u001b[32minfo\u001b[39m","message":"\u001b[32m✅ Environment variables validated via Zod\u001b[39m","timestamp":"2026-04-19 00:40:43:4043"}
{"level":"\u001b[32minfo\u001b[39m","message":"\u001b[32m🔗 Constructed internal REDIS_URL from host and port configuration\u001b[39m","timestamp":"2026-04-19 00:40:43:4043"}
{"level":"\u001b[32minfo\u001b[39m","message":"\u001b[32m✅ Configuration validation passed\u001b[39m","timestamp":"2026-04-19 00:40:43:4043"}
{"level":"\u001b[32minfo\u001b[39m","message":"\u001b[32m✅ Redis connected successfully\u001b[39m","timestamp":"2026-04-19 00:40:43:4043"}
{"level":"\u001b[32minfo\u001b[39m","message":"\u001b[32m✅ Redis Connected - Switching to distributed cache\u001b[39m","timestamp":"2026-04-19 00:40:43:4043"}
{"email":"conflict@example.com","level":"\u001b[33mwarn\u001b[39m","message":"\u001b[33mGoogle Login: Email conflict detected\u001b[39m","timestamp":"2026-04-19 00:40:43:4043","uid":"uid-google"}
{"level":"\u001b[32minfo\u001b[39m","message":"\u001b[32mProfile updated for user uid-123 in tenant tenant-abc\u001b[39m","timestamp":"2026-04-19 00:40:43:4043"}
{"level":"\u001b[32minfo\u001b[39m","message":"\u001b[32mProfile updated for user uid-123 in tenant tenant-abc\u001b[39m","timestamp":"2026-04-19 00:40:43:4043"}
{"level":"\u001b[32minfo\u001b[39m","message":"\u001b[32mProfile updated for user uid-123 in tenant tenant-abc\u001b[39m","timestamp":"2026-04-19 00:40:43:4043"}
{"level":"\u001b[31merror\u001b[39m","message":"\u001b[31mupdateProfile error: Firestore unavailable\u001b[39m","timestamp":"2026-04-19 00:40:43:4043","userId":"uid-123"}
{"level":"\u001b[32minfo\u001b[39m","message":"\u001b[32m✅ Environment variables validated via Zod\u001b[39m","timestamp":"2026-04-19 00:40:43:4043"}
{"level":"\u001b[32minfo\u001b[39m","message":"\u001b[32m🔗 Constructed internal REDIS_URL from host and port configuration\u001b[39m","timestamp":"2026-04-19 00:40:43:4043"}
{"level":"\u001b[32minfo\u001b[39m","message":"\u001b[32m✅ Configuration validation passed\u001b[39m","timestamp":"2026-04-19 00:40:43:4043"}
{"level":"\u001b[32minfo\u001b[39m","message":"\u001b[32mConfigService initialized as wrapper for ConfigManager\u001b[39m","timestamp":"2026-04-19 00:40:43:4043"}
{"level":"\u001b[34mdebug\u001b[39m","message":"\u001b[34mPerformance monitoring started\u001b[39m","timestamp":"2026-04-19 00:40:43:4043"}
{"level":"\u001b[32minfo\u001b[39m","message":"\u001b[32mAnalytics service initialized\u001b[39m","timestamp":"2026-04-19 00:40:44:4044"}
{"level":"\u001b[32minfo\u001b[39m","message":"\u001b[32m✅ Redis connected successfully\u001b[39m","timestamp":"2026-04-19 00:40:44:4044"}
{"level":"\u001b[32minfo\u001b[39m","message":"\u001b[32m✅ Redis Connected - Switching to distributed cache\u001b[39m","timestamp":"2026-04-19 00:40:44:4044"}
{"level":"\u001b[32minfo\u001b[39m","message":"\u001b[32m✅ Environment variables validated via Zod\u001b[39m","timestamp":"2026-04-19 00:40:44:4044"}
{"level":"\u001b[32minfo\u001b[39m","message":"\u001b[32m🔗 Constructed internal REDIS_URL from host and port configuration\u001b[39m","timestamp":"2026-04-19 00:40:44:4044"}
{"level":"\u001b[32minfo\u001b[39m","message":"\u001b[32m✅ Configuration validation passed\u001b[39m","timestamp":"2026-04-19 00:40:44:4044"}
{"level":"\u001b[32minfo\u001b[39m","message":"\u001b[32mConfigService initialized as wrapper for ConfigManager\u001b[39m","timestamp":"2026-04-19 00:40:44:4044"}
{"level":"\u001b[32minfo\u001b[39m","message":"\u001b[32m✅ Redis connected successfully\u001b[39m","timestamp":"2026-04-19 00:40:44:4044"}
{"level":"\u001b[32minfo\u001b[39m","message":"\u001b[32mHandling checkout.session.completed\u001b[39m","sessionId":"cs_123","timestamp":"2026-04-19 00:40:44:4044"}
{"level":"\u001b[32minfo\u001b[39m","message":"\u001b[32m✅ Environment variables validated via Zod\u001b[39m","timestamp":"2026-04-19 00:40:44:4044"}
{"level":"\u001b[32minfo\u001b[39m","message":"\u001b[32m🔗 Constructed internal REDIS_URL from host and port configuration\u001b[39m","timestamp":"2026-04-19 00:40:44:4044"}
{"level":"\u001b[32minfo\u001b[39m","message":"\u001b[32m✅ Configuration validation passed\u001b[39m","timestamp":"2026-04-19 00:40:44:4044"}
{"level":"\u001b[32minfo\u001b[39m","message":"\u001b[32mConfigService initialized as wrapper for ConfigManager\u001b[39m","timestamp":"2026-04-19 00:40:44:4044"}
{"level":"\u001b[32minfo\u001b[39m","message":"\u001b[32mFlow 'Welcome Flow' (flow1) triggered for user user1\u001b[39m","timestamp":"2026-04-19 00:40:45:4045"}
{"level":"\u001b[34mdebug\u001b[39m","message":"\u001b[34mExecuting node n2 [Type: action]\u001b[39m","timestamp":"2026-04-19 00:40:45:4045"}
{"level":"\u001b[32minfo\u001b[39m","message":"\u001b[32mFlow 'Logic Flow' (flow2) triggered for user user1\u001b[39m","timestamp":"2026-04-19 00:40:45:4045"}
{"level":"\u001b[34mdebug\u001b[39m","message":"\u001b[34mExecuting node n2 [Type: logic]\u001b[39m","timestamp":"2026-04-19 00:40:45:4045"}
{"level":"\u001b[34mdebug\u001b[39m","message":"\u001b[34mExecuting node n3 [Type: action]\u001b[39m","timestamp":"2026-04-19 00:40:45:4045"}
{"level":"\u001b[32minfo\u001b[39m","message":"\u001b[32mFlow 'AI Flow' (flow3) triggered for user user1\u001b[39m","timestamp":"2026-04-19 00:40:45:4045"}
{"level":"\u001b[34mdebug\u001b[39m","message":"\u001b[34mExecuting node n2 [Type: ai]\u001b[39m","timestamp":"2026-04-19 00:40:45:4045"}
{"level":"\u001b[32minfo\u001b[39m","message":"\u001b[32mFlow 'Router Flow' (flow4) triggered for user user1\u001b[39m","timestamp":"2026-04-19 00:40:45:4045"}
{"level":"\u001b[34mdebug\u001b[39m","message":"\u001b[34mExecuting node n2 [Type: ai_router]\u001b[39m","timestamp":"2026-04-19 00:40:45:4045"}
{"level":"\u001b[34mdebug\u001b[39m","message":"\u001b[34mExecuting node n4 [Type: action]\u001b[39m","timestamp":"2026-04-19 00:40:45:4045"}
{"level":"\u001b[32minfo\u001b[39m","message":"\u001b[32mFlow 'Pizza Flow' (flow5) triggered for user user1\u001b[39m","timestamp":"2026-04-19 00:40:45:4045"}
{"level":"\u001b[34mdebug\u001b[39m","message":"\u001b[34mExecuting node n2 [Type: action]\u001b[39m","timestamp":"2026-04-19 00:40:45:4045"}
{"level":"\u001b[34mdebug\u001b[39m","message":"\u001b[34mExecuting node n3 [Type: wait_for_input]\u001b[39m","timestamp":"2026-04-19 00:40:45:4045"}
{"level":"\u001b[34mdebug\u001b[39m","message":"\u001b[34mFlow state saved for user user1 at node n3\u001b[39m","timestamp":"2026-04-19 00:40:45:4045"}
{"level":"\u001b[32minfo\u001b[39m","message":"\u001b[32mResuming flow 'Pizza Flow' for user user1 from node n3\u001b[39m","timestamp":"2026-04-19 00:40:45:4045"}
{"level":"\u001b[34mdebug\u001b[39m","message":"\u001b[34mExecuting node n4 [Type: action]\u001b[39m","timestamp":"2026-04-19 00:40:45:4045"}
{"level":"\u001b[32minfo\u001b[39m","message":"\u001b[32m✅ Environment variables validated via Zod\u001b[39m","timestamp":"2026-04-19 00:40:45:4045"}
{"level":"\u001b[32minfo\u001b[39m","message":"\u001b[32m🔗 Constructed internal REDIS_URL from host and port configuration\u001b[39m","timestamp":"2026-04-19 00:40:45:4045"}
{"level":"\u001b[32minfo\u001b[39m","message":"\u001b[32m✅ Configuration validation passed\u001b[39m","timestamp":"2026-04-19 00:40:45:4045"}
{"level":"\u001b[32minfo\u001b[39m","message":"\u001b[32mConfigService initialized as wrapper for ConfigManager\u001b[39m","timestamp":"2026-04-19 00:40:45:4045"}
{"error":"DB Error","level":"\u001b[31merror\u001b[39m","message":"\u001b[31mPlanMiddleware.checkBotLimit error:\u001b[39m","stack":"Error: DB Error\n    at /home/codedex/projects/DeXMart/src/middleware/planMiddleware.test.ts:59:88\n    at file:///home/codedex/projects/DeXMart/node_modules/@vitest/runner/dist/chunk-artifact.js:302:11\n    at file:///home/codedex/projects/DeXMart/node_modules/@vitest/runner/dist/chunk-artifact.js:1903:26\n    at file:///home/codedex/projects/DeXMart/node_modules/@vitest/runner/dist/chunk-artifact.js:2326:20\n    at new Promise (<anonymous>)\n    at runWithCancel (file:///home/codedex/projects/DeXMart/node_modules/@vitest/runner/dist/chunk-artifact.js:2323:10)\n    at file:///home/codedex/projects/DeXMart/node_modules/@vitest/runner/dist/chunk-artifact.js:2305:20\n    at new Promise (<anonymous>)\n    at runWithTimeout (file:///home/codedex/projects/DeXMart/node_modules/@vitest/runner/dist/chunk-artifact.js:2272:10)\n    at file:///home/codedex/projects/DeXMart/node_modules/@vitest/runner/dist/chunk-artifact.js:2955:64","timestamp":"2026-04-19 00:40:45:4045"}
{"error":"DB Error","level":"\u001b[31merror\u001b[39m","message":"\u001b[31mPlanMiddleware.checkFeatureAccess error:\u001b[39m","stack":"Error: DB Error\n    at /home/codedex/projects/DeXMart/src/middleware/planMiddleware.test.ts:106:88\n    at file:///home/codedex/projects/DeXMart/node_modules/@vitest/runner/dist/chunk-artifact.js:302:11\n    at file:///home/codedex/projects/DeXMart/node_modules/@vitest/runner/dist/chunk-artifact.js:1903:26\n    at file:///home/codedex/projects/DeXMart/node_modules/@vitest/runner/dist/chunk-artifact.js:2326:20\n    at new Promise (<anonymous>)\n    at runWithCancel (file:///home/codedex/projects/DeXMart/node_modules/@vitest/runner/dist/chunk-artifact.js:2323:10)\n    at file:///home/codedex/projects/DeXMart/node_modules/@vitest/runner/dist/chunk-artifact.js:2305:20\n    at new Promise (<anonymous>)\n    at runWithTimeout (file:///home/codedex/projects/DeXMart/node_modules/@vitest/runner/dist/chunk-artifact.js:2272:10)\n    at file:///home/codedex/projects/DeXMart/node_modules/@vitest/runner/dist/chunk-artifact.js:2955:64","timestamp":"2026-04-19 00:40:45:4045"}
{"level":"\u001b[32minfo\u001b[39m","message":"\u001b[32m[Ingress] Common message from telegram (chan-456) for tenant tenant-123\u001b[39m","timestamp":"2026-04-19 00:40:45:4045"}
{"level":"\u001b[33mwarn\u001b[39m","message":"\u001b[33m[Ingress] Channel chan-456 not found in Firestore, using mock instance.\u001b[39m","timestamp":"2026-04-19 00:40:45:4045"}
{"level":"\u001b[32minfo\u001b[39m","message":"\u001b[32m[Ingress] Routing telegram message to Agent: AI Assistant\u001b[39m","timestamp":"2026-04-19 00:40:45:4045"}
{"level":"\u001b[32minfo\u001b[39m","message":"\u001b[32mProcessing message for channel chan-456 (Tenant: tenant-123, Path: tenants/tenant-123/agents/system_default/channels/chan-456)\u001b[39m","timestamp":"2026-04-19 00:40:45:4045"}
{"level":"\u001b[32minfo\u001b[39m","message":"\u001b[32mNo AI Agent assigned (or system_default). Forwarding to Webhook.\u001b[39m","timestamp":"2026-04-19 00:40:45:4045"}
{"level":"\u001b[32minfo\u001b[39m","message":"\u001b[32m[Ingress] Common message from telegram (chan-456) for tenant tenant-123\u001b[39m","timestamp":"2026-04-19 00:40:45:4045"}
{"level":"\u001b[33mwarn\u001b[39m","message":"\u001b[33m[Ingress] Channel chan-456 not found in Firestore, using mock instance.\u001b[39m","timestamp":"2026-04-19 00:40:45:4045"}
{"level":"\u001b[32minfo\u001b[39m","message":"\u001b[32m[Ingress] Routing telegram message to Agent: AI Agent\u001b[39m","timestamp":"2026-04-19 00:40:45:4045"}
{"level":"\u001b[32minfo\u001b[39m","message":"\u001b[32m[Ingress] Common message from telegram (chan-456) for tenant tenant-123\u001b[39m","timestamp":"2026-04-19 00:40:45:4045"}
{"level":"\u001b[33mwarn\u001b[39m","message":"\u001b[33m[Ingress] Channel chan-456 not found in Firestore, using mock instance.\u001b[39m","timestamp":"2026-04-19 00:40:45:4045"}
{"level":"\u001b[32minfo\u001b[39m","message":"\u001b[32m[Ingress] Webhook forwarding for telegram message.\u001b[39m","timestamp":"2026-04-19 00:40:45:4045"}
{"level":"\u001b[32minfo\u001b[39m","message":"\u001b[32m✅ Environment variables validated via Zod\u001b[39m","timestamp":"2026-04-19 00:40:45:4045"}
{"level":"\u001b[32minfo\u001b[39m","message":"\u001b[32m🔗 Constructed internal REDIS_URL from host and port configuration\u001b[39m","timestamp":"2026-04-19 00:40:45:4045"}
{"level":"\u001b[32minfo\u001b[39m","message":"\u001b[32m✅ Configuration validation passed\u001b[39m","timestamp":"2026-04-19 00:40:45:4045"}
{"level":"\u001b[32minfo\u001b[39m","message":"\u001b[32mConfigService initialized as wrapper for ConfigManager\u001b[39m","timestamp":"2026-04-19 00:40:45:4045"}
{"level":"\u001b[32minfo\u001b[39m","message":"\u001b[32m✅ Environment variables validated via Zod\u001b[39m","timestamp":"2026-04-19 00:40:45:4045"}
{"level":"\u001b[32minfo\u001b[39m","message":"\u001b[32m🔗 Constructed internal REDIS_URL from host and port configuration\u001b[39m","timestamp":"2026-04-19 00:40:45:4045"}
{"level":"\u001b[32minfo\u001b[39m","message":"\u001b[32m✅ Configuration validation passed\u001b[39m","timestamp":"2026-04-19 00:40:45:4045"}
{"level":"\u001b[32minfo\u001b[39m","message":"\u001b[32mConfigService initialized as wrapper for ConfigManager\u001b[39m","timestamp":"2026-04-19 00:40:45:4045"}
{"level":"\u001b[32minfo\u001b[39m","message":"\u001b[32m✅ Environment variables validated via Zod\u001b[39m","timestamp":"2026-04-19 00:40:45:4045"}
{"level":"\u001b[32minfo\u001b[39m","message":"\u001b[32m🔗 Constructed internal REDIS_URL from host and port configuration\u001b[39m","timestamp":"2026-04-19 00:40:45:4045"}
{"level":"\u001b[32minfo\u001b[39m","message":"\u001b[32m✅ Configuration validation passed\u001b[39m","timestamp":"2026-04-19 00:40:45:4045"}
{"event":"Refresh Failure: Token not found (Possible Replay)","level":"\u001b[33mwarn\u001b[39m","message":"\u001b[33mSecurity Event: Refresh Failure: Token not found (Possible Replay)\u001b[39m","timestamp":"2026-04-19 00:40:45:4045","token":"[REDACTED]","userId":null}
{"level":"\u001b[32minfo\u001b[39m","message":"\u001b[32m✅ Redis connected successfully\u001b[39m","timestamp":"2026-04-19 00:40:45:4045"}
{"level":"\u001b[32minfo\u001b[39m","message":"\u001b[32m✅ Redis Connected - Switching to distributed cache\u001b[39m","timestamp":"2026-04-19 00:40:45:4045"}
{"level":"\u001b[32minfo\u001b[39m","message":"\u001b[32m✅ Environment variables validated via Zod\u001b[39m","timestamp":"2026-04-19 00:40:45:4045"}
{"level":"\u001b[32minfo\u001b[39m","message":"\u001b[32m🔗 Constructed internal REDIS_URL from host and port configuration\u001b[39m","timestamp":"2026-04-19 00:40:45:4045"}
{"level":"\u001b[32minfo\u001b[39m","message":"\u001b[32m✅ Configuration validation passed\u001b[39m","timestamp":"2026-04-19 00:40:45:4045"}
{"level":"\u001b[32minfo\u001b[39m","message":"\u001b[32mConfigService initialized as wrapper for ConfigManager\u001b[39m","timestamp":"2026-04-19 00:40:45:4045"}
{"level":"\u001b[32minfo\u001b[39m","message":"\u001b[32m✅ Redis connected successfully\u001b[39m","timestamp":"2026-04-19 00:40:45:4045"}
{"level":"\u001b[34mdebug\u001b[39m","message":"\u001b[34m[MastermindStream] Emitted reasoning:start for agent agent-456 (Tenant: tenant-123)\u001b[39m","timestamp":"2026-04-19 00:40:45:4045"}
{"level":"\u001b[34mdebug\u001b[39m","message":"\u001b[34m[MastermindStream] Emitted reasoning:thought for agent agent-456 (Tenant: tenant-123)\u001b[39m","timestamp":"2026-04-19 00:40:45:4045"}
{"level":"\u001b[34mdebug\u001b[39m","message":"\u001b[34m[MastermindStream] Emitted tool:invoke for agent agent-456 (Tenant: tenant-123)\u001b[39m","timestamp":"2026-04-19 00:40:45:4045"}
{"level":"\u001b[34mdebug\u001b[39m","message":"\u001b[34m[MastermindStream] Emitted agent:spawn for agent sub-agent-1 (Tenant: tenant-123)\u001b[39m","timestamp":"2026-04-19 00:40:45:4045"}
{"error":"Socket error","level":"\u001b[31merror\u001b[39m","message":"\u001b[31m[MastermindStream] Failed to emit reasoning:complete:\u001b[39m","stack":"Error: Socket error\n    at Object.<anonymous> (/home/codedex/projects/DeXMart/src/services/MastermindStreamService.test.ts:83:19)\n    at Object.Mock [as emitToTenant] (file:///home/codedex/projects/DeXMart/node_modules/@vitest/spy/dist/index.js:332:34)\n    at MastermindStreamService.emit (/home/codedex/projects/DeXMart/src/services/MastermindStreamService.ts:48:27)\n    at MastermindStreamService.complete (/home/codedex/projects/DeXMart/src/services/MastermindStreamService.ts:82:14)\n    at /home/codedex/projects/DeXMart/src/services/MastermindStreamService.test.ts:87:30\n    at Proxy.assertThrows (file:///home/codedex/projects/DeXMart/node_modules/chai/index.js:2798:5)\n    at Proxy.methodWrapper (file:///home/codedex/projects/DeXMart/node_modules/chai/index.js:1700:25)\n    at Proxy.<anonymous> (file:///home/codedex/projects/DeXMart/node_modules/@vitest/expect/dist/index.js:1216:12)\n    at Proxy.overwritingMethodWrapper (file:///home/codedex/projects/DeXMart/node_modules/chai/index.js:1750:33)\n    at Proxy.<anonymous> (file:///home/codedex/projects/DeXMart/node_modules/@vitest/expect/dist/index.js:1552:16)","timestamp":"2026-04-19 00:40:45:4045"}
{"level":"\u001b[32minfo\u001b[39m","message":"\u001b[32m✅ Environment variables validated via Zod\u001b[39m","timestamp":"2026-04-19 00:40:45:4045"}
{"level":"\u001b[32minfo\u001b[39m","message":"\u001b[32m🔗 Constructed internal REDIS_URL from host and port configuration\u001b[39m","timestamp":"2026-04-19 00:40:45:4045"}
{"level":"\u001b[32minfo\u001b[39m","message":"\u001b[32m✅ Configuration validation passed\u001b[39m","timestamp":"2026-04-19 00:40:45:4045"}
{"level":"\u001b[32minfo\u001b[39m","message":"\u001b[32mConfigService initialized as wrapper for ConfigManager\u001b[39m","timestamp":"2026-04-19 00:40:45:4045"}
{"level":"\u001b[32minfo\u001b[39m","message":"\u001b[32mChannel deleted: chan-1 from tenant tenant-123 under Agent agent-456 (with auth cleanup)\u001b[39m","timestamp":"2026-04-19 00:40:45:4045"}
{"level":"\u001b[32minfo\u001b[39m","message":"\u001b[32mChannel archived: chan-1 for tenant tenant-123\u001b[39m","timestamp":"2026-04-19 00:40:45:4045"}
{"level":"\u001b[32minfo\u001b[39m","message":"\u001b[32m✅ Redis connected successfully\u001b[39m","timestamp":"2026-04-19 00:40:45:4045"}
{"level":"\u001b[33mwarn\u001b[39m","message":"\u001b[33mStripe webhook received without signature or secret\u001b[39m","timestamp":"2026-04-19 00:40:46:4046"}
{"level":"\u001b[32minfo\u001b[39m","message":"\u001b[32mHandling checkout.session.completed\u001b[39m","sessionId":"cs_123","timestamp":"2026-04-19 00:40:46:4046"}
{"level":"\u001b[32minfo\u001b[39m","message":"\u001b[32mHandling customer.subscription.updated\u001b[39m","subscriptionId":"sub_123","timestamp":"2026-04-19 00:40:46:4046"}
{"invoiceId":"in_123","level":"\u001b[32minfo\u001b[39m","message":"\u001b[32mHandling invoice.paid\u001b[39m","timestamp":"2026-04-19 00:40:46:4046"}
{"level":"\u001b[32minfo\u001b[39m","message":"\u001b[32mReset usage for tenant tenant-123 due to invoice payment\u001b[39m","timestamp":"2026-04-19 00:40:46:4046"}
{"level":"\u001b[32minfo\u001b[39m","message":"\u001b[32m[TenantConfigService] Updated config for channel channel-789\u001b[39m","timestamp":"2026-04-19 00:40:46:4046"}
{"level":"\u001b[32minfo\u001b[39m","message":"\u001b[32mProcessing message for channel chan-1 (Tenant: tenant-1, Path: tenants/tenant-1/agents/agent-1/channels/chan-1)\u001b[39m","timestamp":"2026-04-19 00:40:46:4046"}
{"level":"\u001b[32minfo\u001b[39m","message":"\u001b[32mRouting to Agent: Path Agent (agent-1)\u001b[39m","timestamp":"2026-04-19 00:40:46:4046"}
{"level":"\u001b[32minfo\u001b[39m","message":"\u001b[32m✅ Environment variables validated via Zod\u001b[39m","timestamp":"2026-04-19 00:40:46:4046"}
{"level":"\u001b[32minfo\u001b[39m","message":"\u001b[32m🔗 Constructed internal REDIS_URL from host and port configuration\u001b[39m","timestamp":"2026-04-19 00:40:46:4046"}
{"level":"\u001b[32minfo\u001b[39m","message":"\u001b[32m✅ Configuration validation passed\u001b[39m","timestamp":"2026-04-19 00:40:46:4046"}
{"level":"\u001b[32minfo\u001b[39m","message":"\u001b[32mConfigService initialized as wrapper for ConfigManager\u001b[39m","timestamp":"2026-04-19 00:40:46:4046"}
{"level":"\u001b[32minfo\u001b[39m","message":"\u001b[32mChannel deleted: chan-1 from tenant tenant-123 under Agent agent-456 (with auth cleanup)\u001b[39m","timestamp":"2026-04-19 00:40:46:4046"}
{"level":"\u001b[32minfo\u001b[39m","message":"\u001b[32mChannel archived: chan-1 for tenant tenant-123\u001b[39m","timestamp":"2026-04-19 00:40:46:4046"}
{"level":"\u001b[32minfo\u001b[39m","message":"\u001b[32m✅ Redis connected successfully\u001b[39m","timestamp":"2026-04-19 00:40:46:4046"}
{"level":"\u001b[32minfo\u001b[39m","message":"\u001b[32m✅ Environment variables validated via Zod\u001b[39m","timestamp":"2026-04-19 00:40:46:4046"}
{"level":"\u001b[32minfo\u001b[39m","message":"\u001b[32m🔗 Constructed internal REDIS_URL from host and port configuration\u001b[39m","timestamp":"2026-04-19 00:40:46:4046"}
{"level":"\u001b[32minfo\u001b[39m","message":"\u001b[32m✅ Configuration validation passed\u001b[39m","timestamp":"2026-04-19 00:40:46:4046"}
{"level":"\u001b[32minfo\u001b[39m","message":"\u001b[32mConfigService initialized as wrapper for ConfigManager\u001b[39m","timestamp":"2026-04-19 00:40:46:4046"}
{"level":"\u001b[32minfo\u001b[39m","message":"\u001b[32mChannel chan-1 moved from agent-old to agent-new\u001b[39m","timestamp":"2026-04-19 00:40:46:4046"}
{"level":"\u001b[32minfo\u001b[39m","message":"\u001b[32m✅ Redis connected successfully\u001b[39m","timestamp":"2026-04-19 00:40:46:4046"}
{"level":"\u001b[32minfo\u001b[39m","message":"\u001b[32m✅ Environment variables validated via Zod\u001b[39m","timestamp":"2026-04-19 00:40:46:4046"}
{"level":"\u001b[32minfo\u001b[39m","message":"\u001b[32m🔗 Constructed internal REDIS_URL from host and port configuration\u001b[39m","timestamp":"2026-04-19 00:40:46:4046"}
{"level":"\u001b[32minfo\u001b[39m","message":"\u001b[32m✅ Configuration validation passed\u001b[39m","timestamp":"2026-04-19 00:40:46:4046"}
{"level":"\u001b[32minfo\u001b[39m","message":"\u001b[32mConfigService initialized as wrapper for ConfigManager\u001b[39m","timestamp":"2026-04-19 00:40:46:4046"}
{"level":"\u001b[33mwarn\u001b[39m","message":"\u001b[33m[Deduplication] Message msg1 ignored due to extreme clock skew or age. Diff: 360s\u001b[39m","timestamp":"2026-04-19 00:40:46:4046"}
{"level":"\u001b[33mwarn\u001b[39m","message":"\u001b[33m[Deduplication] Message msg2 ignored due to extreme clock skew or age. Diff: 360s\u001b[39m","timestamp":"2026-04-19 00:40:46:4046"}
{"level":"\u001b[32minfo\u001b[39m","message":"\u001b[32m[Deduplication] Duplicate message duplicate_id ignored.\u001b[39m","timestamp":"2026-04-19 00:40:46:4046"}
{"level":"\u001b[32minfo\u001b[39m","message":"\u001b[32m[Ingress] Common message from whatsapp (chan-1) for tenant tenant-123\u001b[39m","timestamp":"2026-04-19 00:40:46:4046"}
{"level":"\u001b[32minfo\u001b[39m","message":"\u001b[32m[Ingress] Routing whatsapp message to Agent: AI Agent\u001b[39m","timestamp":"2026-04-19 00:40:46:4046"}
{"level":"\u001b[32minfo\u001b[39m","message":"\u001b[32m[Ingress] Common message from whatsapp (chan-1) for tenant tenant-123\u001b[39m","timestamp":"2026-04-19 00:40:46:4046"}
{"level":"\u001b[32minfo\u001b[39m","message":"\u001b[32m[Ingress] Webhook forwarding for whatsapp message.\u001b[39m","timestamp":"2026-04-19 00:40:46:4046"}
{"level":"\u001b[32minfo\u001b[39m","message":"\u001b[32m✅ Environment variables validated via Zod\u001b[39m","timestamp":"2026-04-19 00:40:47:4047"}
{"level":"\u001b[32minfo\u001b[39m","message":"\u001b[32m🔗 Constructed internal REDIS_URL from host and port configuration\u001b[39m","timestamp":"2026-04-19 00:40:47:4047"}
{"level":"\u001b[32minfo\u001b[39m","message":"\u001b[32m✅ Configuration validation passed\u001b[39m","timestamp":"2026-04-19 00:40:47:4047"}
{"level":"\u001b[32minfo\u001b[39m","message":"\u001b[32mConfigService initialized as wrapper for ConfigManager\u001b[39m","timestamp":"2026-04-19 00:40:47:4047"}
{"level":"\u001b[32minfo\u001b[39m","message":"\u001b[32m✅ Environment variables validated via Zod\u001b[39m","timestamp":"2026-04-19 00:40:47:4047"}
{"level":"\u001b[32minfo\u001b[39m","message":"\u001b[32m🔗 Constructed internal REDIS_URL from host and port configuration\u001b[39m","timestamp":"2026-04-19 00:40:47:4047"}
{"level":"\u001b[32minfo\u001b[39m","message":"\u001b[32m✅ Configuration validation passed\u001b[39m","timestamp":"2026-04-19 00:40:47:4047"}
{"level":"\u001b[32minfo\u001b[39m","message":"\u001b[32mConfigService initialized as wrapper for ConfigManager\u001b[39m","timestamp":"2026-04-19 00:40:47:4047"}
{"level":"\u001b[32minfo\u001b[39m","message":"\u001b[32m✅ Environment variables validated via Zod\u001b[39m","timestamp":"2026-04-19 00:40:47:4047"}
{"level":"\u001b[32minfo\u001b[39m","message":"\u001b[32m🔗 Constructed internal REDIS_URL from host and port configuration\u001b[39m","timestamp":"2026-04-19 00:40:47:4047"}
{"level":"\u001b[32minfo\u001b[39m","message":"\u001b[32m✅ Configuration validation passed\u001b[39m","timestamp":"2026-04-19 00:40:47:4047"}
{"level":"\u001b[32minfo\u001b[39m","message":"\u001b[32mConfigService initialized as wrapper for ConfigManager\u001b[39m","timestamp":"2026-04-19 00:40:47:4047"}
{"level":"\u001b[32minfo\u001b[39m","message":"\u001b[32m✅ Environment variables validated via Zod\u001b[39m","timestamp":"2026-04-19 00:40:48:4048"}
{"level":"\u001b[32minfo\u001b[39m","message":"\u001b[32m🔗 Constructed internal REDIS_URL from host and port configuration\u001b[39m","timestamp":"2026-04-19 00:40:48:4048"}
{"level":"\u001b[32minfo\u001b[39m","message":"\u001b[32m✅ Configuration validation passed\u001b[39m","timestamp":"2026-04-19 00:40:48:4048"}
{"level":"\u001b[32minfo\u001b[39m","message":"\u001b[32mConfigService initialized as wrapper for ConfigManager\u001b[39m","timestamp":"2026-04-19 00:40:48:4048"}
{"level":"\u001b[32minfo\u001b[39m","message":"\u001b[32m✅ Environment variables validated via Zod\u001b[39m","timestamp":"2026-04-19 00:58:30:5830"}
{"level":"\u001b[32minfo\u001b[39m","message":"\u001b[32m🔗 Constructed internal REDIS_URL from host and port configuration\u001b[39m","timestamp":"2026-04-19 00:58:30:5830"}
{"level":"\u001b[32minfo\u001b[39m","message":"\u001b[32m✅ Configuration validation passed\u001b[39m","timestamp":"2026-04-19 00:58:30:5830"}
{"level":"\u001b[32minfo\u001b[39m","message":"\u001b[32mConfigService initialized as wrapper for ConfigManager\u001b[39m","timestamp":"2026-04-19 00:58:30:5830"}
{"level":"\u001b[32minfo\u001b[39m","message":"\u001b[32m✅ Environment variables validated via Zod\u001b[39m","timestamp":"2026-04-19 00:59:19:5919"}
{"level":"\u001b[32minfo\u001b[39m","message":"\u001b[32m🔗 Constructed internal REDIS_URL from host and port configuration\u001b[39m","timestamp":"2026-04-19 00:59:19:5919"}
{"level":"\u001b[32minfo\u001b[39m","message":"\u001b[32m✅ Configuration validation passed\u001b[39m","timestamp":"2026-04-19 00:59:19:5919"}
{"level":"\u001b[32minfo\u001b[39m","message":"\u001b[32mConfigService initialized as wrapper for ConfigManager\u001b[39m","timestamp":"2026-04-19 00:59:19:5919"}
{"level":"\u001b[32minfo\u001b[39m","message":"\u001b[32m✅ Environment variables validated via Zod\u001b[39m","timestamp":"2026-04-19 00:59:19:5919"}
{"level":"\u001b[33mwarn\u001b[39m","message":"\u001b[33m⚠️ JWT_SECRET is missing or using default value! Tokens will be signed with an insecure key.\u001b[39m","timestamp":"2026-04-19 00:59:19:5919"}
{"level":"\u001b[32minfo\u001b[39m","message":"\u001b[32m🔗 Constructed internal REDIS_URL from host and port configuration\u001b[39m","timestamp":"2026-04-19 00:59:19:5919"}
{"level":"\u001b[32minfo\u001b[39m","message":"\u001b[32m✅ Configuration validation passed\u001b[39m","timestamp":"2026-04-19 00:59:19:5919"}
{"level":"\u001b[32minfo\u001b[39m","message":"\u001b[32mConfigService initialized as wrapper for ConfigManager\u001b[39m","timestamp":"2026-04-19 00:59:19:5919"}
{"level":"\u001b[32minfo\u001b[39m","message":"\u001b[32m✅ Environment variables validated via Zod\u001b[39m","timestamp":"2026-04-19 00:59:19:5919"}
{"level":"\u001b[32minfo\u001b[39m","message":"\u001b[32m🔗 Constructed internal REDIS_URL from host and port configuration\u001b[39m","timestamp":"2026-04-19 00:59:19:5919"}
{"level":"\u001b[32minfo\u001b[39m","message":"\u001b[32m✅ Configuration validation passed\u001b[39m","timestamp":"2026-04-19 00:59:19:5919"}
{"level":"\u001b[32minfo\u001b[39m","message":"\u001b[32mConfigService initialized as wrapper for ConfigManager\u001b[39m","timestamp":"2026-04-19 00:59:19:5919"}
{"level":"\u001b[32minfo\u001b[39m","message":"\u001b[32m✅ Environment variables validated via Zod\u001b[39m","timestamp":"2026-04-19 00:59:19:5919"}
{"level":"\u001b[32minfo\u001b[39m","message":"\u001b[32m🔗 Constructed internal REDIS_URL from host and port configuration\u001b[39m","timestamp":"2026-04-19 00:59:19:5919"}
{"level":"\u001b[32minfo\u001b[39m","message":"\u001b[32m✅ Configuration validation passed\u001b[39m","timestamp":"2026-04-19 00:59:19:5919"}
{"level":"\u001b[32minfo\u001b[39m","message":"\u001b[32mConfigService initialized as wrapper for ConfigManager\u001b[39m","timestamp":"2026-04-19 00:59:19:5919"}
{"level":"\u001b[32minfo\u001b[39m","message":"\u001b[32m✅ Environment variables validated via Zod\u001b[39m","timestamp":"2026-04-19 00:59:19:5919"}
{"level":"\u001b[32minfo\u001b[39m","message":"\u001b[32mHandling checkout.session.completed\u001b[39m","sessionId":"cs_123","timestamp":"2026-04-19 00:59:19:5919"}
{"level":"\u001b[32minfo\u001b[39m","message":"\u001b[32m🔗 Constructed internal REDIS_URL from host and port configuration\u001b[39m","timestamp":"2026-04-19 00:59:19:5919"}
{"level":"\u001b[32minfo\u001b[39m","message":"\u001b[32m✅ Configuration validation passed\u001b[39m","timestamp":"2026-04-19 00:59:19:5919"}
{"email":"conflict@example.com","level":"\u001b[33mwarn\u001b[39m","message":"\u001b[33mGoogle Login: Email conflict detected\u001b[39m","timestamp":"2026-04-19 00:59:19:5919","uid":"uid-google"}
{"level":"\u001b[32minfo\u001b[39m","message":"\u001b[32mProfile updated for user uid-123 in tenant tenant-abc\u001b[39m","timestamp":"2026-04-19 00:59:19:5919"}
{"level":"\u001b[32minfo\u001b[39m","message":"\u001b[32mProfile updated for user uid-123 in tenant tenant-abc\u001b[39m","timestamp":"2026-04-19 00:59:19:5919"}
{"level":"\u001b[32minfo\u001b[39m","message":"\u001b[32mProfile updated for user uid-123 in tenant tenant-abc\u001b[39m","timestamp":"2026-04-19 00:59:19:5919"}
{"level":"\u001b[31merror\u001b[39m","message":"\u001b[31mupdateProfile error: Firestore unavailable\u001b[39m","timestamp":"2026-04-19 00:59:19:5919","userId":"uid-123"}
{"level":"\u001b[32minfo\u001b[39m","message":"\u001b[32m✅ Environment variables validated via Zod\u001b[39m","timestamp":"2026-04-19 00:59:19:5919"}
{"level":"\u001b[32minfo\u001b[39m","message":"\u001b[32m🔗 Constructed internal REDIS_URL from host and port configuration\u001b[39m","timestamp":"2026-04-19 00:59:19:5919"}
{"level":"\u001b[32minfo\u001b[39m","message":"\u001b[32m✅ Configuration validation passed\u001b[39m","timestamp":"2026-04-19 00:59:19:5919"}
{"level":"\u001b[32minfo\u001b[39m","message":"\u001b[32mConfigService initialized as wrapper for ConfigManager\u001b[39m","timestamp":"2026-04-19 00:59:19:5919"}
{"level":"\u001b[33mwarn\u001b[39m","message":"\u001b[33mStripe webhook received without signature or secret\u001b[39m","timestamp":"2026-04-19 00:59:19:5919"}
{"level":"\u001b[32minfo\u001b[39m","message":"\u001b[32mHandling checkout.session.completed\u001b[39m","sessionId":"cs_123","timestamp":"2026-04-19 00:59:19:5919"}
{"level":"\u001b[32minfo\u001b[39m","message":"\u001b[32mHandling customer.subscription.updated\u001b[39m","subscriptionId":"sub_123","timestamp":"2026-04-19 00:59:19:5919"}
{"invoiceId":"in_123","level":"\u001b[32minfo\u001b[39m","message":"\u001b[32mHandling invoice.paid\u001b[39m","timestamp":"2026-04-19 00:59:19:5919"}
{"level":"\u001b[32minfo\u001b[39m","message":"\u001b[32mReset usage for tenant tenant-123 due to invoice payment\u001b[39m","timestamp":"2026-04-19 00:59:19:5919"}
{"level":"\u001b[32minfo\u001b[39m","message":"\u001b[32m✅ Environment variables validated via Zod\u001b[39m","timestamp":"2026-04-19 00:59:19:5919"}
{"level":"\u001b[32minfo\u001b[39m","message":"\u001b[32m🔗 Constructed internal REDIS_URL from host and port configuration\u001b[39m","timestamp":"2026-04-19 00:59:19:5919"}
{"level":"\u001b[32minfo\u001b[39m","message":"\u001b[32m✅ Configuration validation passed\u001b[39m","timestamp":"2026-04-19 00:59:19:5919"}
{"event":"Refresh Failure: Token not found (Possible Replay)","level":"\u001b[33mwarn\u001b[39m","message":"\u001b[33mSecurity Event: Refresh Failure: Token not found (Possible Replay)\u001b[39m","timestamp":"2026-04-19 00:59:19:5919","token":"[REDACTED]","userId":null}
{"level":"\u001b[32minfo\u001b[39m","message":"\u001b[32m✅ Redis connected successfully\u001b[39m","timestamp":"2026-04-19 00:59:19:5919"}
{"level":"\u001b[32minfo\u001b[39m","message":"\u001b[32m✅ Redis Connected - Switching to distributed cache\u001b[39m","timestamp":"2026-04-19 00:59:19:5919"}
{"level":"\u001b[32minfo\u001b[39m","message":"\u001b[32m✅ Environment variables validated via Zod\u001b[39m","timestamp":"2026-04-19 00:59:19:5919"}
{"level":"\u001b[32minfo\u001b[39m","message":"\u001b[32m🔗 Constructed internal REDIS_URL from host and port configuration\u001b[39m","timestamp":"2026-04-19 00:59:19:5919"}
{"level":"\u001b[32minfo\u001b[39m","message":"\u001b[32m✅ Configuration validation passed\u001b[39m","timestamp":"2026-04-19 00:59:19:5919"}
{"level":"\u001b[32minfo\u001b[39m","message":"\u001b[32mConfigService initialized as wrapper for ConfigManager\u001b[39m","timestamp":"2026-04-19 00:59:19:5919"}
{"error":"DB Error","level":"\u001b[31merror\u001b[39m","message":"\u001b[31mPlanMiddleware.checkBotLimit error:\u001b[39m","stack":"Error: DB Error\n    at /home/codedex/projects/DeXMart/src/middleware/planMiddleware.test.ts:59:88\n    at file:///home/codedex/projects/DeXMart/node_modules/@vitest/runner/dist/chunk-artifact.js:302:11\n    at file:///home/codedex/projects/DeXMart/node_modules/@vitest/runner/dist/chunk-artifact.js:1903:26\n    at file:///home/codedex/projects/DeXMart/node_modules/@vitest/runner/dist/chunk-artifact.js:2326:20\n    at new Promise (<anonymous>)\n    at runWithCancel (file:///home/codedex/projects/DeXMart/node_modules/@vitest/runner/dist/chunk-artifact.js:2323:10)\n    at file:///home/codedex/projects/DeXMart/node_modules/@vitest/runner/dist/chunk-artifact.js:2305:20\n    at new Promise (<anonymous>)\n    at runWithTimeout (file:///home/codedex/projects/DeXMart/node_modules/@vitest/runner/dist/chunk-artifact.js:2272:10)\n    at file:///home/codedex/projects/DeXMart/node_modules/@vitest/runner/dist/chunk-artifact.js:2955:64","timestamp":"2026-04-19 00:59:19:5919"}
{"error":"DB Error","level":"\u001b[31merror\u001b[39m","message":"\u001b[31mPlanMiddleware.checkFeatureAccess error:\u001b[39m","stack":"Error: DB Error\n    at /home/codedex/projects/DeXMart/src/middleware/planMiddleware.test.ts:106:88\n    at file:///home/codedex/projects/DeXMart/node_modules/@vitest/runner/dist/chunk-artifact.js:302:11\n    at file:///home/codedex/projects/DeXMart/node_modules/@vitest/runner/dist/chunk-artifact.js:1903:26\n    at file:///home/codedex/projects/DeXMart/node_modules/@vitest/runner/dist/chunk-artifact.js:2326:20\n    at new Promise (<anonymous>)\n    at runWithCancel (file:///home/codedex/projects/DeXMart/node_modules/@vitest/runner/dist/chunk-artifact.js:2323:10)\n    at file:///home/codedex/projects/DeXMart/node_modules/@vitest/runner/dist/chunk-artifact.js:2305:20\n    at new Promise (<anonymous>)\n    at runWithTimeout (file:///home/codedex/projects/DeXMart/node_modules/@vitest/runner/dist/chunk-artifact.js:2272:10)\n    at file:///home/codedex/projects/DeXMart/node_modules/@vitest/runner/dist/chunk-artifact.js:2955:64","timestamp":"2026-04-19 00:59:19:5919"}
{"level":"\u001b[32minfo\u001b[39m","message":"\u001b[32m✅ Environment variables validated via Zod\u001b[39m","timestamp":"2026-04-19 00:59:19:5919"}
{"level":"\u001b[32minfo\u001b[39m","message":"\u001b[32m🔗 Constructed internal REDIS_URL from host and port configuration\u001b[39m","timestamp":"2026-04-19 00:59:19:5919"}
{"level":"\u001b[32minfo\u001b[39m","message":"\u001b[32m✅ Configuration validation passed\u001b[39m","timestamp":"2026-04-19 00:59:19:5919"}
{"level":"\u001b[32minfo\u001b[39m","message":"\u001b[32mConfigService initialized as wrapper for ConfigManager\u001b[39m","timestamp":"2026-04-19 00:59:19:5919"}
{"level":"\u001b[32minfo\u001b[39m","message":"\u001b[32m✅ Environment variables validated via Zod\u001b[39m","timestamp":"2026-04-19 00:59:20:5920"}
{"level":"\u001b[32minfo\u001b[39m","message":"\u001b[32m🔗 Constructed internal REDIS_URL from host and port configuration\u001b[39m","timestamp":"2026-04-19 00:59:20:5920"}
{"level":"\u001b[32minfo\u001b[39m","message":"\u001b[32m✅ Configuration validation passed\u001b[39m","timestamp":"2026-04-19 00:59:20:5920"}
{"level":"\u001b[32minfo\u001b[39m","message":"\u001b[32mConfigService initialized as wrapper for ConfigManager\u001b[39m","timestamp":"2026-04-19 00:59:20:5920"}
{"level":"\u001b[32minfo\u001b[39m","message":"\u001b[32m✅ Environment variables validated via Zod\u001b[39m","timestamp":"2026-04-19 00:59:20:5920"}
{"level":"\u001b[32minfo\u001b[39m","message":"\u001b[32m🔗 Constructed internal REDIS_URL from host and port configuration\u001b[39m","timestamp":"2026-04-19 00:59:20:5920"}
{"level":"\u001b[32minfo\u001b[39m","message":"\u001b[32m✅ Configuration validation passed\u001b[39m","timestamp":"2026-04-19 00:59:20:5920"}
{"level":"\u001b[32minfo\u001b[39m","message":"\u001b[32mConfigService initialized as wrapper for ConfigManager\u001b[39m","timestamp":"2026-04-19 00:59:20:5920"}
{"level":"\u001b[34mdebug\u001b[39m","message":"\u001b[34mPerformance monitoring started\u001b[39m","timestamp":"2026-04-19 00:59:20:5920"}
{"level":"\u001b[34mdebug\u001b[39m","message":"\u001b[34mPerformance monitoring started\u001b[39m","timestamp":"2026-04-19 00:59:20:5920"}
{"level":"\u001b[32minfo\u001b[39m","message":"\u001b[32mAnalytics service initialized\u001b[39m","timestamp":"2026-04-19 00:59:20:5920"}
{"level":"\u001b[32minfo\u001b[39m","message":"\u001b[32mAnalytics service initialized\u001b[39m","timestamp":"2026-04-19 00:59:20:5920"}
{"level":"\u001b[32minfo\u001b[39m","message":"\u001b[32m✅ Environment variables validated via Zod\u001b[39m","timestamp":"2026-04-19 00:59:20:5920"}
{"level":"\u001b[32minfo\u001b[39m","message":"\u001b[32m🔗 Constructed internal REDIS_URL from host and port configuration\u001b[39m","timestamp":"2026-04-19 00:59:20:5920"}
{"level":"\u001b[32minfo\u001b[39m","message":"\u001b[32m✅ Configuration validation passed\u001b[39m","timestamp":"2026-04-19 00:59:20:5920"}
{"level":"\u001b[32minfo\u001b[39m","message":"\u001b[32mConfigService initialized as wrapper for ConfigManager\u001b[39m","timestamp":"2026-04-19 00:59:20:5920"}
{"level":"\u001b[32minfo\u001b[39m","message":"\u001b[32m✅ Environment variables validated via Zod\u001b[39m","timestamp":"2026-04-19 00:59:20:5920"}
{"level":"\u001b[32minfo\u001b[39m","message":"\u001b[32m🔗 Constructed internal REDIS_URL from host and port configuration\u001b[39m","timestamp":"2026-04-19 00:59:20:5920"}
{"level":"\u001b[32minfo\u001b[39m","message":"\u001b[32m✅ Configuration validation passed\u001b[39m","timestamp":"2026-04-19 00:59:20:5920"}
{"level":"\u001b[32minfo\u001b[39m","message":"\u001b[32mConfigService initialized as wrapper for ConfigManager\u001b[39m","timestamp":"2026-04-19 00:59:20:5920"}
{"level":"\u001b[32minfo\u001b[39m","message":"\u001b[32mChannel deleted: chan-1 from tenant tenant-123 under Agent agent-456 (with auth cleanup)\u001b[39m","timestamp":"2026-04-19 00:59:20:5920"}
{"level":"\u001b[32minfo\u001b[39m","message":"\u001b[32mChannel archived: chan-1 for tenant tenant-123\u001b[39m","timestamp":"2026-04-19 00:59:20:5920"}
{"level":"\u001b[32minfo\u001b[39m","message":"\u001b[32m✅ Environment variables validated via Zod\u001b[39m","timestamp":"2026-04-19 00:59:20:5920"}
{"level":"\u001b[32minfo\u001b[39m","message":"\u001b[32m🔗 Constructed internal REDIS_URL from host and port configuration\u001b[39m","timestamp":"2026-04-19 00:59:20:5920"}
{"level":"\u001b[32minfo\u001b[39m","message":"\u001b[32m✅ Configuration validation passed\u001b[39m","timestamp":"2026-04-19 00:59:20:5920"}
{"level":"\u001b[32minfo\u001b[39m","message":"\u001b[32mConfigService initialized as wrapper for ConfigManager\u001b[39m","timestamp":"2026-04-19 00:59:20:5920"}
{"level":"\u001b[32minfo\u001b[39m","message":"\u001b[32mChannel deleted: chan-1 from tenant tenant-123 under Agent agent-456 (with auth cleanup)\u001b[39m","timestamp":"2026-04-19 00:59:20:5920"}
{"level":"\u001b[32minfo\u001b[39m","message":"\u001b[32mChannel archived: chan-1 for tenant tenant-123\u001b[39m","timestamp":"2026-04-19 00:59:20:5920"}
{"level":"\u001b[32minfo\u001b[39m","message":"\u001b[32m✅ Environment variables validated via Zod\u001b[39m","timestamp":"2026-04-19 00:59:20:5920"}
{"level":"\u001b[32minfo\u001b[39m","message":"\u001b[32m🔗 Constructed internal REDIS_URL from host and port configuration\u001b[39m","timestamp":"2026-04-19 00:59:20:5920"}
{"level":"\u001b[32minfo\u001b[39m","message":"\u001b[32m✅ Configuration validation passed\u001b[39m","timestamp":"2026-04-19 00:59:20:5920"}
{"level":"\u001b[32minfo\u001b[39m","message":"\u001b[32mConfigService initialized as wrapper for ConfigManager\u001b[39m","timestamp":"2026-04-19 00:59:20:5920"}
{"level":"\u001b[32minfo\u001b[39m","message":"\u001b[32mChannel chan-1 moved from agent-old to agent-new\u001b[39m","timestamp":"2026-04-19 00:59:20:5920"}
{"level":"\u001b[32minfo\u001b[39m","message":"\u001b[32mChannel created: chan_1e85c259-6c79-4bc3-8fcf-214d24492ae0 for tenant tenant-123 under Agent system_default\u001b[39m","timestamp":"2026-04-19 00:59:22:5922"}
{"level":"\u001b[32minfo\u001b[39m","message":"\u001b[32mChannel created: chan_821f55d9-2097-4cf5-8f0f-851885db6963 for tenant tenant-123 under Agent custom-agent\u001b[39m","timestamp":"2026-04-19 00:59:22:5922"}
{"level":"\u001b[32minfo\u001b[39m","message":"\u001b[32mChannel deleted: chan-1 from tenant tenant-123 under Agent system_default (with auth cleanup)\u001b[39m","timestamp":"2026-04-19 00:59:22:5922"}
{"level":"\u001b[32minfo\u001b[39m","message":"\u001b[32m✅ Environment variables validated via Zod\u001b[39m","timestamp":"2026-04-19 00:59:22:5922"}
{"level":"\u001b[32minfo\u001b[39m","message":"\u001b[32m🔗 Constructed internal REDIS_URL from host and port configuration\u001b[39m","timestamp":"2026-04-19 00:59:22:5922"}
{"level":"\u001b[32minfo\u001b[39m","message":"\u001b[32m✅ Configuration validation passed\u001b[39m","timestamp":"2026-04-19 00:59:22:5922"}
{"level":"\u001b[32minfo\u001b[39m","message":"\u001b[32mConfigService initialized as wrapper for ConfigManager\u001b[39m","timestamp":"2026-04-19 00:59:22:5922"}
{"level":"\u001b[32minfo\u001b[39m","message":"\u001b[32m✅ Environment variables validated via Zod\u001b[39m","timestamp":"2026-04-19 00:59:22:5922"}
{"level":"\u001b[32minfo\u001b[39m","message":"\u001b[32m🔗 Constructed internal REDIS_URL from host and port configuration\u001b[39m","timestamp":"2026-04-19 00:59:22:5922"}
{"level":"\u001b[32minfo\u001b[39m","message":"\u001b[32m✅ Configuration validation passed\u001b[39m","timestamp":"2026-04-19 00:59:22:5922"}
{"level":"\u001b[32minfo\u001b[39m","message":"\u001b[32mConfigService initialized as wrapper for ConfigManager\u001b[39m","timestamp":"2026-04-19 00:59:22:5922"}
{"level":"\u001b[32minfo\u001b[39m","message":"\u001b[32m[Ingress] Common message from whatsapp (chan-1) for tenant tenant-123\u001b[39m","timestamp":"2026-04-19 00:59:22:5922"}
{"level":"\u001b[32minfo\u001b[39m","message":"\u001b[32m[Ingress] Routing whatsapp message to Agent: AI Agent\u001b[39m","timestamp":"2026-04-19 00:59:22:5922"}
{"level":"\u001b[32minfo\u001b[39m","message":"\u001b[32m[Ingress] Common message from whatsapp (chan-1) for tenant tenant-123\u001b[39m","timestamp":"2026-04-19 00:59:22:5922"}
{"level":"\u001b[32minfo\u001b[39m","message":"\u001b[32m[Ingress] Webhook forwarding for whatsapp message.\u001b[39m","timestamp":"2026-04-19 00:59:22:5922"}
{"level":"\u001b[32minfo\u001b[39m","message":"\u001b[32m[Ingress] Common message from telegram (chan-456) for tenant tenant-123\u001b[39m","timestamp":"2026-04-19 00:59:22:5922"}
{"level":"\u001b[33mwarn\u001b[39m","message":"\u001b[33m[Ingress] Channel chan-456 not found in Firestore, using mock instance.\u001b[39m","timestamp":"2026-04-19 00:59:22:5922"}
{"level":"\u001b[32minfo\u001b[39m","message":"\u001b[32m[Ingress] Routing telegram message to Agent: AI Assistant\u001b[39m","timestamp":"2026-04-19 00:59:22:5922"}
{"level":"\u001b[32minfo\u001b[39m","message":"\u001b[32mProcessing message for channel chan-456 (Tenant: tenant-123, Path: tenants/tenant-123/agents/system_default/channels/chan-456)\u001b[39m","timestamp":"2026-04-19 00:59:22:5922"}
{"level":"\u001b[32minfo\u001b[39m","message":"\u001b[32mNo AI Agent assigned (or system_default). Forwarding to Webhook.\u001b[39m","timestamp":"2026-04-19 00:59:22:5922"}
{"level":"\u001b[32minfo\u001b[39m","message":"\u001b[32m[Ingress] Common message from telegram (chan-456) for tenant tenant-123\u001b[39m","timestamp":"2026-04-19 00:59:22:5922"}
{"level":"\u001b[33mwarn\u001b[39m","message":"\u001b[33m[Ingress] Channel chan-456 not found in Firestore, using mock instance.\u001b[39m","timestamp":"2026-04-19 00:59:22:5922"}
{"level":"\u001b[32minfo\u001b[39m","message":"\u001b[32m[Ingress] Routing telegram message to Agent: AI Agent\u001b[39m","timestamp":"2026-04-19 00:59:22:5922"}
{"level":"\u001b[32minfo\u001b[39m","message":"\u001b[32m[Ingress] Common message from telegram (chan-456) for tenant tenant-123\u001b[39m","timestamp":"2026-04-19 00:59:22:5922"}
{"level":"\u001b[33mwarn\u001b[39m","message":"\u001b[33m[Ingress] Channel chan-456 not found in Firestore, using mock instance.\u001b[39m","timestamp":"2026-04-19 00:59:22:5922"}
{"level":"\u001b[32minfo\u001b[39m","message":"\u001b[32m[Ingress] Webhook forwarding for telegram message.\u001b[39m","timestamp":"2026-04-19 00:59:22:5922"}
{"level":"\u001b[34mdebug\u001b[39m","message":"\u001b[34m[MastermindStream] Emitted reasoning:start for agent agent-456 (Tenant: tenant-123)\u001b[39m","timestamp":"2026-04-19 00:59:22:5922"}
{"level":"\u001b[34mdebug\u001b[39m","message":"\u001b[34m[MastermindStream] Emitted reasoning:thought for agent agent-456 (Tenant: tenant-123)\u001b[39m","timestamp":"2026-04-19 00:59:22:5922"}
{"level":"\u001b[34mdebug\u001b[39m","message":"\u001b[34m[MastermindStream] Emitted tool:invoke for agent agent-456 (Tenant: tenant-123)\u001b[39m","timestamp":"2026-04-19 00:59:22:5922"}
{"level":"\u001b[34mdebug\u001b[39m","message":"\u001b[34m[MastermindStream] Emitted agent:spawn for agent sub-agent-1 (Tenant: tenant-123)\u001b[39m","timestamp":"2026-04-19 00:59:22:5922"}
{"error":"Socket error","level":"\u001b[31merror\u001b[39m","message":"\u001b[31m[MastermindStream] Failed to emit reasoning:complete:\u001b[39m","stack":"Error: Socket error\n    at Object.<anonymous> (/home/codedex/projects/DeXMart/src/services/MastermindStreamService.test.ts:83:19)\n    at Object.Mock [as emitToTenant] (file:///home/codedex/projects/DeXMart/node_modules/@vitest/spy/dist/index.js:332:34)\n    at MastermindStreamService.emit (/home/codedex/projects/DeXMart/src/services/MastermindStreamService.ts:48:27)\n    at MastermindStreamService.complete (/home/codedex/projects/DeXMart/src/services/MastermindStreamService.ts:82:14)\n    at /home/codedex/projects/DeXMart/src/services/MastermindStreamService.test.ts:87:30\n    at Proxy.assertThrows (file:///home/codedex/projects/DeXMart/node_modules/chai/index.js:2798:5)\n    at Proxy.methodWrapper (file:///home/codedex/projects/DeXMart/node_modules/chai/index.js:1700:25)\n    at Proxy.<anonymous> (file:///home/codedex/projects/DeXMart/node_modules/@vitest/expect/dist/index.js:1216:12)\n    at Proxy.overwritingMethodWrapper (file:///home/codedex/projects/DeXMart/node_modules/chai/index.js:1750:33)\n    at Proxy.<anonymous> (file:///home/codedex/projects/DeXMart/node_modules/@vitest/expect/dist/index.js:1552:16)","timestamp":"2026-04-19 00:59:22:5922"}
{"level":"\u001b[32minfo\u001b[39m","message":"\u001b[32m✅ Environment variables validated via Zod\u001b[39m","timestamp":"2026-04-19 00:59:22:5922"}
{"level":"\u001b[32minfo\u001b[39m","message":"\u001b[32m🔗 Constructed internal REDIS_URL from host and port configuration\u001b[39m","timestamp":"2026-04-19 00:59:22:5922"}
{"level":"\u001b[32minfo\u001b[39m","message":"\u001b[32m✅ Configuration validation passed\u001b[39m","timestamp":"2026-04-19 00:59:22:5922"}
{"level":"\u001b[32minfo\u001b[39m","message":"\u001b[32mConfigService initialized as wrapper for ConfigManager\u001b[39m","timestamp":"2026-04-19 00:59:22:5922"}
{"level":"\u001b[32minfo\u001b[39m","message":"\u001b[32mProcessing message for channel chan-1 (Tenant: tenant-1, Path: tenants/tenant-1/agents/agent-1/channels/chan-1)\u001b[39m","timestamp":"2026-04-19 00:59:23:5923"}
{"level":"\u001b[32minfo\u001b[39m","message":"\u001b[32mRouting to Agent: Path Agent (agent-1)\u001b[39m","timestamp":"2026-04-19 00:59:23:5923"}
{"level":"\u001b[32minfo\u001b[39m","message":"\u001b[32mAuthSystem initialized for Channel: resilience-channel (Tenant: resilience-tenant, Path: channels)\u001b[39m","timestamp":"2026-04-19 00:59:23:5923"}
{"level":"\u001b[32minfo\u001b[39m","message":"\u001b[32m[AuthSystem] Starting connection attempt for resilience-channel. Force: false\u001b[39m","timestamp":"2026-04-19 00:59:23:5923"}
{"error":{},"level":"\u001b[31merror\u001b[39m","message":"\u001b[31mAuthSystem connection failed\u001b[39m","timestamp":"2026-04-19 00:59:23:5923"}
{"level":"\u001b[32minfo\u001b[39m","message":"\u001b[32mAuthSystem initialized for Channel: resilience-channel (Tenant: resilience-tenant, Path: channels)\u001b[39m","timestamp":"2026-04-19 00:59:23:5923"}
{"level":"\u001b[32minfo\u001b[39m","message":"\u001b[32m[AuthSystem] Starting connection attempt for resilience-channel. Force: true\u001b[39m","timestamp":"2026-04-19 00:59:23:5923"}
{"level":"\u001b[33mwarn\u001b[39m","message":"\u001b[33m[AuthSystem] FORCING new session for resilience-channel. Clearing old creds.\u001b[39m","timestamp":"2026-04-19 00:59:23:5923"}
{"level":"\u001b[32minfo\u001b[39m","message":"\u001b[32m[AuthSystem] Auth state loaded for resilience-channel. Has Me: false\u001b[39m","timestamp":"2026-04-19 00:59:23:5923"}
{"level":"\u001b[33mwarn\u001b[39m","message":"\u001b[33m[AuthSystem] A newer version of Baileys is available: 2.3000.1015901307. Current session might need update.\u001b[39m","timestamp":"2026-04-19 00:59:23:5923"}
{"level":"\u001b[32minfo\u001b[39m","message":"\u001b[32mAuthSystem initialized for Channel: resilience-channel (Tenant: resilience-tenant, Path: channels)\u001b[39m","timestamp":"2026-04-19 00:59:23:5923"}
{"level":"\u001b[32minfo\u001b[39m","message":"\u001b[32m[AuthSystem] Starting connection attempt for resilience-channel. Force: false\u001b[39m","timestamp":"2026-04-19 00:59:23:5923"}
{"level":"\u001b[32minfo\u001b[39m","message":"\u001b[32m[AuthSystem] Auth state loaded for resilience-channel. Has Me: false\u001b[39m","timestamp":"2026-04-19 00:59:23:5923"}
{"level":"\u001b[33mwarn\u001b[39m","message":"\u001b[33m[AuthSystem] A newer version of Baileys is available: 2.3000.1015901307. Current session might need update.\u001b[39m","timestamp":"2026-04-19 00:59:23:5923"}
{"error":{"output":{"statusCode":401}},"level":"\u001b[33mwarn\u001b[39m","message":"\u001b[33m[AuthSystem] Connection closed for resilience-channel. Reconnect: false\u001b[39m","statusCode":401,"timestamp":"2026-04-19 00:59:23:5923"}
{"level":"\u001b[31merror\u001b[39m","message":"\u001b[31m[AuthSystem] SESSION LOGGED_OUT for resilience-channel. Cleaning up Firestore auth state...\u001b[39m","timestamp":"2026-04-19 00:59:23:5923"}
{"level":"\u001b[32minfo\u001b[39m","message":"\u001b[32mAuthSystem initialized for Channel: resilience-channel (Tenant: resilience-tenant, Path: channels)\u001b[39m","timestamp":"2026-04-19 00:59:23:5923"}
{"level":"\u001b[32minfo\u001b[39m","message":"\u001b[32mAuthSystem initialized for Channel: resilience-channel (Tenant: resilience-tenant, Path: channels)\u001b[39m","timestamp":"2026-04-19 00:59:23:5923"}
{"level":"\u001b[32minfo\u001b[39m","message":"\u001b[32m[AuthSystem] Starting connection attempt for resilience-channel. Force: false\u001b[39m","timestamp":"2026-04-19 00:59:23:5923"}
{"level":"\u001b[32minfo\u001b[39m","message":"\u001b[32m[AuthSystem] Auth state loaded for resilience-channel. Has Me: false\u001b[39m","timestamp":"2026-04-19 00:59:23:5923"}
{"level":"\u001b[33mwarn\u001b[39m","message":"\u001b[33m[AuthSystem] A newer version of Baileys is available: 2.3000.1015901307. Current session might need update.\u001b[39m","timestamp":"2026-04-19 00:59:23:5923"}
{"error":{"output":{"statusCode":503}},"level":"\u001b[33mwarn\u001b[39m","message":"\u001b[33m[AuthSystem] Connection closed for resilience-channel. Reconnect: true\u001b[39m","statusCode":503,"timestamp":"2026-04-19 00:59:23:5923"}
{"level":"\u001b[32minfo\u001b[39m","message":"\u001b[32m[AuthSystem] Scheduling reconnect in 1000ms (Attempt 1)\u001b[39m","timestamp":"2026-04-19 00:59:23:5923"}
{"level":"\u001b[32minfo\u001b[39m","message":"\u001b[32m[AuthSystem] Starting connection attempt for resilience-channel. Force: false\u001b[39m","timestamp":"2026-04-19 00:59:24:5924"}
{"level":"\u001b[32minfo\u001b[39m","message":"\u001b[32m[AuthSystem] Auth state loaded for resilience-channel. Has Me: false\u001b[39m","timestamp":"2026-04-19 00:59:24:5924"}
{"level":"\u001b[33mwarn\u001b[39m","message":"\u001b[33m[AuthSystem] A newer version of Baileys is available: 2.3000.1015901307. Current session might need update.\u001b[39m","timestamp":"2026-04-19 00:59:24:5924"}
{"level":"\u001b[32minfo\u001b[39m","message":"\u001b[32mAuthSystem initialized for Channel: resilience-channel (Tenant: resilience-tenant, Path: channels)\u001b[39m","timestamp":"2026-04-19 00:59:23:5923"}
{"level":"\u001b[32minfo\u001b[39m","message":"\u001b[32m[AuthSystem] Starting connection attempt for resilience-channel. Force: false\u001b[39m","timestamp":"2026-04-19 00:59:23:5923"}
{"level":"\u001b[32minfo\u001b[39m","message":"\u001b[32m[AuthSystem] Auth state loaded for resilience-channel. Has Me: false\u001b[39m","timestamp":"2026-04-19 00:59:23:5923"}
{"level":"\u001b[33mwarn\u001b[39m","message":"\u001b[33m[AuthSystem] A newer version of Baileys is available: 2.3000.1015901307. Current session might need update.\u001b[39m","timestamp":"2026-04-19 00:59:23:5923"}
{"level":"\u001b[32minfo\u001b[39m","message":"\u001b[32mAuthSystem initialized for Channel: resilience-channel (Tenant: resilience-tenant, Path: channels)\u001b[39m","timestamp":"2026-04-19 00:59:23:5923"}
{"level":"\u001b[32minfo\u001b[39m","message":"\u001b[32m[AuthSystem] Starting connection attempt for resilience-channel. Force: false\u001b[39m","timestamp":"2026-04-19 00:59:23:5923"}
{"level":"\u001b[32minfo\u001b[39m","message":"\u001b[32m[AuthSystem] Auth state loaded for resilience-channel. Has Me: false\u001b[39m","timestamp":"2026-04-19 00:59:23:5923"}
{"level":"\u001b[33mwarn\u001b[39m","message":"\u001b[33m[AuthSystem] A newer version of Baileys is available: 2.3000.1015901307. Current session might need update.\u001b[39m","timestamp":"2026-04-19 00:59:23:5923"}
{"level":"\u001b[33mwarn\u001b[39m","message":"\u001b[33m[AuthSystem] Connection handshake timed out for resilience-channel. Killing socket.\u001b[39m","timestamp":"2026-04-19 00:59:53:5953"}
{"level":"\u001b[33mwarn\u001b[39m","message":"\u001b[33m[Deduplication] Message msg1 ignored due to extreme clock skew or age. Diff: 360s\u001b[39m","timestamp":"2026-04-19 00:59:23:5923"}
{"level":"\u001b[33mwarn\u001b[39m","message":"\u001b[33m[Deduplication] Message msg2 ignored due to extreme clock skew or age. Diff: 360s\u001b[39m","timestamp":"2026-04-19 00:59:23:5923"}
{"level":"\u001b[32minfo\u001b[39m","message":"\u001b[32m[Deduplication] Duplicate message duplicate_id ignored.\u001b[39m","timestamp":"2026-04-19 00:59:23:5923"}
{"level":"\u001b[32minfo\u001b[39m","message":"\u001b[32m✅ Environment variables validated via Zod\u001b[39m","timestamp":"2026-04-19 00:59:23:5923"}
{"level":"\u001b[32minfo\u001b[39m","message":"\u001b[32m🔗 Constructed internal REDIS_URL from host and port configuration\u001b[39m","timestamp":"2026-04-19 00:59:23:5923"}
{"level":"\u001b[32minfo\u001b[39m","message":"\u001b[32m✅ Configuration validation passed\u001b[39m","timestamp":"2026-04-19 00:59:23:5923"}
{"level":"\u001b[32minfo\u001b[39m","message":"\u001b[32mConfigService initialized as wrapper for ConfigManager\u001b[39m","timestamp":"2026-04-19 00:59:23:5923"}
{"level":"\u001b[32minfo\u001b[39m","message":"\u001b[32m✅ Environment variables validated via Zod\u001b[39m","timestamp":"2026-04-19 00:59:23:5923"}
{"level":"\u001b[32minfo\u001b[39m","message":"\u001b[32m🔗 Constructed internal REDIS_URL from host and port configuration\u001b[39m","timestamp":"2026-04-19 00:59:23:5923"}
{"level":"\u001b[32minfo\u001b[39m","message":"\u001b[32m✅ Configuration validation passed\u001b[39m","timestamp":"2026-04-19 00:59:23:5923"}
{"level":"\u001b[32minfo\u001b[39m","message":"\u001b[32mConfigService initialized as wrapper for ConfigManager\u001b[39m","timestamp":"2026-04-19 00:59:23:5923"}
{"level":"\u001b[32minfo\u001b[39m","message":"\u001b[32mFlow 'Welcome Flow' (flow1) triggered for user user1\u001b[39m","timestamp":"2026-04-19 00:59:23:5923"}
{"level":"\u001b[34mdebug\u001b[39m","message":"\u001b[34mExecuting node n2 [Type: action]\u001b[39m","timestamp":"2026-04-19 00:59:23:5923"}
{"level":"\u001b[32minfo\u001b[39m","message":"\u001b[32mFlow 'Logic Flow' (flow2) triggered for user user1\u001b[39m","timestamp":"2026-04-19 00:59:23:5923"}
{"level":"\u001b[34mdebug\u001b[39m","message":"\u001b[34mExecuting node n2 [Type: logic]\u001b[39m","timestamp":"2026-04-19 00:59:23:5923"}
{"level":"\u001b[34mdebug\u001b[39m","message":"\u001b[34mExecuting node n3 [Type: action]\u001b[39m","timestamp":"2026-04-19 00:59:23:5923"}
{"level":"\u001b[32minfo\u001b[39m","message":"\u001b[32mFlow 'AI Flow' (flow3) triggered for user user1\u001b[39m","timestamp":"2026-04-19 00:59:23:5923"}
{"level":"\u001b[34mdebug\u001b[39m","message":"\u001b[34mExecuting node n2 [Type: ai]\u001b[39m","timestamp":"2026-04-19 00:59:23:5923"}
{"level":"\u001b[32minfo\u001b[39m","message":"\u001b[32mFlow 'Router Flow' (flow4) triggered for user user1\u001b[39m","timestamp":"2026-04-19 00:59:23:5923"}
{"level":"\u001b[34mdebug\u001b[39m","message":"\u001b[34mExecuting node n2 [Type: ai_router]\u001b[39m","timestamp":"2026-04-19 00:59:23:5923"}
{"level":"\u001b[34mdebug\u001b[39m","message":"\u001b[34mExecuting node n4 [Type: action]\u001b[39m","timestamp":"2026-04-19 00:59:23:5923"}
{"level":"\u001b[32minfo\u001b[39m","message":"\u001b[32mFlow 'Pizza Flow' (flow5) triggered for user user1\u001b[39m","timestamp":"2026-04-19 00:59:23:5923"}
{"level":"\u001b[34mdebug\u001b[39m","message":"\u001b[34mExecuting node n2 [Type: action]\u001b[39m","timestamp":"2026-04-19 00:59:23:5923"}
{"level":"\u001b[34mdebug\u001b[39m","message":"\u001b[34mExecuting node n3 [Type: wait_for_input]\u001b[39m","timestamp":"2026-04-19 00:59:23:5923"}
{"level":"\u001b[34mdebug\u001b[39m","message":"\u001b[34mFlow state saved for user user1 at node n3\u001b[39m","timestamp":"2026-04-19 00:59:23:5923"}
{"level":"\u001b[32minfo\u001b[39m","message":"\u001b[32mResuming flow 'Pizza Flow' for user user1 from node n3\u001b[39m","timestamp":"2026-04-19 00:59:23:5923"}
{"level":"\u001b[34mdebug\u001b[39m","message":"\u001b[34mExecuting node n4 [Type: action]\u001b[39m","timestamp":"2026-04-19 00:59:23:5923"}
{"level":"\u001b[32minfo\u001b[39m","message":"\u001b[32m✅ Environment variables validated via Zod\u001b[39m","timestamp":"2026-04-19 00:59:23:5923"}
{"level":"\u001b[32minfo\u001b[39m","message":"\u001b[32m🔗 Constructed internal REDIS_URL from host and port configuration\u001b[39m","timestamp":"2026-04-19 00:59:23:5923"}
{"level":"\u001b[32minfo\u001b[39m","message":"\u001b[32m✅ Configuration validation passed\u001b[39m","timestamp":"2026-04-19 00:59:23:5923"}
{"level":"\u001b[32minfo\u001b[39m","message":"\u001b[32mConfigService initialized as wrapper for ConfigManager\u001b[39m","timestamp":"2026-04-19 00:59:23:5923"}
{"level":"\u001b[32minfo\u001b[39m","message":"\u001b[32m[TenantConfigService] Updated config for channel channel-789\u001b[39m","timestamp":"2026-04-19 00:59:23:5923"}
{"level":"\u001b[32minfo\u001b[39m","message":"\u001b[32m✅ Environment variables validated via Zod\u001b[39m","timestamp":"2026-04-19 00:59:23:5923"}
{"level":"\u001b[32minfo\u001b[39m","message":"\u001b[32m🔗 Constructed internal REDIS_URL from host and port configuration\u001b[39m","timestamp":"2026-04-19 00:59:23:5923"}
{"level":"\u001b[32minfo\u001b[39m","message":"\u001b[32m✅ Configuration validation passed\u001b[39m","timestamp":"2026-04-19 00:59:23:5923"}
{"level":"\u001b[32minfo\u001b[39m","message":"\u001b[32mConfigService initialized as wrapper for ConfigManager\u001b[39m","timestamp":"2026-04-19 00:59:23:5923"}
{"level":"\u001b[32minfo\u001b[39m","message":"\u001b[32m✅ Environment variables validated via Zod\u001b[39m","timestamp":"2026-04-19 00:59:23:5923"}
{"level":"\u001b[32minfo\u001b[39m","message":"\u001b[32m🔗 Constructed internal REDIS_URL from host and port configuration\u001b[39m","timestamp":"2026-04-19 00:59:23:5923"}
{"level":"\u001b[32minfo\u001b[39m","message":"\u001b[32m✅ Configuration validation passed\u001b[39m","timestamp":"2026-04-19 00:59:23:5923"}
{"level":"\u001b[32minfo\u001b[39m","message":"\u001b[32mConfigService initialized as wrapper for ConfigManager\u001b[39m","timestamp":"2026-04-19 00:59:23:5923"}
{"error":"connect ETIMEDOUT","level":"\u001b[31merror\u001b[39m","message":"\u001b[31m❌ Redis connection error:\u001b[39m","stack":"Error: connect ETIMEDOUT\n    at Socket.<anonymous> (/home/codedex/projects/DeXMart/node_modules/ioredis/built/Redis.js:171:41)\n    at Object.onceWrapper (node:events:622:28)\n    at Socket.emit (node:events:508:28)\n    at Socket._onTimeout (node:net:604:8)\n    at listOnTimeout (node:internal/timers:605:17)\n    at processTimers (node:internal/timers:541:7)","timestamp":"2026-04-19 00:59:29:5929"}
{"level":"\u001b[32minfo\u001b[39m","message":"\u001b[32m✅ Redis connected successfully\u001b[39m","timestamp":"2026-04-19 00:59:29:5929"}
{"level":"\u001b[32minfo\u001b[39m","message":"\u001b[32m✅ Redis Connected - Switching to distributed cache\u001b[39m","timestamp":"2026-04-19 00:59:29:5929"}
{"level":"\u001b[32minfo\u001b[39m","message":"\u001b[32m✅ Redis connected successfully\u001b[39m","timestamp":"2026-04-19 00:59:29:5929"}
{"level":"\u001b[32minfo\u001b[39m","message":"\u001b[32m✅ Redis Connected - Switching to distributed cache\u001b[39m","timestamp":"2026-04-19 00:59:29:5929"}
{"level":"\u001b[32minfo\u001b[39m","message":"\u001b[32m✅ Redis connected successfully\u001b[39m","timestamp":"2026-04-19 00:59:29:5929"}
{"level":"\u001b[32minfo\u001b[39m","message":"\u001b[32m✅ Redis connected successfully\u001b[39m","timestamp":"2026-04-19 00:59:29:5929"}
{"level":"\u001b[32minfo\u001b[39m","message":"\u001b[32m✅ Redis connected successfully\u001b[39m","timestamp":"2026-04-19 00:59:29:5929"}
{"level":"\u001b[32minfo\u001b[39m","message":"\u001b[32m✅ Redis connected successfully\u001b[39m","timestamp":"2026-04-19 00:59:29:5929"}
{"heapUsed":345,"level":"\u001b[31merror\u001b[39m","message":"\u001b[31mCritical memory usage detected\u001b[39m","rss":2596,"threshold":2048,"timestamp":"2026-04-19 00:59:30:5930"}
{"heapUsed":717,"level":"\u001b[31merror\u001b[39m","message":"\u001b[31mCritical memory usage detected\u001b[39m","rss":2597,"threshold":2048,"timestamp":"2026-04-19 00:59:30:5930"}
{"level":"\u001b[32minfo\u001b[39m","message":"\u001b[32m✅ Environment variables validated via Zod\u001b[39m","timestamp":"2026-04-19 16:14:59:1459"}
{"level":"\u001b[32minfo\u001b[39m","message":"\u001b[32m🔗 Constructed internal REDIS_URL from host and port configuration\u001b[39m","timestamp":"2026-04-19 16:14:59:1459"}
{"level":"\u001b[32minfo\u001b[39m","message":"\u001b[32m✅ Configuration validation passed\u001b[39m","timestamp":"2026-04-19 16:14:59:1459"}
{"level":"\u001b[32minfo\u001b[39m","message":"\u001b[32mConfigService initialized as wrapper for ConfigManager\u001b[39m","timestamp":"2026-04-19 16:14:59:1459"}
{"level":"\u001b[32minfo\u001b[39m","message":"\u001b[32m✅ Environment variables validated via Zod\u001b[39m","timestamp":"2026-04-19 16:15:31:1531"}
{"level":"\u001b[32minfo\u001b[39m","message":"\u001b[32m🔗 Constructed internal REDIS_URL from host and port configuration\u001b[39m","timestamp":"2026-04-19 16:15:31:1531"}
{"level":"\u001b[32minfo\u001b[39m","message":"\u001b[32m✅ Configuration validation passed\u001b[39m","timestamp":"2026-04-19 16:15:31:1531"}
{"level":"\u001b[32minfo\u001b[39m","message":"\u001b[32mConfigService initialized as wrapper for ConfigManager\u001b[39m","timestamp":"2026-04-19 16:15:31:1531"}
{"level":"\u001b[32minfo\u001b[39m","message":"\u001b[32m✅ Environment variables validated via Zod\u001b[39m","timestamp":"2026-04-19 16:15:31:1531"}
{"level":"\u001b[33mwarn\u001b[39m","message":"\u001b[33m⚠️ JWT_SECRET is missing or using default value! Tokens will be signed with an insecure key.\u001b[39m","timestamp":"2026-04-19 16:15:31:1531"}
{"level":"\u001b[32minfo\u001b[39m","message":"\u001b[32m🔗 Constructed internal REDIS_URL from host and port configuration\u001b[39m","timestamp":"2026-04-19 16:15:31:1531"}
{"level":"\u001b[32minfo\u001b[39m","message":"\u001b[32m✅ Configuration validation passed\u001b[39m","timestamp":"2026-04-19 16:15:31:1531"}
{"level":"\u001b[32minfo\u001b[39m","message":"\u001b[32mConfigService initialized as wrapper for ConfigManager\u001b[39m","timestamp":"2026-04-19 16:15:31:1531"}
{"level":"\u001b[32minfo\u001b[39m","message":"\u001b[32m✅ Environment variables validated via Zod\u001b[39m","timestamp":"2026-04-19 16:15:31:1531"}
{"level":"\u001b[32minfo\u001b[39m","message":"\u001b[32m🔗 Constructed internal REDIS_URL from host and port configuration\u001b[39m","timestamp":"2026-04-19 16:15:31:1531"}
{"level":"\u001b[32minfo\u001b[39m","message":"\u001b[32m✅ Configuration validation passed\u001b[39m","timestamp":"2026-04-19 16:15:31:1531"}
{"level":"\u001b[32minfo\u001b[39m","message":"\u001b[32mConfigService initialized as wrapper for ConfigManager\u001b[39m","timestamp":"2026-04-19 16:15:31:1531"}
{"level":"\u001b[32minfo\u001b[39m","message":"\u001b[32mAuthSystem initialized for Channel: resilience-channel (Tenant: resilience-tenant, Path: channels)\u001b[39m","timestamp":"2026-04-19 16:15:32:1532"}
{"level":"\u001b[32minfo\u001b[39m","message":"\u001b[32m[AuthSystem] Starting connection attempt for resilience-channel. Force: false\u001b[39m","timestamp":"2026-04-19 16:15:32:1532"}
{"error":{},"level":"\u001b[31merror\u001b[39m","message":"\u001b[31mAuthSystem connection failed\u001b[39m","timestamp":"2026-04-19 16:15:32:1532"}
{"level":"\u001b[32minfo\u001b[39m","message":"\u001b[32mAuthSystem initialized for Channel: resilience-channel (Tenant: resilience-tenant, Path: channels)\u001b[39m","timestamp":"2026-04-19 16:15:32:1532"}
{"level":"\u001b[32minfo\u001b[39m","message":"\u001b[32m[AuthSystem] Starting connection attempt for resilience-channel. Force: true\u001b[39m","timestamp":"2026-04-19 16:15:32:1532"}
{"level":"\u001b[33mwarn\u001b[39m","message":"\u001b[33m[AuthSystem] FORCING new session for resilience-channel. Clearing old creds.\u001b[39m","timestamp":"2026-04-19 16:15:32:1532"}
{"level":"\u001b[32minfo\u001b[39m","message":"\u001b[32m[AuthSystem] Auth state loaded for resilience-channel. Has Me: false\u001b[39m","timestamp":"2026-04-19 16:15:32:1532"}
{"level":"\u001b[33mwarn\u001b[39m","message":"\u001b[33m[AuthSystem] A newer version of Baileys is available: 2.3000.1015901307. Current session might need update.\u001b[39m","timestamp":"2026-04-19 16:15:32:1532"}
{"level":"\u001b[32minfo\u001b[39m","message":"\u001b[32mAuthSystem initialized for Channel: resilience-channel (Tenant: resilience-tenant, Path: channels)\u001b[39m","timestamp":"2026-04-19 16:15:32:1532"}
{"level":"\u001b[32minfo\u001b[39m","message":"\u001b[32m[AuthSystem] Starting connection attempt for resilience-channel. Force: false\u001b[39m","timestamp":"2026-04-19 16:15:32:1532"}
{"level":"\u001b[32minfo\u001b[39m","message":"\u001b[32m[AuthSystem] Auth state loaded for resilience-channel. Has Me: false\u001b[39m","timestamp":"2026-04-19 16:15:32:1532"}
{"level":"\u001b[33mwarn\u001b[39m","message":"\u001b[33m[AuthSystem] A newer version of Baileys is available: 2.3000.1015901307. Current session might need update.\u001b[39m","timestamp":"2026-04-19 16:15:32:1532"}
{"error":{"output":{"statusCode":401}},"level":"\u001b[33mwarn\u001b[39m","message":"\u001b[33m[AuthSystem] Connection closed for resilience-channel. Reconnect: false\u001b[39m","statusCode":401,"timestamp":"2026-04-19 16:15:32:1532"}
{"level":"\u001b[31merror\u001b[39m","message":"\u001b[31m[AuthSystem] SESSION LOGGED_OUT for resilience-channel. Cleaning up Firestore auth state...\u001b[39m","timestamp":"2026-04-19 16:15:32:1532"}
{"level":"\u001b[32minfo\u001b[39m","message":"\u001b[32mAuthSystem initialized for Channel: resilience-channel (Tenant: resilience-tenant, Path: channels)\u001b[39m","timestamp":"2026-04-19 16:15:32:1532"}
{"level":"\u001b[32minfo\u001b[39m","message":"\u001b[32mAuthSystem initialized for Channel: resilience-channel (Tenant: resilience-tenant, Path: channels)\u001b[39m","timestamp":"2026-04-19 16:15:32:1532"}
{"level":"\u001b[32minfo\u001b[39m","message":"\u001b[32m[AuthSystem] Starting connection attempt for resilience-channel. Force: false\u001b[39m","timestamp":"2026-04-19 16:15:32:1532"}
{"level":"\u001b[32minfo\u001b[39m","message":"\u001b[32m[AuthSystem] Auth state loaded for resilience-channel. Has Me: false\u001b[39m","timestamp":"2026-04-19 16:15:32:1532"}
{"level":"\u001b[33mwarn\u001b[39m","message":"\u001b[33m[AuthSystem] A newer version of Baileys is available: 2.3000.1015901307. Current session might need update.\u001b[39m","timestamp":"2026-04-19 16:15:32:1532"}
{"error":{"output":{"statusCode":503}},"level":"\u001b[33mwarn\u001b[39m","message":"\u001b[33m[AuthSystem] Connection closed for resilience-channel. Reconnect: true\u001b[39m","statusCode":503,"timestamp":"2026-04-19 16:15:32:1532"}
{"level":"\u001b[32minfo\u001b[39m","message":"\u001b[32m[AuthSystem] Scheduling reconnect in 1000ms (Attempt 1)\u001b[39m","timestamp":"2026-04-19 16:15:32:1532"}
{"level":"\u001b[32minfo\u001b[39m","message":"\u001b[32m[AuthSystem] Starting connection attempt for resilience-channel. Force: false\u001b[39m","timestamp":"2026-04-19 16:15:33:1533"}
{"level":"\u001b[32minfo\u001b[39m","message":"\u001b[32m[AuthSystem] Auth state loaded for resilience-channel. Has Me: false\u001b[39m","timestamp":"2026-04-19 16:15:33:1533"}
{"level":"\u001b[33mwarn\u001b[39m","message":"\u001b[33m[AuthSystem] A newer version of Baileys is available: 2.3000.1015901307. Current session might need update.\u001b[39m","timestamp":"2026-04-19 16:15:33:1533"}
{"level":"\u001b[32minfo\u001b[39m","message":"\u001b[32mAuthSystem initialized for Channel: resilience-channel (Tenant: resilience-tenant, Path: channels)\u001b[39m","timestamp":"2026-04-19 16:15:32:1532"}
{"level":"\u001b[32minfo\u001b[39m","message":"\u001b[32m[AuthSystem] Starting connection attempt for resilience-channel. Force: false\u001b[39m","timestamp":"2026-04-19 16:15:32:1532"}
{"level":"\u001b[32minfo\u001b[39m","message":"\u001b[32m[AuthSystem] Auth state loaded for resilience-channel. Has Me: false\u001b[39m","timestamp":"2026-04-19 16:15:32:1532"}
{"level":"\u001b[33mwarn\u001b[39m","message":"\u001b[33m[AuthSystem] A newer version of Baileys is available: 2.3000.1015901307. Current session might need update.\u001b[39m","timestamp":"2026-04-19 16:15:32:1532"}
{"level":"\u001b[32minfo\u001b[39m","message":"\u001b[32mAuthSystem initialized for Channel: resilience-channel (Tenant: resilience-tenant, Path: channels)\u001b[39m","timestamp":"2026-04-19 16:15:32:1532"}
{"level":"\u001b[32minfo\u001b[39m","message":"\u001b[32m[AuthSystem] Starting connection attempt for resilience-channel. Force: false\u001b[39m","timestamp":"2026-04-19 16:15:32:1532"}
{"level":"\u001b[32minfo\u001b[39m","message":"\u001b[32m[AuthSystem] Auth state loaded for resilience-channel. Has Me: false\u001b[39m","timestamp":"2026-04-19 16:15:32:1532"}
{"level":"\u001b[33mwarn\u001b[39m","message":"\u001b[33m[AuthSystem] A newer version of Baileys is available: 2.3000.1015901307. Current session might need update.\u001b[39m","timestamp":"2026-04-19 16:15:32:1532"}
{"level":"\u001b[33mwarn\u001b[39m","message":"\u001b[33m[AuthSystem] Connection handshake timed out for resilience-channel. Killing socket.\u001b[39m","timestamp":"2026-04-19 16:16:02:162"}
{"level":"\u001b[32minfo\u001b[39m","message":"\u001b[32mChannel created: chan_a678d758-6543-4710-9b9c-49941e00a3b8 for tenant tenant-123 under Agent system_default\u001b[39m","timestamp":"2026-04-19 16:15:33:1533"}
{"level":"\u001b[32minfo\u001b[39m","message":"\u001b[32mChannel created: chan_8d88a9b8-5616-4939-a2fc-5c18ead3ebd7 for tenant tenant-123 under Agent custom-agent\u001b[39m","timestamp":"2026-04-19 16:15:33:1533"}
{"level":"\u001b[32minfo\u001b[39m","message":"\u001b[32mChannel deleted: chan-1 from tenant tenant-123 under Agent system_default (with auth cleanup)\u001b[39m","timestamp":"2026-04-19 16:15:33:1533"}
{"level":"\u001b[32minfo\u001b[39m","message":"\u001b[32m✅ Environment variables validated via Zod\u001b[39m","timestamp":"2026-04-19 16:15:33:1533"}
{"level":"\u001b[32minfo\u001b[39m","message":"\u001b[32m🔗 Constructed internal REDIS_URL from host and port configuration\u001b[39m","timestamp":"2026-04-19 16:15:33:1533"}
{"level":"\u001b[32minfo\u001b[39m","message":"\u001b[32m✅ Configuration validation passed\u001b[39m","timestamp":"2026-04-19 16:15:33:1533"}
{"level":"\u001b[32minfo\u001b[39m","message":"\u001b[32mConfigService initialized as wrapper for ConfigManager\u001b[39m","timestamp":"2026-04-19 16:15:33:1533"}
{"level":"\u001b[32minfo\u001b[39m","message":"\u001b[32m✅ Environment variables validated via Zod\u001b[39m","timestamp":"2026-04-19 16:15:33:1533"}
{"level":"\u001b[32minfo\u001b[39m","message":"\u001b[32m🔗 Constructed internal REDIS_URL from host and port configuration\u001b[39m","timestamp":"2026-04-19 16:15:33:1533"}
{"level":"\u001b[32minfo\u001b[39m","message":"\u001b[32m✅ Configuration validation passed\u001b[39m","timestamp":"2026-04-19 16:15:33:1533"}
{"level":"\u001b[32minfo\u001b[39m","message":"\u001b[32mConfigService initialized as wrapper for ConfigManager\u001b[39m","timestamp":"2026-04-19 16:15:33:1533"}
{"level":"\u001b[32minfo\u001b[39m","message":"\u001b[32m✅ Environment variables validated via Zod\u001b[39m","timestamp":"2026-04-19 16:15:34:1534"}
{"level":"\u001b[32minfo\u001b[39m","message":"\u001b[32m🔗 Constructed internal REDIS_URL from host and port configuration\u001b[39m","timestamp":"2026-04-19 16:15:34:1534"}
{"level":"\u001b[32minfo\u001b[39m","message":"\u001b[32m✅ Configuration validation passed\u001b[39m","timestamp":"2026-04-19 16:15:34:1534"}
{"level":"\u001b[32minfo\u001b[39m","message":"\u001b[32mConfigService initialized as wrapper for ConfigManager\u001b[39m","timestamp":"2026-04-19 16:15:34:1534"}
{"level":"\u001b[32minfo\u001b[39m","message":"\u001b[32m✅ Environment variables validated via Zod\u001b[39m","timestamp":"2026-04-19 16:15:34:1534"}
{"level":"\u001b[32minfo\u001b[39m","message":"\u001b[32m🔗 Constructed internal REDIS_URL from host and port configuration\u001b[39m","timestamp":"2026-04-19 16:15:34:1534"}
{"level":"\u001b[32minfo\u001b[39m","message":"\u001b[32m✅ Configuration validation passed\u001b[39m","timestamp":"2026-04-19 16:15:34:1534"}
{"level":"\u001b[32minfo\u001b[39m","message":"\u001b[32m✅ Redis connected successfully\u001b[39m","timestamp":"2026-04-19 16:15:34:1534"}
{"level":"\u001b[32minfo\u001b[39m","message":"\u001b[32m✅ Redis Connected - Switching to distributed cache\u001b[39m","timestamp":"2026-04-19 16:15:34:1534"}
{"email":"conflict@example.com","level":"\u001b[33mwarn\u001b[39m","message":"\u001b[33mGoogle Login: Email conflict detected\u001b[39m","timestamp":"2026-04-19 16:15:34:1534","uid":"uid-google"}
{"level":"\u001b[32minfo\u001b[39m","message":"\u001b[32mProfile updated for user uid-123 in tenant tenant-abc\u001b[39m","timestamp":"2026-04-19 16:15:34:1534"}
{"level":"\u001b[32minfo\u001b[39m","message":"\u001b[32mProfile updated for user uid-123 in tenant tenant-abc\u001b[39m","timestamp":"2026-04-19 16:15:34:1534"}
{"level":"\u001b[32minfo\u001b[39m","message":"\u001b[32mProfile updated for user uid-123 in tenant tenant-abc\u001b[39m","timestamp":"2026-04-19 16:15:34:1534"}
{"level":"\u001b[31merror\u001b[39m","message":"\u001b[31mupdateProfile error: Firestore unavailable\u001b[39m","timestamp":"2026-04-19 16:15:34:1534","userId":"uid-123"}
{"level":"\u001b[32minfo\u001b[39m","message":"\u001b[32m✅ Environment variables validated via Zod\u001b[39m","timestamp":"2026-04-19 16:15:34:1534"}
{"level":"\u001b[32minfo\u001b[39m","message":"\u001b[32m🔗 Constructed internal REDIS_URL from host and port configuration\u001b[39m","timestamp":"2026-04-19 16:15:34:1534"}
{"level":"\u001b[32minfo\u001b[39m","message":"\u001b[32m✅ Configuration validation passed\u001b[39m","timestamp":"2026-04-19 16:15:34:1534"}
{"level":"\u001b[32minfo\u001b[39m","message":"\u001b[32mConfigService initialized as wrapper for ConfigManager\u001b[39m","timestamp":"2026-04-19 16:15:34:1534"}
{"level":"\u001b[34mdebug\u001b[39m","message":"\u001b[34mPerformance monitoring started\u001b[39m","timestamp":"2026-04-19 16:15:34:1534"}
{"level":"\u001b[32minfo\u001b[39m","message":"\u001b[32m✅ Environment variables validated via Zod\u001b[39m","timestamp":"2026-04-19 16:15:34:1534"}
{"level":"\u001b[32minfo\u001b[39m","message":"\u001b[32m🔗 Constructed internal REDIS_URL from host and port configuration\u001b[39m","timestamp":"2026-04-19 16:15:34:1534"}
{"level":"\u001b[32minfo\u001b[39m","message":"\u001b[32m✅ Configuration validation passed\u001b[39m","timestamp":"2026-04-19 16:15:34:1534"}
{"level":"\u001b[32minfo\u001b[39m","message":"\u001b[32mConfigService initialized as wrapper for ConfigManager\u001b[39m","timestamp":"2026-04-19 16:15:34:1534"}
{"level":"\u001b[34mdebug\u001b[39m","message":"\u001b[34mPerformance monitoring started\u001b[39m","timestamp":"2026-04-19 16:15:34:1534"}
{"level":"\u001b[32minfo\u001b[39m","message":"\u001b[32mAnalytics service initialized\u001b[39m","timestamp":"2026-04-19 16:15:34:1534"}
{"level":"\u001b[32minfo\u001b[39m","message":"\u001b[32mAnalytics service initialized\u001b[39m","timestamp":"2026-04-19 16:15:34:1534"}
{"level":"\u001b[32minfo\u001b[39m","message":"\u001b[32m✅ Redis connected successfully\u001b[39m","timestamp":"2026-04-19 16:15:34:1534"}
{"level":"\u001b[32minfo\u001b[39m","message":"\u001b[32m✅ Redis Connected - Switching to distributed cache\u001b[39m","timestamp":"2026-04-19 16:15:34:1534"}
{"level":"\u001b[32minfo\u001b[39m","message":"\u001b[32m✅ Redis connected successfully\u001b[39m","timestamp":"2026-04-19 16:15:34:1534"}
{"level":"\u001b[32minfo\u001b[39m","message":"\u001b[32m✅ Redis Connected - Switching to distributed cache\u001b[39m","timestamp":"2026-04-19 16:15:34:1534"}
{"level":"\u001b[32minfo\u001b[39m","message":"\u001b[32m✅ Environment variables validated via Zod\u001b[39m","timestamp":"2026-04-19 16:15:34:1534"}
{"level":"\u001b[32minfo\u001b[39m","message":"\u001b[32m🔗 Constructed internal REDIS_URL from host and port configuration\u001b[39m","timestamp":"2026-04-19 16:15:34:1534"}
{"level":"\u001b[32minfo\u001b[39m","message":"\u001b[32m✅ Configuration validation passed\u001b[39m","timestamp":"2026-04-19 16:15:34:1534"}
{"level":"\u001b[32minfo\u001b[39m","message":"\u001b[32mConfigService initialized as wrapper for ConfigManager\u001b[39m","timestamp":"2026-04-19 16:15:34:1534"}
{"level":"\u001b[32minfo\u001b[39m","message":"\u001b[32m✅ Environment variables validated via Zod\u001b[39m","timestamp":"2026-04-19 16:15:34:1534"}
{"level":"\u001b[32minfo\u001b[39m","message":"\u001b[32m🔗 Constructed internal REDIS_URL from host and port configuration\u001b[39m","timestamp":"2026-04-19 16:15:34:1534"}
{"level":"\u001b[32minfo\u001b[39m","message":"\u001b[32m✅ Configuration validation passed\u001b[39m","timestamp":"2026-04-19 16:15:34:1534"}
{"level":"\u001b[32minfo\u001b[39m","message":"\u001b[32mConfigService initialized as wrapper for ConfigManager\u001b[39m","timestamp":"2026-04-19 16:15:34:1534"}
{"level":"\u001b[32minfo\u001b[39m","message":"\u001b[32m[TenantConfigService] Updated config for channel channel-789\u001b[39m","timestamp":"2026-04-19 16:15:35:1535"}
{"level":"\u001b[32minfo\u001b[39m","message":"\u001b[32m✅ Environment variables validated via Zod\u001b[39m","timestamp":"2026-04-19 16:15:35:1535"}
{"level":"\u001b[32minfo\u001b[39m","message":"\u001b[32m🔗 Constructed internal REDIS_URL from host and port configuration\u001b[39m","timestamp":"2026-04-19 16:15:35:1535"}
{"level":"\u001b[32minfo\u001b[39m","message":"\u001b[32m✅ Configuration validation passed\u001b[39m","timestamp":"2026-04-19 16:15:35:1535"}
{"level":"\u001b[32minfo\u001b[39m","message":"\u001b[32mConfigService initialized as wrapper for ConfigManager\u001b[39m","timestamp":"2026-04-19 16:15:35:1535"}
{"level":"\u001b[32minfo\u001b[39m","message":"\u001b[32mFlow 'Welcome Flow' (flow1) triggered for user user1\u001b[39m","timestamp":"2026-04-19 16:15:35:1535"}
{"level":"\u001b[34mdebug\u001b[39m","message":"\u001b[34mExecuting node n2 [Type: action]\u001b[39m","timestamp":"2026-04-19 16:15:35:1535"}
{"level":"\u001b[32minfo\u001b[39m","message":"\u001b[32mFlow 'Logic Flow' (flow2) triggered for user user1\u001b[39m","timestamp":"2026-04-19 16:15:35:1535"}
{"level":"\u001b[34mdebug\u001b[39m","message":"\u001b[34mExecuting node n2 [Type: logic]\u001b[39m","timestamp":"2026-04-19 16:15:35:1535"}
{"level":"\u001b[34mdebug\u001b[39m","message":"\u001b[34mExecuting node n3 [Type: action]\u001b[39m","timestamp":"2026-04-19 16:15:35:1535"}
{"level":"\u001b[32minfo\u001b[39m","message":"\u001b[32mFlow 'AI Flow' (flow3) triggered for user user1\u001b[39m","timestamp":"2026-04-19 16:15:35:1535"}
{"level":"\u001b[34mdebug\u001b[39m","message":"\u001b[34mExecuting node n2 [Type: ai]\u001b[39m","timestamp":"2026-04-19 16:15:35:1535"}
{"level":"\u001b[32minfo\u001b[39m","message":"\u001b[32mFlow 'Router Flow' (flow4) triggered for user user1\u001b[39m","timestamp":"2026-04-19 16:15:35:1535"}
{"level":"\u001b[34mdebug\u001b[39m","message":"\u001b[34mExecuting node n2 [Type: ai_router]\u001b[39m","timestamp":"2026-04-19 16:15:35:1535"}
{"level":"\u001b[34mdebug\u001b[39m","message":"\u001b[34mExecuting node n4 [Type: action]\u001b[39m","timestamp":"2026-04-19 16:15:35:1535"}
{"level":"\u001b[32minfo\u001b[39m","message":"\u001b[32mFlow 'Pizza Flow' (flow5) triggered for user user1\u001b[39m","timestamp":"2026-04-19 16:15:35:1535"}
{"level":"\u001b[34mdebug\u001b[39m","message":"\u001b[34mExecuting node n2 [Type: action]\u001b[39m","timestamp":"2026-04-19 16:15:35:1535"}
{"level":"\u001b[34mdebug\u001b[39m","message":"\u001b[34mExecuting node n3 [Type: wait_for_input]\u001b[39m","timestamp":"2026-04-19 16:15:35:1535"}
{"level":"\u001b[34mdebug\u001b[39m","message":"\u001b[34mFlow state saved for user user1 at node n3\u001b[39m","timestamp":"2026-04-19 16:15:35:1535"}
{"level":"\u001b[32minfo\u001b[39m","message":"\u001b[32mResuming flow 'Pizza Flow' for user user1 from node n3\u001b[39m","timestamp":"2026-04-19 16:15:35:1535"}
{"level":"\u001b[34mdebug\u001b[39m","message":"\u001b[34mExecuting node n4 [Type: action]\u001b[39m","timestamp":"2026-04-19 16:15:35:1535"}
{"level":"\u001b[32minfo\u001b[39m","message":"\u001b[32m✅ Environment variables validated via Zod\u001b[39m","timestamp":"2026-04-19 16:15:35:1535"}
{"level":"\u001b[32minfo\u001b[39m","message":"\u001b[32m🔗 Constructed internal REDIS_URL from host and port configuration\u001b[39m","timestamp":"2026-04-19 16:15:35:1535"}
{"level":"\u001b[32minfo\u001b[39m","message":"\u001b[32m✅ Configuration validation passed\u001b[39m","timestamp":"2026-04-19 16:15:35:1535"}
{"level":"\u001b[32minfo\u001b[39m","message":"\u001b[32mConfigService initialized as wrapper for ConfigManager\u001b[39m","timestamp":"2026-04-19 16:15:35:1535"}
{"error":"DB Error","level":"\u001b[31merror\u001b[39m","message":"\u001b[31mPlanMiddleware.checkBotLimit error:\u001b[39m","stack":"Error: DB Error\n    at /home/codedex/projects/DeXMart/src/middleware/planMiddleware.test.ts:59:88\n    at file:///home/codedex/projects/DeXMart/node_modules/@vitest/runner/dist/chunk-artifact.js:302:11\n    at file:///home/codedex/projects/DeXMart/node_modules/@vitest/runner/dist/chunk-artifact.js:1903:26\n    at file:///home/codedex/projects/DeXMart/node_modules/@vitest/runner/dist/chunk-artifact.js:2326:20\n    at new Promise (<anonymous>)\n    at runWithCancel (file:///home/codedex/projects/DeXMart/node_modules/@vitest/runner/dist/chunk-artifact.js:2323:10)\n    at file:///home/codedex/projects/DeXMart/node_modules/@vitest/runner/dist/chunk-artifact.js:2305:20\n    at new Promise (<anonymous>)\n    at runWithTimeout (file:///home/codedex/projects/DeXMart/node_modules/@vitest/runner/dist/chunk-artifact.js:2272:10)\n    at file:///home/codedex/projects/DeXMart/node_modules/@vitest/runner/dist/chunk-artifact.js:2955:64","timestamp":"2026-04-19 16:15:35:1535"}
{"error":"DB Error","level":"\u001b[31merror\u001b[39m","message":"\u001b[31mPlanMiddleware.checkFeatureAccess error:\u001b[39m","stack":"Error: DB Error\n    at /home/codedex/projects/DeXMart/src/middleware/planMiddleware.test.ts:106:88\n    at file:///home/codedex/projects/DeXMart/node_modules/@vitest/runner/dist/chunk-artifact.js:302:11\n    at file:///home/codedex/projects/DeXMart/node_modules/@vitest/runner/dist/chunk-artifact.js:1903:26\n    at file:///home/codedex/projects/DeXMart/node_modules/@vitest/runner/dist/chunk-artifact.js:2326:20\n    at new Promise (<anonymous>)\n    at runWithCancel (file:///home/codedex/projects/DeXMart/node_modules/@vitest/runner/dist/chunk-artifact.js:2323:10)\n    at file:///home/codedex/projects/DeXMart/node_modules/@vitest/runner/dist/chunk-artifact.js:2305:20\n    at new Promise (<anonymous>)\n    at runWithTimeout (file:///home/codedex/projects/DeXMart/node_modules/@vitest/runner/dist/chunk-artifact.js:2272:10)\n    at file:///home/codedex/projects/DeXMart/node_modules/@vitest/runner/dist/chunk-artifact.js:2955:64","timestamp":"2026-04-19 16:15:35:1535"}
{"level":"\u001b[34mdebug\u001b[39m","message":"\u001b[34m[MastermindStream] Emitted reasoning:start for agent agent-456 (Tenant: tenant-123)\u001b[39m","timestamp":"2026-04-19 16:15:35:1535"}
{"level":"\u001b[34mdebug\u001b[39m","message":"\u001b[34m[MastermindStream] Emitted reasoning:thought for agent agent-456 (Tenant: tenant-123)\u001b[39m","timestamp":"2026-04-19 16:15:35:1535"}
{"level":"\u001b[34mdebug\u001b[39m","message":"\u001b[34m[MastermindStream] Emitted tool:invoke for agent agent-456 (Tenant: tenant-123)\u001b[39m","timestamp":"2026-04-19 16:15:35:1535"}
{"level":"\u001b[34mdebug\u001b[39m","message":"\u001b[34m[MastermindStream] Emitted agent:spawn for agent sub-agent-1 (Tenant: tenant-123)\u001b[39m","timestamp":"2026-04-19 16:15:35:1535"}
{"error":"Socket error","level":"\u001b[31merror\u001b[39m","message":"\u001b[31m[MastermindStream] Failed to emit reasoning:complete:\u001b[39m","stack":"Error: Socket error\n    at Object.<anonymous> (/home/codedex/projects/DeXMart/src/services/MastermindStreamService.test.ts:83:19)\n    at Object.Mock [as emitToTenant] (file:///home/codedex/projects/DeXMart/node_modules/@vitest/spy/dist/index.js:332:34)\n    at MastermindStreamService.emit (/home/codedex/projects/DeXMart/src/services/MastermindStreamService.ts:48:27)\n    at MastermindStreamService.complete (/home/codedex/projects/DeXMart/src/services/MastermindStreamService.ts:82:14)\n    at /home/codedex/projects/DeXMart/src/services/MastermindStreamService.test.ts:87:30\n    at Proxy.assertThrows (file:///home/codedex/projects/DeXMart/node_modules/chai/index.js:2798:5)\n    at Proxy.methodWrapper (file:///home/codedex/projects/DeXMart/node_modules/chai/index.js:1700:25)\n    at Proxy.<anonymous> (file:///home/codedex/projects/DeXMart/node_modules/@vitest/expect/dist/index.js:1216:12)\n    at Proxy.overwritingMethodWrapper (file:///home/codedex/projects/DeXMart/node_modules/chai/index.js:1750:33)\n    at Proxy.<anonymous> (file:///home/codedex/projects/DeXMart/node_modules/@vitest/expect/dist/index.js:1552:16)","timestamp":"2026-04-19 16:15:35:1535"}
{"level":"\u001b[32minfo\u001b[39m","message":"\u001b[32m✅ Environment variables validated via Zod\u001b[39m","timestamp":"2026-04-19 16:15:35:1535"}
{"level":"\u001b[32minfo\u001b[39m","message":"\u001b[32m🔗 Constructed internal REDIS_URL from host and port configuration\u001b[39m","timestamp":"2026-04-19 16:15:35:1535"}
{"level":"\u001b[32minfo\u001b[39m","message":"\u001b[32m✅ Configuration validation passed\u001b[39m","timestamp":"2026-04-19 16:15:35:1535"}
{"level":"\u001b[32minfo\u001b[39m","message":"\u001b[32mConfigService initialized as wrapper for ConfigManager\u001b[39m","timestamp":"2026-04-19 16:15:35:1535"}
{"level":"\u001b[32minfo\u001b[39m","message":"\u001b[32m✅ Environment variables validated via Zod\u001b[39m","timestamp":"2026-04-19 16:15:35:1535"}
{"level":"\u001b[32minfo\u001b[39m","message":"\u001b[32m🔗 Constructed internal REDIS_URL from host and port configuration\u001b[39m","timestamp":"2026-04-19 16:15:35:1535"}
{"level":"\u001b[32minfo\u001b[39m","message":"\u001b[32m✅ Configuration validation passed\u001b[39m","timestamp":"2026-04-19 16:15:35:1535"}
{"event":"Refresh Failure: Token not found (Possible Replay)","level":"\u001b[33mwarn\u001b[39m","message":"\u001b[33mSecurity Event: Refresh Failure: Token not found (Possible Replay)\u001b[39m","timestamp":"2026-04-19 16:15:35:1535","token":"[REDACTED]","userId":null}
{"level":"\u001b[33mwarn\u001b[39m","message":"\u001b[33mStripe webhook received without signature or secret\u001b[39m","timestamp":"2026-04-19 16:15:35:1535"}
{"level":"\u001b[32minfo\u001b[39m","message":"\u001b[32mHandling checkout.session.completed\u001b[39m","sessionId":"cs_123","timestamp":"2026-04-19 16:15:35:1535"}
{"level":"\u001b[32minfo\u001b[39m","message":"\u001b[32mHandling customer.subscription.updated\u001b[39m","subscriptionId":"sub_123","timestamp":"2026-04-19 16:15:35:1535"}
{"invoiceId":"in_123","level":"\u001b[32minfo\u001b[39m","message":"\u001b[32mHandling invoice.paid\u001b[39m","timestamp":"2026-04-19 16:15:35:1535"}
{"level":"\u001b[32minfo\u001b[39m","message":"\u001b[32mReset usage for tenant tenant-123 due to invoice payment\u001b[39m","timestamp":"2026-04-19 16:15:35:1535"}
{"level":"\u001b[32minfo\u001b[39m","message":"\u001b[32mHandling checkout.session.completed\u001b[39m","sessionId":"cs_123","timestamp":"2026-04-19 16:15:35:1535"}
{"level":"\u001b[32minfo\u001b[39m","message":"\u001b[32m[Ingress] Common message from telegram (chan-456) for tenant tenant-123\u001b[39m","timestamp":"2026-04-19 16:15:35:1535"}
{"level":"\u001b[33mwarn\u001b[39m","message":"\u001b[33m[Ingress] Channel chan-456 not found in Firestore, using mock instance.\u001b[39m","timestamp":"2026-04-19 16:15:35:1535"}
{"level":"\u001b[32minfo\u001b[39m","message":"\u001b[32m[Ingress] Routing telegram message to Agent: AI Assistant\u001b[39m","timestamp":"2026-04-19 16:15:35:1535"}
{"level":"\u001b[32minfo\u001b[39m","message":"\u001b[32mProcessing message for channel chan-456 (Tenant: tenant-123, Path: tenants/tenant-123/agents/system_default/channels/chan-456)\u001b[39m","timestamp":"2026-04-19 16:15:35:1535"}
{"level":"\u001b[32minfo\u001b[39m","message":"\u001b[32mNo AI Agent assigned (or system_default). Forwarding to Webhook.\u001b[39m","timestamp":"2026-04-19 16:15:35:1535"}
{"level":"\u001b[32minfo\u001b[39m","message":"\u001b[32m[Ingress] Common message from telegram (chan-456) for tenant tenant-123\u001b[39m","timestamp":"2026-04-19 16:15:35:1535"}
{"level":"\u001b[33mwarn\u001b[39m","message":"\u001b[33m[Ingress] Channel chan-456 not found in Firestore, using mock instance.\u001b[39m","timestamp":"2026-04-19 16:15:35:1535"}
{"level":"\u001b[32minfo\u001b[39m","message":"\u001b[32m[Ingress] Routing telegram message to Agent: AI Agent\u001b[39m","timestamp":"2026-04-19 16:15:35:1535"}
{"level":"\u001b[32minfo\u001b[39m","message":"\u001b[32m[Ingress] Common message from telegram (chan-456) for tenant tenant-123\u001b[39m","timestamp":"2026-04-19 16:15:35:1535"}
{"level":"\u001b[33mwarn\u001b[39m","message":"\u001b[33m[Ingress] Channel chan-456 not found in Firestore, using mock instance.\u001b[39m","timestamp":"2026-04-19 16:15:35:1535"}
{"level":"\u001b[32minfo\u001b[39m","message":"\u001b[32m[Ingress] Webhook forwarding for telegram message.\u001b[39m","timestamp":"2026-04-19 16:15:35:1535"}
{"level":"\u001b[32minfo\u001b[39m","message":"\u001b[32m✅ Environment variables validated via Zod\u001b[39m","timestamp":"2026-04-19 16:15:35:1535"}
{"level":"\u001b[32minfo\u001b[39m","message":"\u001b[32m🔗 Constructed internal REDIS_URL from host and port configuration\u001b[39m","timestamp":"2026-04-19 16:15:35:1535"}
{"level":"\u001b[32minfo\u001b[39m","message":"\u001b[32m✅ Configuration validation passed\u001b[39m","timestamp":"2026-04-19 16:15:35:1535"}
{"level":"\u001b[32minfo\u001b[39m","message":"\u001b[32mConfigService initialized as wrapper for ConfigManager\u001b[39m","timestamp":"2026-04-19 16:15:35:1535"}
{"level":"\u001b[32minfo\u001b[39m","message":"\u001b[32mChannel deleted: chan-1 from tenant tenant-123 under Agent agent-456 (with auth cleanup)\u001b[39m","timestamp":"2026-04-19 16:15:35:1535"}
{"level":"\u001b[32minfo\u001b[39m","message":"\u001b[32mChannel archived: chan-1 for tenant tenant-123\u001b[39m","timestamp":"2026-04-19 16:15:35:1535"}
{"level":"\u001b[32minfo\u001b[39m","message":"\u001b[32m✅ Environment variables validated via Zod\u001b[39m","timestamp":"2026-04-19 16:15:36:1536"}
{"level":"\u001b[32minfo\u001b[39m","message":"\u001b[32m🔗 Constructed internal REDIS_URL from host and port configuration\u001b[39m","timestamp":"2026-04-19 16:15:36:1536"}
{"level":"\u001b[32minfo\u001b[39m","message":"\u001b[32m✅ Configuration validation passed\u001b[39m","timestamp":"2026-04-19 16:15:36:1536"}
{"level":"\u001b[32minfo\u001b[39m","message":"\u001b[32mConfigService initialized as wrapper for ConfigManager\u001b[39m","timestamp":"2026-04-19 16:15:36:1536"}
{"level":"\u001b[32minfo\u001b[39m","message":"\u001b[32mChannel deleted: chan-1 from tenant tenant-123 under Agent agent-456 (with auth cleanup)\u001b[39m","timestamp":"2026-04-19 16:15:36:1536"}
{"level":"\u001b[32minfo\u001b[39m","message":"\u001b[32mChannel archived: chan-1 for tenant tenant-123\u001b[39m","timestamp":"2026-04-19 16:15:36:1536"}
{"level":"\u001b[32minfo\u001b[39m","message":"\u001b[32m[Ingress] Common message from whatsapp (chan-1) for tenant tenant-123\u001b[39m","timestamp":"2026-04-19 16:15:36:1536"}
{"level":"\u001b[32minfo\u001b[39m","message":"\u001b[32m[Ingress] Routing whatsapp message to Agent: AI Agent\u001b[39m","timestamp":"2026-04-19 16:15:36:1536"}
{"level":"\u001b[32minfo\u001b[39m","message":"\u001b[32m[Ingress] Common message from whatsapp (chan-1) for tenant tenant-123\u001b[39m","timestamp":"2026-04-19 16:15:36:1536"}
{"level":"\u001b[32minfo\u001b[39m","message":"\u001b[32m[Ingress] Webhook forwarding for whatsapp message.\u001b[39m","timestamp":"2026-04-19 16:15:36:1536"}
{"level":"\u001b[33mwarn\u001b[39m","message":"\u001b[33m[Deduplication] Message msg1 ignored due to extreme clock skew or age. Diff: 360s\u001b[39m","timestamp":"2026-04-19 16:15:36:1536"}
{"level":"\u001b[33mwarn\u001b[39m","message":"\u001b[33m[Deduplication] Message msg2 ignored due to extreme clock skew or age. Diff: 360s\u001b[39m","timestamp":"2026-04-19 16:15:36:1536"}
{"level":"\u001b[32minfo\u001b[39m","message":"\u001b[32m[Deduplication] Duplicate message duplicate_id ignored.\u001b[39m","timestamp":"2026-04-19 16:15:36:1536"}
{"level":"\u001b[32minfo\u001b[39m","message":"\u001b[32m✅ Environment variables validated via Zod\u001b[39m","timestamp":"2026-04-19 16:15:37:1537"}
{"level":"\u001b[32minfo\u001b[39m","message":"\u001b[32m🔗 Constructed internal REDIS_URL from host and port configuration\u001b[39m","timestamp":"2026-04-19 16:15:37:1537"}
{"level":"\u001b[32minfo\u001b[39m","message":"\u001b[32m✅ Configuration validation passed\u001b[39m","timestamp":"2026-04-19 16:15:37:1537"}
{"level":"\u001b[32minfo\u001b[39m","message":"\u001b[32mConfigService initialized as wrapper for ConfigManager\u001b[39m","timestamp":"2026-04-19 16:15:37:1537"}
{"level":"\u001b[32minfo\u001b[39m","message":"\u001b[32m✅ Environment variables validated via Zod\u001b[39m","timestamp":"2026-04-19 16:15:37:1537"}
{"level":"\u001b[32minfo\u001b[39m","message":"\u001b[32m🔗 Constructed internal REDIS_URL from host and port configuration\u001b[39m","timestamp":"2026-04-19 16:15:37:1537"}
{"level":"\u001b[32minfo\u001b[39m","message":"\u001b[32m✅ Configuration validation passed\u001b[39m","timestamp":"2026-04-19 16:15:37:1537"}
{"level":"\u001b[32minfo\u001b[39m","message":"\u001b[32mConfigService initialized as wrapper for ConfigManager\u001b[39m","timestamp":"2026-04-19 16:15:37:1537"}
{"level":"\u001b[32minfo\u001b[39m","message":"\u001b[32mChannel chan-1 moved from agent-old to agent-new\u001b[39m","timestamp":"2026-04-19 16:15:37:1537"}
{"level":"\u001b[32minfo\u001b[39m","message":"\u001b[32m✅ Environment variables validated via Zod\u001b[39m","timestamp":"2026-04-19 16:15:37:1537"}
{"level":"\u001b[32minfo\u001b[39m","message":"\u001b[32m🔗 Constructed internal REDIS_URL from host and port configuration\u001b[39m","timestamp":"2026-04-19 16:15:37:1537"}
{"level":"\u001b[32minfo\u001b[39m","message":"\u001b[32m✅ Configuration validation passed\u001b[39m","timestamp":"2026-04-19 16:15:37:1537"}
{"level":"\u001b[32minfo\u001b[39m","message":"\u001b[32mConfigService initialized as wrapper for ConfigManager\u001b[39m","timestamp":"2026-04-19 16:15:37:1537"}
{"level":"\u001b[32minfo\u001b[39m","message":"\u001b[32mProcessing message for channel chan-1 (Tenant: tenant-1, Path: tenants/tenant-1/agents/agent-1/channels/chan-1)\u001b[39m","timestamp":"2026-04-19 16:15:37:1537"}
{"level":"\u001b[32minfo\u001b[39m","message":"\u001b[32mRouting to Agent: Path Agent (agent-1)\u001b[39m","timestamp":"2026-04-19 16:15:37:1537"}
{"level":"\u001b[32minfo\u001b[39m","message":"\u001b[32m✅ Environment variables validated via Zod\u001b[39m","timestamp":"2026-04-19 16:15:37:1537"}
{"level":"\u001b[32minfo\u001b[39m","message":"\u001b[32m🔗 Constructed internal REDIS_URL from host and port configuration\u001b[39m","timestamp":"2026-04-19 16:15:37:1537"}
{"level":"\u001b[32minfo\u001b[39m","message":"\u001b[32m✅ Configuration validation passed\u001b[39m","timestamp":"2026-04-19 16:15:37:1537"}
{"level":"\u001b[32minfo\u001b[39m","message":"\u001b[32mConfigService initialized as wrapper for ConfigManager\u001b[39m","timestamp":"2026-04-19 16:15:37:1537"}
{"level":"\u001b[32minfo\u001b[39m","message":"\u001b[32m✅ Environment variables validated via Zod\u001b[39m","timestamp":"2026-04-19 16:15:37:1537"}
{"level":"\u001b[32minfo\u001b[39m","message":"\u001b[32m🔗 Constructed internal REDIS_URL from host and port configuration\u001b[39m","timestamp":"2026-04-19 16:15:37:1537"}
{"level":"\u001b[32minfo\u001b[39m","message":"\u001b[32m✅ Configuration validation passed\u001b[39m","timestamp":"2026-04-19 16:15:37:1537"}
{"level":"\u001b[32minfo\u001b[39m","message":"\u001b[32mConfigService initialized as wrapper for ConfigManager\u001b[39m","timestamp":"2026-04-19 16:15:37:1537"}
{"level":"\u001b[32minfo\u001b[39m","message":"\u001b[32m✅ Environment variables validated via Zod\u001b[39m","timestamp":"2026-04-19 16:15:38:1538"}
{"level":"\u001b[32minfo\u001b[39m","message":"\u001b[32m🔗 Constructed internal REDIS_URL from host and port configuration\u001b[39m","timestamp":"2026-04-19 16:15:38:1538"}
{"level":"\u001b[32minfo\u001b[39m","message":"\u001b[32m✅ Configuration validation passed\u001b[39m","timestamp":"2026-04-19 16:15:38:1538"}
{"level":"\u001b[32minfo\u001b[39m","message":"\u001b[32mConfigService initialized as wrapper for ConfigManager\u001b[39m","timestamp":"2026-04-19 16:15:38:1538"}
{"level":"\u001b[32minfo\u001b[39m","message":"\u001b[32m✅ Environment variables validated via Zod\u001b[39m","timestamp":"2026-04-19 16:20:31:2031"}
{"level":"\u001b[32minfo\u001b[39m","message":"\u001b[32m🔗 Constructed internal REDIS_URL from host and port configuration\u001b[39m","timestamp":"2026-04-19 16:20:31:2031"}
{"level":"\u001b[32minfo\u001b[39m","message":"\u001b[32m✅ Configuration validation passed\u001b[39m","timestamp":"2026-04-19 16:20:31:2031"}
{"level":"\u001b[32minfo\u001b[39m","message":"\u001b[32mConfigService initialized as wrapper for ConfigManager\u001b[39m","timestamp":"2026-04-19 16:20:31:2031"}
{"level":"\u001b[32minfo\u001b[39m","message":"\u001b[32m✅ Environment variables validated via Zod\u001b[39m","timestamp":"2026-04-19 16:20:50:2050"}
{"level":"\u001b[32minfo\u001b[39m","message":"\u001b[32m🔗 Constructed internal REDIS_URL from host and port configuration\u001b[39m","timestamp":"2026-04-19 16:20:50:2050"}
{"level":"\u001b[32minfo\u001b[39m","message":"\u001b[32m✅ Configuration validation passed\u001b[39m","timestamp":"2026-04-19 16:20:50:2050"}
{"level":"\u001b[32minfo\u001b[39m","message":"\u001b[32mConfigService initialized as wrapper for ConfigManager\u001b[39m","timestamp":"2026-04-19 16:20:50:2050"}
{"level":"\u001b[32minfo\u001b[39m","message":"\u001b[32m✅ Environment variables validated via Zod\u001b[39m","timestamp":"2026-04-19 16:20:50:2050"}
{"level":"\u001b[33mwarn\u001b[39m","message":"\u001b[33m⚠️ JWT_SECRET is missing or using default value! Tokens will be signed with an insecure key.\u001b[39m","timestamp":"2026-04-19 16:20:50:2050"}
{"level":"\u001b[32minfo\u001b[39m","message":"\u001b[32m🔗 Constructed internal REDIS_URL from host and port configuration\u001b[39m","timestamp":"2026-04-19 16:20:50:2050"}
{"level":"\u001b[32minfo\u001b[39m","message":"\u001b[32m✅ Configuration validation passed\u001b[39m","timestamp":"2026-04-19 16:20:50:2050"}
{"level":"\u001b[32minfo\u001b[39m","message":"\u001b[32mConfigService initialized as wrapper for ConfigManager\u001b[39m","timestamp":"2026-04-19 16:20:50:2050"}
{"level":"\u001b[32minfo\u001b[39m","message":"\u001b[32m✅ Environment variables validated via Zod\u001b[39m","timestamp":"2026-04-19 16:20:50:2050"}
{"level":"\u001b[32minfo\u001b[39m","message":"\u001b[32m🔗 Constructed internal REDIS_URL from host and port configuration\u001b[39m","timestamp":"2026-04-19 16:20:50:2050"}
{"level":"\u001b[32minfo\u001b[39m","message":"\u001b[32m✅ Configuration validation passed\u001b[39m","timestamp":"2026-04-19 16:20:50:2050"}
{"level":"\u001b[32minfo\u001b[39m","message":"\u001b[32mConfigService initialized as wrapper for ConfigManager\u001b[39m","timestamp":"2026-04-19 16:20:50:2050"}
{"level":"\u001b[32minfo\u001b[39m","message":"\u001b[32mChannel created: chan_97f79dd1-aeac-450f-971a-c67c5c214f31 for tenant tenant-123 under Agent system_default\u001b[39m","timestamp":"2026-04-19 16:20:51:2051"}
{"level":"\u001b[32minfo\u001b[39m","message":"\u001b[32mChannel created: chan_6e6cc294-c28b-4a82-bdd5-c8498a5be507 for tenant tenant-123 under Agent custom-agent\u001b[39m","timestamp":"2026-04-19 16:20:51:2051"}
{"level":"\u001b[32minfo\u001b[39m","message":"\u001b[32mChannel deleted: chan-1 from tenant tenant-123 under Agent system_default (with auth cleanup)\u001b[39m","timestamp":"2026-04-19 16:20:51:2051"}
{"level":"\u001b[32minfo\u001b[39m","message":"\u001b[32m✅ Environment variables validated via Zod\u001b[39m","timestamp":"2026-04-19 16:20:51:2051"}
{"level":"\u001b[32minfo\u001b[39m","message":"\u001b[32m🔗 Constructed internal REDIS_URL from host and port configuration\u001b[39m","timestamp":"2026-04-19 16:20:51:2051"}
{"level":"\u001b[32minfo\u001b[39m","message":"\u001b[32m✅ Configuration validation passed\u001b[39m","timestamp":"2026-04-19 16:20:51:2051"}
{"level":"\u001b[32minfo\u001b[39m","message":"\u001b[32mConfigService initialized as wrapper for ConfigManager\u001b[39m","timestamp":"2026-04-19 16:20:51:2051"}
{"level":"\u001b[32minfo\u001b[39m","message":"\u001b[32mAuthSystem initialized for Channel: resilience-channel (Tenant: resilience-tenant, Path: channels)\u001b[39m","timestamp":"2026-04-19 16:20:51:2051"}
{"level":"\u001b[32minfo\u001b[39m","message":"\u001b[32m[AuthSystem] Starting connection attempt for resilience-channel. Force: false\u001b[39m","timestamp":"2026-04-19 16:20:51:2051"}
{"error":{},"level":"\u001b[31merror\u001b[39m","message":"\u001b[31mAuthSystem connection failed\u001b[39m","timestamp":"2026-04-19 16:20:51:2051"}
{"level":"\u001b[32minfo\u001b[39m","message":"\u001b[32mAuthSystem initialized for Channel: resilience-channel (Tenant: resilience-tenant, Path: channels)\u001b[39m","timestamp":"2026-04-19 16:20:51:2051"}
{"level":"\u001b[32minfo\u001b[39m","message":"\u001b[32m[AuthSystem] Starting connection attempt for resilience-channel. Force: true\u001b[39m","timestamp":"2026-04-19 16:20:51:2051"}
{"level":"\u001b[33mwarn\u001b[39m","message":"\u001b[33m[AuthSystem] FORCING new session for resilience-channel. Clearing old creds.\u001b[39m","timestamp":"2026-04-19 16:20:51:2051"}
{"level":"\u001b[32minfo\u001b[39m","message":"\u001b[32m[AuthSystem] Auth state loaded for resilience-channel. Has Me: false\u001b[39m","timestamp":"2026-04-19 16:20:51:2051"}
{"level":"\u001b[33mwarn\u001b[39m","message":"\u001b[33m[AuthSystem] A newer version of Baileys is available: 2.3000.1015901307. Current session might need update.\u001b[39m","timestamp":"2026-04-19 16:20:51:2051"}
{"level":"\u001b[32minfo\u001b[39m","message":"\u001b[32mAuthSystem initialized for Channel: resilience-channel (Tenant: resilience-tenant, Path: channels)\u001b[39m","timestamp":"2026-04-19 16:20:51:2051"}
{"level":"\u001b[32minfo\u001b[39m","message":"\u001b[32m[AuthSystem] Starting connection attempt for resilience-channel. Force: false\u001b[39m","timestamp":"2026-04-19 16:20:51:2051"}
{"level":"\u001b[32minfo\u001b[39m","message":"\u001b[32m[AuthSystem] Auth state loaded for resilience-channel. Has Me: false\u001b[39m","timestamp":"2026-04-19 16:20:51:2051"}
{"level":"\u001b[33mwarn\u001b[39m","message":"\u001b[33m[AuthSystem] A newer version of Baileys is available: 2.3000.1015901307. Current session might need update.\u001b[39m","timestamp":"2026-04-19 16:20:51:2051"}
{"error":{"output":{"statusCode":401}},"level":"\u001b[33mwarn\u001b[39m","message":"\u001b[33m[AuthSystem] Connection closed for resilience-channel. Reconnect: false\u001b[39m","statusCode":401,"timestamp":"2026-04-19 16:20:51:2051"}
{"level":"\u001b[31merror\u001b[39m","message":"\u001b[31m[AuthSystem] SESSION LOGGED_OUT for resilience-channel. Cleaning up Firestore auth state...\u001b[39m","timestamp":"2026-04-19 16:20:51:2051"}
{"level":"\u001b[32minfo\u001b[39m","message":"\u001b[32mAuthSystem initialized for Channel: resilience-channel (Tenant: resilience-tenant, Path: channels)\u001b[39m","timestamp":"2026-04-19 16:20:51:2051"}
{"level":"\u001b[32minfo\u001b[39m","message":"\u001b[32mAuthSystem initialized for Channel: resilience-channel (Tenant: resilience-tenant, Path: channels)\u001b[39m","timestamp":"2026-04-19 16:20:51:2051"}
{"level":"\u001b[32minfo\u001b[39m","message":"\u001b[32m[AuthSystem] Starting connection attempt for resilience-channel. Force: false\u001b[39m","timestamp":"2026-04-19 16:20:51:2051"}
{"level":"\u001b[32minfo\u001b[39m","message":"\u001b[32m[AuthSystem] Auth state loaded for resilience-channel. Has Me: false\u001b[39m","timestamp":"2026-04-19 16:20:51:2051"}
{"level":"\u001b[33mwarn\u001b[39m","message":"\u001b[33m[AuthSystem] A newer version of Baileys is available: 2.3000.1015901307. Current session might need update.\u001b[39m","timestamp":"2026-04-19 16:20:51:2051"}
{"error":{"output":{"statusCode":503}},"level":"\u001b[33mwarn\u001b[39m","message":"\u001b[33m[AuthSystem] Connection closed for resilience-channel. Reconnect: true\u001b[39m","statusCode":503,"timestamp":"2026-04-19 16:20:51:2051"}
{"level":"\u001b[32minfo\u001b[39m","message":"\u001b[32m[AuthSystem] Scheduling reconnect in 1000ms (Attempt 1)\u001b[39m","timestamp":"2026-04-19 16:20:51:2051"}
{"level":"\u001b[32minfo\u001b[39m","message":"\u001b[32m[AuthSystem] Starting connection attempt for resilience-channel. Force: false\u001b[39m","timestamp":"2026-04-19 16:20:52:2052"}
{"level":"\u001b[32minfo\u001b[39m","message":"\u001b[32m[AuthSystem] Auth state loaded for resilience-channel. Has Me: false\u001b[39m","timestamp":"2026-04-19 16:20:52:2052"}
{"level":"\u001b[33mwarn\u001b[39m","message":"\u001b[33m[AuthSystem] A newer version of Baileys is available: 2.3000.1015901307. Current session might need update.\u001b[39m","timestamp":"2026-04-19 16:20:52:2052"}
{"level":"\u001b[32minfo\u001b[39m","message":"\u001b[32mAuthSystem initialized for Channel: resilience-channel (Tenant: resilience-tenant, Path: channels)\u001b[39m","timestamp":"2026-04-19 16:20:51:2051"}
{"level":"\u001b[32minfo\u001b[39m","message":"\u001b[32m[AuthSystem] Starting connection attempt for resilience-channel. Force: false\u001b[39m","timestamp":"2026-04-19 16:20:51:2051"}
{"level":"\u001b[32minfo\u001b[39m","message":"\u001b[32m[AuthSystem] Auth state loaded for resilience-channel. Has Me: false\u001b[39m","timestamp":"2026-04-19 16:20:51:2051"}
{"level":"\u001b[33mwarn\u001b[39m","message":"\u001b[33m[AuthSystem] A newer version of Baileys is available: 2.3000.1015901307. Current session might need update.\u001b[39m","timestamp":"2026-04-19 16:20:51:2051"}
{"level":"\u001b[32minfo\u001b[39m","message":"\u001b[32mAuthSystem initialized for Channel: resilience-channel (Tenant: resilience-tenant, Path: channels)\u001b[39m","timestamp":"2026-04-19 16:20:51:2051"}
{"level":"\u001b[32minfo\u001b[39m","message":"\u001b[32m[AuthSystem] Starting connection attempt for resilience-channel. Force: false\u001b[39m","timestamp":"2026-04-19 16:20:51:2051"}
{"level":"\u001b[32minfo\u001b[39m","message":"\u001b[32m[AuthSystem] Auth state loaded for resilience-channel. Has Me: false\u001b[39m","timestamp":"2026-04-19 16:20:51:2051"}
{"level":"\u001b[33mwarn\u001b[39m","message":"\u001b[33m[AuthSystem] A newer version of Baileys is available: 2.3000.1015901307. Current session might need update.\u001b[39m","timestamp":"2026-04-19 16:20:51:2051"}
{"level":"\u001b[33mwarn\u001b[39m","message":"\u001b[33m[AuthSystem] Connection handshake timed out for resilience-channel. Killing socket.\u001b[39m","timestamp":"2026-04-19 16:21:21:2121"}
{"level":"\u001b[32minfo\u001b[39m","message":"\u001b[32m✅ Environment variables validated via Zod\u001b[39m","timestamp":"2026-04-19 16:20:51:2051"}
{"level":"\u001b[32minfo\u001b[39m","message":"\u001b[32m🔗 Constructed internal REDIS_URL from host and port configuration\u001b[39m","timestamp":"2026-04-19 16:20:51:2051"}
{"level":"\u001b[32minfo\u001b[39m","message":"\u001b[32m✅ Configuration validation passed\u001b[39m","timestamp":"2026-04-19 16:20:51:2051"}
{"level":"\u001b[32minfo\u001b[39m","message":"\u001b[32mConfigService initialized as wrapper for ConfigManager\u001b[39m","timestamp":"2026-04-19 16:20:51:2051"}
{"level":"\u001b[32minfo\u001b[39m","message":"\u001b[32m✅ Environment variables validated via Zod\u001b[39m","timestamp":"2026-04-19 16:20:51:2051"}
{"level":"\u001b[32minfo\u001b[39m","message":"\u001b[32m🔗 Constructed internal REDIS_URL from host and port configuration\u001b[39m","timestamp":"2026-04-19 16:20:51:2051"}
{"level":"\u001b[32minfo\u001b[39m","message":"\u001b[32m✅ Configuration validation passed\u001b[39m","timestamp":"2026-04-19 16:20:51:2051"}
{"level":"\u001b[32minfo\u001b[39m","message":"\u001b[32mConfigService initialized as wrapper for ConfigManager\u001b[39m","timestamp":"2026-04-19 16:20:51:2051"}
{"level":"\u001b[32minfo\u001b[39m","message":"\u001b[32m✅ Environment variables validated via Zod\u001b[39m","timestamp":"2026-04-19 16:20:52:2052"}
{"level":"\u001b[32minfo\u001b[39m","message":"\u001b[32m🔗 Constructed internal REDIS_URL from host and port configuration\u001b[39m","timestamp":"2026-04-19 16:20:52:2052"}
{"level":"\u001b[32minfo\u001b[39m","message":"\u001b[32m✅ Configuration validation passed\u001b[39m","timestamp":"2026-04-19 16:20:52:2052"}
{"level":"\u001b[32minfo\u001b[39m","message":"\u001b[32mConfigService initialized as wrapper for ConfigManager\u001b[39m","timestamp":"2026-04-19 16:20:52:2052"}
{"level":"\u001b[34mdebug\u001b[39m","message":"\u001b[34mPerformance monitoring started\u001b[39m","timestamp":"2026-04-19 16:20:52:2052"}
{"level":"\u001b[32minfo\u001b[39m","message":"\u001b[32m✅ Environment variables validated via Zod\u001b[39m","timestamp":"2026-04-19 16:20:52:2052"}
{"level":"\u001b[32minfo\u001b[39m","message":"\u001b[32m🔗 Constructed internal REDIS_URL from host and port configuration\u001b[39m","timestamp":"2026-04-19 16:20:52:2052"}
{"level":"\u001b[32minfo\u001b[39m","message":"\u001b[32m✅ Configuration validation passed\u001b[39m","timestamp":"2026-04-19 16:20:52:2052"}
{"level":"\u001b[32minfo\u001b[39m","message":"\u001b[32mConfigService initialized as wrapper for ConfigManager\u001b[39m","timestamp":"2026-04-19 16:20:52:2052"}
{"level":"\u001b[34mdebug\u001b[39m","message":"\u001b[34mPerformance monitoring started\u001b[39m","timestamp":"2026-04-19 16:20:52:2052"}
{"level":"\u001b[32minfo\u001b[39m","message":"\u001b[32mAnalytics service initialized\u001b[39m","timestamp":"2026-04-19 16:20:52:2052"}
{"level":"\u001b[32minfo\u001b[39m","message":"\u001b[32m✅ Environment variables validated via Zod\u001b[39m","timestamp":"2026-04-19 16:20:52:2052"}
{"level":"\u001b[32minfo\u001b[39m","message":"\u001b[32m🔗 Constructed internal REDIS_URL from host and port configuration\u001b[39m","timestamp":"2026-04-19 16:20:52:2052"}
{"level":"\u001b[32minfo\u001b[39m","message":"\u001b[32m✅ Configuration validation passed\u001b[39m","timestamp":"2026-04-19 16:20:52:2052"}
{"email":"conflict@example.com","level":"\u001b[33mwarn\u001b[39m","message":"\u001b[33mGoogle Login: Email conflict detected\u001b[39m","timestamp":"2026-04-19 16:20:52:2052","uid":"uid-google"}
{"level":"\u001b[32minfo\u001b[39m","message":"\u001b[32mProfile updated for user uid-123 in tenant tenant-abc\u001b[39m","timestamp":"2026-04-19 16:20:52:2052"}
{"level":"\u001b[32minfo\u001b[39m","message":"\u001b[32mProfile updated for user uid-123 in tenant tenant-abc\u001b[39m","timestamp":"2026-04-19 16:20:52:2052"}
{"level":"\u001b[32minfo\u001b[39m","message":"\u001b[32mProfile updated for user uid-123 in tenant tenant-abc\u001b[39m","timestamp":"2026-04-19 16:20:52:2052"}
{"level":"\u001b[31merror\u001b[39m","message":"\u001b[31mupdateProfile error: Firestore unavailable\u001b[39m","timestamp":"2026-04-19 16:20:52:2052","userId":"uid-123"}
{"level":"\u001b[32minfo\u001b[39m","message":"\u001b[32m✅ Environment variables validated via Zod\u001b[39m","timestamp":"2026-04-19 16:20:53:2053"}
{"level":"\u001b[32minfo\u001b[39m","message":"\u001b[32m🔗 Constructed internal REDIS_URL from host and port configuration\u001b[39m","timestamp":"2026-04-19 16:20:53:2053"}
{"level":"\u001b[32minfo\u001b[39m","message":"\u001b[32m✅ Configuration validation passed\u001b[39m","timestamp":"2026-04-19 16:20:53:2053"}
{"level":"\u001b[32minfo\u001b[39m","message":"\u001b[32mConfigService initialized as wrapper for ConfigManager\u001b[39m","timestamp":"2026-04-19 16:20:53:2053"}
{"error":"DB Error","level":"\u001b[31merror\u001b[39m","message":"\u001b[31mPlanMiddleware.checkBotLimit error:\u001b[39m","stack":"Error: DB Error\n    at /home/codedex/projects/DeXMart/src/middleware/planMiddleware.test.ts:59:88\n    at file:///home/codedex/projects/DeXMart/node_modules/@vitest/runner/dist/chunk-artifact.js:302:11\n    at file:///home/codedex/projects/DeXMart/node_modules/@vitest/runner/dist/chunk-artifact.js:1903:26\n    at file:///home/codedex/projects/DeXMart/node_modules/@vitest/runner/dist/chunk-artifact.js:2326:20\n    at new Promise (<anonymous>)\n    at runWithCancel (file:///home/codedex/projects/DeXMart/node_modules/@vitest/runner/dist/chunk-artifact.js:2323:10)\n    at file:///home/codedex/projects/DeXMart/node_modules/@vitest/runner/dist/chunk-artifact.js:2305:20\n    at new Promise (<anonymous>)\n    at runWithTimeout (file:///home/codedex/projects/DeXMart/node_modules/@vitest/runner/dist/chunk-artifact.js:2272:10)\n    at file:///home/codedex/projects/DeXMart/node_modules/@vitest/runner/dist/chunk-artifact.js:2955:64","timestamp":"2026-04-19 16:20:53:2053"}
{"error":"DB Error","level":"\u001b[31merror\u001b[39m","message":"\u001b[31mPlanMiddleware.checkFeatureAccess error:\u001b[39m","stack":"Error: DB Error\n    at /home/codedex/projects/DeXMart/src/middleware/planMiddleware.test.ts:106:88\n    at file:///home/codedex/projects/DeXMart/node_modules/@vitest/runner/dist/chunk-artifact.js:302:11\n    at file:///home/codedex/projects/DeXMart/node_modules/@vitest/runner/dist/chunk-artifact.js:1903:26\n    at file:///home/codedex/projects/DeXMart/node_modules/@vitest/runner/dist/chunk-artifact.js:2326:20\n    at new Promise (<anonymous>)\n    at runWithCancel (file:///home/codedex/projects/DeXMart/node_modules/@vitest/runner/dist/chunk-artifact.js:2323:10)\n    at file:///home/codedex/projects/DeXMart/node_modules/@vitest/runner/dist/chunk-artifact.js:2305:20\n    at new Promise (<anonymous>)\n    at runWithTimeout (file:///home/codedex/projects/DeXMart/node_modules/@vitest/runner/dist/chunk-artifact.js:2272:10)\n    at file:///home/codedex/projects/DeXMart/node_modules/@vitest/runner/dist/chunk-artifact.js:2955:64","timestamp":"2026-04-19 16:20:53:2053"}
{"level":"\u001b[32minfo\u001b[39m","message":"\u001b[32mAnalytics service initialized\u001b[39m","timestamp":"2026-04-19 16:20:53:2053"}
{"level":"\u001b[32minfo\u001b[39m","message":"\u001b[32m✅ Environment variables validated via Zod\u001b[39m","timestamp":"2026-04-19 16:20:53:2053"}
{"level":"\u001b[32minfo\u001b[39m","message":"\u001b[32m🔗 Constructed internal REDIS_URL from host and port configuration\u001b[39m","timestamp":"2026-04-19 16:20:53:2053"}
{"level":"\u001b[32minfo\u001b[39m","message":"\u001b[32m✅ Configuration validation passed\u001b[39m","timestamp":"2026-04-19 16:20:53:2053"}
{"level":"\u001b[32minfo\u001b[39m","message":"\u001b[32mConfigService initialized as wrapper for ConfigManager\u001b[39m","timestamp":"2026-04-19 16:20:53:2053"}
{"level":"\u001b[32minfo\u001b[39m","message":"\u001b[32m✅ Environment variables validated via Zod\u001b[39m","timestamp":"2026-04-19 16:20:53:2053"}
{"level":"\u001b[32minfo\u001b[39m","message":"\u001b[32m🔗 Constructed internal REDIS_URL from host and port configuration\u001b[39m","timestamp":"2026-04-19 16:20:53:2053"}
{"level":"\u001b[32minfo\u001b[39m","message":"\u001b[32m✅ Configuration validation passed\u001b[39m","timestamp":"2026-04-19 16:20:53:2053"}
{"level":"\u001b[32minfo\u001b[39m","message":"\u001b[32mConfigService initialized as wrapper for ConfigManager\u001b[39m","timestamp":"2026-04-19 16:20:53:2053"}
{"level":"\u001b[32minfo\u001b[39m","message":"\u001b[32mFlow 'Welcome Flow' (flow1) triggered for user user1\u001b[39m","timestamp":"2026-04-19 16:20:53:2053"}
{"level":"\u001b[34mdebug\u001b[39m","message":"\u001b[34mExecuting node n2 [Type: action]\u001b[39m","timestamp":"2026-04-19 16:20:53:2053"}
{"level":"\u001b[32minfo\u001b[39m","message":"\u001b[32mFlow 'Logic Flow' (flow2) triggered for user user1\u001b[39m","timestamp":"2026-04-19 16:20:53:2053"}
{"level":"\u001b[34mdebug\u001b[39m","message":"\u001b[34mExecuting node n2 [Type: logic]\u001b[39m","timestamp":"2026-04-19 16:20:53:2053"}
{"level":"\u001b[34mdebug\u001b[39m","message":"\u001b[34mExecuting node n3 [Type: action]\u001b[39m","timestamp":"2026-04-19 16:20:53:2053"}
{"level":"\u001b[32minfo\u001b[39m","message":"\u001b[32mFlow 'AI Flow' (flow3) triggered for user user1\u001b[39m","timestamp":"2026-04-19 16:20:53:2053"}
{"level":"\u001b[34mdebug\u001b[39m","message":"\u001b[34mExecuting node n2 [Type: ai]\u001b[39m","timestamp":"2026-04-19 16:20:53:2053"}
{"level":"\u001b[32minfo\u001b[39m","message":"\u001b[32mFlow 'Router Flow' (flow4) triggered for user user1\u001b[39m","timestamp":"2026-04-19 16:20:53:2053"}
{"level":"\u001b[34mdebug\u001b[39m","message":"\u001b[34mExecuting node n2 [Type: ai_router]\u001b[39m","timestamp":"2026-04-19 16:20:53:2053"}
{"level":"\u001b[34mdebug\u001b[39m","message":"\u001b[34mExecuting node n4 [Type: action]\u001b[39m","timestamp":"2026-04-19 16:20:53:2053"}
{"level":"\u001b[32minfo\u001b[39m","message":"\u001b[32mFlow 'Pizza Flow' (flow5) triggered for user user1\u001b[39m","timestamp":"2026-04-19 16:20:53:2053"}
{"level":"\u001b[34mdebug\u001b[39m","message":"\u001b[34mExecuting node n2 [Type: action]\u001b[39m","timestamp":"2026-04-19 16:20:53:2053"}
{"level":"\u001b[34mdebug\u001b[39m","message":"\u001b[34mExecuting node n3 [Type: wait_for_input]\u001b[39m","timestamp":"2026-04-19 16:20:53:2053"}
{"level":"\u001b[34mdebug\u001b[39m","message":"\u001b[34mFlow state saved for user user1 at node n3\u001b[39m","timestamp":"2026-04-19 16:20:53:2053"}
{"level":"\u001b[32minfo\u001b[39m","message":"\u001b[32mResuming flow 'Pizza Flow' for user user1 from node n3\u001b[39m","timestamp":"2026-04-19 16:20:53:2053"}
{"level":"\u001b[34mdebug\u001b[39m","message":"\u001b[34mExecuting node n4 [Type: action]\u001b[39m","timestamp":"2026-04-19 16:20:53:2053"}
{"level":"\u001b[34mdebug\u001b[39m","message":"\u001b[34m[MastermindStream] Emitted reasoning:start for agent agent-456 (Tenant: tenant-123)\u001b[39m","timestamp":"2026-04-19 16:20:53:2053"}
{"level":"\u001b[34mdebug\u001b[39m","message":"\u001b[34m[MastermindStream] Emitted reasoning:thought for agent agent-456 (Tenant: tenant-123)\u001b[39m","timestamp":"2026-04-19 16:20:53:2053"}
{"level":"\u001b[34mdebug\u001b[39m","message":"\u001b[34m[MastermindStream] Emitted tool:invoke for agent agent-456 (Tenant: tenant-123)\u001b[39m","timestamp":"2026-04-19 16:20:53:2053"}
{"level":"\u001b[34mdebug\u001b[39m","message":"\u001b[34m[MastermindStream] Emitted agent:spawn for agent sub-agent-1 (Tenant: tenant-123)\u001b[39m","timestamp":"2026-04-19 16:20:53:2053"}
{"error":"Socket error","level":"\u001b[31merror\u001b[39m","message":"\u001b[31m[MastermindStream] Failed to emit reasoning:complete:\u001b[39m","stack":"Error: Socket error\n    at Object.<anonymous> (/home/codedex/projects/DeXMart/src/services/MastermindStreamService.test.ts:83:19)\n    at Object.Mock [as emitToTenant] (file:///home/codedex/projects/DeXMart/node_modules/@vitest/spy/dist/index.js:332:34)\n    at MastermindStreamService.emit (/home/codedex/projects/DeXMart/src/services/MastermindStreamService.ts:48:27)\n    at MastermindStreamService.complete (/home/codedex/projects/DeXMart/src/services/MastermindStreamService.ts:82:14)\n    at /home/codedex/projects/DeXMart/src/services/MastermindStreamService.test.ts:87:30\n    at Proxy.assertThrows (file:///home/codedex/projects/DeXMart/node_modules/chai/index.js:2798:5)\n    at Proxy.methodWrapper (file:///home/codedex/projects/DeXMart/node_modules/chai/index.js:1700:25)\n    at Proxy.<anonymous> (file:///home/codedex/projects/DeXMart/node_modules/@vitest/expect/dist/index.js:1216:12)\n    at Proxy.overwritingMethodWrapper (file:///home/codedex/projects/DeXMart/node_modules/chai/index.js:1750:33)\n    at Proxy.<anonymous> (file:///home/codedex/projects/DeXMart/node_modules/@vitest/expect/dist/index.js:1552:16)","timestamp":"2026-04-19 16:20:53:2053"}
{"level":"\u001b[32minfo\u001b[39m","message":"\u001b[32m✅ Environment variables validated via Zod\u001b[39m","timestamp":"2026-04-19 16:20:53:2053"}
{"level":"\u001b[32minfo\u001b[39m","message":"\u001b[32m🔗 Constructed internal REDIS_URL from host and port configuration\u001b[39m","timestamp":"2026-04-19 16:20:53:2053"}
{"level":"\u001b[32minfo\u001b[39m","message":"\u001b[32m✅ Configuration validation passed\u001b[39m","timestamp":"2026-04-19 16:20:53:2053"}
{"level":"\u001b[32minfo\u001b[39m","message":"\u001b[32mConfigService initialized as wrapper for ConfigManager\u001b[39m","timestamp":"2026-04-19 16:20:53:2053"}
{"level":"\u001b[32minfo\u001b[39m","message":"\u001b[32m[Ingress] Common message from telegram (chan-456) for tenant tenant-123\u001b[39m","timestamp":"2026-04-19 16:20:53:2053"}
{"level":"\u001b[33mwarn\u001b[39m","message":"\u001b[33m[Ingress] Channel chan-456 not found in Firestore, using mock instance.\u001b[39m","timestamp":"2026-04-19 16:20:53:2053"}
{"level":"\u001b[32minfo\u001b[39m","message":"\u001b[32m[Ingress] Routing telegram message to Agent: AI Assistant\u001b[39m","timestamp":"2026-04-19 16:20:53:2053"}
{"level":"\u001b[32minfo\u001b[39m","message":"\u001b[32mProcessing message for channel chan-456 (Tenant: tenant-123, Path: tenants/tenant-123/agents/system_default/channels/chan-456)\u001b[39m","timestamp":"2026-04-19 16:20:53:2053"}
{"level":"\u001b[32minfo\u001b[39m","message":"\u001b[32mNo AI Agent assigned (or system_default). Forwarding to Webhook.\u001b[39m","timestamp":"2026-04-19 16:20:53:2053"}
{"level":"\u001b[32minfo\u001b[39m","message":"\u001b[32m[Ingress] Common message from telegram (chan-456) for tenant tenant-123\u001b[39m","timestamp":"2026-04-19 16:20:53:2053"}
{"level":"\u001b[33mwarn\u001b[39m","message":"\u001b[33m[Ingress] Channel chan-456 not found in Firestore, using mock instance.\u001b[39m","timestamp":"2026-04-19 16:20:53:2053"}
{"level":"\u001b[32minfo\u001b[39m","message":"\u001b[32m[Ingress] Routing telegram message to Agent: AI Agent\u001b[39m","timestamp":"2026-04-19 16:20:53:2053"}
{"level":"\u001b[32minfo\u001b[39m","message":"\u001b[32m[Ingress] Common message from telegram (chan-456) for tenant tenant-123\u001b[39m","timestamp":"2026-04-19 16:20:53:2053"}
{"level":"\u001b[33mwarn\u001b[39m","message":"\u001b[33m[Ingress] Channel chan-456 not found in Firestore, using mock instance.\u001b[39m","timestamp":"2026-04-19 16:20:53:2053"}
{"level":"\u001b[32minfo\u001b[39m","message":"\u001b[32m[Ingress] Webhook forwarding for telegram message.\u001b[39m","timestamp":"2026-04-19 16:20:53:2053"}
{"level":"\u001b[33mwarn\u001b[39m","message":"\u001b[33mStripe webhook received without signature or secret\u001b[39m","timestamp":"2026-04-19 16:20:53:2053"}
{"level":"\u001b[32minfo\u001b[39m","message":"\u001b[32mHandling checkout.session.completed\u001b[39m","sessionId":"cs_123","timestamp":"2026-04-19 16:20:53:2053"}
{"level":"\u001b[32minfo\u001b[39m","message":"\u001b[32mHandling customer.subscription.updated\u001b[39m","subscriptionId":"sub_123","timestamp":"2026-04-19 16:20:53:2053"}
{"invoiceId":"in_123","level":"\u001b[32minfo\u001b[39m","message":"\u001b[32mHandling invoice.paid\u001b[39m","timestamp":"2026-04-19 16:20:53:2053"}
{"level":"\u001b[32minfo\u001b[39m","message":"\u001b[32mReset usage for tenant tenant-123 due to invoice payment\u001b[39m","timestamp":"2026-04-19 16:20:53:2053"}
{"level":"\u001b[32minfo\u001b[39m","message":"\u001b[32m✅ Environment variables validated via Zod\u001b[39m","timestamp":"2026-04-19 16:20:53:2053"}
{"level":"\u001b[32minfo\u001b[39m","message":"\u001b[32m🔗 Constructed internal REDIS_URL from host and port configuration\u001b[39m","timestamp":"2026-04-19 16:20:53:2053"}
{"level":"\u001b[32minfo\u001b[39m","message":"\u001b[32m✅ Configuration validation passed\u001b[39m","timestamp":"2026-04-19 16:20:53:2053"}
{"event":"Refresh Failure: Token not found (Possible Replay)","level":"\u001b[33mwarn\u001b[39m","message":"\u001b[33mSecurity Event: Refresh Failure: Token not found (Possible Replay)\u001b[39m","timestamp":"2026-04-19 16:20:53:2053","token":"[REDACTED]","userId":null}
{"level":"\u001b[32minfo\u001b[39m","message":"\u001b[32m[TenantConfigService] Updated config for channel channel-789\u001b[39m","timestamp":"2026-04-19 16:20:53:2053"}
{"level":"\u001b[32minfo\u001b[39m","message":"\u001b[32m[Ingress] Common message from whatsapp (chan-1) for tenant tenant-123\u001b[39m","timestamp":"2026-04-19 16:20:53:2053"}
{"level":"\u001b[32minfo\u001b[39m","message":"\u001b[32m[Ingress] Routing whatsapp message to Agent: AI Agent\u001b[39m","timestamp":"2026-04-19 16:20:53:2053"}
{"level":"\u001b[32minfo\u001b[39m","message":"\u001b[32m[Ingress] Common message from whatsapp (chan-1) for tenant tenant-123\u001b[39m","timestamp":"2026-04-19 16:20:53:2053"}
{"level":"\u001b[32minfo\u001b[39m","message":"\u001b[32m[Ingress] Webhook forwarding for whatsapp message.\u001b[39m","timestamp":"2026-04-19 16:20:53:2053"}
{"level":"\u001b[32minfo\u001b[39m","message":"\u001b[32m✅ Environment variables validated via Zod\u001b[39m","timestamp":"2026-04-19 16:20:53:2053"}
{"level":"\u001b[32minfo\u001b[39m","message":"\u001b[32m🔗 Constructed internal REDIS_URL from host and port configuration\u001b[39m","timestamp":"2026-04-19 16:20:53:2053"}
{"level":"\u001b[32minfo\u001b[39m","message":"\u001b[32m✅ Configuration validation passed\u001b[39m","timestamp":"2026-04-19 16:20:53:2053"}
{"level":"\u001b[32minfo\u001b[39m","message":"\u001b[32mConfigService initialized as wrapper for ConfigManager\u001b[39m","timestamp":"2026-04-19 16:20:53:2053"}
{"level":"\u001b[32minfo\u001b[39m","message":"\u001b[32mChannel deleted: chan-1 from tenant tenant-123 under Agent agent-456 (with auth cleanup)\u001b[39m","timestamp":"2026-04-19 16:20:53:2053"}
{"level":"\u001b[32minfo\u001b[39m","message":"\u001b[32mChannel archived: chan-1 for tenant tenant-123\u001b[39m","timestamp":"2026-04-19 16:20:53:2053"}
{"level":"\u001b[32minfo\u001b[39m","message":"\u001b[32mHandling checkout.session.completed\u001b[39m","sessionId":"cs_123","timestamp":"2026-04-19 16:20:53:2053"}
{"level":"\u001b[32minfo\u001b[39m","message":"\u001b[32m✅ Environment variables validated via Zod\u001b[39m","timestamp":"2026-04-19 16:20:54:2054"}
{"level":"\u001b[32minfo\u001b[39m","message":"\u001b[32m🔗 Constructed internal REDIS_URL from host and port configuration\u001b[39m","timestamp":"2026-04-19 16:20:54:2054"}
{"level":"\u001b[32minfo\u001b[39m","message":"\u001b[32m✅ Configuration validation passed\u001b[39m","timestamp":"2026-04-19 16:20:54:2054"}
{"level":"\u001b[32minfo\u001b[39m","message":"\u001b[32mConfigService initialized as wrapper for ConfigManager\u001b[39m","timestamp":"2026-04-19 16:20:54:2054"}
{"level":"\u001b[32minfo\u001b[39m","message":"\u001b[32mChannel deleted: chan-1 from tenant tenant-123 under Agent agent-456 (with auth cleanup)\u001b[39m","timestamp":"2026-04-19 16:20:54:2054"}
{"level":"\u001b[32minfo\u001b[39m","message":"\u001b[32mChannel archived: chan-1 for tenant tenant-123\u001b[39m","timestamp":"2026-04-19 16:20:54:2054"}
{"level":"\u001b[32minfo\u001b[39m","message":"\u001b[32m✅ Environment variables validated via Zod\u001b[39m","timestamp":"2026-04-19 16:20:54:2054"}
{"level":"\u001b[32minfo\u001b[39m","message":"\u001b[32m🔗 Constructed internal REDIS_URL from host and port configuration\u001b[39m","timestamp":"2026-04-19 16:20:54:2054"}
{"level":"\u001b[32minfo\u001b[39m","message":"\u001b[32m✅ Configuration validation passed\u001b[39m","timestamp":"2026-04-19 16:20:54:2054"}
{"level":"\u001b[32minfo\u001b[39m","message":"\u001b[32mConfigService initialized as wrapper for ConfigManager\u001b[39m","timestamp":"2026-04-19 16:20:54:2054"}
{"level":"\u001b[32minfo\u001b[39m","message":"\u001b[32m✅ Environment variables validated via Zod\u001b[39m","timestamp":"2026-04-19 16:20:54:2054"}
{"level":"\u001b[32minfo\u001b[39m","message":"\u001b[32m🔗 Constructed internal REDIS_URL from host and port configuration\u001b[39m","timestamp":"2026-04-19 16:20:54:2054"}
{"level":"\u001b[32minfo\u001b[39m","message":"\u001b[32m✅ Configuration validation passed\u001b[39m","timestamp":"2026-04-19 16:20:54:2054"}
{"level":"\u001b[32minfo\u001b[39m","message":"\u001b[32mConfigService initialized as wrapper for ConfigManager\u001b[39m","timestamp":"2026-04-19 16:20:54:2054"}
{"level":"\u001b[32minfo\u001b[39m","message":"\u001b[32m✅ Environment variables validated via Zod\u001b[39m","timestamp":"2026-04-19 16:20:54:2054"}
{"level":"\u001b[32minfo\u001b[39m","message":"\u001b[32m🔗 Constructed internal REDIS_URL from host and port configuration\u001b[39m","timestamp":"2026-04-19 16:20:54:2054"}
{"level":"\u001b[32minfo\u001b[39m","message":"\u001b[32m✅ Configuration validation passed\u001b[39m","timestamp":"2026-04-19 16:20:54:2054"}
{"level":"\u001b[32minfo\u001b[39m","message":"\u001b[32mConfigService initialized as wrapper for ConfigManager\u001b[39m","timestamp":"2026-04-19 16:20:54:2054"}
{"level":"\u001b[32minfo\u001b[39m","message":"\u001b[32mChannel chan-1 moved from agent-old to agent-new\u001b[39m","timestamp":"2026-04-19 16:20:54:2054"}
{"level":"\u001b[32minfo\u001b[39m","message":"\u001b[32m✅ Environment variables validated via Zod\u001b[39m","timestamp":"2026-04-19 16:20:54:2054"}
{"level":"\u001b[32minfo\u001b[39m","message":"\u001b[32m🔗 Constructed internal REDIS_URL from host and port configuration\u001b[39m","timestamp":"2026-04-19 16:20:54:2054"}
{"level":"\u001b[32minfo\u001b[39m","message":"\u001b[32m✅ Configuration validation passed\u001b[39m","timestamp":"2026-04-19 16:20:54:2054"}
{"level":"\u001b[32minfo\u001b[39m","message":"\u001b[32mConfigService initialized as wrapper for ConfigManager\u001b[39m","timestamp":"2026-04-19 16:20:54:2054"}
{"level":"\u001b[32minfo\u001b[39m","message":"\u001b[32m✅ Environment variables validated via Zod\u001b[39m","timestamp":"2026-04-19 16:20:54:2054"}
{"level":"\u001b[32minfo\u001b[39m","message":"\u001b[32m🔗 Constructed internal REDIS_URL from host and port configuration\u001b[39m","timestamp":"2026-04-19 16:20:54:2054"}
{"level":"\u001b[32minfo\u001b[39m","message":"\u001b[32m✅ Configuration validation passed\u001b[39m","timestamp":"2026-04-19 16:20:54:2054"}
{"level":"\u001b[32minfo\u001b[39m","message":"\u001b[32mConfigService initialized as wrapper for ConfigManager\u001b[39m","timestamp":"2026-04-19 16:20:54:2054"}
{"level":"\u001b[33mwarn\u001b[39m","message":"\u001b[33m[Deduplication] Message msg1 ignored due to extreme clock skew or age. Diff: 360s\u001b[39m","timestamp":"2026-04-19 16:20:54:2054"}
{"level":"\u001b[33mwarn\u001b[39m","message":"\u001b[33m[Deduplication] Message msg2 ignored due to extreme clock skew or age. Diff: 360s\u001b[39m","timestamp":"2026-04-19 16:20:54:2054"}
{"level":"\u001b[32minfo\u001b[39m","message":"\u001b[32m[Deduplication] Duplicate message duplicate_id ignored.\u001b[39m","timestamp":"2026-04-19 16:20:54:2054"}
{"level":"\u001b[32minfo\u001b[39m","message":"\u001b[32mProcessing message for channel chan-1 (Tenant: tenant-1, Path: tenants/tenant-1/agents/agent-1/channels/chan-1)\u001b[39m","timestamp":"2026-04-19 16:20:54:2054"}
{"level":"\u001b[32minfo\u001b[39m","message":"\u001b[32mRouting to Agent: Path Agent (agent-1)\u001b[39m","timestamp":"2026-04-19 16:20:54:2054"}
{"level":"\u001b[32minfo\u001b[39m","message":"\u001b[32m✅ Environment variables validated via Zod\u001b[39m","timestamp":"2026-04-19 16:20:54:2054"}
{"level":"\u001b[32minfo\u001b[39m","message":"\u001b[32m🔗 Constructed internal REDIS_URL from host and port configuration\u001b[39m","timestamp":"2026-04-19 16:20:54:2054"}
{"level":"\u001b[32minfo\u001b[39m","message":"\u001b[32m✅ Configuration validation passed\u001b[39m","timestamp":"2026-04-19 16:20:54:2054"}
{"level":"\u001b[32minfo\u001b[39m","message":"\u001b[32mConfigService initialized as wrapper for ConfigManager\u001b[39m","timestamp":"2026-04-19 16:20:54:2054"}
{"level":"\u001b[32minfo\u001b[39m","message":"\u001b[32m✅ Environment variables validated via Zod\u001b[39m","timestamp":"2026-04-19 16:20:55:2055"}
{"level":"\u001b[32minfo\u001b[39m","message":"\u001b[32m🔗 Constructed internal REDIS_URL from host and port configuration\u001b[39m","timestamp":"2026-04-19 16:20:55:2055"}
{"level":"\u001b[32minfo\u001b[39m","message":"\u001b[32m✅ Configuration validation passed\u001b[39m","timestamp":"2026-04-19 16:20:55:2055"}
{"level":"\u001b[32minfo\u001b[39m","message":"\u001b[32mConfigService initialized as wrapper for ConfigManager\u001b[39m","timestamp":"2026-04-19 16:20:55:2055"}
{"level":"\u001b[32minfo\u001b[39m","message":"\u001b[32m✅ Environment variables validated via Zod\u001b[39m","timestamp":"2026-04-19 19:05:32:532"}
{"level":"\u001b[32minfo\u001b[39m","message":"\u001b[32m🔗 Constructed internal REDIS_URL from host and port configuration\u001b[39m","timestamp":"2026-04-19 19:05:32:532"}
{"level":"\u001b[32minfo\u001b[39m","message":"\u001b[32m✅ Configuration validation passed\u001b[39m","timestamp":"2026-04-19 19:05:32:532"}
{"level":"\u001b[32minfo\u001b[39m","message":"\u001b[32mConfigService initialized as wrapper for ConfigManager\u001b[39m","timestamp":"2026-04-19 19:05:32:532"}
{"level":"\u001b[32minfo\u001b[39m","message":"\u001b[32m✅ Redis connected successfully\u001b[39m","timestamp":"2026-04-19 19:05:32:532"}
{"level":"\u001b[32minfo\u001b[39m","message":"\u001b[32mChannel chan-1 moved from agent-old to agent-new\u001b[39m","timestamp":"2026-04-19 19:05:32:532"}
{"level":"\u001b[32minfo\u001b[39m","message":"\u001b[32m✅ Environment variables validated via Zod\u001b[39m","timestamp":"2026-04-19 23:17:52:1752"}
{"level":"\u001b[32minfo\u001b[39m","message":"\u001b[32m🔗 Constructed internal REDIS_URL from host and port configuration\u001b[39m","timestamp":"2026-04-19 23:17:52:1752"}
{"level":"\u001b[32minfo\u001b[39m","message":"\u001b[32m✅ Configuration validation passed\u001b[39m","timestamp":"2026-04-19 23:17:52:1752"}
{"level":"\u001b[32minfo\u001b[39m","message":"\u001b[32mConfigService initialized as wrapper for ConfigManager\u001b[39m","timestamp":"2026-04-19 23:17:52:1752"}
{"level":"\u001b[32minfo\u001b[39m","message":"\u001b[32mUsing application default credentials\u001b[39m","timestamp":"2026-04-19 23:17:52:1752"}
{"level":"\u001b[31merror\u001b[39m","message":"\u001b[31m❌ No Firebase Project ID available. Firestore queries will fail. Check FIREBASE_SERVICE_ACCOUNT_PATH or FIREBASE_PROJECT_ID.\u001b[39m","timestamp":"2026-04-19 23:17:52:1752"}
{"level":"\u001b[32minfo\u001b[39m","message":"\u001b[32mInitializing Firebase Admin...\u001b[39m","timestamp":"2026-04-19 23:17:52:1752"}
{"level":"\u001b[32minfo\u001b[39m","message":"\u001b[32m🔥 Firebase Admin Initialized (Project: ADC)\u001b[39m","timestamp":"2026-04-19 23:17:52:1752"}
{"error":"Unable to detect a Project Id in the current environment. \nTo learn more about authentication and Google APIs, visit: \nhttps://cloud.google.com/docs/authentication/getting-started","level":"\u001b[31merror\u001b[39m","message":"\u001b[31mFailed to update channel stats after import\u001b[39m","stack":"Error: Unable to detect a Project Id in the current environment. \nTo learn more about authentication and Google APIs, visit: \nhttps://cloud.google.com/docs/authentication/getting-started\n    at GoogleAuth.findAndCacheProjectId (/home/codedex/projects/DeXMart/node_modules/google-gax/node_modules/google-auth-library/build/src/auth/googleauth.js:170:19)\n    at processTicksAndRejections (node:internal/process/task_queues:104:5)\n    at Firestore.initializeIfNeeded (/home/codedex/projects/DeXMart/node_modules/@google-cloud/firestore/build/src/index.js:1201:35)\nCaused by: Error: \n    at QueryUtil._getResponse (/home/codedex/projects/DeXMart/node_modules/@google-cloud/firestore/build/src/reference/query-util.js:44:23)\n    at CollectionReference._getResponse (/home/codedex/projects/DeXMart/node_modules/@google-cloud/firestore/build/src/reference/query.js:784:32)\n    at CollectionReference._get (/home/codedex/projects/DeXMart/node_modules/@google-cloud/firestore/build/src/reference/query.js:777:35)\n    at /home/codedex/projects/DeXMart/node_modules/@google-cloud/firestore/build/src/reference/query.js:745:43\n    at /home/codedex/projects/DeXMart/node_modules/@google-cloud/firestore/build/src/telemetry/enabled-trace-util.js:110:30\n    at NoopContextManager.with (/home/codedex/projects/DeXMart/node_modules/@opentelemetry/api/build/src/context/NoopContextManager.js:14:19)\n    at ContextAPI.with (/home/codedex/projects/DeXMart/node_modules/@opentelemetry/api/build/src/api/context.js:51:46)\n    at NoopTracer.startActiveSpan (/home/codedex/projects/DeXMart/node_modules/@opentelemetry/api/build/src/trace/NoopTracer.js:54:31)\n    at ProxyTracer.startActiveSpan (/home/codedex/projects/DeXMart/node_modules/@opentelemetry/api/build/src/trace/ProxyTracer.js:27:24)\n    at EnabledTraceUtil.startActiveSpan (/home/codedex/projects/DeXMart/node_modules/@google-cloud/firestore/build/src/telemetry/enabled-trace-util.js:102:28)","timestamp":"2026-04-19 23:18:05:185"}
{"data":"{\"name\":\"Welcome Template\",\"content\":\"Hello {{name}}!\",\"category\":\"marketing\",\"mediaType\":\"text\",\"id\":\"tpl_14efcc32-f3fa-4b50-be92-713697470076\",\"tenantId\":\"tenant_1\",\"createdAt\":\"2026-04-19T23:17:52.234Z\",\"updatedAt\":\"2026-04-19T23:17:52.234Z\"}","level":"\u001b[31merror\u001b[39m","message":"\u001b[31mFirestore setDoc error [templates/tpl_14efcc32-f3fa-4b50-be92-713697470076] (Tenant: tenant_1): Unable to detect a Project Id in the current environment. \u001b[39m\n\u001b[31mTo learn more about authentication and Google APIs, visit: \u001b[39m\n\u001b[31mhttps://cloud.google.com/docs/authentication/getting-started\u001b[39m","stack":"Error: Unable to detect a Project Id in the current environment. \nTo learn more about authentication and Google APIs, visit: \nhttps://cloud.google.com/docs/authentication/getting-started\n    at GoogleAuth.findAndCacheProjectId (/home/codedex/projects/DeXMart/node_modules/google-gax/node_modules/google-auth-library/build/src/auth/googleauth.js:170:19)\n    at processTicksAndRejections (node:internal/process/task_queues:104:5)\n    at Firestore.initializeIfNeeded (/home/codedex/projects/DeXMart/node_modules/@google-cloud/firestore/build/src/index.js:1201:35)\n    at WriteBatch._commit (/home/codedex/projects/DeXMart/node_modules/@google-cloud/firestore/build/src/write-batch.js:469:9)\n    at FirebaseService.setDoc (/home/codedex/projects/DeXMart/src/persistence/firebase.ts:236:7)\n    at TemplateService.createTemplate (/home/codedex/projects/DeXMart/src/services/templateService.ts:37:7)\n    at /home/codedex/projects/DeXMart/src/services/templateService.test.ts:40:22\n    at file:///home/codedex/projects/DeXMart/node_modules/@vitest/runner/dist/chunk-artifact.js:1903:20\nCaused by: Error: \n    at _firestore._traceUtil.startActiveSpan (/home/codedex/projects/DeXMart/node_modules/@google-cloud/firestore/build/src/write-batch.js:438:27)\n    at /home/codedex/projects/DeXMart/node_modules/@google-cloud/firestore/build/src/telemetry/enabled-trace-util.js:110:30\n    at NoopContextManager.with (/home/codedex/projects/DeXMart/node_modules/@opentelemetry/api/build/src/context/NoopContextManager.js:14:19)\n    at ContextAPI.with (/home/codedex/projects/DeXMart/node_modules/@opentelemetry/api/build/src/api/context.js:51:46)\n    at NoopTracer.startActiveSpan (/home/codedex/projects/DeXMart/node_modules/@opentelemetry/api/build/src/trace/NoopTracer.js:54:31)\n    at ProxyTracer.startActiveSpan (/home/codedex/projects/DeXMart/node_modules/@opentelemetry/api/build/src/trace/ProxyTracer.js:27:24)\n    at EnabledTraceUtil.startActiveSpan (/home/codedex/projects/DeXMart/node_modules/@google-cloud/firestore/build/src/telemetry/enabled-trace-util.js:102:28)\n    at WriteBatch.commit (/home/codedex/projects/DeXMart/node_modules/@google-cloud/firestore/build/src/write-batch.js:436:43)\n    at /home/codedex/projects/DeXMart/node_modules/@google-cloud/firestore/build/src/reference/document-reference.js:350:31\n    at /home/codedex/projects/DeXMart/node_modules/@google-cloud/firestore/build/src/telemetry/enabled-trace-util.js:110:30","timestamp":"2026-04-19 23:18:06:186"}
{"error":"Unable to detect a Project Id in the current environment. \nTo learn more about authentication and Google APIs, visit: \nhttps://cloud.google.com/docs/authentication/getting-started","level":"\u001b[31merror\u001b[39m","message":"\u001b[31mError creating template\u001b[39m","stack":"Error: Unable to detect a Project Id in the current environment. \nTo learn more about authentication and Google APIs, visit: \nhttps://cloud.google.com/docs/authentication/getting-started\n    at GoogleAuth.findAndCacheProjectId (/home/codedex/projects/DeXMart/node_modules/google-gax/node_modules/google-auth-library/build/src/auth/googleauth.js:170:19)\n    at processTicksAndRejections (node:internal/process/task_queues:104:5)\n    at Firestore.initializeIfNeeded (/home/codedex/projects/DeXMart/node_modules/@google-cloud/firestore/build/src/index.js:1201:35)\n    at WriteBatch._commit (/home/codedex/projects/DeXMart/node_modules/@google-cloud/firestore/build/src/write-batch.js:469:9)\n    at FirebaseService.setDoc (/home/codedex/projects/DeXMart/src/persistence/firebase.ts:236:7)\n    at TemplateService.createTemplate (/home/codedex/projects/DeXMart/src/services/templateService.ts:37:7)\n    at /home/codedex/projects/DeXMart/src/services/templateService.test.ts:40:22\n    at file:///home/codedex/projects/DeXMart/node_modules/@vitest/runner/dist/chunk-artifact.js:1903:20\nCaused by: Error: \n    at _firestore._traceUtil.startActiveSpan (/home/codedex/projects/DeXMart/node_modules/@google-cloud/firestore/build/src/write-batch.js:438:27)\n    at /home/codedex/projects/DeXMart/node_modules/@google-cloud/firestore/build/src/telemetry/enabled-trace-util.js:110:30\n    at NoopContextManager.with (/home/codedex/projects/DeXMart/node_modules/@opentelemetry/api/build/src/context/NoopContextManager.js:14:19)\n    at ContextAPI.with (/home/codedex/projects/DeXMart/node_modules/@opentelemetry/api/build/src/api/context.js:51:46)\n    at NoopTracer.startActiveSpan (/home/codedex/projects/DeXMart/node_modules/@opentelemetry/api/build/src/trace/NoopTracer.js:54:31)\n    at ProxyTracer.startActiveSpan (/home/codedex/projects/DeXMart/node_modules/@opentelemetry/api/build/src/trace/ProxyTracer.js:27:24)\n    at EnabledTraceUtil.startActiveSpan (/home/codedex/projects/DeXMart/node_modules/@google-cloud/firestore/build/src/telemetry/enabled-trace-util.js:102:28)\n    at WriteBatch.commit (/home/codedex/projects/DeXMart/node_modules/@google-cloud/firestore/build/src/write-batch.js:436:43)\n    at /home/codedex/projects/DeXMart/node_modules/@google-cloud/firestore/build/src/reference/document-reference.js:350:31\n    at /home/codedex/projects/DeXMart/node_modules/@google-cloud/firestore/build/src/telemetry/enabled-trace-util.js:110:30","timestamp":"2026-04-19 23:18:06:186"}
{"error":"Unable to detect a Project Id in the current environment. \nTo learn more about authentication and Google APIs, visit: \nhttps://cloud.google.com/docs/authentication/getting-started","level":"\u001b[31merror\u001b[39m","message":"\u001b[31mFirestore getCollection error [templates] (Tenant: tenant_1):\u001b[39m","stack":"Error: Unable to detect a Project Id in the current environment. \nTo learn more about authentication and Google APIs, visit: \nhttps://cloud.google.com/docs/authentication/getting-started\n    at GoogleAuth.findAndCacheProjectId (/home/codedex/projects/DeXMart/node_modules/google-gax/node_modules/google-auth-library/build/src/auth/googleauth.js:170:19)\n    at processTicksAndRejections (node:internal/process/task_queues:104:5)\n    at Firestore.initializeIfNeeded (/home/codedex/projects/DeXMart/node_modules/@google-cloud/firestore/build/src/index.js:1201:35)\n    at WriteBatch._commit (/home/codedex/projects/DeXMart/node_modules/@google-cloud/firestore/build/src/write-batch.js:469:9)\n    at FirebaseService.setDoc (/home/codedex/projects/DeXMart/src/persistence/firebase.ts:236:7)\n    at TemplateService.createTemplate (/home/codedex/projects/DeXMart/src/services/templateService.ts:37:7)\n    at /home/codedex/projects/DeXMart/src/services/templateService.test.ts:40:22\n    at file:///home/codedex/projects/DeXMart/node_modules/@vitest/runner/dist/chunk-artifact.js:1903:20\nCaused by: Error: \n    at _firestore._traceUtil.startActiveSpan (/home/codedex/projects/DeXMart/node_modules/@google-cloud/firestore/build/src/write-batch.js:438:27)\n    at /home/codedex/projects/DeXMart/node_modules/@google-cloud/firestore/build/src/telemetry/enabled-trace-util.js:110:30\n    at NoopContextManager.with (/home/codedex/projects/DeXMart/node_modules/@opentelemetry/api/build/src/context/NoopContextManager.js:14:19)\n    at ContextAPI.with (/home/codedex/projects/DeXMart/node_modules/@opentelemetry/api/build/src/api/context.js:51:46)\n    at NoopTracer.startActiveSpan (/home/codedex/projects/DeXMart/node_modules/@opentelemetry/api/build/src/trace/NoopTracer.js:54:31)\n    at ProxyTracer.startActiveSpan (/home/codedex/projects/DeXMart/node_modules/@opentelemetry/api/build/src/trace/ProxyTracer.js:27:24)\n    at EnabledTraceUtil.startActiveSpan (/home/codedex/projects/DeXMart/node_modules/@google-cloud/firestore/build/src/telemetry/enabled-trace-util.js:102:28)\n    at WriteBatch.commit (/home/codedex/projects/DeXMart/node_modules/@google-cloud/firestore/build/src/write-batch.js:436:43)\n    at /home/codedex/projects/DeXMart/node_modules/@google-cloud/firestore/build/src/reference/document-reference.js:350:31\n    at /home/codedex/projects/DeXMart/node_modules/@google-cloud/firestore/build/src/telemetry/enabled-trace-util.js:110:30\nCaused by: Error: \n    at QueryUtil._getResponse (/home/codedex/projects/DeXMart/node_modules/@google-cloud/firestore/build/src/reference/query-util.js:44:23)\n    at CollectionReference._getResponse (/home/codedex/projects/DeXMart/node_modules/@google-cloud/firestore/build/src/reference/query.js:784:32)\n    at CollectionReference._get (/home/codedex/projects/DeXMart/node_modules/@google-cloud/firestore/build/src/reference/query.js:777:35)\n    at /home/codedex/projects/DeXMart/node_modules/@google-cloud/firestore/build/src/reference/query.js:745:43\n    at /home/codedex/projects/DeXMart/node_modules/@google-cloud/firestore/build/src/telemetry/enabled-trace-util.js:110:30\n    at NoopContextManager.with (/home/codedex/projects/DeXMart/node_modules/@opentelemetry/api/build/src/context/NoopContextManager.js:14:19)\n    at ContextAPI.with (/home/codedex/projects/DeXMart/node_modules/@opentelemetry/api/build/src/api/context.js:51:46)\n    at NoopTracer.startActiveSpan (/home/codedex/projects/DeXMart/node_modules/@opentelemetry/api/build/src/trace/NoopTracer.js:54:31)\n    at ProxyTracer.startActiveSpan (/home/codedex/projects/DeXMart/node_modules/@opentelemetry/api/build/src/trace/ProxyTracer.js:27:24)\n    at EnabledTraceUtil.startActiveSpan (/home/codedex/projects/DeXMart/node_modules/@google-cloud/firestore/build/src/telemetry/enabled-trace-util.js:102:28)","timestamp":"2026-04-19 23:18:06:186"}
{"error":"Unable to detect a Project Id in the current environment. \nTo learn more about authentication and Google APIs, visit: \nhttps://cloud.google.com/docs/authentication/getting-started","level":"\u001b[31merror\u001b[39m","message":"\u001b[31mError fetching templates\u001b[39m","stack":"Error: Unable to detect a Project Id in the current environment. \nTo learn more about authentication and Google APIs, visit: \nhttps://cloud.google.com/docs/authentication/getting-started\n    at GoogleAuth.findAndCacheProjectId (/home/codedex/projects/DeXMart/node_modules/google-gax/node_modules/google-auth-library/build/src/auth/googleauth.js:170:19)\n    at processTicksAndRejections (node:internal/process/task_queues:104:5)\n    at Firestore.initializeIfNeeded (/home/codedex/projects/DeXMart/node_modules/@google-cloud/firestore/build/src/index.js:1201:35)\n    at WriteBatch._commit (/home/codedex/projects/DeXMart/node_modules/@google-cloud/firestore/build/src/write-batch.js:469:9)\n    at FirebaseService.setDoc (/home/codedex/projects/DeXMart/src/persistence/firebase.ts:236:7)\n    at TemplateService.createTemplate (/home/codedex/projects/DeXMart/src/services/templateService.ts:37:7)\n    at /home/codedex/projects/DeXMart/src/services/templateService.test.ts:40:22\n    at file:///home/codedex/projects/DeXMart/node_modules/@vitest/runner/dist/chunk-artifact.js:1903:20\nCaused by: Error: \n    at _firestore._traceUtil.startActiveSpan (/home/codedex/projects/DeXMart/node_modules/@google-cloud/firestore/build/src/write-batch.js:438:27)\n    at /home/codedex/projects/DeXMart/node_modules/@google-cloud/firestore/build/src/telemetry/enabled-trace-util.js:110:30\n    at NoopContextManager.with (/home/codedex/projects/DeXMart/node_modules/@opentelemetry/api/build/src/context/NoopContextManager.js:14:19)\n    at ContextAPI.with (/home/codedex/projects/DeXMart/node_modules/@opentelemetry/api/build/src/api/context.js:51:46)\n    at NoopTracer.startActiveSpan (/home/codedex/projects/DeXMart/node_modules/@opentelemetry/api/build/src/trace/NoopTracer.js:54:31)\n    at ProxyTracer.startActiveSpan (/home/codedex/projects/DeXMart/node_modules/@opentelemetry/api/build/src/trace/ProxyTracer.js:27:24)\n    at EnabledTraceUtil.startActiveSpan (/home/codedex/projects/DeXMart/node_modules/@google-cloud/firestore/build/src/telemetry/enabled-trace-util.js:102:28)\n    at WriteBatch.commit (/home/codedex/projects/DeXMart/node_modules/@google-cloud/firestore/build/src/write-batch.js:436:43)\n    at /home/codedex/projects/DeXMart/node_modules/@google-cloud/firestore/build/src/reference/document-reference.js:350:31\n    at /home/codedex/projects/DeXMart/node_modules/@google-cloud/firestore/build/src/telemetry/enabled-trace-util.js:110:30\nCaused by: Error: \n    at QueryUtil._getResponse (/home/codedex/projects/DeXMart/node_modules/@google-cloud/firestore/build/src/reference/query-util.js:44:23)\n    at CollectionReference._getResponse (/home/codedex/projects/DeXMart/node_modules/@google-cloud/firestore/build/src/reference/query.js:784:32)\n    at CollectionReference._get (/home/codedex/projects/DeXMart/node_modules/@google-cloud/firestore/build/src/reference/query.js:777:35)\n    at /home/codedex/projects/DeXMart/node_modules/@google-cloud/firestore/build/src/reference/query.js:745:43\n    at /home/codedex/projects/DeXMart/node_modules/@google-cloud/firestore/build/src/telemetry/enabled-trace-util.js:110:30\n    at NoopContextManager.with (/home/codedex/projects/DeXMart/node_modules/@opentelemetry/api/build/src/context/NoopContextManager.js:14:19)\n    at ContextAPI.with (/home/codedex/projects/DeXMart/node_modules/@opentelemetry/api/build/src/api/context.js:51:46)\n    at NoopTracer.startActiveSpan (/home/codedex/projects/DeXMart/node_modules/@opentelemetry/api/build/src/trace/NoopTracer.js:54:31)\n    at ProxyTracer.startActiveSpan (/home/codedex/projects/DeXMart/node_modules/@opentelemetry/api/build/src/trace/ProxyTracer.js:27:24)\n    at EnabledTraceUtil.startActiveSpan (/home/codedex/projects/DeXMart/node_modules/@google-cloud/firestore/build/src/telemetry/enabled-trace-util.js:102:28)","timestamp":"2026-04-19 23:18:06:186"}
{"error":"colRef.get is not a function","level":"\u001b[31merror\u001b[39m","message":"\u001b[31mFirestore getCollection error [channels] (Tenant: tenant_456):\u001b[39m","stack":"TypeError: colRef.get is not a function\n    at FirebaseService.getCollection (/home/codedex/projects/DeXMart/src/persistence/firebase.ts:258:37)\n    at ContactService.importContacts (/home/codedex/projects/DeXMart/src/services/contactService.ts:154:52)\n    at processTicksAndRejections (node:internal/process/task_queues:104:5)\n    at /home/codedex/projects/DeXMart/src/services/contactService.test.ts:112:22\n    at file:///home/codedex/projects/DeXMart/node_modules/@vitest/runner/dist/chunk-artifact.js:1903:20","timestamp":"2026-04-19 23:22:17:2217"}
{"error":"colRef.get is not a function","level":"\u001b[31merror\u001b[39m","message":"\u001b[31mFailed to update channel stats after import\u001b[39m","stack":"TypeError: colRef.get is not a function\n    at FirebaseService.getCollection (/home/codedex/projects/DeXMart/src/persistence/firebase.ts:258:37)\n    at ContactService.importContacts (/home/codedex/projects/DeXMart/src/services/contactService.ts:154:52)\n    at processTicksAndRejections (node:internal/process/task_queues:104:5)\n    at /home/codedex/projects/DeXMart/src/services/contactService.test.ts:112:22\n    at file:///home/codedex/projects/DeXMart/node_modules/@vitest/runner/dist/chunk-artifact.js:1903:20","timestamp":"2026-04-19 23:22:17:2217"}
{"level":"\u001b[31merror\u001b[39m","message":"\u001b[31m[FirebaseService] Illegal Firestore path segment detected in \"undefined\": \"undefined\"\u001b[39m","timestamp":"2026-04-19 23:29:40:2940"}
{"level":"\u001b[31merror\u001b[39m","message":"\u001b[31mFirestore getDoc error [channels/undefined] (Tenant: tenant-123): Illegal Firestore path segment detected in \"undefined\": \"undefined\"\u001b[39m","stack":"Error: Illegal Firestore path segment detected in \"undefined\": \"undefined\"\n    at FirebaseService.validatePath (/home/codedex/projects/DeXMart/src/persistence/firebase.ts:103:15)\n    at FirebaseService.getDoc (/home/codedex/projects/DeXMart/src/persistence/firebase.ts:175:12)\n    at /home/codedex/projects/DeXMart/src/services/FirebaseService.path.test.ts:33:38\n    at file:///home/codedex/projects/DeXMart/node_modules/@vitest/runner/dist/chunk-artifact.js:302:11\n    at file:///home/codedex/projects/DeXMart/node_modules/@vitest/runner/dist/chunk-artifact.js:1903:26\n    at file:///home/codedex/projects/DeXMart/node_modules/@vitest/runner/dist/chunk-artifact.js:2326:20\n    at new Promise (<anonymous>)\n    at runWithCancel (file:///home/codedex/projects/DeXMart/node_modules/@vitest/runner/dist/chunk-artifact.js:2323:10)\n    at file:///home/codedex/projects/DeXMart/node_modules/@vitest/runner/dist/chunk-artifact.js:2305:20\n    at new Promise (<anonymous>)","timestamp":"2026-04-19 23:29:40:2940"}
{"level":"\u001b[31merror\u001b[39m","message":"\u001b[31mFirestore path is missing or empty\u001b[39m","path":"","timestamp":"2026-04-19 23:29:40:2940"}
{"level":"\u001b[31merror\u001b[39m","message":"\u001b[31mFirestore getDoc error [channels/123] (Tenant: ): Firestore path is required\u001b[39m","stack":"Error: Firestore path is required\n    at FirebaseService.validatePath (/home/codedex/projects/DeXMart/src/persistence/firebase.ts:88:13)\n    at FirebaseService.getCollectionInfo (/home/codedex/projects/DeXMart/src/persistence/firebase.ts:116:12)\n    at FirebaseService.getDoc (/home/codedex/projects/DeXMart/src/persistence/firebase.ts:176:37)\n    at /home/codedex/projects/DeXMart/src/services/FirebaseService.path.test.ts:38:38\n    at file:///home/codedex/projects/DeXMart/node_modules/@vitest/runner/dist/chunk-artifact.js:302:11\n    at file:///home/codedex/projects/DeXMart/node_modules/@vitest/runner/dist/chunk-artifact.js:1903:26\n    at file:///home/codedex/projects/DeXMart/node_modules/@vitest/runner/dist/chunk-artifact.js:2326:20\n    at new Promise (<anonymous>)\n    at runWithCancel (file:///home/codedex/projects/DeXMart/node_modules/@vitest/runner/dist/chunk-artifact.js:2323:10)\n    at file:///home/codedex/projects/DeXMart/node_modules/@vitest/runner/dist/chunk-artifact.js:2305:20","timestamp":"2026-04-19 23:29:40:2940"}
{"level":"\u001b[31merror\u001b[39m","message":"\u001b[31mFirestore path is missing or empty\u001b[39m","path":"","timestamp":"2026-04-19 23:29:40:2940"}
{"level":"\u001b[31merror\u001b[39m","message":"\u001b[31mFirestore getDoc error [agents//channels/123] (Tenant: tenant-123): Firestore path is required\u001b[39m","stack":"Error: Firestore path is required\n    at FirebaseService.validatePath (/home/codedex/projects/DeXMart/src/persistence/firebase.ts:88:13)\n    at /home/codedex/projects/DeXMart/src/persistence/firebase.ts:122:33\n    at Array.forEach (<anonymous>)\n    at FirebaseService.getCollectionInfo (/home/codedex/projects/DeXMart/src/persistence/firebase.ts:122:15)\n    at FirebaseService.getDoc (/home/codedex/projects/DeXMart/src/persistence/firebase.ts:176:37)\n    at /home/codedex/projects/DeXMart/src/services/FirebaseService.path.test.ts:44:38\n    at file:///home/codedex/projects/DeXMart/node_modules/@vitest/runner/dist/chunk-artifact.js:302:11\n    at file:///home/codedex/projects/DeXMart/node_modules/@vitest/runner/dist/chunk-artifact.js:1903:26\n    at file:///home/codedex/projects/DeXMart/node_modules/@vitest/runner/dist/chunk-artifact.js:2326:20\n    at new Promise (<anonymous>)","timestamp":"2026-04-19 23:29:40:2940"}
{"level":"\u001b[31merror\u001b[39m","message":"\u001b[31m[FirebaseService] Illegal Firestore path segment detected in \"undefined\": \"undefined\"\u001b[39m","timestamp":"2026-04-19 23:29:40:2940"}
{"level":"\u001b[31merror\u001b[39m","message":"\u001b[31mFirestore getDoc error [agents/undefined/channels/123] (Tenant: tenant-123): Illegal Firestore path segment detected in \"undefined\": \"undefined\"\u001b[39m","stack":"Error: Illegal Firestore path segment detected in \"undefined\": \"undefined\"\n    at FirebaseService.validatePath (/home/codedex/projects/DeXMart/src/persistence/firebase.ts:103:15)\n    at /home/codedex/projects/DeXMart/src/persistence/firebase.ts:122:33\n    at Array.forEach (<anonymous>)\n    at FirebaseService.getCollectionInfo (/home/codedex/projects/DeXMart/src/persistence/firebase.ts:122:15)\n    at FirebaseService.getDoc (/home/codedex/projects/DeXMart/src/persistence/firebase.ts:176:37)\n    at /home/codedex/projects/DeXMart/src/services/FirebaseService.path.test.ts:49:38\n    at file:///home/codedex/projects/DeXMart/node_modules/@vitest/runner/dist/chunk-artifact.js:302:11\n    at file:///home/codedex/projects/DeXMart/node_modules/@vitest/runner/dist/chunk-artifact.js:1903:26\n    at file:///home/codedex/projects/DeXMart/node_modules/@vitest/runner/dist/chunk-artifact.js:2326:20\n    at new Promise (<anonymous>)","timestamp":"2026-04-19 23:29:40:2940"}
{"level":"\u001b[31merror\u001b[39m","message":"\u001b[31mFirebase Auth verifyIdToken error: Invalid token\u001b[39m","stack":"Error: Invalid token\n    at /home/codedex/projects/DeXMart/src/services/FirebaseService.test.ts:45:25\n    at file:///home/codedex/projects/DeXMart/node_modules/@vitest/runner/dist/chunk-artifact.js:302:11\n    at file:///home/codedex/projects/DeXMart/node_modules/@vitest/runner/dist/chunk-artifact.js:1903:26\n    at file:///home/codedex/projects/DeXMart/node_modules/@vitest/runner/dist/chunk-artifact.js:2326:20\n    at new Promise (<anonymous>)\n    at runWithCancel (file:///home/codedex/projects/DeXMart/node_modules/@vitest/runner/dist/chunk-artifact.js:2323:10)\n    at file:///home/codedex/projects/DeXMart/node_modules/@vitest/runner/dist/chunk-artifact.js:2305:20\n    at new Promise (<anonymous>)\n    at runWithTimeout (file:///home/codedex/projects/DeXMart/node_modules/@vitest/runner/dist/chunk-artifact.js:2272:10)\n    at file:///home/codedex/projects/DeXMart/node_modules/@vitest/runner/dist/chunk-artifact.js:2955:64","timestamp":"2026-04-19 23:29:40:2940"}
