{"level":"\u001b[32minfo\u001b[39m","message":"\u001b[32m✅ Environment variables validated via Zod\u001b[39m","timestamp":"2026-04-15 00:46:38:4638"}
{"level":"\u001b[32minfo\u001b[39m","message":"\u001b[32m🔗 Constructed internal REDIS_URL from host and port configuration\u001b[39m","timestamp":"2026-04-15 00:46:38:4638"}
{"level":"\u001b[32minfo\u001b[39m","message":"\u001b[32m✅ Configuration validation passed\u001b[39m","timestamp":"2026-04-15 00:46:38:4638"}
{"level":"\u001b[32minfo\u001b[39m","message":"\u001b[32mConfigService initialized as wrapper for ConfigManager\u001b[39m","timestamp":"2026-04-15 00:46:38:4638"}
{"level":"\u001b[32minfo\u001b[39m","message":"\u001b[32m✅ Environment variables validated via Zod\u001b[39m","timestamp":"2026-04-15 00:49:44:4944"}
{"level":"\u001b[32minfo\u001b[39m","message":"\u001b[32m🔗 Constructed internal REDIS_URL from host and port configuration\u001b[39m","timestamp":"2026-04-15 00:49:44:4944"}
{"level":"\u001b[32minfo\u001b[39m","message":"\u001b[32m✅ Configuration validation passed\u001b[39m","timestamp":"2026-04-15 00:49:44:4944"}
{"level":"\u001b[32minfo\u001b[39m","message":"\u001b[32mConfigService initialized as wrapper for ConfigManager\u001b[39m","timestamp":"2026-04-15 00:49:44:4944"}
{"level":"\u001b[32minfo\u001b[39m","message":"\u001b[32m✅ Environment variables validated via Zod\u001b[39m","timestamp":"2026-04-15 00:49:44:4944"}
{"level":"\u001b[33mwarn\u001b[39m","message":"\u001b[33m⚠️ JWT_SECRET is missing or using default value! Tokens will be signed with an insecure key.\u001b[39m","timestamp":"2026-04-15 00:49:44:4944"}
{"level":"\u001b[32minfo\u001b[39m","message":"\u001b[32m🔗 Constructed internal REDIS_URL from host and port configuration\u001b[39m","timestamp":"2026-04-15 00:49:44:4944"}
{"level":"\u001b[32minfo\u001b[39m","message":"\u001b[32m✅ Configuration validation passed\u001b[39m","timestamp":"2026-04-15 00:49:44:4944"}
{"level":"\u001b[32minfo\u001b[39m","message":"\u001b[32mConfigService initialized as wrapper for ConfigManager\u001b[39m","timestamp":"2026-04-15 00:49:44:4944"}
{"level":"\u001b[32minfo\u001b[39m","message":"\u001b[32m✅ Environment variables validated via Zod\u001b[39m","timestamp":"2026-04-15 00:49:44:4944"}
{"level":"\u001b[32minfo\u001b[39m","message":"\u001b[32m🔗 Constructed internal REDIS_URL from host and port configuration\u001b[39m","timestamp":"2026-04-15 00:49:44:4944"}
{"level":"\u001b[32minfo\u001b[39m","message":"\u001b[32m✅ Configuration validation passed\u001b[39m","timestamp":"2026-04-15 00:49:44:4944"}
{"level":"\u001b[32minfo\u001b[39m","message":"\u001b[32mConfigService initialized as wrapper for ConfigManager\u001b[39m","timestamp":"2026-04-15 00:49:44:4944"}
{"level":"\u001b[32minfo\u001b[39m","message":"\u001b[32mChannel created: chan_3a1542a8-96f0-4ed6-9923-2719d82a7314 for tenant tenant-123 under Agent system_default\u001b[39m","timestamp":"2026-04-15 00:50:04:504"}
{"level":"\u001b[32minfo\u001b[39m","message":"\u001b[32mChannel created: chan_0e85d1dc-12f0-46d4-9f19-e7b5e86146bc for tenant tenant-123 under Agent custom-agent\u001b[39m","timestamp":"2026-04-15 00:50:04:504"}
{"level":"\u001b[32minfo\u001b[39m","message":"\u001b[32mChannel deleted: chan-1 from tenant tenant-123 under Agent system_default (with auth cleanup)\u001b[39m","timestamp":"2026-04-15 00:50:04:504"}
{"level":"\u001b[32minfo\u001b[39m","message":"\u001b[32m✅ Environment variables validated via Zod\u001b[39m","timestamp":"2026-04-15 00:50:04:504"}
{"level":"\u001b[32minfo\u001b[39m","message":"\u001b[32m🔗 Constructed internal REDIS_URL from host and port configuration\u001b[39m","timestamp":"2026-04-15 00:50:04:504"}
{"level":"\u001b[32minfo\u001b[39m","message":"\u001b[32m✅ Configuration validation passed\u001b[39m","timestamp":"2026-04-15 00:50:04:504"}
{"level":"\u001b[32minfo\u001b[39m","message":"\u001b[32mConfigService initialized as wrapper for ConfigManager\u001b[39m","timestamp":"2026-04-15 00:50:04:504"}
{"level":"\u001b[32minfo\u001b[39m","message":"\u001b[32mAuthSystem initialized for Channel: resilience-channel (Tenant: resilience-tenant, Path: channels)\u001b[39m","timestamp":"2026-04-15 00:50:27:5027"}
{"level":"\u001b[32minfo\u001b[39m","message":"\u001b[32m[AuthSystem] Starting connection attempt for resilience-channel. Force: false\u001b[39m","timestamp":"2026-04-15 00:50:27:5027"}
{"error":{},"level":"\u001b[31merror\u001b[39m","message":"\u001b[31mAuthSystem connection failed\u001b[39m","timestamp":"2026-04-15 00:50:27:5027"}
{"level":"\u001b[32minfo\u001b[39m","message":"\u001b[32mAuthSystem initialized for Channel: resilience-channel (Tenant: resilience-tenant, Path: channels)\u001b[39m","timestamp":"2026-04-15 00:50:27:5027"}
{"level":"\u001b[32minfo\u001b[39m","message":"\u001b[32m[AuthSystem] Starting connection attempt for resilience-channel. Force: true\u001b[39m","timestamp":"2026-04-15 00:50:27:5027"}
{"level":"\u001b[33mwarn\u001b[39m","message":"\u001b[33m[AuthSystem] FORCING new session for resilience-channel. Clearing old creds.\u001b[39m","timestamp":"2026-04-15 00:50:27:5027"}
{"level":"\u001b[32minfo\u001b[39m","message":"\u001b[32m[AuthSystem] Auth state loaded for resilience-channel. Has Me: false\u001b[39m","timestamp":"2026-04-15 00:50:27:5027"}
{"level":"\u001b[33mwarn\u001b[39m","message":"\u001b[33m[AuthSystem] A newer version of Baileys is available: 2.3000.1015901307. Current session might need update.\u001b[39m","timestamp":"2026-04-15 00:50:27:5027"}
{"level":"\u001b[32minfo\u001b[39m","message":"\u001b[32mAuthSystem initialized for Channel: resilience-channel (Tenant: resilience-tenant, Path: channels)\u001b[39m","timestamp":"2026-04-15 00:50:27:5027"}
{"level":"\u001b[32minfo\u001b[39m","message":"\u001b[32m[AuthSystem] Starting connection attempt for resilience-channel. Force: false\u001b[39m","timestamp":"2026-04-15 00:50:27:5027"}
{"level":"\u001b[32minfo\u001b[39m","message":"\u001b[32m[AuthSystem] Auth state loaded for resilience-channel. Has Me: false\u001b[39m","timestamp":"2026-04-15 00:50:27:5027"}
{"level":"\u001b[33mwarn\u001b[39m","message":"\u001b[33m[AuthSystem] A newer version of Baileys is available: 2.3000.1015901307. Current session might need update.\u001b[39m","timestamp":"2026-04-15 00:50:27:5027"}
{"error":{"output":{"statusCode":401}},"level":"\u001b[33mwarn\u001b[39m","message":"\u001b[33m[AuthSystem] Connection closed for resilience-channel. Reconnect: false\u001b[39m","statusCode":401,"timestamp":"2026-04-15 00:50:27:5027"}
{"level":"\u001b[31merror\u001b[39m","message":"\u001b[31m[AuthSystem] SESSION LOGGED_OUT for resilience-channel. Cleaning up Firestore auth state...\u001b[39m","timestamp":"2026-04-15 00:50:27:5027"}
{"level":"\u001b[32minfo\u001b[39m","message":"\u001b[32mAuthSystem initialized for Channel: resilience-channel (Tenant: resilience-tenant, Path: channels)\u001b[39m","timestamp":"2026-04-15 00:50:28:5028"}
{"level":"\u001b[32minfo\u001b[39m","message":"\u001b[32mAuthSystem initialized for Channel: resilience-channel (Tenant: resilience-tenant, Path: channels)\u001b[39m","timestamp":"2026-04-15 00:50:28:5028"}
{"level":"\u001b[32minfo\u001b[39m","message":"\u001b[32m[AuthSystem] Starting connection attempt for resilience-channel. Force: false\u001b[39m","timestamp":"2026-04-15 00:50:28:5028"}
{"level":"\u001b[32minfo\u001b[39m","message":"\u001b[32m[AuthSystem] Auth state loaded for resilience-channel. Has Me: false\u001b[39m","timestamp":"2026-04-15 00:50:28:5028"}
{"level":"\u001b[33mwarn\u001b[39m","message":"\u001b[33m[AuthSystem] A newer version of Baileys is available: 2.3000.1015901307. Current session might need update.\u001b[39m","timestamp":"2026-04-15 00:50:28:5028"}
{"error":{"output":{"statusCode":503}},"level":"\u001b[33mwarn\u001b[39m","message":"\u001b[33m[AuthSystem] Connection closed for resilience-channel. Reconnect: true\u001b[39m","statusCode":503,"timestamp":"2026-04-15 00:50:28:5028"}
{"level":"\u001b[32minfo\u001b[39m","message":"\u001b[32m[AuthSystem] Scheduling reconnect in 1000ms (Attempt 1)\u001b[39m","timestamp":"2026-04-15 00:50:28:5028"}
{"level":"\u001b[32minfo\u001b[39m","message":"\u001b[32m[AuthSystem] Starting connection attempt for resilience-channel. Force: false\u001b[39m","timestamp":"2026-04-15 00:50:29:5029"}
{"level":"\u001b[32minfo\u001b[39m","message":"\u001b[32m[AuthSystem] Auth state loaded for resilience-channel. Has Me: false\u001b[39m","timestamp":"2026-04-15 00:50:29:5029"}
{"level":"\u001b[33mwarn\u001b[39m","message":"\u001b[33m[AuthSystem] A newer version of Baileys is available: 2.3000.1015901307. Current session might need update.\u001b[39m","timestamp":"2026-04-15 00:50:29:5029"}
{"level":"\u001b[32minfo\u001b[39m","message":"\u001b[32mAuthSystem initialized for Channel: resilience-channel (Tenant: resilience-tenant, Path: channels)\u001b[39m","timestamp":"2026-04-15 00:50:28:5028"}
{"level":"\u001b[32minfo\u001b[39m","message":"\u001b[32m[AuthSystem] Starting connection attempt for resilience-channel. Force: false\u001b[39m","timestamp":"2026-04-15 00:50:28:5028"}
{"level":"\u001b[32minfo\u001b[39m","message":"\u001b[32m[AuthSystem] Auth state loaded for resilience-channel. Has Me: false\u001b[39m","timestamp":"2026-04-15 00:50:28:5028"}
{"level":"\u001b[33mwarn\u001b[39m","message":"\u001b[33m[AuthSystem] A newer version of Baileys is available: 2.3000.1015901307. Current session might need update.\u001b[39m","timestamp":"2026-04-15 00:50:28:5028"}
{"level":"\u001b[32minfo\u001b[39m","message":"\u001b[32mAuthSystem initialized for Channel: resilience-channel (Tenant: resilience-tenant, Path: channels)\u001b[39m","timestamp":"2026-04-15 00:50:28:5028"}
{"level":"\u001b[32minfo\u001b[39m","message":"\u001b[32m[AuthSystem] Starting connection attempt for resilience-channel. Force: false\u001b[39m","timestamp":"2026-04-15 00:50:28:5028"}
{"level":"\u001b[32minfo\u001b[39m","message":"\u001b[32m[AuthSystem] Auth state loaded for resilience-channel. Has Me: false\u001b[39m","timestamp":"2026-04-15 00:50:28:5028"}
{"level":"\u001b[33mwarn\u001b[39m","message":"\u001b[33m[AuthSystem] A newer version of Baileys is available: 2.3000.1015901307. Current session might need update.\u001b[39m","timestamp":"2026-04-15 00:50:28:5028"}
{"level":"\u001b[33mwarn\u001b[39m","message":"\u001b[33m[AuthSystem] Connection handshake timed out for resilience-channel. Killing socket.\u001b[39m","timestamp":"2026-04-15 00:50:58:5058"}
{"level":"\u001b[32minfo\u001b[39m","message":"\u001b[32m✅ Environment variables validated via Zod\u001b[39m","timestamp":"2026-04-15 00:51:11:5111"}
{"level":"\u001b[32minfo\u001b[39m","message":"\u001b[32m🔗 Constructed internal REDIS_URL from host and port configuration\u001b[39m","timestamp":"2026-04-15 00:51:11:5111"}
{"level":"\u001b[32minfo\u001b[39m","message":"\u001b[32m✅ Configuration validation passed\u001b[39m","timestamp":"2026-04-15 00:51:11:5111"}
{"level":"\u001b[32minfo\u001b[39m","message":"\u001b[32mConfigService initialized as wrapper for ConfigManager\u001b[39m","timestamp":"2026-04-15 00:51:11:5111"}
{"level":"\u001b[32minfo\u001b[39m","message":"\u001b[32m✅ Redis connected successfully\u001b[39m","timestamp":"2026-04-15 00:51:11:5111"}
{"level":"\u001b[32minfo\u001b[39m","message":"\u001b[32mChannel deleted: chan-1 from tenant tenant-123 under Agent agent-456 (with auth cleanup)\u001b[39m","timestamp":"2026-04-15 00:51:11:5111"}
{"level":"\u001b[32minfo\u001b[39m","message":"\u001b[32mChannel archived: chan-1 for tenant tenant-123\u001b[39m","timestamp":"2026-04-15 00:51:11:5111"}
{"level":"\u001b[32minfo\u001b[39m","message":"\u001b[32m✅ Environment variables validated via Zod\u001b[39m","timestamp":"2026-04-15 00:52:29:5229"}
{"level":"\u001b[32minfo\u001b[39m","message":"\u001b[32m🔗 Constructed internal REDIS_URL from host and port configuration\u001b[39m","timestamp":"2026-04-15 00:52:29:5229"}
{"level":"\u001b[32minfo\u001b[39m","message":"\u001b[32m✅ Configuration validation passed\u001b[39m","timestamp":"2026-04-15 00:52:29:5229"}
{"level":"\u001b[32minfo\u001b[39m","message":"\u001b[32mConfigService initialized as wrapper for ConfigManager\u001b[39m","timestamp":"2026-04-15 00:52:29:5229"}
{"level":"\u001b[34mdebug\u001b[39m","message":"\u001b[34mPerformance monitoring started\u001b[39m","timestamp":"2026-04-15 00:52:29:5229"}
{"level":"\u001b[32minfo\u001b[39m","message":"\u001b[32mAnalytics service initialized\u001b[39m","timestamp":"2026-04-15 00:52:30:5230"}
{"level":"\u001b[32minfo\u001b[39m","message":"\u001b[32m✅ Redis connected successfully\u001b[39m","timestamp":"2026-04-15 00:52:30:5230"}
{"level":"\u001b[32minfo\u001b[39m","message":"\u001b[32m✅ Redis Connected - Switching to distributed cache\u001b[39m","timestamp":"2026-04-15 00:52:30:5230"}
{"level":"\u001b[32minfo\u001b[39m","message":"\u001b[32mHandling checkout.session.completed\u001b[39m","sessionId":"cs_123","timestamp":"2026-04-15 00:52:32:5232"}
{"level":"\u001b[32minfo\u001b[39m","message":"\u001b[32m✅ Environment variables validated via Zod\u001b[39m","timestamp":"2026-04-15 00:52:38:5238"}
{"level":"\u001b[32minfo\u001b[39m","message":"\u001b[32m🔗 Constructed internal REDIS_URL from host and port configuration\u001b[39m","timestamp":"2026-04-15 00:52:38:5238"}
{"level":"\u001b[32minfo\u001b[39m","message":"\u001b[32m✅ Configuration validation passed\u001b[39m","timestamp":"2026-04-15 00:52:38:5238"}
{"level":"\u001b[32minfo\u001b[39m","message":"\u001b[32mConfigService initialized as wrapper for ConfigManager\u001b[39m","timestamp":"2026-04-15 00:52:38:5238"}
{"level":"\u001b[32minfo\u001b[39m","message":"\u001b[32m✅ Redis connected successfully\u001b[39m","timestamp":"2026-04-15 00:52:39:5239"}
{"level":"\u001b[32minfo\u001b[39m","message":"\u001b[32m✅ Environment variables validated via Zod\u001b[39m","timestamp":"2026-04-15 00:52:44:5244"}
{"level":"\u001b[32minfo\u001b[39m","message":"\u001b[32m🔗 Constructed internal REDIS_URL from host and port configuration\u001b[39m","timestamp":"2026-04-15 00:52:44:5244"}
{"level":"\u001b[32minfo\u001b[39m","message":"\u001b[32m✅ Configuration validation passed\u001b[39m","timestamp":"2026-04-15 00:52:44:5244"}
{"level":"\u001b[32minfo\u001b[39m","message":"\u001b[32mConfigService initialized as wrapper for ConfigManager\u001b[39m","timestamp":"2026-04-15 00:52:44:5244"}
{"level":"\u001b[34mdebug\u001b[39m","message":"\u001b[34mPerformance monitoring started\u001b[39m","timestamp":"2026-04-15 00:52:44:5244"}
{"level":"\u001b[32minfo\u001b[39m","message":"\u001b[32mAnalytics service initialized\u001b[39m","timestamp":"2026-04-15 00:52:44:5244"}
{"level":"\u001b[32minfo\u001b[39m","message":"\u001b[32m✅ Redis connected successfully\u001b[39m","timestamp":"2026-04-15 00:52:45:5245"}
{"level":"\u001b[32minfo\u001b[39m","message":"\u001b[32m✅ Redis Connected - Switching to distributed cache\u001b[39m","timestamp":"2026-04-15 00:52:45:5245"}
{"level":"\u001b[32minfo\u001b[39m","message":"\u001b[32m✅ Environment variables validated via Zod\u001b[39m","timestamp":"2026-04-15 00:52:50:5250"}
{"level":"\u001b[32minfo\u001b[39m","message":"\u001b[32m🔗 Constructed internal REDIS_URL from host and port configuration\u001b[39m","timestamp":"2026-04-15 00:52:50:5250"}
{"level":"\u001b[32minfo\u001b[39m","message":"\u001b[32m✅ Configuration validation passed\u001b[39m","timestamp":"2026-04-15 00:52:50:5250"}
{"level":"\u001b[32minfo\u001b[39m","message":"\u001b[32mConfigService initialized as wrapper for ConfigManager\u001b[39m","timestamp":"2026-04-15 00:52:50:5250"}
{"level":"\u001b[32minfo\u001b[39m","message":"\u001b[32m[Ingress] Common message from telegram (chan-456) for tenant tenant-123\u001b[39m","timestamp":"2026-04-15 00:53:30:5330"}
{"level":"\u001b[33mwarn\u001b[39m","message":"\u001b[33m[Ingress] Channel chan-456 not found in Firestore, using mock instance.\u001b[39m","timestamp":"2026-04-15 00:53:30:5330"}
{"level":"\u001b[32minfo\u001b[39m","message":"\u001b[32m[Ingress] Routing telegram message to Agent: AI Assistant\u001b[39m","timestamp":"2026-04-15 00:53:30:5330"}
{"level":"\u001b[32minfo\u001b[39m","message":"\u001b[32mProcessing message for channel chan-456 (Tenant: tenant-123, Path: tenants/tenant-123/agents/system_default/channels/chan-456)\u001b[39m","timestamp":"2026-04-15 00:53:30:5330"}
{"level":"\u001b[32minfo\u001b[39m","message":"\u001b[32mNo AI Agent assigned (or system_default). Forwarding to Webhook.\u001b[39m","timestamp":"2026-04-15 00:53:30:5330"}
{"level":"\u001b[32minfo\u001b[39m","message":"\u001b[32m[Ingress] Common message from telegram (chan-456) for tenant tenant-123\u001b[39m","timestamp":"2026-04-15 00:53:30:5330"}
{"level":"\u001b[33mwarn\u001b[39m","message":"\u001b[33m[Ingress] Channel chan-456 not found in Firestore, using mock instance.\u001b[39m","timestamp":"2026-04-15 00:53:30:5330"}
{"level":"\u001b[32minfo\u001b[39m","message":"\u001b[32m[Ingress] Routing telegram message to Agent: AI Agent\u001b[39m","timestamp":"2026-04-15 00:53:30:5330"}
{"level":"\u001b[32minfo\u001b[39m","message":"\u001b[32m[Ingress] Common message from telegram (chan-456) for tenant tenant-123\u001b[39m","timestamp":"2026-04-15 00:53:30:5330"}
{"level":"\u001b[33mwarn\u001b[39m","message":"\u001b[33m[Ingress] Channel chan-456 not found in Firestore, using mock instance.\u001b[39m","timestamp":"2026-04-15 00:53:30:5330"}
{"level":"\u001b[32minfo\u001b[39m","message":"\u001b[32m[Ingress] Webhook forwarding for telegram message.\u001b[39m","timestamp":"2026-04-15 00:53:30:5330"}
{"level":"\u001b[33mwarn\u001b[39m","message":"\u001b[33mStripe webhook received without signature or secret\u001b[39m","timestamp":"2026-04-15 00:53:47:5347"}
{"level":"\u001b[32minfo\u001b[39m","message":"\u001b[32mHandling checkout.session.completed\u001b[39m","sessionId":"cs_123","timestamp":"2026-04-15 00:53:47:5347"}
{"level":"\u001b[32minfo\u001b[39m","message":"\u001b[32mHandling customer.subscription.updated\u001b[39m","subscriptionId":"sub_123","timestamp":"2026-04-15 00:53:47:5347"}
{"invoiceId":"in_123","level":"\u001b[32minfo\u001b[39m","message":"\u001b[32mHandling invoice.paid\u001b[39m","timestamp":"2026-04-15 00:53:47:5347"}
{"level":"\u001b[32minfo\u001b[39m","message":"\u001b[32mReset usage for tenant tenant-123 due to invoice payment\u001b[39m","timestamp":"2026-04-15 00:53:47:5347"}
{"level":"\u001b[32minfo\u001b[39m","message":"\u001b[32m✅ Environment variables validated via Zod\u001b[39m","timestamp":"2026-04-15 00:53:50:5350"}
{"level":"\u001b[32minfo\u001b[39m","message":"\u001b[32m🔗 Constructed internal REDIS_URL from host and port configuration\u001b[39m","timestamp":"2026-04-15 00:53:50:5350"}
{"level":"\u001b[32minfo\u001b[39m","message":"\u001b[32m✅ Configuration validation passed\u001b[39m","timestamp":"2026-04-15 00:53:50:5350"}
{"level":"\u001b[32minfo\u001b[39m","message":"\u001b[32m✅ Redis connected successfully\u001b[39m","timestamp":"2026-04-15 00:53:51:5351"}
{"level":"\u001b[32minfo\u001b[39m","message":"\u001b[32m✅ Redis Connected - Switching to distributed cache\u001b[39m","timestamp":"2026-04-15 00:53:51:5351"}
{"email":"conflict@example.com","level":"\u001b[33mwarn\u001b[39m","message":"\u001b[33mGoogle Login: Email conflict detected\u001b[39m","timestamp":"2026-04-15 00:53:51:5351","uid":"uid-google"}
{"level":"\u001b[32minfo\u001b[39m","message":"\u001b[32mProfile updated for user uid-123 in tenant tenant-abc\u001b[39m","timestamp":"2026-04-15 00:53:51:5351"}
{"level":"\u001b[32minfo\u001b[39m","message":"\u001b[32mProfile updated for user uid-123 in tenant tenant-abc\u001b[39m","timestamp":"2026-04-15 00:53:51:5351"}
{"level":"\u001b[32minfo\u001b[39m","message":"\u001b[32mProfile updated for user uid-123 in tenant tenant-abc\u001b[39m","timestamp":"2026-04-15 00:53:51:5351"}
{"level":"\u001b[31merror\u001b[39m","message":"\u001b[31mupdateProfile error: Firestore unavailable\u001b[39m","timestamp":"2026-04-15 00:53:51:5351","userId":"uid-123"}
{"level":"\u001b[32minfo\u001b[39m","message":"\u001b[32m[Ingress] Common message from whatsapp (chan-1) for tenant tenant-123\u001b[39m","timestamp":"2026-04-15 00:54:22:5422"}
{"level":"\u001b[32minfo\u001b[39m","message":"\u001b[32m[Ingress] Routing whatsapp message to Agent: AI Agent\u001b[39m","timestamp":"2026-04-15 00:54:22:5422"}
{"level":"\u001b[32minfo\u001b[39m","message":"\u001b[32m[Ingress] Common message from whatsapp (chan-1) for tenant tenant-123\u001b[39m","timestamp":"2026-04-15 00:54:22:5422"}
{"level":"\u001b[32minfo\u001b[39m","message":"\u001b[32m[Ingress] Webhook forwarding for whatsapp message.\u001b[39m","timestamp":"2026-04-15 00:54:22:5422"}
{"level":"\u001b[32minfo\u001b[39m","message":"\u001b[32m✅ Environment variables validated via Zod\u001b[39m","timestamp":"2026-04-15 00:54:27:5427"}
{"level":"\u001b[32minfo\u001b[39m","message":"\u001b[32m🔗 Constructed internal REDIS_URL from host and port configuration\u001b[39m","timestamp":"2026-04-15 00:54:27:5427"}
{"level":"\u001b[32minfo\u001b[39m","message":"\u001b[32m✅ Configuration validation passed\u001b[39m","timestamp":"2026-04-15 00:54:27:5427"}
{"level":"\u001b[32minfo\u001b[39m","message":"\u001b[32m✅ Redis connected successfully\u001b[39m","timestamp":"2026-04-15 00:54:27:5427"}
{"level":"\u001b[32minfo\u001b[39m","message":"\u001b[32m✅ Redis Connected - Switching to distributed cache\u001b[39m","timestamp":"2026-04-15 00:54:27:5427"}
{"event":"Refresh Failure: Token not found (Possible Replay)","level":"\u001b[33mwarn\u001b[39m","message":"\u001b[33mSecurity Event: Refresh Failure: Token not found (Possible Replay)\u001b[39m","timestamp":"2026-04-15 00:54:27:5427","token":"[REDACTED]","userId":null}
{"level":"\u001b[32minfo\u001b[39m","message":"\u001b[32m✅ Environment variables validated via Zod\u001b[39m","timestamp":"2026-04-15 00:54:34:5434"}
{"level":"\u001b[32minfo\u001b[39m","message":"\u001b[32m🔗 Constructed internal REDIS_URL from host and port configuration\u001b[39m","timestamp":"2026-04-15 00:54:34:5434"}
{"level":"\u001b[32minfo\u001b[39m","message":"\u001b[32m✅ Configuration validation passed\u001b[39m","timestamp":"2026-04-15 00:54:34:5434"}
{"level":"\u001b[32minfo\u001b[39m","message":"\u001b[32mConfigService initialized as wrapper for ConfigManager\u001b[39m","timestamp":"2026-04-15 00:54:34:5434"}
{"level":"\u001b[32minfo\u001b[39m","message":"\u001b[32m✅ Environment variables validated via Zod\u001b[39m","timestamp":"2026-04-15 00:54:35:5435"}
{"level":"\u001b[32minfo\u001b[39m","message":"\u001b[32m🔗 Constructed internal REDIS_URL from host and port configuration\u001b[39m","timestamp":"2026-04-15 00:54:35:5435"}
{"level":"\u001b[32minfo\u001b[39m","message":"\u001b[32m✅ Configuration validation passed\u001b[39m","timestamp":"2026-04-15 00:54:35:5435"}
{"level":"\u001b[32minfo\u001b[39m","message":"\u001b[32mConfigService initialized as wrapper for ConfigManager\u001b[39m","timestamp":"2026-04-15 00:54:35:5435"}
{"level":"\u001b[32minfo\u001b[39m","message":"\u001b[32m✅ Environment variables validated via Zod\u001b[39m","timestamp":"2026-04-15 00:54:36:5436"}
{"level":"\u001b[32minfo\u001b[39m","message":"\u001b[32m🔗 Constructed internal REDIS_URL from host and port configuration\u001b[39m","timestamp":"2026-04-15 00:54:36:5436"}
{"level":"\u001b[32minfo\u001b[39m","message":"\u001b[32m✅ Configuration validation passed\u001b[39m","timestamp":"2026-04-15 00:54:36:5436"}
{"level":"\u001b[32minfo\u001b[39m","message":"\u001b[32mConfigService initialized as wrapper for ConfigManager\u001b[39m","timestamp":"2026-04-15 00:54:36:5436"}
{"error":"DB Error","level":"\u001b[31merror\u001b[39m","message":"\u001b[31mPlanMiddleware.checkBotLimit error:\u001b[39m","stack":"Error: DB Error\n    at /home/codedex/projects/DeXMart/src/middleware/planMiddleware.test.ts:59:88\n    at file:///home/codedex/projects/DeXMart/node_modules/.pnpm/@vitest+runner@4.0.18/node_modules/@vitest/runner/dist/index.js:145:11\n    at file:///home/codedex/projects/DeXMart/node_modules/.pnpm/@vitest+runner@4.0.18/node_modules/@vitest/runner/dist/index.js:915:26\n    at file:///home/codedex/projects/DeXMart/node_modules/.pnpm/@vitest+runner@4.0.18/node_modules/@vitest/runner/dist/index.js:1243:20\n    at new Promise (<anonymous>)\n    at runWithTimeout (file:///home/codedex/projects/DeXMart/node_modules/.pnpm/@vitest+runner@4.0.18/node_modules/@vitest/runner/dist/index.js:1209:10)\n    at file:///home/codedex/projects/DeXMart/node_modules/.pnpm/@vitest+runner@4.0.18/node_modules/@vitest/runner/dist/index.js:1653:37\n    at Traces.$ (file:///home/codedex/projects/DeXMart/node_modules/.pnpm/vitest@4.0.18_@opentelemetry+api@1.9.0_@types+node@25.3.5_@vitest+browser-playwright@4._6fa2b656c420e651f3481f97639a49f8/node_modules/vitest/dist/chunks/traces.CCmnQaNT.js:142:27)\n    at trace (file:///home/codedex/projects/DeXMart/node_modules/.pnpm/vitest@4.0.18_@opentelemetry+api@1.9.0_@types+node@25.3.5_@vitest+browser-playwright@4._6fa2b656c420e651f3481f97639a49f8/node_modules/vitest/dist/chunks/test.B8ej_ZHS.js:239:21)\n    at runTest (file:///home/codedex/projects/DeXMart/node_modules/.pnpm/@vitest+runner@4.0.18/node_modules/@vitest/runner/dist/index.js:1653:12)","timestamp":"2026-04-15 00:54:36:5436"}
{"error":"DB Error","level":"\u001b[31merror\u001b[39m","message":"\u001b[31mPlanMiddleware.checkFeatureAccess error:\u001b[39m","stack":"Error: DB Error\n    at /home/codedex/projects/DeXMart/src/middleware/planMiddleware.test.ts:106:88\n    at file:///home/codedex/projects/DeXMart/node_modules/.pnpm/@vitest+runner@4.0.18/node_modules/@vitest/runner/dist/index.js:145:11\n    at file:///home/codedex/projects/DeXMart/node_modules/.pnpm/@vitest+runner@4.0.18/node_modules/@vitest/runner/dist/index.js:915:26\n    at file:///home/codedex/projects/DeXMart/node_modules/.pnpm/@vitest+runner@4.0.18/node_modules/@vitest/runner/dist/index.js:1243:20\n    at new Promise (<anonymous>)\n    at runWithTimeout (file:///home/codedex/projects/DeXMart/node_modules/.pnpm/@vitest+runner@4.0.18/node_modules/@vitest/runner/dist/index.js:1209:10)\n    at file:///home/codedex/projects/DeXMart/node_modules/.pnpm/@vitest+runner@4.0.18/node_modules/@vitest/runner/dist/index.js:1653:37\n    at Traces.$ (file:///home/codedex/projects/DeXMart/node_modules/.pnpm/vitest@4.0.18_@opentelemetry+api@1.9.0_@types+node@25.3.5_@vitest+browser-playwright@4._6fa2b656c420e651f3481f97639a49f8/node_modules/vitest/dist/chunks/traces.CCmnQaNT.js:142:27)\n    at trace (file:///home/codedex/projects/DeXMart/node_modules/.pnpm/vitest@4.0.18_@opentelemetry+api@1.9.0_@types+node@25.3.5_@vitest+browser-playwright@4._6fa2b656c420e651f3481f97639a49f8/node_modules/vitest/dist/chunks/test.B8ej_ZHS.js:239:21)\n    at runTest (file:///home/codedex/projects/DeXMart/node_modules/.pnpm/@vitest+runner@4.0.18/node_modules/@vitest/runner/dist/index.js:1653:12)","timestamp":"2026-04-15 00:54:36:5436"}
{"level":"\u001b[34mdebug\u001b[39m","message":"\u001b[34m[MastermindStream] Emitted reasoning:start for agent agent-456 (Tenant: tenant-123)\u001b[39m","timestamp":"2026-04-15 00:54:45:5445"}
{"level":"\u001b[34mdebug\u001b[39m","message":"\u001b[34m[MastermindStream] Emitted reasoning:thought for agent agent-456 (Tenant: tenant-123)\u001b[39m","timestamp":"2026-04-15 00:54:45:5445"}
{"level":"\u001b[34mdebug\u001b[39m","message":"\u001b[34m[MastermindStream] Emitted tool:invoke for agent agent-456 (Tenant: tenant-123)\u001b[39m","timestamp":"2026-04-15 00:54:45:5445"}
{"level":"\u001b[34mdebug\u001b[39m","message":"\u001b[34m[MastermindStream] Emitted agent:spawn for agent sub-agent-1 (Tenant: tenant-123)\u001b[39m","timestamp":"2026-04-15 00:54:45:5445"}
{"error":"Socket error","level":"\u001b[31merror\u001b[39m","message":"\u001b[31m[MastermindStream] Failed to emit reasoning:complete:\u001b[39m","stack":"Error: Socket error\n    at Object.<anonymous> (/home/codedex/projects/DeXMart/src/services/MastermindStreamService.test.ts:83:19)\n    at Object.Mock [as emitToTenant] (file:///home/codedex/projects/DeXMart/node_modules/.pnpm/@vitest+spy@4.0.18/node_modules/@vitest/spy/dist/index.js:285:34)\n    at MastermindStreamService.emit (/home/codedex/projects/DeXMart/src/services/MastermindStreamService.ts:48:27)\n    at MastermindStreamService.complete (/home/codedex/projects/DeXMart/src/services/MastermindStreamService.ts:82:14)\n    at /home/codedex/projects/DeXMart/src/services/MastermindStreamService.test.ts:87:30\n    at Proxy.assertThrows (file:///home/codedex/projects/DeXMart/node_modules/.pnpm/chai@6.2.2/node_modules/chai/index.js:2798:5)\n    at Proxy.methodWrapper (file:///home/codedex/projects/DeXMart/node_modules/.pnpm/chai@6.2.2/node_modules/chai/index.js:1700:25)\n    at Proxy.<anonymous> (file:///home/codedex/projects/DeXMart/node_modules/.pnpm/@vitest+expect@4.0.18/node_modules/@vitest/expect/dist/index.js:1149:12)\n    at Proxy.overwritingMethodWrapper (file:///home/codedex/projects/DeXMart/node_modules/.pnpm/chai@6.2.2/node_modules/chai/index.js:1750:33)\n    at Proxy.<anonymous> (file:///home/codedex/projects/DeXMart/node_modules/.pnpm/@vitest+expect@4.0.18/node_modules/@vitest/expect/dist/index.js:1485:16)","timestamp":"2026-04-15 00:54:45:5445"}
{"level":"\u001b[32minfo\u001b[39m","message":"\u001b[32m✅ Environment variables validated via Zod\u001b[39m","timestamp":"2026-04-15 00:54:50:5450"}
{"level":"\u001b[32minfo\u001b[39m","message":"\u001b[32m🔗 Constructed internal REDIS_URL from host and port configuration\u001b[39m","timestamp":"2026-04-15 00:54:50:5450"}
{"level":"\u001b[32minfo\u001b[39m","message":"\u001b[32m✅ Configuration validation passed\u001b[39m","timestamp":"2026-04-15 00:54:50:5450"}
{"level":"\u001b[32minfo\u001b[39m","message":"\u001b[32mConfigService initialized as wrapper for ConfigManager\u001b[39m","timestamp":"2026-04-15 00:54:50:5450"}
{"level":"\u001b[32minfo\u001b[39m","message":"\u001b[32m[TenantConfigService] Updated config for channel channel-789\u001b[39m","timestamp":"2026-04-15 00:55:26:5526"}
{"level":"\u001b[32minfo\u001b[39m","message":"\u001b[32m✅ Environment variables validated via Zod\u001b[39m","timestamp":"2026-04-15 00:55:29:5529"}
{"level":"\u001b[32minfo\u001b[39m","message":"\u001b[32m🔗 Constructed internal REDIS_URL from host and port configuration\u001b[39m","timestamp":"2026-04-15 00:55:29:5529"}
{"level":"\u001b[32minfo\u001b[39m","message":"\u001b[32m✅ Configuration validation passed\u001b[39m","timestamp":"2026-04-15 00:55:29:5529"}
{"level":"\u001b[32minfo\u001b[39m","message":"\u001b[32mConfigService initialized as wrapper for ConfigManager\u001b[39m","timestamp":"2026-04-15 00:55:29:5529"}
{"level":"\u001b[32minfo\u001b[39m","message":"\u001b[32m✅ Environment variables validated via Zod\u001b[39m","timestamp":"2026-04-15 00:55:33:5533"}
{"level":"\u001b[32minfo\u001b[39m","message":"\u001b[32m🔗 Constructed internal REDIS_URL from host and port configuration\u001b[39m","timestamp":"2026-04-15 00:55:33:5533"}
{"level":"\u001b[32minfo\u001b[39m","message":"\u001b[32m✅ Configuration validation passed\u001b[39m","timestamp":"2026-04-15 00:55:33:5533"}
{"level":"\u001b[32minfo\u001b[39m","message":"\u001b[32mConfigService initialized as wrapper for ConfigManager\u001b[39m","timestamp":"2026-04-15 00:55:33:5533"}
{"level":"\u001b[32minfo\u001b[39m","message":"\u001b[32mFlow 'Welcome Flow' (flow1) triggered for user user1\u001b[39m","timestamp":"2026-04-15 00:55:33:5533"}
{"level":"\u001b[34mdebug\u001b[39m","message":"\u001b[34mExecuting node n2 [Type: action]\u001b[39m","timestamp":"2026-04-15 00:55:33:5533"}
{"level":"\u001b[32minfo\u001b[39m","message":"\u001b[32mFlow 'Logic Flow' (flow2) triggered for user user1\u001b[39m","timestamp":"2026-04-15 00:55:33:5533"}
{"level":"\u001b[34mdebug\u001b[39m","message":"\u001b[34mExecuting node n2 [Type: logic]\u001b[39m","timestamp":"2026-04-15 00:55:33:5533"}
{"level":"\u001b[34mdebug\u001b[39m","message":"\u001b[34mExecuting node n3 [Type: action]\u001b[39m","timestamp":"2026-04-15 00:55:33:5533"}
{"level":"\u001b[32minfo\u001b[39m","message":"\u001b[32mFlow 'AI Flow' (flow3) triggered for user user1\u001b[39m","timestamp":"2026-04-15 00:55:33:5533"}
{"level":"\u001b[34mdebug\u001b[39m","message":"\u001b[34mExecuting node n2 [Type: ai]\u001b[39m","timestamp":"2026-04-15 00:55:33:5533"}
{"level":"\u001b[32minfo\u001b[39m","message":"\u001b[32mFlow 'Router Flow' (flow4) triggered for user user1\u001b[39m","timestamp":"2026-04-15 00:55:33:5533"}
{"level":"\u001b[34mdebug\u001b[39m","message":"\u001b[34mExecuting node n2 [Type: ai_router]\u001b[39m","timestamp":"2026-04-15 00:55:33:5533"}
{"level":"\u001b[34mdebug\u001b[39m","message":"\u001b[34mExecuting node n4 [Type: action]\u001b[39m","timestamp":"2026-04-15 00:55:33:5533"}
{"level":"\u001b[32minfo\u001b[39m","message":"\u001b[32mFlow 'Pizza Flow' (flow5) triggered for user user1\u001b[39m","timestamp":"2026-04-15 00:55:33:5533"}
{"level":"\u001b[34mdebug\u001b[39m","message":"\u001b[34mExecuting node n2 [Type: action]\u001b[39m","timestamp":"2026-04-15 00:55:33:5533"}
{"level":"\u001b[34mdebug\u001b[39m","message":"\u001b[34mExecuting node n3 [Type: wait_for_input]\u001b[39m","timestamp":"2026-04-15 00:55:33:5533"}
{"level":"\u001b[34mdebug\u001b[39m","message":"\u001b[34mFlow state saved for user user1 at node n3\u001b[39m","timestamp":"2026-04-15 00:55:33:5533"}
{"level":"\u001b[32minfo\u001b[39m","message":"\u001b[32mResuming flow 'Pizza Flow' for user user1 from node n3\u001b[39m","timestamp":"2026-04-15 00:55:33:5533"}
{"level":"\u001b[34mdebug\u001b[39m","message":"\u001b[34mExecuting node n4 [Type: action]\u001b[39m","timestamp":"2026-04-15 00:55:33:5533"}
{"level":"\u001b[32minfo\u001b[39m","message":"\u001b[32m✅ Environment variables validated via Zod\u001b[39m","timestamp":"2026-04-15 00:55:50:5550"}
{"level":"\u001b[32minfo\u001b[39m","message":"\u001b[32m🔗 Constructed internal REDIS_URL from host and port configuration\u001b[39m","timestamp":"2026-04-15 00:55:50:5550"}
{"level":"\u001b[32minfo\u001b[39m","message":"\u001b[32m✅ Configuration validation passed\u001b[39m","timestamp":"2026-04-15 00:55:50:5550"}
{"level":"\u001b[32minfo\u001b[39m","message":"\u001b[32mConfigService initialized as wrapper for ConfigManager\u001b[39m","timestamp":"2026-04-15 00:55:50:5550"}
{"level":"\u001b[33mwarn\u001b[39m","message":"\u001b[33m[Deduplication] Message msg1 ignored due to extreme clock skew or age. Diff: 360s\u001b[39m","timestamp":"2026-04-15 00:57:21:5721"}
{"level":"\u001b[33mwarn\u001b[39m","message":"\u001b[33m[Deduplication] Message msg2 ignored due to extreme clock skew or age. Diff: 360s\u001b[39m","timestamp":"2026-04-15 00:57:21:5721"}
{"level":"\u001b[32minfo\u001b[39m","message":"\u001b[32m[Deduplication] Duplicate message duplicate_id ignored.\u001b[39m","timestamp":"2026-04-15 00:57:21:5721"}
{"level":"\u001b[32minfo\u001b[39m","message":"\u001b[32m✅ Environment variables validated via Zod\u001b[39m","timestamp":"2026-04-15 00:57:25:5725"}
{"level":"\u001b[32minfo\u001b[39m","message":"\u001b[32m🔗 Constructed internal REDIS_URL from host and port configuration\u001b[39m","timestamp":"2026-04-15 00:57:25:5725"}
{"level":"\u001b[32minfo\u001b[39m","message":"\u001b[32m✅ Configuration validation passed\u001b[39m","timestamp":"2026-04-15 00:57:25:5725"}
{"level":"\u001b[32minfo\u001b[39m","message":"\u001b[32mConfigService initialized as wrapper for ConfigManager\u001b[39m","timestamp":"2026-04-15 00:57:25:5725"}
{"level":"\u001b[32minfo\u001b[39m","message":"\u001b[32m✅ Redis connected successfully\u001b[39m","timestamp":"2026-04-15 00:57:25:5725"}
{"level":"\u001b[32minfo\u001b[39m","message":"\u001b[32mChannel deleted: chan-1 from tenant tenant-123 under Agent agent-456 (with auth cleanup)\u001b[39m","timestamp":"2026-04-15 00:57:25:5725"}
{"level":"\u001b[32minfo\u001b[39m","message":"\u001b[32mChannel archived: chan-1 for tenant tenant-123\u001b[39m","timestamp":"2026-04-15 00:57:25:5725"}
{"level":"\u001b[32minfo\u001b[39m","message":"\u001b[32m✅ Environment variables validated via Zod\u001b[39m","timestamp":"2026-04-15 00:57:31:5731"}
{"level":"\u001b[32minfo\u001b[39m","message":"\u001b[32m🔗 Constructed internal REDIS_URL from host and port configuration\u001b[39m","timestamp":"2026-04-15 00:57:31:5731"}
{"level":"\u001b[32minfo\u001b[39m","message":"\u001b[32m✅ Configuration validation passed\u001b[39m","timestamp":"2026-04-15 00:57:31:5731"}
{"level":"\u001b[32minfo\u001b[39m","message":"\u001b[32mConfigService initialized as wrapper for ConfigManager\u001b[39m","timestamp":"2026-04-15 00:57:31:5731"}
{"level":"\u001b[32minfo\u001b[39m","message":"\u001b[32m✅ Redis connected successfully\u001b[39m","timestamp":"2026-04-15 00:57:31:5731"}
{"level":"\u001b[32minfo\u001b[39m","message":"\u001b[32mChannel chan-1 moved from agent-old to agent-new\u001b[39m","timestamp":"2026-04-15 00:57:31:5731"}
{"level":"\u001b[32minfo\u001b[39m","message":"\u001b[32m✅ Environment variables validated via Zod\u001b[39m","timestamp":"2026-04-15 00:57:43:5743"}
{"level":"\u001b[32minfo\u001b[39m","message":"\u001b[32m🔗 Constructed internal REDIS_URL from host and port configuration\u001b[39m","timestamp":"2026-04-15 00:57:43:5743"}
{"level":"\u001b[32minfo\u001b[39m","message":"\u001b[32m✅ Configuration validation passed\u001b[39m","timestamp":"2026-04-15 00:57:43:5743"}
{"level":"\u001b[32minfo\u001b[39m","message":"\u001b[32mConfigService initialized as wrapper for ConfigManager\u001b[39m","timestamp":"2026-04-15 00:57:43:5743"}
{"level":"\u001b[32minfo\u001b[39m","message":"\u001b[32m✅ Environment variables validated via Zod\u001b[39m","timestamp":"2026-04-15 00:57:53:5753"}
{"level":"\u001b[32minfo\u001b[39m","message":"\u001b[32m🔗 Constructed internal REDIS_URL from host and port configuration\u001b[39m","timestamp":"2026-04-15 00:57:53:5753"}
{"level":"\u001b[32minfo\u001b[39m","message":"\u001b[32m✅ Configuration validation passed\u001b[39m","timestamp":"2026-04-15 00:57:53:5753"}
{"level":"\u001b[32minfo\u001b[39m","message":"\u001b[32mConfigService initialized as wrapper for ConfigManager\u001b[39m","timestamp":"2026-04-15 00:57:53:5753"}
{"level":"\u001b[32minfo\u001b[39m","message":"\u001b[32m✅ Redis connected successfully\u001b[39m","timestamp":"2026-04-15 00:57:53:5753"}
{"level":"\u001b[32minfo\u001b[39m","message":"\u001b[32mProcessing message for channel chan-1 (Tenant: tenant-1, Path: tenants/tenant-1/agents/agent-1/channels/chan-1)\u001b[39m","timestamp":"2026-04-15 00:57:54:5754"}
{"level":"\u001b[32minfo\u001b[39m","message":"\u001b[32mRouting to Agent: Path Agent (agent-1)\u001b[39m","timestamp":"2026-04-15 00:57:54:5754"}
{"level":"\u001b[32minfo\u001b[39m","message":"\u001b[32m✅ Environment variables validated via Zod\u001b[39m","timestamp":"2026-04-15 00:58:09:589"}
{"level":"\u001b[32minfo\u001b[39m","message":"\u001b[32m🔗 Constructed internal REDIS_URL from host and port configuration\u001b[39m","timestamp":"2026-04-15 00:58:09:589"}
{"level":"\u001b[32minfo\u001b[39m","message":"\u001b[32m✅ Configuration validation passed\u001b[39m","timestamp":"2026-04-15 00:58:09:589"}
{"level":"\u001b[32minfo\u001b[39m","message":"\u001b[32mConfigService initialized as wrapper for ConfigManager\u001b[39m","timestamp":"2026-04-15 00:58:09:589"}
{"level":"\u001b[32minfo\u001b[39m","message":"\u001b[32m✅ Environment variables validated via Zod\u001b[39m","timestamp":"2026-04-15 00:58:58:5858"}
{"level":"\u001b[32minfo\u001b[39m","message":"\u001b[32m🔗 Constructed internal REDIS_URL from host and port configuration\u001b[39m","timestamp":"2026-04-15 00:58:58:5858"}
{"level":"\u001b[32minfo\u001b[39m","message":"\u001b[32m✅ Configuration validation passed\u001b[39m","timestamp":"2026-04-15 00:58:58:5858"}
{"level":"\u001b[32minfo\u001b[39m","message":"\u001b[32mConfigService initialized as wrapper for ConfigManager\u001b[39m","timestamp":"2026-04-15 00:58:58:5858"}
{"level":"\u001b[32minfo\u001b[39m","message":"\u001b[32m✅ Environment variables validated via Zod\u001b[39m","timestamp":"2026-04-15 01:32:13:3213"}
{"level":"\u001b[32minfo\u001b[39m","message":"\u001b[32m🔗 Constructed internal REDIS_URL from host and port configuration\u001b[39m","timestamp":"2026-04-15 01:32:13:3213"}
{"level":"\u001b[32minfo\u001b[39m","message":"\u001b[32m✅ Configuration validation passed\u001b[39m","timestamp":"2026-04-15 01:32:13:3213"}
{"level":"\u001b[32minfo\u001b[39m","message":"\u001b[32mConfigService initialized as wrapper for ConfigManager\u001b[39m","timestamp":"2026-04-15 01:32:13:3213"}
{"level":"\u001b[32minfo\u001b[39m","message":"\u001b[32m✅ Environment variables validated via Zod\u001b[39m","timestamp":"2026-04-15 01:32:13:3213"}
{"level":"\u001b[33mwarn\u001b[39m","message":"\u001b[33m⚠️ JWT_SECRET is missing or using default value! Tokens will be signed with an insecure key.\u001b[39m","timestamp":"2026-04-15 01:32:13:3213"}
{"level":"\u001b[32minfo\u001b[39m","message":"\u001b[32m🔗 Constructed internal REDIS_URL from host and port configuration\u001b[39m","timestamp":"2026-04-15 01:32:13:3213"}
{"level":"\u001b[32minfo\u001b[39m","message":"\u001b[32m✅ Configuration validation passed\u001b[39m","timestamp":"2026-04-15 01:32:13:3213"}
{"level":"\u001b[32minfo\u001b[39m","message":"\u001b[32mConfigService initialized as wrapper for ConfigManager\u001b[39m","timestamp":"2026-04-15 01:32:13:3213"}
{"level":"\u001b[32minfo\u001b[39m","message":"\u001b[32m✅ Environment variables validated via Zod\u001b[39m","timestamp":"2026-04-15 01:32:13:3213"}
{"level":"\u001b[32minfo\u001b[39m","message":"\u001b[32m🔗 Constructed internal REDIS_URL from host and port configuration\u001b[39m","timestamp":"2026-04-15 01:32:13:3213"}
{"level":"\u001b[32minfo\u001b[39m","message":"\u001b[32m✅ Configuration validation passed\u001b[39m","timestamp":"2026-04-15 01:32:13:3213"}
{"level":"\u001b[32minfo\u001b[39m","message":"\u001b[32mConfigService initialized as wrapper for ConfigManager\u001b[39m","timestamp":"2026-04-15 01:32:13:3213"}
{"level":"\u001b[32minfo\u001b[39m","message":"\u001b[32mChannel created: chan_43be8bda-64ef-4e2f-ad23-b6aa812c75ba for tenant tenant-123 under Agent system_default\u001b[39m","timestamp":"2026-04-15 01:32:29:3229"}
{"level":"\u001b[32minfo\u001b[39m","message":"\u001b[32mChannel created: chan_92871f45-bb92-4438-beec-afda93bbd2b9 for tenant tenant-123 under Agent custom-agent\u001b[39m","timestamp":"2026-04-15 01:32:29:3229"}
{"level":"\u001b[32minfo\u001b[39m","message":"\u001b[32mChannel deleted: chan-1 from tenant tenant-123 under Agent system_default (with auth cleanup)\u001b[39m","timestamp":"2026-04-15 01:32:29:3229"}
{"level":"\u001b[32minfo\u001b[39m","message":"\u001b[32m✅ Environment variables validated via Zod\u001b[39m","timestamp":"2026-04-15 01:32:29:3229"}
{"level":"\u001b[32minfo\u001b[39m","message":"\u001b[32m🔗 Constructed internal REDIS_URL from host and port configuration\u001b[39m","timestamp":"2026-04-15 01:32:29:3229"}
{"level":"\u001b[32minfo\u001b[39m","message":"\u001b[32m✅ Configuration validation passed\u001b[39m","timestamp":"2026-04-15 01:32:29:3229"}
{"level":"\u001b[32minfo\u001b[39m","message":"\u001b[32mConfigService initialized as wrapper for ConfigManager\u001b[39m","timestamp":"2026-04-15 01:32:29:3229"}
{"level":"\u001b[32minfo\u001b[39m","message":"\u001b[32mAuthSystem initialized for Channel: resilience-channel (Tenant: resilience-tenant, Path: channels)\u001b[39m","timestamp":"2026-04-15 01:32:51:3251"}
{"level":"\u001b[32minfo\u001b[39m","message":"\u001b[32m[AuthSystem] Starting connection attempt for resilience-channel. Force: false\u001b[39m","timestamp":"2026-04-15 01:32:51:3251"}
{"error":{},"level":"\u001b[31merror\u001b[39m","message":"\u001b[31mAuthSystem connection failed\u001b[39m","timestamp":"2026-04-15 01:32:51:3251"}
{"level":"\u001b[32minfo\u001b[39m","message":"\u001b[32mAuthSystem initialized for Channel: resilience-channel (Tenant: resilience-tenant, Path: channels)\u001b[39m","timestamp":"2026-04-15 01:32:51:3251"}
{"level":"\u001b[32minfo\u001b[39m","message":"\u001b[32m[AuthSystem] Starting connection attempt for resilience-channel. Force: true\u001b[39m","timestamp":"2026-04-15 01:32:51:3251"}
{"level":"\u001b[33mwarn\u001b[39m","message":"\u001b[33m[AuthSystem] FORCING new session for resilience-channel. Clearing old creds.\u001b[39m","timestamp":"2026-04-15 01:32:51:3251"}
{"level":"\u001b[32minfo\u001b[39m","message":"\u001b[32m[AuthSystem] Auth state loaded for resilience-channel. Has Me: false\u001b[39m","timestamp":"2026-04-15 01:32:51:3251"}
{"level":"\u001b[33mwarn\u001b[39m","message":"\u001b[33m[AuthSystem] A newer version of Baileys is available: 2.3000.1015901307. Current session might need update.\u001b[39m","timestamp":"2026-04-15 01:32:51:3251"}
{"level":"\u001b[32minfo\u001b[39m","message":"\u001b[32mAuthSystem initialized for Channel: resilience-channel (Tenant: resilience-tenant, Path: channels)\u001b[39m","timestamp":"2026-04-15 01:32:51:3251"}
{"level":"\u001b[32minfo\u001b[39m","message":"\u001b[32m[AuthSystem] Starting connection attempt for resilience-channel. Force: false\u001b[39m","timestamp":"2026-04-15 01:32:51:3251"}
{"level":"\u001b[32minfo\u001b[39m","message":"\u001b[32m[AuthSystem] Auth state loaded for resilience-channel. Has Me: false\u001b[39m","timestamp":"2026-04-15 01:32:51:3251"}
{"level":"\u001b[33mwarn\u001b[39m","message":"\u001b[33m[AuthSystem] A newer version of Baileys is available: 2.3000.1015901307. Current session might need update.\u001b[39m","timestamp":"2026-04-15 01:32:51:3251"}
{"error":{"output":{"statusCode":401}},"level":"\u001b[33mwarn\u001b[39m","message":"\u001b[33m[AuthSystem] Connection closed for resilience-channel. Reconnect: false\u001b[39m","statusCode":401,"timestamp":"2026-04-15 01:32:51:3251"}
{"level":"\u001b[31merror\u001b[39m","message":"\u001b[31m[AuthSystem] SESSION LOGGED_OUT for resilience-channel. Cleaning up Firestore auth state...\u001b[39m","timestamp":"2026-04-15 01:32:51:3251"}
{"level":"\u001b[32minfo\u001b[39m","message":"\u001b[32mAuthSystem initialized for Channel: resilience-channel (Tenant: resilience-tenant, Path: channels)\u001b[39m","timestamp":"2026-04-15 01:32:51:3251"}
{"level":"\u001b[32minfo\u001b[39m","message":"\u001b[32mAuthSystem initialized for Channel: resilience-channel (Tenant: resilience-tenant, Path: channels)\u001b[39m","timestamp":"2026-04-15 01:32:51:3251"}
{"level":"\u001b[32minfo\u001b[39m","message":"\u001b[32m[AuthSystem] Starting connection attempt for resilience-channel. Force: false\u001b[39m","timestamp":"2026-04-15 01:32:51:3251"}
{"level":"\u001b[32minfo\u001b[39m","message":"\u001b[32m[AuthSystem] Auth state loaded for resilience-channel. Has Me: false\u001b[39m","timestamp":"2026-04-15 01:32:51:3251"}
{"level":"\u001b[33mwarn\u001b[39m","message":"\u001b[33m[AuthSystem] A newer version of Baileys is available: 2.3000.1015901307. Current session might need update.\u001b[39m","timestamp":"2026-04-15 01:32:51:3251"}
{"error":{"output":{"statusCode":503}},"level":"\u001b[33mwarn\u001b[39m","message":"\u001b[33m[AuthSystem] Connection closed for resilience-channel. Reconnect: true\u001b[39m","statusCode":503,"timestamp":"2026-04-15 01:32:51:3251"}
{"level":"\u001b[32minfo\u001b[39m","message":"\u001b[32m[AuthSystem] Scheduling reconnect in 1000ms (Attempt 1)\u001b[39m","timestamp":"2026-04-15 01:32:51:3251"}
{"level":"\u001b[32minfo\u001b[39m","message":"\u001b[32m[AuthSystem] Starting connection attempt for resilience-channel. Force: false\u001b[39m","timestamp":"2026-04-15 01:32:52:3252"}
{"level":"\u001b[32minfo\u001b[39m","message":"\u001b[32m[AuthSystem] Auth state loaded for resilience-channel. Has Me: false\u001b[39m","timestamp":"2026-04-15 01:32:52:3252"}
{"level":"\u001b[33mwarn\u001b[39m","message":"\u001b[33m[AuthSystem] A newer version of Baileys is available: 2.3000.1015901307. Current session might need update.\u001b[39m","timestamp":"2026-04-15 01:32:52:3252"}
{"level":"\u001b[32minfo\u001b[39m","message":"\u001b[32mAuthSystem initialized for Channel: resilience-channel (Tenant: resilience-tenant, Path: channels)\u001b[39m","timestamp":"2026-04-15 01:32:51:3251"}
{"level":"\u001b[32minfo\u001b[39m","message":"\u001b[32m[AuthSystem] Starting connection attempt for resilience-channel. Force: false\u001b[39m","timestamp":"2026-04-15 01:32:51:3251"}
{"level":"\u001b[32minfo\u001b[39m","message":"\u001b[32m[AuthSystem] Auth state loaded for resilience-channel. Has Me: false\u001b[39m","timestamp":"2026-04-15 01:32:51:3251"}
{"level":"\u001b[33mwarn\u001b[39m","message":"\u001b[33m[AuthSystem] A newer version of Baileys is available: 2.3000.1015901307. Current session might need update.\u001b[39m","timestamp":"2026-04-15 01:32:51:3251"}
{"level":"\u001b[32minfo\u001b[39m","message":"\u001b[32mAuthSystem initialized for Channel: resilience-channel (Tenant: resilience-tenant, Path: channels)\u001b[39m","timestamp":"2026-04-15 01:32:51:3251"}
{"level":"\u001b[32minfo\u001b[39m","message":"\u001b[32m[AuthSystem] Starting connection attempt for resilience-channel. Force: false\u001b[39m","timestamp":"2026-04-15 01:32:51:3251"}
{"level":"\u001b[32minfo\u001b[39m","message":"\u001b[32m[AuthSystem] Auth state loaded for resilience-channel. Has Me: false\u001b[39m","timestamp":"2026-04-15 01:32:51:3251"}
{"level":"\u001b[33mwarn\u001b[39m","message":"\u001b[33m[AuthSystem] A newer version of Baileys is available: 2.3000.1015901307. Current session might need update.\u001b[39m","timestamp":"2026-04-15 01:32:51:3251"}
{"level":"\u001b[33mwarn\u001b[39m","message":"\u001b[33m[AuthSystem] Connection handshake timed out for resilience-channel. Killing socket.\u001b[39m","timestamp":"2026-04-15 01:33:21:3321"}
{"level":"\u001b[32minfo\u001b[39m","message":"\u001b[32m✅ Environment variables validated via Zod\u001b[39m","timestamp":"2026-04-15 01:32:57:3257"}
{"level":"\u001b[32minfo\u001b[39m","message":"\u001b[32m🔗 Constructed internal REDIS_URL from host and port configuration\u001b[39m","timestamp":"2026-04-15 01:32:57:3257"}
{"level":"\u001b[32minfo\u001b[39m","message":"\u001b[32m✅ Configuration validation passed\u001b[39m","timestamp":"2026-04-15 01:32:57:3257"}
{"level":"\u001b[32minfo\u001b[39m","message":"\u001b[32mConfigService initialized as wrapper for ConfigManager\u001b[39m","timestamp":"2026-04-15 01:32:57:3257"}
{"level":"\u001b[32minfo\u001b[39m","message":"\u001b[32m✅ Redis connected successfully\u001b[39m","timestamp":"2026-04-15 01:32:57:3257"}
{"level":"\u001b[32minfo\u001b[39m","message":"\u001b[32mChannel deleted: chan-1 from tenant tenant-123 under Agent agent-456 (with auth cleanup)\u001b[39m","timestamp":"2026-04-15 01:32:57:3257"}
{"level":"\u001b[32minfo\u001b[39m","message":"\u001b[32mChannel archived: chan-1 for tenant tenant-123\u001b[39m","timestamp":"2026-04-15 01:32:57:3257"}
{"level":"\u001b[32minfo\u001b[39m","message":"\u001b[32m✅ Environment variables validated via Zod\u001b[39m","timestamp":"2026-04-15 01:32:57:3257"}
{"level":"\u001b[32minfo\u001b[39m","message":"\u001b[32m🔗 Constructed internal REDIS_URL from host and port configuration\u001b[39m","timestamp":"2026-04-15 01:32:57:3257"}
{"level":"\u001b[32minfo\u001b[39m","message":"\u001b[32m✅ Configuration validation passed\u001b[39m","timestamp":"2026-04-15 01:32:57:3257"}
{"level":"\u001b[32minfo\u001b[39m","message":"\u001b[32mConfigService initialized as wrapper for ConfigManager\u001b[39m","timestamp":"2026-04-15 01:32:57:3257"}
{"level":"\u001b[32minfo\u001b[39m","message":"\u001b[32m✅ Redis connected successfully\u001b[39m","timestamp":"2026-04-15 01:32:58:3258"}
{"level":"\u001b[32minfo\u001b[39m","message":"\u001b[32m✅ Environment variables validated via Zod\u001b[39m","timestamp":"2026-04-15 01:33:46:3346"}
{"level":"\u001b[32minfo\u001b[39m","message":"\u001b[32m🔗 Constructed internal REDIS_URL from host and port configuration\u001b[39m","timestamp":"2026-04-15 01:33:46:3346"}
{"level":"\u001b[32minfo\u001b[39m","message":"\u001b[32m✅ Configuration validation passed\u001b[39m","timestamp":"2026-04-15 01:33:46:3346"}
{"level":"\u001b[32minfo\u001b[39m","message":"\u001b[32mConfigService initialized as wrapper for ConfigManager\u001b[39m","timestamp":"2026-04-15 01:33:46:3346"}
{"level":"\u001b[34mdebug\u001b[39m","message":"\u001b[34mPerformance monitoring started\u001b[39m","timestamp":"2026-04-15 01:33:46:3346"}
{"level":"\u001b[32minfo\u001b[39m","message":"\u001b[32mAnalytics service initialized\u001b[39m","timestamp":"2026-04-15 01:33:47:3347"}
{"level":"\u001b[32minfo\u001b[39m","message":"\u001b[32m✅ Redis connected successfully\u001b[39m","timestamp":"2026-04-15 01:33:47:3347"}
{"level":"\u001b[32minfo\u001b[39m","message":"\u001b[32m✅ Redis Connected - Switching to distributed cache\u001b[39m","timestamp":"2026-04-15 01:33:47:3347"}
{"level":"\u001b[32minfo\u001b[39m","message":"\u001b[32m✅ Environment variables validated via Zod\u001b[39m","timestamp":"2026-04-15 01:34:08:348"}
{"level":"\u001b[32minfo\u001b[39m","message":"\u001b[32m🔗 Constructed internal REDIS_URL from host and port configuration\u001b[39m","timestamp":"2026-04-15 01:34:08:348"}
{"level":"\u001b[32minfo\u001b[39m","message":"\u001b[32m✅ Configuration validation passed\u001b[39m","timestamp":"2026-04-15 01:34:08:348"}
{"level":"\u001b[32minfo\u001b[39m","message":"\u001b[32m✅ Redis connected successfully\u001b[39m","timestamp":"2026-04-15 01:34:08:348"}
{"level":"\u001b[32minfo\u001b[39m","message":"\u001b[32m✅ Redis Connected - Switching to distributed cache\u001b[39m","timestamp":"2026-04-15 01:34:08:348"}
{"email":"conflict@example.com","level":"\u001b[33mwarn\u001b[39m","message":"\u001b[33mGoogle Login: Email conflict detected\u001b[39m","timestamp":"2026-04-15 01:34:08:348","uid":"uid-google"}
{"level":"\u001b[32minfo\u001b[39m","message":"\u001b[32mProfile updated for user uid-123 in tenant tenant-abc\u001b[39m","timestamp":"2026-04-15 01:34:08:348"}
{"level":"\u001b[32minfo\u001b[39m","message":"\u001b[32mProfile updated for user uid-123 in tenant tenant-abc\u001b[39m","timestamp":"2026-04-15 01:34:08:348"}
{"level":"\u001b[32minfo\u001b[39m","message":"\u001b[32mProfile updated for user uid-123 in tenant tenant-abc\u001b[39m","timestamp":"2026-04-15 01:34:08:348"}
{"level":"\u001b[31merror\u001b[39m","message":"\u001b[31mupdateProfile error: Firestore unavailable\u001b[39m","timestamp":"2026-04-15 01:34:08:348","userId":"uid-123"}
{"level":"\u001b[32minfo\u001b[39m","message":"\u001b[32m✅ Environment variables validated via Zod\u001b[39m","timestamp":"2026-04-15 01:34:37:3437"}
{"level":"\u001b[32minfo\u001b[39m","message":"\u001b[32m🔗 Constructed internal REDIS_URL from host and port configuration\u001b[39m","timestamp":"2026-04-15 01:34:37:3437"}
{"level":"\u001b[32minfo\u001b[39m","message":"\u001b[32m✅ Configuration validation passed\u001b[39m","timestamp":"2026-04-15 01:34:37:3437"}
{"level":"\u001b[32minfo\u001b[39m","message":"\u001b[32mConfigService initialized as wrapper for ConfigManager\u001b[39m","timestamp":"2026-04-15 01:34:37:3437"}
{"level":"\u001b[34mdebug\u001b[39m","message":"\u001b[34mPerformance monitoring started\u001b[39m","timestamp":"2026-04-15 01:34:38:3438"}
{"level":"\u001b[32minfo\u001b[39m","message":"\u001b[32mAnalytics service initialized\u001b[39m","timestamp":"2026-04-15 01:34:38:3438"}
{"level":"\u001b[32minfo\u001b[39m","message":"\u001b[32m✅ Redis connected successfully\u001b[39m","timestamp":"2026-04-15 01:34:38:3438"}
{"level":"\u001b[32minfo\u001b[39m","message":"\u001b[32m✅ Redis Connected - Switching to distributed cache\u001b[39m","timestamp":"2026-04-15 01:34:38:3438"}
{"level":"\u001b[32minfo\u001b[39m","message":"\u001b[32m✅ Environment variables validated via Zod\u001b[39m","timestamp":"2026-04-15 01:35:08:358"}
{"level":"\u001b[32minfo\u001b[39m","message":"\u001b[32m🔗 Constructed internal REDIS_URL from host and port configuration\u001b[39m","timestamp":"2026-04-15 01:35:08:358"}
{"level":"\u001b[32minfo\u001b[39m","message":"\u001b[32m✅ Configuration validation passed\u001b[39m","timestamp":"2026-04-15 01:35:08:358"}
{"level":"\u001b[32minfo\u001b[39m","message":"\u001b[32mConfigService initialized as wrapper for ConfigManager\u001b[39m","timestamp":"2026-04-15 01:35:08:358"}
{"level":"\u001b[34mdebug\u001b[39m","message":"\u001b[34m[MastermindStream] Emitted reasoning:start for agent agent-456 (Tenant: tenant-123)\u001b[39m","timestamp":"2026-04-15 01:35:28:3528"}
{"level":"\u001b[34mdebug\u001b[39m","message":"\u001b[34m[MastermindStream] Emitted reasoning:thought for agent agent-456 (Tenant: tenant-123)\u001b[39m","timestamp":"2026-04-15 01:35:28:3528"}
{"level":"\u001b[34mdebug\u001b[39m","message":"\u001b[34m[MastermindStream] Emitted tool:invoke for agent agent-456 (Tenant: tenant-123)\u001b[39m","timestamp":"2026-04-15 01:35:28:3528"}
{"level":"\u001b[34mdebug\u001b[39m","message":"\u001b[34m[MastermindStream] Emitted agent:spawn for agent sub-agent-1 (Tenant: tenant-123)\u001b[39m","timestamp":"2026-04-15 01:35:28:3528"}
{"error":"Socket error","level":"\u001b[31merror\u001b[39m","message":"\u001b[31m[MastermindStream] Failed to emit reasoning:complete:\u001b[39m","stack":"Error: Socket error\n    at Object.<anonymous> (/home/codedex/projects/DeXMart/src/services/MastermindStreamService.test.ts:83:19)\n    at Object.Mock [as emitToTenant] (file:///home/codedex/projects/DeXMart/node_modules/.pnpm/@vitest+spy@4.0.18/node_modules/@vitest/spy/dist/index.js:285:34)\n    at MastermindStreamService.emit (/home/codedex/projects/DeXMart/src/services/MastermindStreamService.ts:48:27)\n    at MastermindStreamService.complete (/home/codedex/projects/DeXMart/src/services/MastermindStreamService.ts:82:14)\n    at /home/codedex/projects/DeXMart/src/services/MastermindStreamService.test.ts:87:30\n    at Proxy.assertThrows (file:///home/codedex/projects/DeXMart/node_modules/.pnpm/chai@6.2.2/node_modules/chai/index.js:2798:5)\n    at Proxy.methodWrapper (file:///home/codedex/projects/DeXMart/node_modules/.pnpm/chai@6.2.2/node_modules/chai/index.js:1700:25)\n    at Proxy.<anonymous> (file:///home/codedex/projects/DeXMart/node_modules/.pnpm/@vitest+expect@4.0.18/node_modules/@vitest/expect/dist/index.js:1149:12)\n    at Proxy.overwritingMethodWrapper (file:///home/codedex/projects/DeXMart/node_modules/.pnpm/chai@6.2.2/node_modules/chai/index.js:1750:33)\n    at Proxy.<anonymous> (file:///home/codedex/projects/DeXMart/node_modules/.pnpm/@vitest+expect@4.0.18/node_modules/@vitest/expect/dist/index.js:1485:16)","timestamp":"2026-04-15 01:35:28:3528"}
{"level":"\u001b[32minfo\u001b[39m","message":"\u001b[32m✅ Environment variables validated via Zod\u001b[39m","timestamp":"2026-04-15 01:35:39:3539"}
{"level":"\u001b[32minfo\u001b[39m","message":"\u001b[32m🔗 Constructed internal REDIS_URL from host and port configuration\u001b[39m","timestamp":"2026-04-15 01:35:39:3539"}
{"level":"\u001b[32minfo\u001b[39m","message":"\u001b[32m✅ Configuration validation passed\u001b[39m","timestamp":"2026-04-15 01:35:39:3539"}
{"level":"\u001b[32minfo\u001b[39m","message":"\u001b[32mConfigService initialized as wrapper for ConfigManager\u001b[39m","timestamp":"2026-04-15 01:35:39:3539"}
{"level":"\u001b[32minfo\u001b[39m","message":"\u001b[32mFlow 'Welcome Flow' (flow1) triggered for user user1\u001b[39m","timestamp":"2026-04-15 01:35:40:3540"}
{"level":"\u001b[34mdebug\u001b[39m","message":"\u001b[34mExecuting node n2 [Type: action]\u001b[39m","timestamp":"2026-04-15 01:35:40:3540"}
{"level":"\u001b[32minfo\u001b[39m","message":"\u001b[32mFlow 'Logic Flow' (flow2) triggered for user user1\u001b[39m","timestamp":"2026-04-15 01:35:40:3540"}
{"level":"\u001b[34mdebug\u001b[39m","message":"\u001b[34mExecuting node n2 [Type: logic]\u001b[39m","timestamp":"2026-04-15 01:35:40:3540"}
{"level":"\u001b[34mdebug\u001b[39m","message":"\u001b[34mExecuting node n3 [Type: action]\u001b[39m","timestamp":"2026-04-15 01:35:40:3540"}
{"level":"\u001b[32minfo\u001b[39m","message":"\u001b[32mFlow 'AI Flow' (flow3) triggered for user user1\u001b[39m","timestamp":"2026-04-15 01:35:40:3540"}
{"level":"\u001b[34mdebug\u001b[39m","message":"\u001b[34mExecuting node n2 [Type: ai]\u001b[39m","timestamp":"2026-04-15 01:35:40:3540"}
{"level":"\u001b[32minfo\u001b[39m","message":"\u001b[32mFlow 'Router Flow' (flow4) triggered for user user1\u001b[39m","timestamp":"2026-04-15 01:35:40:3540"}
{"level":"\u001b[34mdebug\u001b[39m","message":"\u001b[34mExecuting node n2 [Type: ai_router]\u001b[39m","timestamp":"2026-04-15 01:35:40:3540"}
{"level":"\u001b[34mdebug\u001b[39m","message":"\u001b[34mExecuting node n4 [Type: action]\u001b[39m","timestamp":"2026-04-15 01:35:40:3540"}
{"level":"\u001b[32minfo\u001b[39m","message":"\u001b[32mFlow 'Pizza Flow' (flow5) triggered for user user1\u001b[39m","timestamp":"2026-04-15 01:35:40:3540"}
{"level":"\u001b[34mdebug\u001b[39m","message":"\u001b[34mExecuting node n2 [Type: action]\u001b[39m","timestamp":"2026-04-15 01:35:40:3540"}
{"level":"\u001b[34mdebug\u001b[39m","message":"\u001b[34mExecuting node n3 [Type: wait_for_input]\u001b[39m","timestamp":"2026-04-15 01:35:40:3540"}
{"level":"\u001b[34mdebug\u001b[39m","message":"\u001b[34mFlow state saved for user user1 at node n3\u001b[39m","timestamp":"2026-04-15 01:35:40:3540"}
{"level":"\u001b[32minfo\u001b[39m","message":"\u001b[32mResuming flow 'Pizza Flow' for user user1 from node n3\u001b[39m","timestamp":"2026-04-15 01:35:40:3540"}
{"level":"\u001b[34mdebug\u001b[39m","message":"\u001b[34mExecuting node n4 [Type: action]\u001b[39m","timestamp":"2026-04-15 01:35:40:3540"}
{"level":"\u001b[32minfo\u001b[39m","message":"\u001b[32m[TenantConfigService] Updated config for channel channel-789\u001b[39m","timestamp":"2026-04-15 01:36:27:3627"}
{"level":"\u001b[32minfo\u001b[39m","message":"\u001b[32m[Ingress] Common message from telegram (chan-456) for tenant tenant-123\u001b[39m","timestamp":"2026-04-15 01:36:41:3641"}
{"level":"\u001b[33mwarn\u001b[39m","message":"\u001b[33m[Ingress] Channel chan-456 not found in Firestore, using mock instance.\u001b[39m","timestamp":"2026-04-15 01:36:41:3641"}
{"level":"\u001b[32minfo\u001b[39m","message":"\u001b[32m[Ingress] Routing telegram message to Agent: AI Assistant\u001b[39m","timestamp":"2026-04-15 01:36:41:3641"}
{"level":"\u001b[32minfo\u001b[39m","message":"\u001b[32mProcessing message for channel chan-456 (Tenant: tenant-123, Path: tenants/tenant-123/agents/system_default/channels/chan-456)\u001b[39m","timestamp":"2026-04-15 01:36:41:3641"}
{"level":"\u001b[32minfo\u001b[39m","message":"\u001b[32mNo AI Agent assigned (or system_default). Forwarding to Webhook.\u001b[39m","timestamp":"2026-04-15 01:36:41:3641"}
{"level":"\u001b[32minfo\u001b[39m","message":"\u001b[32m[Ingress] Common message from telegram (chan-456) for tenant tenant-123\u001b[39m","timestamp":"2026-04-15 01:36:41:3641"}
{"level":"\u001b[33mwarn\u001b[39m","message":"\u001b[33m[Ingress] Channel chan-456 not found in Firestore, using mock instance.\u001b[39m","timestamp":"2026-04-15 01:36:41:3641"}
{"level":"\u001b[32minfo\u001b[39m","message":"\u001b[32m[Ingress] Routing telegram message to Agent: AI Agent\u001b[39m","timestamp":"2026-04-15 01:36:41:3641"}
{"level":"\u001b[32minfo\u001b[39m","message":"\u001b[32m[Ingress] Common message from telegram (chan-456) for tenant tenant-123\u001b[39m","timestamp":"2026-04-15 01:36:41:3641"}
{"level":"\u001b[33mwarn\u001b[39m","message":"\u001b[33m[Ingress] Channel chan-456 not found in Firestore, using mock instance.\u001b[39m","timestamp":"2026-04-15 01:36:41:3641"}
{"level":"\u001b[32minfo\u001b[39m","message":"\u001b[32m[Ingress] Webhook forwarding for telegram message.\u001b[39m","timestamp":"2026-04-15 01:36:41:3641"}
{"level":"\u001b[32minfo\u001b[39m","message":"\u001b[32mHandling checkout.session.completed\u001b[39m","sessionId":"cs_123","timestamp":"2026-04-15 01:37:02:372"}
{"level":"\u001b[33mwarn\u001b[39m","message":"\u001b[33mStripe webhook received without signature or secret\u001b[39m","timestamp":"2026-04-15 01:37:04:374"}
{"level":"\u001b[32minfo\u001b[39m","message":"\u001b[32mHandling checkout.session.completed\u001b[39m","sessionId":"cs_123","timestamp":"2026-04-15 01:37:04:374"}
{"level":"\u001b[32minfo\u001b[39m","message":"\u001b[32mHandling customer.subscription.updated\u001b[39m","subscriptionId":"sub_123","timestamp":"2026-04-15 01:37:04:374"}
{"invoiceId":"in_123","level":"\u001b[32minfo\u001b[39m","message":"\u001b[32mHandling invoice.paid\u001b[39m","timestamp":"2026-04-15 01:37:04:374"}
{"level":"\u001b[32minfo\u001b[39m","message":"\u001b[32mReset usage for tenant tenant-123 due to invoice payment\u001b[39m","timestamp":"2026-04-15 01:37:04:374"}
{"level":"\u001b[32minfo\u001b[39m","message":"\u001b[32m✅ Environment variables validated via Zod\u001b[39m","timestamp":"2026-04-15 01:37:27:3727"}
{"level":"\u001b[32minfo\u001b[39m","message":"\u001b[32m🔗 Constructed internal REDIS_URL from host and port configuration\u001b[39m","timestamp":"2026-04-15 01:37:27:3727"}
{"level":"\u001b[32minfo\u001b[39m","message":"\u001b[32m✅ Configuration validation passed\u001b[39m","timestamp":"2026-04-15 01:37:27:3727"}
{"level":"\u001b[32minfo\u001b[39m","message":"\u001b[32mConfigService initialized as wrapper for ConfigManager\u001b[39m","timestamp":"2026-04-15 01:37:27:3727"}
{"level":"\u001b[32minfo\u001b[39m","message":"\u001b[32m✅ Environment variables validated via Zod\u001b[39m","timestamp":"2026-04-15 01:37:41:3741"}
{"level":"\u001b[32minfo\u001b[39m","message":"\u001b[32m🔗 Constructed internal REDIS_URL from host and port configuration\u001b[39m","timestamp":"2026-04-15 01:37:41:3741"}
{"level":"\u001b[32minfo\u001b[39m","message":"\u001b[32m✅ Configuration validation passed\u001b[39m","timestamp":"2026-04-15 01:37:41:3741"}
{"level":"\u001b[32minfo\u001b[39m","message":"\u001b[32mConfigService initialized as wrapper for ConfigManager\u001b[39m","timestamp":"2026-04-15 01:37:41:3741"}
{"error":"DB Error","level":"\u001b[31merror\u001b[39m","message":"\u001b[31mPlanMiddleware.checkBotLimit error:\u001b[39m","stack":"Error: DB Error\n    at /home/codedex/projects/DeXMart/src/middleware/planMiddleware.test.ts:59:88\n    at file:///home/codedex/projects/DeXMart/node_modules/.pnpm/@vitest+runner@4.0.18/node_modules/@vitest/runner/dist/index.js:145:11\n    at file:///home/codedex/projects/DeXMart/node_modules/.pnpm/@vitest+runner@4.0.18/node_modules/@vitest/runner/dist/index.js:915:26\n    at file:///home/codedex/projects/DeXMart/node_modules/.pnpm/@vitest+runner@4.0.18/node_modules/@vitest/runner/dist/index.js:1243:20\n    at new Promise (<anonymous>)\n    at runWithTimeout (file:///home/codedex/projects/DeXMart/node_modules/.pnpm/@vitest+runner@4.0.18/node_modules/@vitest/runner/dist/index.js:1209:10)\n    at file:///home/codedex/projects/DeXMart/node_modules/.pnpm/@vitest+runner@4.0.18/node_modules/@vitest/runner/dist/index.js:1653:37\n    at Traces.$ (file:///home/codedex/projects/DeXMart/node_modules/.pnpm/vitest@4.0.18_@opentelemetry+api@1.9.0_@types+node@25.3.5_@vitest+browser-playwright@4._6fa2b656c420e651f3481f97639a49f8/node_modules/vitest/dist/chunks/traces.CCmnQaNT.js:142:27)\n    at trace (file:///home/codedex/projects/DeXMart/node_modules/.pnpm/vitest@4.0.18_@opentelemetry+api@1.9.0_@types+node@25.3.5_@vitest+browser-playwright@4._6fa2b656c420e651f3481f97639a49f8/node_modules/vitest/dist/chunks/test.B8ej_ZHS.js:239:21)\n    at runTest (file:///home/codedex/projects/DeXMart/node_modules/.pnpm/@vitest+runner@4.0.18/node_modules/@vitest/runner/dist/index.js:1653:12)","timestamp":"2026-04-15 01:37:41:3741"}
{"error":"DB Error","level":"\u001b[31merror\u001b[39m","message":"\u001b[31mPlanMiddleware.checkFeatureAccess error:\u001b[39m","stack":"Error: DB Error\n    at /home/codedex/projects/DeXMart/src/middleware/planMiddleware.test.ts:106:88\n    at file:///home/codedex/projects/DeXMart/node_modules/.pnpm/@vitest+runner@4.0.18/node_modules/@vitest/runner/dist/index.js:145:11\n    at file:///home/codedex/projects/DeXMart/node_modules/.pnpm/@vitest+runner@4.0.18/node_modules/@vitest/runner/dist/index.js:915:26\n    at file:///home/codedex/projects/DeXMart/node_modules/.pnpm/@vitest+runner@4.0.18/node_modules/@vitest/runner/dist/index.js:1243:20\n    at new Promise (<anonymous>)\n    at runWithTimeout (file:///home/codedex/projects/DeXMart/node_modules/.pnpm/@vitest+runner@4.0.18/node_modules/@vitest/runner/dist/index.js:1209:10)\n    at file:///home/codedex/projects/DeXMart/node_modules/.pnpm/@vitest+runner@4.0.18/node_modules/@vitest/runner/dist/index.js:1653:37\n    at Traces.$ (file:///home/codedex/projects/DeXMart/node_modules/.pnpm/vitest@4.0.18_@opentelemetry+api@1.9.0_@types+node@25.3.5_@vitest+browser-playwright@4._6fa2b656c420e651f3481f97639a49f8/node_modules/vitest/dist/chunks/traces.CCmnQaNT.js:142:27)\n    at trace (file:///home/codedex/projects/DeXMart/node_modules/.pnpm/vitest@4.0.18_@opentelemetry+api@1.9.0_@types+node@25.3.5_@vitest+browser-playwright@4._6fa2b656c420e651f3481f97639a49f8/node_modules/vitest/dist/chunks/test.B8ej_ZHS.js:239:21)\n    at runTest (file:///home/codedex/projects/DeXMart/node_modules/.pnpm/@vitest+runner@4.0.18/node_modules/@vitest/runner/dist/index.js:1653:12)","timestamp":"2026-04-15 01:37:41:3741"}
{"level":"\u001b[32minfo\u001b[39m","message":"\u001b[32m✅ Environment variables validated via Zod\u001b[39m","timestamp":"2026-04-15 01:37:45:3745"}
{"level":"\u001b[32minfo\u001b[39m","message":"\u001b[32m🔗 Constructed internal REDIS_URL from host and port configuration\u001b[39m","timestamp":"2026-04-15 01:37:45:3745"}
{"level":"\u001b[32minfo\u001b[39m","message":"\u001b[32m✅ Configuration validation passed\u001b[39m","timestamp":"2026-04-15 01:37:45:3745"}
{"level":"\u001b[32minfo\u001b[39m","message":"\u001b[32mConfigService initialized as wrapper for ConfigManager\u001b[39m","timestamp":"2026-04-15 01:37:45:3745"}
{"level":"\u001b[32minfo\u001b[39m","message":"\u001b[32m✅ Environment variables validated via Zod\u001b[39m","timestamp":"2026-04-15 01:38:26:3826"}
{"level":"\u001b[32minfo\u001b[39m","message":"\u001b[32m🔗 Constructed internal REDIS_URL from host and port configuration\u001b[39m","timestamp":"2026-04-15 01:38:26:3826"}
{"level":"\u001b[32minfo\u001b[39m","message":"\u001b[32m✅ Configuration validation passed\u001b[39m","timestamp":"2026-04-15 01:38:26:3826"}
{"event":"Refresh Failure: Token not found (Possible Replay)","level":"\u001b[33mwarn\u001b[39m","message":"\u001b[33mSecurity Event: Refresh Failure: Token not found (Possible Replay)\u001b[39m","timestamp":"2026-04-15 01:38:26:3826","token":"[REDACTED]","userId":null}
{"level":"\u001b[32minfo\u001b[39m","message":"\u001b[32m✅ Redis connected successfully\u001b[39m","timestamp":"2026-04-15 01:38:26:3826"}
{"level":"\u001b[32minfo\u001b[39m","message":"\u001b[32m✅ Redis Connected - Switching to distributed cache\u001b[39m","timestamp":"2026-04-15 01:38:26:3826"}
{"level":"\u001b[32minfo\u001b[39m","message":"\u001b[32m✅ Environment variables validated via Zod\u001b[39m","timestamp":"2026-04-15 01:39:02:392"}
{"level":"\u001b[32minfo\u001b[39m","message":"\u001b[32m🔗 Constructed internal REDIS_URL from host and port configuration\u001b[39m","timestamp":"2026-04-15 01:39:02:392"}
{"level":"\u001b[32minfo\u001b[39m","message":"\u001b[32m✅ Configuration validation passed\u001b[39m","timestamp":"2026-04-15 01:39:02:392"}
{"level":"\u001b[32minfo\u001b[39m","message":"\u001b[32mConfigService initialized as wrapper for ConfigManager\u001b[39m","timestamp":"2026-04-15 01:39:02:392"}
{"level":"\u001b[32minfo\u001b[39m","message":"\u001b[32m[Ingress] Common message from whatsapp (chan-1) for tenant tenant-123\u001b[39m","timestamp":"2026-04-15 01:39:07:397"}
{"level":"\u001b[32minfo\u001b[39m","message":"\u001b[32m[Ingress] Routing whatsapp message to Agent: AI Agent\u001b[39m","timestamp":"2026-04-15 01:39:07:397"}
{"level":"\u001b[32minfo\u001b[39m","message":"\u001b[32m[Ingress] Common message from whatsapp (chan-1) for tenant tenant-123\u001b[39m","timestamp":"2026-04-15 01:39:07:397"}
{"level":"\u001b[32minfo\u001b[39m","message":"\u001b[32m[Ingress] Webhook forwarding for whatsapp message.\u001b[39m","timestamp":"2026-04-15 01:39:07:397"}
{"level":"\u001b[32minfo\u001b[39m","message":"\u001b[32m✅ Environment variables validated via Zod\u001b[39m","timestamp":"2026-04-15 01:39:17:3917"}
{"level":"\u001b[32minfo\u001b[39m","message":"\u001b[32m🔗 Constructed internal REDIS_URL from host and port configuration\u001b[39m","timestamp":"2026-04-15 01:39:17:3917"}
{"level":"\u001b[32minfo\u001b[39m","message":"\u001b[32m✅ Configuration validation passed\u001b[39m","timestamp":"2026-04-15 01:39:17:3917"}
{"level":"\u001b[32minfo\u001b[39m","message":"\u001b[32mConfigService initialized as wrapper for ConfigManager\u001b[39m","timestamp":"2026-04-15 01:39:17:3917"}
{"level":"\u001b[32minfo\u001b[39m","message":"\u001b[32m✅ Redis connected successfully\u001b[39m","timestamp":"2026-04-15 01:39:17:3917"}
{"level":"\u001b[32minfo\u001b[39m","message":"\u001b[32mChannel chan-1 moved from agent-old to agent-new\u001b[39m","timestamp":"2026-04-15 01:39:17:3917"}
{"level":"\u001b[32minfo\u001b[39m","message":"\u001b[32m✅ Environment variables validated via Zod\u001b[39m","timestamp":"2026-04-15 01:54:52:5452"}
{"level":"\u001b[32minfo\u001b[39m","message":"\u001b[32m🔗 Constructed internal REDIS_URL from host and port configuration\u001b[39m","timestamp":"2026-04-15 01:54:52:5452"}
{"level":"\u001b[32minfo\u001b[39m","message":"\u001b[32m✅ Configuration validation passed\u001b[39m","timestamp":"2026-04-15 01:54:52:5452"}
{"level":"\u001b[32minfo\u001b[39m","message":"\u001b[32mConfigService initialized as wrapper for ConfigManager\u001b[39m","timestamp":"2026-04-15 01:54:52:5452"}
{"level":"\u001b[32minfo\u001b[39m","message":"\u001b[32m✅ Environment variables validated via Zod\u001b[39m","timestamp":"2026-04-15 01:54:52:5452"}
{"level":"\u001b[33mwarn\u001b[39m","message":"\u001b[33m⚠️ JWT_SECRET is missing or using default value! Tokens will be signed with an insecure key.\u001b[39m","timestamp":"2026-04-15 01:54:52:5452"}
{"level":"\u001b[32minfo\u001b[39m","message":"\u001b[32m🔗 Constructed internal REDIS_URL from host and port configuration\u001b[39m","timestamp":"2026-04-15 01:54:52:5452"}
{"level":"\u001b[32minfo\u001b[39m","message":"\u001b[32m✅ Configuration validation passed\u001b[39m","timestamp":"2026-04-15 01:54:52:5452"}
{"level":"\u001b[32minfo\u001b[39m","message":"\u001b[32mConfigService initialized as wrapper for ConfigManager\u001b[39m","timestamp":"2026-04-15 01:54:52:5452"}
{"level":"\u001b[32minfo\u001b[39m","message":"\u001b[32m✅ Environment variables validated via Zod\u001b[39m","timestamp":"2026-04-15 01:54:52:5452"}
{"level":"\u001b[32minfo\u001b[39m","message":"\u001b[32m🔗 Constructed internal REDIS_URL from host and port configuration\u001b[39m","timestamp":"2026-04-15 01:54:52:5452"}
{"level":"\u001b[32minfo\u001b[39m","message":"\u001b[32m✅ Configuration validation passed\u001b[39m","timestamp":"2026-04-15 01:54:52:5452"}
{"level":"\u001b[32minfo\u001b[39m","message":"\u001b[32mConfigService initialized as wrapper for ConfigManager\u001b[39m","timestamp":"2026-04-15 01:54:52:5452"}
{"level":"\u001b[32minfo\u001b[39m","message":"\u001b[32mChannel created: chan_af9ea1e2-08d6-476e-941e-3f76dec5457e for tenant tenant-123 under Agent system_default\u001b[39m","timestamp":"2026-04-15 01:55:12:5512"}
{"level":"\u001b[32minfo\u001b[39m","message":"\u001b[32mChannel created: chan_88055f3b-3d57-480c-8018-a262ad998b4b for tenant tenant-123 under Agent custom-agent\u001b[39m","timestamp":"2026-04-15 01:55:12:5512"}
{"level":"\u001b[32minfo\u001b[39m","message":"\u001b[32mChannel deleted: chan-1 from tenant tenant-123 under Agent system_default (with auth cleanup)\u001b[39m","timestamp":"2026-04-15 01:55:12:5512"}
{"level":"\u001b[32minfo\u001b[39m","message":"\u001b[32m✅ Environment variables validated via Zod\u001b[39m","timestamp":"2026-04-15 01:55:13:5513"}
{"level":"\u001b[32minfo\u001b[39m","message":"\u001b[32m🔗 Constructed internal REDIS_URL from host and port configuration\u001b[39m","timestamp":"2026-04-15 01:55:13:5513"}
{"level":"\u001b[32minfo\u001b[39m","message":"\u001b[32m✅ Configuration validation passed\u001b[39m","timestamp":"2026-04-15 01:55:13:5513"}
{"level":"\u001b[32minfo\u001b[39m","message":"\u001b[32mConfigService initialized as wrapper for ConfigManager\u001b[39m","timestamp":"2026-04-15 01:55:13:5513"}
{"level":"\u001b[32minfo\u001b[39m","message":"\u001b[32mAuthSystem initialized for Channel: resilience-channel (Tenant: resilience-tenant, Path: channels)\u001b[39m","timestamp":"2026-04-15 01:55:31:5531"}
{"level":"\u001b[32minfo\u001b[39m","message":"\u001b[32m[AuthSystem] Starting connection attempt for resilience-channel. Force: false\u001b[39m","timestamp":"2026-04-15 01:55:31:5531"}
{"error":{},"level":"\u001b[31merror\u001b[39m","message":"\u001b[31mAuthSystem connection failed\u001b[39m","timestamp":"2026-04-15 01:55:31:5531"}
{"level":"\u001b[32minfo\u001b[39m","message":"\u001b[32mAuthSystem initialized for Channel: resilience-channel (Tenant: resilience-tenant, Path: channels)\u001b[39m","timestamp":"2026-04-15 01:55:31:5531"}
{"level":"\u001b[32minfo\u001b[39m","message":"\u001b[32m[AuthSystem] Starting connection attempt for resilience-channel. Force: true\u001b[39m","timestamp":"2026-04-15 01:55:31:5531"}
{"level":"\u001b[33mwarn\u001b[39m","message":"\u001b[33m[AuthSystem] FORCING new session for resilience-channel. Clearing old creds.\u001b[39m","timestamp":"2026-04-15 01:55:31:5531"}
{"level":"\u001b[32minfo\u001b[39m","message":"\u001b[32m[AuthSystem] Auth state loaded for resilience-channel. Has Me: false\u001b[39m","timestamp":"2026-04-15 01:55:31:5531"}
{"level":"\u001b[33mwarn\u001b[39m","message":"\u001b[33m[AuthSystem] A newer version of Baileys is available: 2.3000.1015901307. Current session might need update.\u001b[39m","timestamp":"2026-04-15 01:55:31:5531"}
{"level":"\u001b[32minfo\u001b[39m","message":"\u001b[32mAuthSystem initialized for Channel: resilience-channel (Tenant: resilience-tenant, Path: channels)\u001b[39m","timestamp":"2026-04-15 01:55:31:5531"}
{"level":"\u001b[32minfo\u001b[39m","message":"\u001b[32m[AuthSystem] Starting connection attempt for resilience-channel. Force: false\u001b[39m","timestamp":"2026-04-15 01:55:31:5531"}
{"level":"\u001b[32minfo\u001b[39m","message":"\u001b[32m[AuthSystem] Auth state loaded for resilience-channel. Has Me: false\u001b[39m","timestamp":"2026-04-15 01:55:31:5531"}
{"level":"\u001b[33mwarn\u001b[39m","message":"\u001b[33m[AuthSystem] A newer version of Baileys is available: 2.3000.1015901307. Current session might need update.\u001b[39m","timestamp":"2026-04-15 01:55:31:5531"}
{"error":{"output":{"statusCode":401}},"level":"\u001b[33mwarn\u001b[39m","message":"\u001b[33m[AuthSystem] Connection closed for resilience-channel. Reconnect: false\u001b[39m","statusCode":401,"timestamp":"2026-04-15 01:55:31:5531"}
{"level":"\u001b[31merror\u001b[39m","message":"\u001b[31m[AuthSystem] SESSION LOGGED_OUT for resilience-channel. Cleaning up Firestore auth state...\u001b[39m","timestamp":"2026-04-15 01:55:31:5531"}
{"level":"\u001b[32minfo\u001b[39m","message":"\u001b[32mAuthSystem initialized for Channel: resilience-channel (Tenant: resilience-tenant, Path: channels)\u001b[39m","timestamp":"2026-04-15 01:55:31:5531"}
{"level":"\u001b[32minfo\u001b[39m","message":"\u001b[32mAuthSystem initialized for Channel: resilience-channel (Tenant: resilience-tenant, Path: channels)\u001b[39m","timestamp":"2026-04-15 01:55:31:5531"}
{"level":"\u001b[32minfo\u001b[39m","message":"\u001b[32m[AuthSystem] Starting connection attempt for resilience-channel. Force: false\u001b[39m","timestamp":"2026-04-15 01:55:31:5531"}
{"level":"\u001b[32minfo\u001b[39m","message":"\u001b[32m[AuthSystem] Auth state loaded for resilience-channel. Has Me: false\u001b[39m","timestamp":"2026-04-15 01:55:31:5531"}
{"level":"\u001b[33mwarn\u001b[39m","message":"\u001b[33m[AuthSystem] A newer version of Baileys is available: 2.3000.1015901307. Current session might need update.\u001b[39m","timestamp":"2026-04-15 01:55:31:5531"}
{"error":{"output":{"statusCode":503}},"level":"\u001b[33mwarn\u001b[39m","message":"\u001b[33m[AuthSystem] Connection closed for resilience-channel. Reconnect: true\u001b[39m","statusCode":503,"timestamp":"2026-04-15 01:55:31:5531"}
{"level":"\u001b[32minfo\u001b[39m","message":"\u001b[32m[AuthSystem] Scheduling reconnect in 1000ms (Attempt 1)\u001b[39m","timestamp":"2026-04-15 01:55:31:5531"}
{"level":"\u001b[32minfo\u001b[39m","message":"\u001b[32m[AuthSystem] Starting connection attempt for resilience-channel. Force: false\u001b[39m","timestamp":"2026-04-15 01:55:32:5532"}
{"level":"\u001b[32minfo\u001b[39m","message":"\u001b[32m[AuthSystem] Auth state loaded for resilience-channel. Has Me: false\u001b[39m","timestamp":"2026-04-15 01:55:32:5532"}
{"level":"\u001b[33mwarn\u001b[39m","message":"\u001b[33m[AuthSystem] A newer version of Baileys is available: 2.3000.1015901307. Current session might need update.\u001b[39m","timestamp":"2026-04-15 01:55:32:5532"}
{"level":"\u001b[32minfo\u001b[39m","message":"\u001b[32mAuthSystem initialized for Channel: resilience-channel (Tenant: resilience-tenant, Path: channels)\u001b[39m","timestamp":"2026-04-15 01:55:31:5531"}
{"level":"\u001b[32minfo\u001b[39m","message":"\u001b[32m[AuthSystem] Starting connection attempt for resilience-channel. Force: false\u001b[39m","timestamp":"2026-04-15 01:55:31:5531"}
{"level":"\u001b[32minfo\u001b[39m","message":"\u001b[32m[AuthSystem] Auth state loaded for resilience-channel. Has Me: false\u001b[39m","timestamp":"2026-04-15 01:55:31:5531"}
{"level":"\u001b[33mwarn\u001b[39m","message":"\u001b[33m[AuthSystem] A newer version of Baileys is available: 2.3000.1015901307. Current session might need update.\u001b[39m","timestamp":"2026-04-15 01:55:31:5531"}
{"level":"\u001b[32minfo\u001b[39m","message":"\u001b[32mAuthSystem initialized for Channel: resilience-channel (Tenant: resilience-tenant, Path: channels)\u001b[39m","timestamp":"2026-04-15 01:55:31:5531"}
{"level":"\u001b[32minfo\u001b[39m","message":"\u001b[32m[AuthSystem] Starting connection attempt for resilience-channel. Force: false\u001b[39m","timestamp":"2026-04-15 01:55:31:5531"}
{"level":"\u001b[32minfo\u001b[39m","message":"\u001b[32m[AuthSystem] Auth state loaded for resilience-channel. Has Me: false\u001b[39m","timestamp":"2026-04-15 01:55:31:5531"}
{"level":"\u001b[33mwarn\u001b[39m","message":"\u001b[33m[AuthSystem] A newer version of Baileys is available: 2.3000.1015901307. Current session might need update.\u001b[39m","timestamp":"2026-04-15 01:55:31:5531"}
{"level":"\u001b[33mwarn\u001b[39m","message":"\u001b[33m[AuthSystem] Connection handshake timed out for resilience-channel. Killing socket.\u001b[39m","timestamp":"2026-04-15 01:56:01:561"}
{"level":"\u001b[32minfo\u001b[39m","message":"\u001b[32m✅ Environment variables validated via Zod\u001b[39m","timestamp":"2026-04-15 01:55:37:5537"}
{"level":"\u001b[32minfo\u001b[39m","message":"\u001b[32m🔗 Constructed internal REDIS_URL from host and port configuration\u001b[39m","timestamp":"2026-04-15 01:55:37:5537"}
{"level":"\u001b[32minfo\u001b[39m","message":"\u001b[32m✅ Configuration validation passed\u001b[39m","timestamp":"2026-04-15 01:55:37:5537"}
{"level":"\u001b[32minfo\u001b[39m","message":"\u001b[32mConfigService initialized as wrapper for ConfigManager\u001b[39m","timestamp":"2026-04-15 01:55:37:5537"}
{"level":"\u001b[32minfo\u001b[39m","message":"\u001b[32m✅ Redis connected successfully\u001b[39m","timestamp":"2026-04-15 01:55:37:5537"}
{"level":"\u001b[32minfo\u001b[39m","message":"\u001b[32mChannel deleted: chan-1 from tenant tenant-123 under Agent agent-456 (with auth cleanup)\u001b[39m","timestamp":"2026-04-15 01:55:37:5537"}
{"level":"\u001b[32minfo\u001b[39m","message":"\u001b[32mChannel archived: chan-1 for tenant tenant-123\u001b[39m","timestamp":"2026-04-15 01:55:37:5537"}
{"level":"\u001b[32minfo\u001b[39m","message":"\u001b[32m✅ Environment variables validated via Zod\u001b[39m","timestamp":"2026-04-15 01:55:38:5538"}
{"level":"\u001b[32minfo\u001b[39m","message":"\u001b[32m🔗 Constructed internal REDIS_URL from host and port configuration\u001b[39m","timestamp":"2026-04-15 01:55:38:5538"}
{"level":"\u001b[32minfo\u001b[39m","message":"\u001b[32m✅ Configuration validation passed\u001b[39m","timestamp":"2026-04-15 01:55:38:5538"}
{"level":"\u001b[32minfo\u001b[39m","message":"\u001b[32mConfigService initialized as wrapper for ConfigManager\u001b[39m","timestamp":"2026-04-15 01:55:38:5538"}
{"level":"\u001b[32minfo\u001b[39m","message":"\u001b[32m✅ Redis connected successfully\u001b[39m","timestamp":"2026-04-15 01:55:38:5538"}
{"level":"\u001b[32minfo\u001b[39m","message":"\u001b[32m✅ Environment variables validated via Zod\u001b[39m","timestamp":"2026-04-15 01:56:30:5630"}
{"level":"\u001b[32minfo\u001b[39m","message":"\u001b[32m🔗 Constructed internal REDIS_URL from host and port configuration\u001b[39m","timestamp":"2026-04-15 01:56:30:5630"}
{"level":"\u001b[32minfo\u001b[39m","message":"\u001b[32m✅ Configuration validation passed\u001b[39m","timestamp":"2026-04-15 01:56:30:5630"}
{"level":"\u001b[32minfo\u001b[39m","message":"\u001b[32mConfigService initialized as wrapper for ConfigManager\u001b[39m","timestamp":"2026-04-15 01:56:30:5630"}
{"level":"\u001b[34mdebug\u001b[39m","message":"\u001b[34mPerformance monitoring started\u001b[39m","timestamp":"2026-04-15 01:56:30:5630"}
{"level":"\u001b[32minfo\u001b[39m","message":"\u001b[32mAnalytics service initialized\u001b[39m","timestamp":"2026-04-15 01:56:31:5631"}
{"level":"\u001b[32minfo\u001b[39m","message":"\u001b[32m✅ Redis connected successfully\u001b[39m","timestamp":"2026-04-15 01:56:31:5631"}
{"level":"\u001b[32minfo\u001b[39m","message":"\u001b[32m✅ Redis Connected - Switching to distributed cache\u001b[39m","timestamp":"2026-04-15 01:56:31:5631"}
{"level":"\u001b[32minfo\u001b[39m","message":"\u001b[32m✅ Environment variables validated via Zod\u001b[39m","timestamp":"2026-04-15 01:56:48:5648"}
{"level":"\u001b[32minfo\u001b[39m","message":"\u001b[32m🔗 Constructed internal REDIS_URL from host and port configuration\u001b[39m","timestamp":"2026-04-15 01:56:48:5648"}
{"level":"\u001b[32minfo\u001b[39m","message":"\u001b[32m✅ Configuration validation passed\u001b[39m","timestamp":"2026-04-15 01:56:48:5648"}
{"level":"\u001b[32minfo\u001b[39m","message":"\u001b[32m✅ Redis connected successfully\u001b[39m","timestamp":"2026-04-15 01:56:48:5648"}
{"level":"\u001b[32minfo\u001b[39m","message":"\u001b[32m✅ Redis Connected - Switching to distributed cache\u001b[39m","timestamp":"2026-04-15 01:56:48:5648"}
{"email":"conflict@example.com","level":"\u001b[33mwarn\u001b[39m","message":"\u001b[33mGoogle Login: Email conflict detected\u001b[39m","timestamp":"2026-04-15 01:56:48:5648","uid":"uid-google"}
{"level":"\u001b[32minfo\u001b[39m","message":"\u001b[32mProfile updated for user uid-123 in tenant tenant-abc\u001b[39m","timestamp":"2026-04-15 01:56:48:5648"}
{"level":"\u001b[32minfo\u001b[39m","message":"\u001b[32mProfile updated for user uid-123 in tenant tenant-abc\u001b[39m","timestamp":"2026-04-15 01:56:48:5648"}
{"level":"\u001b[32minfo\u001b[39m","message":"\u001b[32mProfile updated for user uid-123 in tenant tenant-abc\u001b[39m","timestamp":"2026-04-15 01:56:48:5648"}
{"level":"\u001b[31merror\u001b[39m","message":"\u001b[31mupdateProfile error: Firestore unavailable\u001b[39m","timestamp":"2026-04-15 01:56:48:5648","userId":"uid-123"}
{"level":"\u001b[32minfo\u001b[39m","message":"\u001b[32m✅ Environment variables validated via Zod\u001b[39m","timestamp":"2026-04-15 01:57:20:5720"}
{"level":"\u001b[32minfo\u001b[39m","message":"\u001b[32m🔗 Constructed internal REDIS_URL from host and port configuration\u001b[39m","timestamp":"2026-04-15 01:57:20:5720"}
{"level":"\u001b[32minfo\u001b[39m","message":"\u001b[32m✅ Configuration validation passed\u001b[39m","timestamp":"2026-04-15 01:57:20:5720"}
{"level":"\u001b[32minfo\u001b[39m","message":"\u001b[32mConfigService initialized as wrapper for ConfigManager\u001b[39m","timestamp":"2026-04-15 01:57:20:5720"}
{"level":"\u001b[34mdebug\u001b[39m","message":"\u001b[34mPerformance monitoring started\u001b[39m","timestamp":"2026-04-15 01:57:20:5720"}
{"level":"\u001b[32minfo\u001b[39m","message":"\u001b[32mAnalytics service initialized\u001b[39m","timestamp":"2026-04-15 01:57:20:5720"}
{"level":"\u001b[32minfo\u001b[39m","message":"\u001b[32m✅ Redis connected successfully\u001b[39m","timestamp":"2026-04-15 01:57:20:5720"}
{"level":"\u001b[32minfo\u001b[39m","message":"\u001b[32m✅ Redis Connected - Switching to distributed cache\u001b[39m","timestamp":"2026-04-15 01:57:20:5720"}
{"level":"\u001b[32minfo\u001b[39m","message":"\u001b[32m✅ Environment variables validated via Zod\u001b[39m","timestamp":"2026-04-15 01:57:49:5749"}
{"level":"\u001b[32minfo\u001b[39m","message":"\u001b[32m🔗 Constructed internal REDIS_URL from host and port configuration\u001b[39m","timestamp":"2026-04-15 01:57:49:5749"}
{"level":"\u001b[32minfo\u001b[39m","message":"\u001b[32m✅ Configuration validation passed\u001b[39m","timestamp":"2026-04-15 01:57:49:5749"}
{"level":"\u001b[32minfo\u001b[39m","message":"\u001b[32mConfigService initialized as wrapper for ConfigManager\u001b[39m","timestamp":"2026-04-15 01:57:49:5749"}
{"level":"\u001b[34mdebug\u001b[39m","message":"\u001b[34m[MastermindStream] Emitted reasoning:start for agent agent-456 (Tenant: tenant-123)\u001b[39m","timestamp":"2026-04-15 01:58:07:587"}
{"level":"\u001b[34mdebug\u001b[39m","message":"\u001b[34m[MastermindStream] Emitted reasoning:thought for agent agent-456 (Tenant: tenant-123)\u001b[39m","timestamp":"2026-04-15 01:58:07:587"}
{"level":"\u001b[34mdebug\u001b[39m","message":"\u001b[34m[MastermindStream] Emitted tool:invoke for agent agent-456 (Tenant: tenant-123)\u001b[39m","timestamp":"2026-04-15 01:58:07:587"}
{"level":"\u001b[34mdebug\u001b[39m","message":"\u001b[34m[MastermindStream] Emitted agent:spawn for agent sub-agent-1 (Tenant: tenant-123)\u001b[39m","timestamp":"2026-04-15 01:58:07:587"}
{"error":"Socket error","level":"\u001b[31merror\u001b[39m","message":"\u001b[31m[MastermindStream] Failed to emit reasoning:complete:\u001b[39m","stack":"Error: Socket error\n    at Object.<anonymous> (/home/codedex/projects/DeXMart/src/services/MastermindStreamService.test.ts:83:19)\n    at Object.Mock [as emitToTenant] (file:///home/codedex/projects/DeXMart/node_modules/.pnpm/@vitest+spy@4.0.18/node_modules/@vitest/spy/dist/index.js:285:34)\n    at MastermindStreamService.emit (/home/codedex/projects/DeXMart/src/services/MastermindStreamService.ts:48:27)\n    at MastermindStreamService.complete (/home/codedex/projects/DeXMart/src/services/MastermindStreamService.ts:82:14)\n    at /home/codedex/projects/DeXMart/src/services/MastermindStreamService.test.ts:87:30\n    at Proxy.assertThrows (file:///home/codedex/projects/DeXMart/node_modules/.pnpm/chai@6.2.2/node_modules/chai/index.js:2798:5)\n    at Proxy.methodWrapper (file:///home/codedex/projects/DeXMart/node_modules/.pnpm/chai@6.2.2/node_modules/chai/index.js:1700:25)\n    at Proxy.<anonymous> (file:///home/codedex/projects/DeXMart/node_modules/.pnpm/@vitest+expect@4.0.18/node_modules/@vitest/expect/dist/index.js:1149:12)\n    at Proxy.overwritingMethodWrapper (file:///home/codedex/projects/DeXMart/node_modules/.pnpm/chai@6.2.2/node_modules/chai/index.js:1750:33)\n    at Proxy.<anonymous> (file:///home/codedex/projects/DeXMart/node_modules/.pnpm/@vitest+expect@4.0.18/node_modules/@vitest/expect/dist/index.js:1485:16)","timestamp":"2026-04-15 01:58:07:587"}
{"level":"\u001b[32minfo\u001b[39m","message":"\u001b[32m✅ Environment variables validated via Zod\u001b[39m","timestamp":"2026-04-15 01:58:18:5818"}
{"level":"\u001b[32minfo\u001b[39m","message":"\u001b[32m🔗 Constructed internal REDIS_URL from host and port configuration\u001b[39m","timestamp":"2026-04-15 01:58:18:5818"}
{"level":"\u001b[32minfo\u001b[39m","message":"\u001b[32m✅ Configuration validation passed\u001b[39m","timestamp":"2026-04-15 01:58:18:5818"}
{"level":"\u001b[32minfo\u001b[39m","message":"\u001b[32mConfigService initialized as wrapper for ConfigManager\u001b[39m","timestamp":"2026-04-15 01:58:18:5818"}
{"level":"\u001b[32minfo\u001b[39m","message":"\u001b[32mFlow 'Welcome Flow' (flow1) triggered for user user1\u001b[39m","timestamp":"2026-04-15 01:58:19:5819"}
{"level":"\u001b[34mdebug\u001b[39m","message":"\u001b[34mExecuting node n2 [Type: action]\u001b[39m","timestamp":"2026-04-15 01:58:19:5819"}
{"level":"\u001b[32minfo\u001b[39m","message":"\u001b[32mFlow 'Logic Flow' (flow2) triggered for user user1\u001b[39m","timestamp":"2026-04-15 01:58:19:5819"}
{"level":"\u001b[34mdebug\u001b[39m","message":"\u001b[34mExecuting node n2 [Type: logic]\u001b[39m","timestamp":"2026-04-15 01:58:19:5819"}
{"level":"\u001b[34mdebug\u001b[39m","message":"\u001b[34mExecuting node n3 [Type: action]\u001b[39m","timestamp":"2026-04-15 01:58:19:5819"}
{"level":"\u001b[32minfo\u001b[39m","message":"\u001b[32mFlow 'AI Flow' (flow3) triggered for user user1\u001b[39m","timestamp":"2026-04-15 01:58:19:5819"}
{"level":"\u001b[34mdebug\u001b[39m","message":"\u001b[34mExecuting node n2 [Type: ai]\u001b[39m","timestamp":"2026-04-15 01:58:19:5819"}
{"level":"\u001b[32minfo\u001b[39m","message":"\u001b[32mFlow 'Router Flow' (flow4) triggered for user user1\u001b[39m","timestamp":"2026-04-15 01:58:19:5819"}
{"level":"\u001b[34mdebug\u001b[39m","message":"\u001b[34mExecuting node n2 [Type: ai_router]\u001b[39m","timestamp":"2026-04-15 01:58:19:5819"}
{"level":"\u001b[34mdebug\u001b[39m","message":"\u001b[34mExecuting node n4 [Type: action]\u001b[39m","timestamp":"2026-04-15 01:58:19:5819"}
{"level":"\u001b[32minfo\u001b[39m","message":"\u001b[32mFlow 'Pizza Flow' (flow5) triggered for user user1\u001b[39m","timestamp":"2026-04-15 01:58:19:5819"}
{"level":"\u001b[34mdebug\u001b[39m","message":"\u001b[34mExecuting node n2 [Type: action]\u001b[39m","timestamp":"2026-04-15 01:58:19:5819"}
{"level":"\u001b[34mdebug\u001b[39m","message":"\u001b[34mExecuting node n3 [Type: wait_for_input]\u001b[39m","timestamp":"2026-04-15 01:58:19:5819"}
{"level":"\u001b[34mdebug\u001b[39m","message":"\u001b[34mFlow state saved for user user1 at node n3\u001b[39m","timestamp":"2026-04-15 01:58:19:5819"}
{"level":"\u001b[32minfo\u001b[39m","message":"\u001b[32mResuming flow 'Pizza Flow' for user user1 from node n3\u001b[39m","timestamp":"2026-04-15 01:58:19:5819"}
{"level":"\u001b[34mdebug\u001b[39m","message":"\u001b[34mExecuting node n4 [Type: action]\u001b[39m","timestamp":"2026-04-15 01:58:19:5819"}
{"level":"\u001b[32minfo\u001b[39m","message":"\u001b[32m[TenantConfigService] Updated config for channel channel-789\u001b[39m","timestamp":"2026-04-15 01:59:11:5911"}
{"level":"\u001b[32minfo\u001b[39m","message":"\u001b[32m[Ingress] Common message from telegram (chan-456) for tenant tenant-123\u001b[39m","timestamp":"2026-04-15 01:59:23:5923"}
{"level":"\u001b[33mwarn\u001b[39m","message":"\u001b[33m[Ingress] Channel chan-456 not found in Firestore, using mock instance.\u001b[39m","timestamp":"2026-04-15 01:59:23:5923"}
{"level":"\u001b[32minfo\u001b[39m","message":"\u001b[32m[Ingress] Routing telegram message to Agent: AI Assistant\u001b[39m","timestamp":"2026-04-15 01:59:23:5923"}
{"level":"\u001b[32minfo\u001b[39m","message":"\u001b[32mProcessing message for channel chan-456 (Tenant: tenant-123, Path: tenants/tenant-123/agents/system_default/channels/chan-456)\u001b[39m","timestamp":"2026-04-15 01:59:23:5923"}
{"level":"\u001b[32minfo\u001b[39m","message":"\u001b[32mNo AI Agent assigned (or system_default). Forwarding to Webhook.\u001b[39m","timestamp":"2026-04-15 01:59:23:5923"}
{"level":"\u001b[32minfo\u001b[39m","message":"\u001b[32m[Ingress] Common message from telegram (chan-456) for tenant tenant-123\u001b[39m","timestamp":"2026-04-15 01:59:23:5923"}
{"level":"\u001b[33mwarn\u001b[39m","message":"\u001b[33m[Ingress] Channel chan-456 not found in Firestore, using mock instance.\u001b[39m","timestamp":"2026-04-15 01:59:23:5923"}
{"level":"\u001b[32minfo\u001b[39m","message":"\u001b[32m[Ingress] Routing telegram message to Agent: AI Agent\u001b[39m","timestamp":"2026-04-15 01:59:23:5923"}
{"level":"\u001b[32minfo\u001b[39m","message":"\u001b[32m[Ingress] Common message from telegram (chan-456) for tenant tenant-123\u001b[39m","timestamp":"2026-04-15 01:59:23:5923"}
{"level":"\u001b[33mwarn\u001b[39m","message":"\u001b[33m[Ingress] Channel chan-456 not found in Firestore, using mock instance.\u001b[39m","timestamp":"2026-04-15 01:59:23:5923"}
{"level":"\u001b[32minfo\u001b[39m","message":"\u001b[32m[Ingress] Webhook forwarding for telegram message.\u001b[39m","timestamp":"2026-04-15 01:59:23:5923"}
{"level":"\u001b[32minfo\u001b[39m","message":"\u001b[32mHandling checkout.session.completed\u001b[39m","sessionId":"cs_123","timestamp":"2026-04-15 01:59:43:5943"}
{"level":"\u001b[33mwarn\u001b[39m","message":"\u001b[33mStripe webhook received without signature or secret\u001b[39m","timestamp":"2026-04-15 01:59:47:5947"}
{"level":"\u001b[32minfo\u001b[39m","message":"\u001b[32mHandling checkout.session.completed\u001b[39m","sessionId":"cs_123","timestamp":"2026-04-15 01:59:47:5947"}
{"level":"\u001b[32minfo\u001b[39m","message":"\u001b[32mHandling customer.subscription.updated\u001b[39m","subscriptionId":"sub_123","timestamp":"2026-04-15 01:59:47:5947"}
{"invoiceId":"in_123","level":"\u001b[32minfo\u001b[39m","message":"\u001b[32mHandling invoice.paid\u001b[39m","timestamp":"2026-04-15 01:59:47:5947"}
{"level":"\u001b[32minfo\u001b[39m","message":"\u001b[32mReset usage for tenant tenant-123 due to invoice payment\u001b[39m","timestamp":"2026-04-15 01:59:47:5947"}
{"level":"\u001b[32minfo\u001b[39m","message":"\u001b[32m✅ Environment variables validated via Zod\u001b[39m","timestamp":"2026-04-15 02:00:07:07"}
{"level":"\u001b[32minfo\u001b[39m","message":"\u001b[32m🔗 Constructed internal REDIS_URL from host and port configuration\u001b[39m","timestamp":"2026-04-15 02:00:07:07"}
{"level":"\u001b[32minfo\u001b[39m","message":"\u001b[32m✅ Configuration validation passed\u001b[39m","timestamp":"2026-04-15 02:00:07:07"}
{"level":"\u001b[32minfo\u001b[39m","message":"\u001b[32mConfigService initialized as wrapper for ConfigManager\u001b[39m","timestamp":"2026-04-15 02:00:07:07"}
{"level":"\u001b[32minfo\u001b[39m","message":"\u001b[32m✅ Environment variables validated via Zod\u001b[39m","timestamp":"2026-04-15 02:00:19:019"}
{"level":"\u001b[32minfo\u001b[39m","message":"\u001b[32m🔗 Constructed internal REDIS_URL from host and port configuration\u001b[39m","timestamp":"2026-04-15 02:00:19:019"}
{"level":"\u001b[32minfo\u001b[39m","message":"\u001b[32m✅ Configuration validation passed\u001b[39m","timestamp":"2026-04-15 02:00:19:019"}
{"level":"\u001b[32minfo\u001b[39m","message":"\u001b[32mConfigService initialized as wrapper for ConfigManager\u001b[39m","timestamp":"2026-04-15 02:00:19:019"}
{"error":"DB Error","level":"\u001b[31merror\u001b[39m","message":"\u001b[31mPlanMiddleware.checkBotLimit error:\u001b[39m","stack":"Error: DB Error\n    at /home/codedex/projects/DeXMart/src/middleware/planMiddleware.test.ts:59:88\n    at file:///home/codedex/projects/DeXMart/node_modules/.pnpm/@vitest+runner@4.0.18/node_modules/@vitest/runner/dist/index.js:145:11\n    at file:///home/codedex/projects/DeXMart/node_modules/.pnpm/@vitest+runner@4.0.18/node_modules/@vitest/runner/dist/index.js:915:26\n    at file:///home/codedex/projects/DeXMart/node_modules/.pnpm/@vitest+runner@4.0.18/node_modules/@vitest/runner/dist/index.js:1243:20\n    at new Promise (<anonymous>)\n    at runWithTimeout (file:///home/codedex/projects/DeXMart/node_modules/.pnpm/@vitest+runner@4.0.18/node_modules/@vitest/runner/dist/index.js:1209:10)\n    at file:///home/codedex/projects/DeXMart/node_modules/.pnpm/@vitest+runner@4.0.18/node_modules/@vitest/runner/dist/index.js:1653:37\n    at Traces.$ (file:///home/codedex/projects/DeXMart/node_modules/.pnpm/vitest@4.0.18_@opentelemetry+api@1.9.0_@types+node@25.3.5_@vitest+browser-playwright@4._6fa2b656c420e651f3481f97639a49f8/node_modules/vitest/dist/chunks/traces.CCmnQaNT.js:142:27)\n    at trace (file:///home/codedex/projects/DeXMart/node_modules/.pnpm/vitest@4.0.18_@opentelemetry+api@1.9.0_@types+node@25.3.5_@vitest+browser-playwright@4._6fa2b656c420e651f3481f97639a49f8/node_modules/vitest/dist/chunks/test.B8ej_ZHS.js:239:21)\n    at runTest (file:///home/codedex/projects/DeXMart/node_modules/.pnpm/@vitest+runner@4.0.18/node_modules/@vitest/runner/dist/index.js:1653:12)","timestamp":"2026-04-15 02:00:19:019"}
{"error":"DB Error","level":"\u001b[31merror\u001b[39m","message":"\u001b[31mPlanMiddleware.checkFeatureAccess error:\u001b[39m","stack":"Error: DB Error\n    at /home/codedex/projects/DeXMart/src/middleware/planMiddleware.test.ts:106:88\n    at file:///home/codedex/projects/DeXMart/node_modules/.pnpm/@vitest+runner@4.0.18/node_modules/@vitest/runner/dist/index.js:145:11\n    at file:///home/codedex/projects/DeXMart/node_modules/.pnpm/@vitest+runner@4.0.18/node_modules/@vitest/runner/dist/index.js:915:26\n    at file:///home/codedex/projects/DeXMart/node_modules/.pnpm/@vitest+runner@4.0.18/node_modules/@vitest/runner/dist/index.js:1243:20\n    at new Promise (<anonymous>)\n    at runWithTimeout (file:///home/codedex/projects/DeXMart/node_modules/.pnpm/@vitest+runner@4.0.18/node_modules/@vitest/runner/dist/index.js:1209:10)\n    at file:///home/codedex/projects/DeXMart/node_modules/.pnpm/@vitest+runner@4.0.18/node_modules/@vitest/runner/dist/index.js:1653:37\n    at Traces.$ (file:///home/codedex/projects/DeXMart/node_modules/.pnpm/vitest@4.0.18_@opentelemetry+api@1.9.0_@types+node@25.3.5_@vitest+browser-playwright@4._6fa2b656c420e651f3481f97639a49f8/node_modules/vitest/dist/chunks/traces.CCmnQaNT.js:142:27)\n    at trace (file:///home/codedex/projects/DeXMart/node_modules/.pnpm/vitest@4.0.18_@opentelemetry+api@1.9.0_@types+node@25.3.5_@vitest+browser-playwright@4._6fa2b656c420e651f3481f97639a49f8/node_modules/vitest/dist/chunks/test.B8ej_ZHS.js:239:21)\n    at runTest (file:///home/codedex/projects/DeXMart/node_modules/.pnpm/@vitest+runner@4.0.18/node_modules/@vitest/runner/dist/index.js:1653:12)","timestamp":"2026-04-15 02:00:19:019"}
{"level":"\u001b[32minfo\u001b[39m","message":"\u001b[32m✅ Environment variables validated via Zod\u001b[39m","timestamp":"2026-04-15 02:00:25:025"}
{"level":"\u001b[32minfo\u001b[39m","message":"\u001b[32m🔗 Constructed internal REDIS_URL from host and port configuration\u001b[39m","timestamp":"2026-04-15 02:00:25:025"}
{"level":"\u001b[32minfo\u001b[39m","message":"\u001b[32m✅ Configuration validation passed\u001b[39m","timestamp":"2026-04-15 02:00:25:025"}
{"level":"\u001b[32minfo\u001b[39m","message":"\u001b[32mConfigService initialized as wrapper for ConfigManager\u001b[39m","timestamp":"2026-04-15 02:00:25:025"}
{"level":"\u001b[32minfo\u001b[39m","message":"\u001b[32m✅ Environment variables validated via Zod\u001b[39m","timestamp":"2026-04-15 02:01:07:17"}
{"level":"\u001b[32minfo\u001b[39m","message":"\u001b[32m🔗 Constructed internal REDIS_URL from host and port configuration\u001b[39m","timestamp":"2026-04-15 02:01:07:17"}
{"level":"\u001b[32minfo\u001b[39m","message":"\u001b[32m✅ Configuration validation passed\u001b[39m","timestamp":"2026-04-15 02:01:07:17"}
{"level":"\u001b[32minfo\u001b[39m","message":"\u001b[32m✅ Redis connected successfully\u001b[39m","timestamp":"2026-04-15 02:01:07:17"}
{"level":"\u001b[32minfo\u001b[39m","message":"\u001b[32m✅ Redis Connected - Switching to distributed cache\u001b[39m","timestamp":"2026-04-15 02:01:07:17"}
{"event":"Refresh Failure: Token not found (Possible Replay)","level":"\u001b[33mwarn\u001b[39m","message":"\u001b[33mSecurity Event: Refresh Failure: Token not found (Possible Replay)\u001b[39m","timestamp":"2026-04-15 02:01:07:17","token":"[REDACTED]","userId":null}
{"level":"\u001b[32minfo\u001b[39m","message":"\u001b[32m✅ Environment variables validated via Zod\u001b[39m","timestamp":"2026-04-15 02:01:40:140"}
{"level":"\u001b[32minfo\u001b[39m","message":"\u001b[32m🔗 Constructed internal REDIS_URL from host and port configuration\u001b[39m","timestamp":"2026-04-15 02:01:40:140"}
{"level":"\u001b[32minfo\u001b[39m","message":"\u001b[32m✅ Configuration validation passed\u001b[39m","timestamp":"2026-04-15 02:01:40:140"}
{"level":"\u001b[32minfo\u001b[39m","message":"\u001b[32mConfigService initialized as wrapper for ConfigManager\u001b[39m","timestamp":"2026-04-15 02:01:40:140"}
{"level":"\u001b[32minfo\u001b[39m","message":"\u001b[32m[Ingress] Common message from whatsapp (chan-1) for tenant tenant-123\u001b[39m","timestamp":"2026-04-15 02:01:48:148"}
{"level":"\u001b[32minfo\u001b[39m","message":"\u001b[32m[Ingress] Routing whatsapp message to Agent: AI Agent\u001b[39m","timestamp":"2026-04-15 02:01:48:148"}
{"level":"\u001b[32minfo\u001b[39m","message":"\u001b[32m[Ingress] Common message from whatsapp (chan-1) for tenant tenant-123\u001b[39m","timestamp":"2026-04-15 02:01:48:148"}
{"level":"\u001b[32minfo\u001b[39m","message":"\u001b[32m[Ingress] Webhook forwarding for whatsapp message.\u001b[39m","timestamp":"2026-04-15 02:01:48:148"}
{"level":"\u001b[32minfo\u001b[39m","message":"\u001b[32m✅ Environment variables validated via Zod\u001b[39m","timestamp":"2026-04-15 02:02:00:20"}
{"level":"\u001b[32minfo\u001b[39m","message":"\u001b[32m🔗 Constructed internal REDIS_URL from host and port configuration\u001b[39m","timestamp":"2026-04-15 02:02:00:20"}
{"level":"\u001b[32minfo\u001b[39m","message":"\u001b[32m✅ Configuration validation passed\u001b[39m","timestamp":"2026-04-15 02:02:00:20"}
{"level":"\u001b[32minfo\u001b[39m","message":"\u001b[32mConfigService initialized as wrapper for ConfigManager\u001b[39m","timestamp":"2026-04-15 02:02:00:20"}
{"level":"\u001b[32minfo\u001b[39m","message":"\u001b[32m✅ Redis connected successfully\u001b[39m","timestamp":"2026-04-15 02:02:00:20"}
{"level":"\u001b[32minfo\u001b[39m","message":"\u001b[32mChannel chan-1 moved from agent-old to agent-new\u001b[39m","timestamp":"2026-04-15 02:02:00:20"}
{"level":"\u001b[32minfo\u001b[39m","message":"\u001b[32m✅ Environment variables validated via Zod\u001b[39m","timestamp":"2026-04-15 02:02:07:27"}
{"level":"\u001b[32minfo\u001b[39m","message":"\u001b[32m🔗 Constructed internal REDIS_URL from host and port configuration\u001b[39m","timestamp":"2026-04-15 02:02:07:27"}
{"level":"\u001b[32minfo\u001b[39m","message":"\u001b[32m✅ Configuration validation passed\u001b[39m","timestamp":"2026-04-15 02:02:07:27"}
{"level":"\u001b[32minfo\u001b[39m","message":"\u001b[32mConfigService initialized as wrapper for ConfigManager\u001b[39m","timestamp":"2026-04-15 02:02:07:27"}
{"level":"\u001b[32minfo\u001b[39m","message":"\u001b[32m✅ Redis connected successfully\u001b[39m","timestamp":"2026-04-15 02:02:07:27"}
{"level":"\u001b[32minfo\u001b[39m","message":"\u001b[32mChannel deleted: chan-1 from tenant tenant-123 under Agent agent-456 (with auth cleanup)\u001b[39m","timestamp":"2026-04-15 02:02:07:27"}
{"level":"\u001b[32minfo\u001b[39m","message":"\u001b[32mChannel archived: chan-1 for tenant tenant-123\u001b[39m","timestamp":"2026-04-15 02:02:07:27"}
{"level":"\u001b[32minfo\u001b[39m","message":"\u001b[32m✅ Environment variables validated via Zod\u001b[39m","timestamp":"2026-04-15 02:02:16:216"}
{"level":"\u001b[32minfo\u001b[39m","message":"\u001b[32m🔗 Constructed internal REDIS_URL from host and port configuration\u001b[39m","timestamp":"2026-04-15 02:02:16:216"}
{"level":"\u001b[32minfo\u001b[39m","message":"\u001b[32m✅ Configuration validation passed\u001b[39m","timestamp":"2026-04-15 02:02:16:216"}
{"level":"\u001b[32minfo\u001b[39m","message":"\u001b[32mConfigService initialized as wrapper for ConfigManager\u001b[39m","timestamp":"2026-04-15 02:02:16:216"}
{"level":"\u001b[32minfo\u001b[39m","message":"\u001b[32m✅ Redis connected successfully\u001b[39m","timestamp":"2026-04-15 02:02:16:216"}
{"level":"\u001b[32minfo\u001b[39m","message":"\u001b[32mProcessing message for channel chan-1 (Tenant: tenant-1, Path: tenants/tenant-1/agents/agent-1/channels/chan-1)\u001b[39m","timestamp":"2026-04-15 02:02:18:218"}
{"level":"\u001b[32minfo\u001b[39m","message":"\u001b[32mRouting to Agent: Path Agent (agent-1)\u001b[39m","timestamp":"2026-04-15 02:02:18:218"}
{"level":"\u001b[33mwarn\u001b[39m","message":"\u001b[33m[Deduplication] Message msg1 ignored due to extreme clock skew or age. Diff: 360s\u001b[39m","timestamp":"2026-04-15 02:02:21:221"}
{"level":"\u001b[33mwarn\u001b[39m","message":"\u001b[33m[Deduplication] Message msg2 ignored due to extreme clock skew or age. Diff: 360s\u001b[39m","timestamp":"2026-04-15 02:02:21:221"}
{"level":"\u001b[32minfo\u001b[39m","message":"\u001b[32m[Deduplication] Duplicate message duplicate_id ignored.\u001b[39m","timestamp":"2026-04-15 02:02:21:221"}
{"level":"\u001b[32minfo\u001b[39m","message":"\u001b[32m✅ Environment variables validated via Zod\u001b[39m","timestamp":"2026-04-15 02:02:38:238"}
{"level":"\u001b[32minfo\u001b[39m","message":"\u001b[32m🔗 Constructed internal REDIS_URL from host and port configuration\u001b[39m","timestamp":"2026-04-15 02:02:38:238"}
{"level":"\u001b[32minfo\u001b[39m","message":"\u001b[32m✅ Configuration validation passed\u001b[39m","timestamp":"2026-04-15 02:02:38:238"}
{"level":"\u001b[32minfo\u001b[39m","message":"\u001b[32mConfigService initialized as wrapper for ConfigManager\u001b[39m","timestamp":"2026-04-15 02:02:38:238"}
{"level":"\u001b[32minfo\u001b[39m","message":"\u001b[32m✅ Environment variables validated via Zod\u001b[39m","timestamp":"2026-04-15 02:02:45:245"}
{"level":"\u001b[32minfo\u001b[39m","message":"\u001b[32m🔗 Constructed internal REDIS_URL from host and port configuration\u001b[39m","timestamp":"2026-04-15 02:02:45:245"}
{"level":"\u001b[32minfo\u001b[39m","message":"\u001b[32m✅ Configuration validation passed\u001b[39m","timestamp":"2026-04-15 02:02:45:245"}
{"level":"\u001b[32minfo\u001b[39m","message":"\u001b[32mConfigService initialized as wrapper for ConfigManager\u001b[39m","timestamp":"2026-04-15 02:02:45:245"}
{"level":"\u001b[32minfo\u001b[39m","message":"\u001b[32m✅ Environment variables validated via Zod\u001b[39m","timestamp":"2026-04-15 02:03:16:316"}
{"level":"\u001b[32minfo\u001b[39m","message":"\u001b[32m🔗 Constructed internal REDIS_URL from host and port configuration\u001b[39m","timestamp":"2026-04-15 02:03:16:316"}
{"level":"\u001b[32minfo\u001b[39m","message":"\u001b[32m✅ Configuration validation passed\u001b[39m","timestamp":"2026-04-15 02:03:16:316"}
{"level":"\u001b[32minfo\u001b[39m","message":"\u001b[32mConfigService initialized as wrapper for ConfigManager\u001b[39m","timestamp":"2026-04-15 02:03:16:316"}
{"level":"\u001b[32minfo\u001b[39m","message":"\u001b[32m✅ Environment variables validated via Zod\u001b[39m","timestamp":"2026-04-15 02:03:30:330"}
{"level":"\u001b[32minfo\u001b[39m","message":"\u001b[32m🔗 Constructed internal REDIS_URL from host and port configuration\u001b[39m","timestamp":"2026-04-15 02:03:30:330"}
{"level":"\u001b[32minfo\u001b[39m","message":"\u001b[32m✅ Configuration validation passed\u001b[39m","timestamp":"2026-04-15 02:03:30:330"}
{"level":"\u001b[32minfo\u001b[39m","message":"\u001b[32mConfigService initialized as wrapper for ConfigManager\u001b[39m","timestamp":"2026-04-15 02:03:30:330"}
{"level":"\u001b[32minfo\u001b[39m","message":"\u001b[32m✅ Environment variables validated via Zod\u001b[39m","timestamp":"2026-04-15 02:04:06:46"}
{"level":"\u001b[32minfo\u001b[39m","message":"\u001b[32m🔗 Constructed internal REDIS_URL from host and port configuration\u001b[39m","timestamp":"2026-04-15 02:04:06:46"}
{"level":"\u001b[32minfo\u001b[39m","message":"\u001b[32m✅ Configuration validation passed\u001b[39m","timestamp":"2026-04-15 02:04:06:46"}
{"level":"\u001b[32minfo\u001b[39m","message":"\u001b[32mConfigService initialized as wrapper for ConfigManager\u001b[39m","timestamp":"2026-04-15 02:04:06:46"}
