{"level":"\u001b[32minfo\u001b[39m","message":"\u001b[32m>>> [MASTERMIND] ABSOLUTE START OF MAIN.TS\u001b[39m","timestamp":"2026-05-30 14:38:24:3824"}
{"level":"\u001b[32minfo\u001b[39m","message":"\u001b[32m>>> [MASTERMIND] Starting main()\u001b[39m","timestamp":"2026-05-30 14:38:24:3824"}
{"level":"\u001b[32minfo\u001b[39m","message":"\u001b[32m🚀 Starting DeXMart...\u001b[39m","timestamp":"2026-05-30 14:38:24:3824"}
{"level":"\u001b[32minfo\u001b[39m","message":"\u001b[32m✅ Environment variables validated via Zod\u001b[39m","timestamp":"2026-05-30 14:38:26:3826"}
{"level":"\u001b[34mdebug\u001b[39m","message":"\u001b[34m🔐 JWT_SECRET loaded (64 chars)\u001b[39m","timestamp":"2026-05-30 14:38:26:3826"}
{"level":"\u001b[32minfo\u001b[39m","message":"\u001b[32m🔗 Constructed internal REDIS_URL from host and port configuration\u001b[39m","timestamp":"2026-05-30 14:38:26:3826"}
{"level":"\u001b[32minfo\u001b[39m","message":"\u001b[32m✅ Configuration validation passed\u001b[39m","timestamp":"2026-05-30 14:38:26:3826"}
{"level":"\u001b[32minfo\u001b[39m","message":"\u001b[32mConfigService initialized as wrapper for ConfigManager\u001b[39m","timestamp":"2026-05-30 14:38:26:3826"}
{"level":"\u001b[34mdebug\u001b[39m","message":"\u001b[34mPerformance monitoring started\u001b[39m","timestamp":"2026-05-30 14:38:26:3826"}
{"level":"\u001b[32minfo\u001b[39m","message":"\u001b[32mAnalytics service initialized\u001b[39m","timestamp":"2026-05-30 14:38:26:3826"}
{"level":"\u001b[32minfo\u001b[39m","message":"\u001b[32m>>> [MASTERMIND] initializeContext() called\u001b[39m","timestamp":"2026-05-30 14:38:26:3826"}
{"level":"\u001b[32minfo\u001b[39m","message":"\u001b[32m>>> [MASTERMIND] Starting fresh initialization\u001b[39m","timestamp":"2026-05-30 14:38:26:3826"}
{"level":"\u001b[32minfo\u001b[39m","message":"\u001b[32m>>> [MASTERMIND] Base context object built.\u001b[39m","timestamp":"2026-05-30 14:38:26:3826"}
{"level":"\u001b[32minfo\u001b[39m","message":"\u001b[32m🔧 Unified Command System initialized\u001b[39m","timestamp":"2026-05-30 14:38:26:3826"}
{"level":"\u001b[32minfo\u001b[39m","message":"\u001b[32mInitializing Command System and loading commands...\u001b[39m","timestamp":"2026-05-30 14:38:26:3826"}
{"level":"\u001b[32minfo\u001b[39m","message":"\u001b[32m🔄 Parallelizing command loading...\u001b[39m","timestamp":"2026-05-30 14:38:26:3826"}
{"level":"\u001b[32minfo\u001b[39m","message":"\u001b[32m>>> [MASTERMIND] ABSOLUTE START OF MAIN.TS\u001b[39m","timestamp":"2026-05-30 14:56:36:5636"}
{"level":"\u001b[32minfo\u001b[39m","message":"\u001b[32m>>> [MASTERMIND] Starting main()\u001b[39m","timestamp":"2026-05-30 14:56:36:5636"}
{"level":"\u001b[32minfo\u001b[39m","message":"\u001b[32m🚀 Starting DeXMart...\u001b[39m","timestamp":"2026-05-30 14:56:36:5636"}
{"level":"\u001b[32minfo\u001b[39m","message":"\u001b[32m✅ Environment variables validated via Zod\u001b[39m","timestamp":"2026-05-30 14:56:38:5638"}
{"level":"\u001b[34mdebug\u001b[39m","message":"\u001b[34m🔐 JWT_SECRET loaded (64 chars)\u001b[39m","timestamp":"2026-05-30 14:56:38:5638"}
{"level":"\u001b[32minfo\u001b[39m","message":"\u001b[32m🔗 Constructed internal REDIS_URL from host and port configuration\u001b[39m","timestamp":"2026-05-30 14:56:38:5638"}
{"level":"\u001b[32minfo\u001b[39m","message":"\u001b[32m✅ Configuration validation passed\u001b[39m","timestamp":"2026-05-30 14:56:38:5638"}
{"level":"\u001b[32minfo\u001b[39m","message":"\u001b[32mConfigService initialized as wrapper for ConfigManager\u001b[39m","timestamp":"2026-05-30 14:56:38:5638"}
{"level":"\u001b[34mdebug\u001b[39m","message":"\u001b[34mPerformance monitoring started\u001b[39m","timestamp":"2026-05-30 14:56:38:5638"}
{"level":"\u001b[32minfo\u001b[39m","message":"\u001b[32mAnalytics service initialized\u001b[39m","timestamp":"2026-05-30 14:56:38:5638"}
{"level":"\u001b[32minfo\u001b[39m","message":"\u001b[32m>>> [MASTERMIND] initializeContext() called\u001b[39m","timestamp":"2026-05-30 14:56:38:5638"}
{"level":"\u001b[32minfo\u001b[39m","message":"\u001b[32m>>> [MASTERMIND] Starting fresh initialization\u001b[39m","timestamp":"2026-05-30 14:56:38:5638"}
{"level":"\u001b[32minfo\u001b[39m","message":"\u001b[32m>>> [MASTERMIND] Base context object built.\u001b[39m","timestamp":"2026-05-30 14:56:38:5638"}
{"level":"\u001b[32minfo\u001b[39m","message":"\u001b[32m🔧 Unified Command System initialized\u001b[39m","timestamp":"2026-05-30 14:56:38:5638"}
{"level":"\u001b[32minfo\u001b[39m","message":"\u001b[32mInitializing Command System and loading commands...\u001b[39m","timestamp":"2026-05-30 14:56:38:5638"}
{"level":"\u001b[32minfo\u001b[39m","message":"\u001b[32m🔄 Parallelizing command loading...\u001b[39m","timestamp":"2026-05-30 14:56:38:5638"}
{"level":"\u001b[32minfo\u001b[39m","message":"\u001b[32m✅ Redis connected successfully\u001b[39m","timestamp":"2026-05-30 14:56:38:5638"}
{"level":"\u001b[32minfo\u001b[39m","message":"\u001b[32m✅ Redis Connected - Switching to distributed cache\u001b[39m","timestamp":"2026-05-30 14:56:38:5638"}
{"level":"\u001b[32minfo\u001b[39m","message":"\u001b[32mBullMQ Queues initialized with unified Redis connection\u001b[39m","timestamp":"2026-05-30 14:56:38:5638"}
{"level":"\u001b[32minfo\u001b[39m","message":"\u001b[32m🎉 High-Speed Load Complete: 93 commands in 1162ms\u001b[39m","timestamp":"2026-05-30 14:56:39:5639"}
{"level":"\u001b[32minfo\u001b[39m","message":"\u001b[32m>>> [MASTERMIND] Command loading finished. Getting mock bot...\u001b[39m","timestamp":"2026-05-30 14:56:39:5639"}
{"level":"\u001b[32minfo\u001b[39m","message":"\u001b[32m✅ Global Context initialized successfully\u001b[39m","timestamp":"2026-05-30 14:56:39:5639"}
{"level":"\u001b[32minfo\u001b[39m","message":"\u001b[32m>>> [MASTERMIND] Global Context initialized successfully\u001b[39m","timestamp":"2026-05-30 14:56:39:5639"}
{"level":"\u001b[32minfo\u001b[39m","message":"\u001b[32m>>> [MASTERMIND] Global Context initialized.\u001b[39m","timestamp":"2026-05-30 14:56:39:5639"}
{"level":"\u001b[34mdebug\u001b[39m","message":"\u001b[34mConfigService: Setting config key \"agents.defaults.credentialPrecedence\"\u001b[39m","timestamp":"2026-05-30 14:56:39:5639"}
{"level":"\u001b[32minfo\u001b[39m","message":"\u001b[32m>>> [MASTERMIND] Validating environment variables...\u001b[39m","timestamp":"2026-05-30 14:56:39:5639"}
{"level":"\u001b[32minfo\u001b[39m","message":"\u001b[32m🔍 Validating environment variables...\u001b[39m","timestamp":"2026-05-30 14:56:39:5639"}
{"level":"\u001b[32minfo\u001b[39m","message":"\u001b[32m✅ FIREBASE_SERVICE_ACCOUNT_PATH: service-account.json\u001b[39m","timestamp":"2026-05-30 14:56:39:5639"}
{"level":"\u001b[32minfo\u001b[39m","message":"\u001b[32m✅ FIREBASE_PROJECT_ID: dexmart\u001b[39m","timestamp":"2026-05-30 14:56:39:5639"}
{"level":"\u001b[32minfo\u001b[39m","message":"\u001b[32m✅ GOOGLE_GEMINI_API_KEY: ***[REDACTED]***\u001b[39m","timestamp":"2026-05-30 14:56:39:5639"}
{"level":"\u001b[32minfo\u001b[39m","message":"\u001b[32m✅ PORT: 3001\u001b[39m","timestamp":"2026-05-30 14:56:39:5639"}
{"level":"\u001b[32minfo\u001b[39m","message":"\u001b[32m✅ NODE_ENV: development\u001b[39m","timestamp":"2026-05-30 14:56:39:5639"}
{"level":"\u001b[32minfo\u001b[39m","message":"\u001b[32m✅ JWT_SECRET: ***[REDACTED]***\u001b[39m","timestamp":"2026-05-30 14:56:39:5639"}
{"level":"\u001b[32minfo\u001b[39m","message":"\u001b[32m✅ RATE_LIMIT_AI_REQ: 10\u001b[39m","timestamp":"2026-05-30 14:56:39:5639"}
{"level":"\u001b[32minfo\u001b[39m","message":"\u001b[32m✅ USE_BAILEYS_DIRECT: false\u001b[39m","timestamp":"2026-05-30 14:56:39:5639"}
{"level":"\u001b[32minfo\u001b[39m","message":"\u001b[32m✅ Environment validation passed!\u001b[39m","timestamp":"2026-05-30 14:56:39:5639"}
{"level":"\u001b[32minfo\u001b[39m","message":"\u001b[32m>>> [MASTERMIND] Environment validation passed.\u001b[39m","timestamp":"2026-05-30 14:56:39:5639"}
{"level":"\u001b[32minfo\u001b[39m","message":"\u001b[32m>>> [MASTERMIND] Initializing Job Registry...\u001b[39m","timestamp":"2026-05-30 14:56:39:5639"}
{"level":"\u001b[32minfo\u001b[39m","message":"\u001b[32mBullMQ Job Queue Service initialized\u001b[39m","timestamp":"2026-05-30 14:56:39:5639"}
{"level":"\u001b[32minfo\u001b[39m","message":"\u001b[32m[ApiKeyManager] Initialized Universal Manager with 12 keys (Semantic Cache Enabled)\u001b[39m","timestamp":"2026-05-30 14:56:39:5639"}
{"level":"\u001b[32minfo\u001b[39m","message":"\u001b[32mAIUtilityService initialized with 12 API keys (12 healthy)\u001b[39m","timestamp":"2026-05-30 14:56:39:5639"}
{"level":"\u001b[32minfo\u001b[39m","message":"\u001b[32mInitializing job queues...\u001b[39m","timestamp":"2026-05-30 14:56:39:5639"}
{"level":"\u001b[32minfo\u001b[39m","message":"\u001b[32mQueue 'ai-processing' created successfully\u001b[39m","timestamp":"2026-05-30 14:56:39:5639"}
{"level":"\u001b[32minfo\u001b[39m","message":"\u001b[32mQueue 'media-processing' created successfully\u001b[39m","timestamp":"2026-05-30 14:56:39:5639"}
{"level":"\u001b[32minfo\u001b[39m","message":"\u001b[32mQueue 'notification' created successfully\u001b[39m","timestamp":"2026-05-30 14:56:39:5639"}
{"level":"\u001b[32minfo\u001b[39m","message":"\u001b[32mQueue 'analytics' created successfully\u001b[39m","timestamp":"2026-05-30 14:56:39:5639"}
{"level":"\u001b[32minfo\u001b[39m","message":"\u001b[32mQueue 'cleanup' created successfully\u001b[39m","timestamp":"2026-05-30 14:56:39:5639"}
{"level":"\u001b[32minfo\u001b[39m","message":"\u001b[32mQueue 'whatsapp-outbound' created successfully\u001b[39m","timestamp":"2026-05-30 14:56:39:5639"}
{"level":"\u001b[32minfo\u001b[39m","message":"\u001b[32mQueue 'group-sync' created successfully\u001b[39m","timestamp":"2026-05-30 14:56:39:5639"}
{"level":"\u001b[32minfo\u001b[39m","message":"\u001b[32mAll job queues initialized successfully\u001b[39m","timestamp":"2026-05-30 14:56:39:5639"}
{"level":"\u001b[32minfo\u001b[39m","message":"\u001b[32mRegistering job processors...\u001b[39m","timestamp":"2026-05-30 14:56:39:5639"}
{"level":"\u001b[32minfo\u001b[39m","message":"\u001b[32mRegistered BullMQ worker for queue 'ai-processing'\u001b[39m","timestamp":"2026-05-30 14:56:39:5639"}
{"level":"\u001b[32minfo\u001b[39m","message":"\u001b[32mRegistered BullMQ worker for queue 'media-processing'\u001b[39m","timestamp":"2026-05-30 14:56:39:5639"}
{"level":"\u001b[32minfo\u001b[39m","message":"\u001b[32mStatsAggregatorJob initialized\u001b[39m","timestamp":"2026-05-30 14:56:39:5639"}
{"level":"\u001b[32minfo\u001b[39m","message":"\u001b[32mInitializing WhatsApp Outbound Worker (Anti-Ban enabled)...\u001b[39m","timestamp":"2026-05-30 14:56:39:5639"}
{"level":"\u001b[32minfo\u001b[39m","message":"\u001b[32mRegistered BullMQ worker for queue 'whatsapp-outbound'\u001b[39m","timestamp":"2026-05-30 14:56:39:5639"}
{"level":"\u001b[32minfo\u001b[39m","message":"\u001b[32m[GroupSyncWorker] Initializing Group Sync Worker...\u001b[39m","timestamp":"2026-05-30 14:56:39:5639"}
{"level":"\u001b[32minfo\u001b[39m","message":"\u001b[32mRegistered BullMQ worker for queue 'group-sync'\u001b[39m","timestamp":"2026-05-30 14:56:39:5639"}
{"level":"\u001b[32minfo\u001b[39m","message":"\u001b[32m[GroupSyncWorker] Group Sync Worker registered and listening\u001b[39m","timestamp":"2026-05-30 14:56:39:5639"}
{"level":"\u001b[32minfo\u001b[39m","message":"\u001b[32mInitializing Anti-Ban Resume Worker (Interval: 20000ms)...\u001b[39m","timestamp":"2026-05-30 14:56:39:5639"}
{"level":"\u001b[32minfo\u001b[39m","message":"\u001b[32mAll job processors registered successfully\u001b[39m","timestamp":"2026-05-30 14:56:39:5639"}
{"level":"\u001b[32minfo\u001b[39m","message":"\u001b[32m>>> [MASTERMIND] Initializing Campaign Worker...\u001b[39m","timestamp":"2026-05-30 14:56:39:5639"}
{"level":"\u001b[32minfo\u001b[39m","message":"\u001b[32mCampaignWorker initialized with Omnichannel Adapter + Anti-Ban Engine\u001b[39m","timestamp":"2026-05-30 14:56:39:5639"}
{"level":"\u001b[32minfo\u001b[39m","message":"\u001b[32m>>> [MASTERMIND] Campaign Worker call finished.\u001b[39m","timestamp":"2026-05-30 14:56:39:5639"}
{"level":"\u001b[32minfo\u001b[39m","message":"\u001b[32mQueueService initialized: campaigns\u001b[39m","timestamp":"2026-05-30 14:56:40:5640"}
{"level":"\u001b[32minfo\u001b[39m","message":"\u001b[32m>>> [MASTERMIND] USE_SERVER is true. Initializing MultiTenantApp...\u001b[39m","timestamp":"2026-05-30 14:56:41:5641"}
{"level":"\u001b[32minfo\u001b[39m","message":"\u001b[32mInitializing Multi-tenant DeXMart SaaS Platform...\u001b[39m","timestamp":"2026-05-30 14:56:41:5641"}
{"level":"\u001b[32minfo\u001b[39m","message":"\u001b[32m>>> [MASTERMIND] Setting up server middleware...\u001b[39m","timestamp":"2026-05-30 14:56:41:5641"}
{"level":"\u001b[32minfo\u001b[39m","message":"\u001b[32m>>> [MASTERMIND] Setting up server routes...\u001b[39m","timestamp":"2026-05-30 14:56:41:5641"}
{"level":"\u001b[32minfo\u001b[39m","message":"\u001b[32m>>> [MASTERMIND] Initializing Analytics Service...\u001b[39m","timestamp":"2026-05-30 14:56:41:5641"}
{"level":"\u001b[32minfo\u001b[39m","message":"\u001b[32mWebSocket server started on port 3002\u001b[39m","timestamp":"2026-05-30 14:56:41:5641"}
{"level":"\u001b[32minfo\u001b[39m","message":"\u001b[32m>>> [MASTERMIND] Enterprise Analytics Gateway online at port 3002\u001b[39m","timestamp":"2026-05-30 14:56:41:5641"}
{"level":"\u001b[32minfo\u001b[39m","message":"\u001b[32m>>> [MASTERMIND] Initializing Unified WebSockets...\u001b[39m","timestamp":"2026-05-30 14:56:41:5641"}
{"level":"\u001b[32minfo\u001b[39m","message":"\u001b[32mUnified Socket Service initialized\u001b[39m","timestamp":"2026-05-30 14:56:41:5641"}
{"level":"\u001b[32minfo\u001b[39m","message":"\u001b[32m>>> [MASTERMIND] Initializing additional services...\u001b[39m","timestamp":"2026-05-30 14:56:41:5641"}
{"level":"\u001b[32minfo\u001b[39m","message":"\u001b[32m>>> [MASTERMIND] Starting active tenant bots...\u001b[39m","timestamp":"2026-05-30 14:56:41:5641"}
{"level":"\u001b[32minfo\u001b[39m","message":"\u001b[32mStarting active tenant channels...\u001b[39m","timestamp":"2026-05-30 14:56:41:5641"}
{"level":"\u001b[32minfo\u001b[39m","message":"\u001b[32m>>> [MASTERMIND] Resuming all active channels...\u001b[39m","timestamp":"2026-05-30 14:56:41:5641"}
{"level":"\u001b[32minfo\u001b[39m","message":"\u001b[32mLoading service account from: service-account.json\u001b[39m","timestamp":"2026-05-30 14:56:41:5641"}
{"level":"\u001b[32minfo\u001b[39m","message":"\u001b[32mUsing service account for project: dexmart\u001b[39m","timestamp":"2026-05-30 14:56:41:5641"}
{"level":"\u001b[32minfo\u001b[39m","message":"\u001b[32mInitializing Firebase Admin...\u001b[39m","timestamp":"2026-05-30 14:56:41:5641"}
{"level":"\u001b[32minfo\u001b[39m","message":"\u001b[32m🔥 Firebase Admin Initialized (Project: dexmart)\u001b[39m","timestamp":"2026-05-30 14:56:41:5641"}
{"level":"\u001b[34mdebug\u001b[39m","message":"\u001b[34mMedia processing directories ensured\u001b[39m","timestamp":"2026-05-30 14:56:41:5641"}
{"level":"\u001b[32minfo\u001b[39m","message":"\u001b[32m>>> [MASTERMIND] ABSOLUTE START OF MAIN.TS\u001b[39m","timestamp":"2026-05-30 14:56:40:5640"}
{"level":"\u001b[32minfo\u001b[39m","message":"\u001b[32m>>> [MASTERMIND] Starting main()\u001b[39m","timestamp":"2026-05-30 14:56:40:5640"}
{"level":"\u001b[32minfo\u001b[39m","message":"\u001b[32m🚀 Starting DeXMart...\u001b[39m","timestamp":"2026-05-30 14:56:40:5640"}
{"level":"\u001b[32minfo\u001b[39m","message":"\u001b[32m✅ Environment variables validated via Zod\u001b[39m","timestamp":"2026-05-30 14:56:41:5641"}
{"level":"\u001b[34mdebug\u001b[39m","message":"\u001b[34m🔐 JWT_SECRET loaded (64 chars)\u001b[39m","timestamp":"2026-05-30 14:56:41:5641"}
{"level":"\u001b[32minfo\u001b[39m","message":"\u001b[32m🔗 Constructed internal REDIS_URL from host and port configuration\u001b[39m","timestamp":"2026-05-30 14:56:41:5641"}
{"level":"\u001b[32minfo\u001b[39m","message":"\u001b[32m✅ Configuration validation passed\u001b[39m","timestamp":"2026-05-30 14:56:41:5641"}
{"level":"\u001b[32minfo\u001b[39m","message":"\u001b[32mConfigService initialized as wrapper for ConfigManager\u001b[39m","timestamp":"2026-05-30 14:56:41:5641"}
{"level":"\u001b[34mdebug\u001b[39m","message":"\u001b[34mPerformance monitoring started\u001b[39m","timestamp":"2026-05-30 14:56:41:5641"}
{"level":"\u001b[32minfo\u001b[39m","message":"\u001b[32mAnalytics service initialized\u001b[39m","timestamp":"2026-05-30 14:56:41:5641"}
{"level":"\u001b[32minfo\u001b[39m","message":"\u001b[32m>>> [MASTERMIND] initializeContext() called\u001b[39m","timestamp":"2026-05-30 14:56:41:5641"}
{"level":"\u001b[32minfo\u001b[39m","message":"\u001b[32m>>> [MASTERMIND] Starting fresh initialization\u001b[39m","timestamp":"2026-05-30 14:56:41:5641"}
{"level":"\u001b[32minfo\u001b[39m","message":"\u001b[32m>>> [MASTERMIND] Base context object built.\u001b[39m","timestamp":"2026-05-30 14:56:41:5641"}
{"level":"\u001b[32minfo\u001b[39m","message":"\u001b[32m🔧 Unified Command System initialized\u001b[39m","timestamp":"2026-05-30 14:56:41:5641"}
{"level":"\u001b[32minfo\u001b[39m","message":"\u001b[32mInitializing Command System and loading commands...\u001b[39m","timestamp":"2026-05-30 14:56:41:5641"}
{"level":"\u001b[32minfo\u001b[39m","message":"\u001b[32m🔄 Parallelizing command loading...\u001b[39m","timestamp":"2026-05-30 14:56:41:5641"}
{"error":"16 UNAUTHENTICATED: Request had invalid authentication credentials. Expected OAuth 2 access token, login cookie or other valid authentication credential. See https://developers.google.com/identity/sign-in/web/devconsole-project.","level":"\u001b[31merror\u001b[39m","message":"\u001b[31mFirestore getCollection error [tenants] (Tenant: undefined):\u001b[39m","stack":"Error: 16 UNAUTHENTICATED: Request had invalid authentication credentials. Expected OAuth 2 access token, login cookie or other valid authentication credential. See https://developers.google.com/identity/sign-in/web/devconsole-project.\n    at callErrorFromStatus (/home/codedex/projects/DeXMart/node_modules/@grpc/grpc-js/src/call.ts:84:17)\n    at Object.onReceiveStatus (/home/codedex/projects/DeXMart/node_modules/@grpc/grpc-js/src/client.ts:612:51)\n    at Object.onReceiveStatus (/home/codedex/projects/DeXMart/node_modules/@grpc/grpc-js/src/client-interceptors.ts:424:48)\n    at <anonymous> (/home/codedex/projects/DeXMart/node_modules/@grpc/grpc-js/src/resolving-call.ts:170:24)\n    at process.processTicksAndRejections (node:internal/process/task_queues:85:11)\nfor call at\n    at ServiceClientImpl.makeServerStreamRequest (/home/codedex/projects/DeXMart/node_modules/@grpc/grpc-js/src/client.ts:595:42)\n    at ServiceClientImpl.<anonymous> (/home/codedex/projects/DeXMart/node_modules/@grpc/grpc-js/src/make-client.ts:189:15)\n    at /home/codedex/projects/DeXMart/node_modules/@google-cloud/firestore/build/src/v1/firestore_client.js:242:33\n    at <anonymous> (/home/codedex/projects/DeXMart/node_modules/google-gax/src/streamingCalls/streamingApiCaller.ts:59:19)\n    at <anonymous> (/home/codedex/projects/DeXMart/node_modules/google-gax/src/normalCalls/timeout.ts:54:13)\n    at Object.request (/home/codedex/projects/DeXMart/node_modules/google-gax/src/streamingCalls/streaming.ts:331:28)\n    at makeRequest (/home/codedex/projects/DeXMart/node_modules/retry-request/index.js:159:28)\n    at retryRequest (/home/codedex/projects/DeXMart/node_modules/retry-request/index.js:119:5)\n    at StreamProxy.setStream (/home/codedex/projects/DeXMart/node_modules/google-gax/src/streamingCalls/streaming.ts:322:29)\n    at StreamingApiCaller.call (/home/codedex/projects/DeXMart/node_modules/google-gax/src/streamingCalls/streamingApiCaller.ts:89:12)\nCaused by: Error\n    at QueryUtil._getResponse (/home/codedex/projects/DeXMart/node_modules/@google-cloud/firestore/build/src/reference/query-util.js:44:23)\n    at CollectionReference._getResponse (/home/codedex/projects/DeXMart/node_modules/@google-cloud/firestore/build/src/reference/query.js:784:32)\n    at CollectionReference._get (/home/codedex/projects/DeXMart/node_modules/@google-cloud/firestore/build/src/reference/query.js:777:35)\n    at /home/codedex/projects/DeXMart/node_modules/@google-cloud/firestore/build/src/reference/query.js:745:43\n    at /home/codedex/projects/DeXMart/node_modules/@google-cloud/firestore/build/src/telemetry/enabled-trace-util.js:110:30\n    at NoopContextManager.with (/home/codedex/projects/DeXMart/node_modules/@opentelemetry/api/src/context/NoopContextManager.ts:20:15)\n    at ContextAPI.with (/home/codedex/projects/DeXMart/node_modules/@opentelemetry/api/src/api/context.ts:68:42)\n    at NoopTracer.startActiveSpan (/home/codedex/projects/DeXMart/node_modules/@opentelemetry/api/src/trace/NoopTracer.ts:87:27)\n    at ProxyTracer.startActiveSpan (/home/codedex/projects/DeXMart/node_modules/@opentelemetry/api/src/trace/ProxyTracer.ts:51:20)\n    at EnabledTraceUtil.startActiveSpan (/home/codedex/projects/DeXMart/node_modules/@google-cloud/firestore/build/src/telemetry/enabled-trace-util.js:102:28)","timestamp":"2026-05-30 14:56:42:5642"}
{"error":"16 UNAUTHENTICATED: Request had invalid authentication credentials. Expected OAuth 2 access token, login cookie or other valid authentication credential. See https://developers.google.com/identity/sign-in/web/devconsole-project.","level":"\u001b[31merror\u001b[39m","message":"\u001b[31mMultiTenantService.listTenants error:\u001b[39m","stack":"Error: 16 UNAUTHENTICATED: Request had invalid authentication credentials. Expected OAuth 2 access token, login cookie or other valid authentication credential. See https://developers.google.com/identity/sign-in/web/devconsole-project.\n    at callErrorFromStatus (/home/codedex/projects/DeXMart/node_modules/@grpc/grpc-js/src/call.ts:84:17)\n    at Object.onReceiveStatus (/home/codedex/projects/DeXMart/node_modules/@grpc/grpc-js/src/client.ts:612:51)\n    at Object.onReceiveStatus (/home/codedex/projects/DeXMart/node_modules/@grpc/grpc-js/src/client-interceptors.ts:424:48)\n    at <anonymous> (/home/codedex/projects/DeXMart/node_modules/@grpc/grpc-js/src/resolving-call.ts:170:24)\n    at process.processTicksAndRejections (node:internal/process/task_queues:85:11)\nfor call at\n    at ServiceClientImpl.makeServerStreamRequest (/home/codedex/projects/DeXMart/node_modules/@grpc/grpc-js/src/client.ts:595:42)\n    at ServiceClientImpl.<anonymous> (/home/codedex/projects/DeXMart/node_modules/@grpc/grpc-js/src/make-client.ts:189:15)\n    at /home/codedex/projects/DeXMart/node_modules/@google-cloud/firestore/build/src/v1/firestore_client.js:242:33\n    at <anonymous> (/home/codedex/projects/DeXMart/node_modules/google-gax/src/streamingCalls/streamingApiCaller.ts:59:19)\n    at <anonymous> (/home/codedex/projects/DeXMart/node_modules/google-gax/src/normalCalls/timeout.ts:54:13)\n    at Object.request (/home/codedex/projects/DeXMart/node_modules/google-gax/src/streamingCalls/streaming.ts:331:28)\n    at makeRequest (/home/codedex/projects/DeXMart/node_modules/retry-request/index.js:159:28)\n    at retryRequest (/home/codedex/projects/DeXMart/node_modules/retry-request/index.js:119:5)\n    at StreamProxy.setStream (/home/codedex/projects/DeXMart/node_modules/google-gax/src/streamingCalls/streaming.ts:322:29)\n    at StreamingApiCaller.call (/home/codedex/projects/DeXMart/node_modules/google-gax/src/streamingCalls/streamingApiCaller.ts:89:12)\nCaused by: Error\n    at QueryUtil._getResponse (/home/codedex/projects/DeXMart/node_modules/@google-cloud/firestore/build/src/reference/query-util.js:44:23)\n    at CollectionReference._getResponse (/home/codedex/projects/DeXMart/node_modules/@google-cloud/firestore/build/src/reference/query.js:784:32)\n    at CollectionReference._get (/home/codedex/projects/DeXMart/node_modules/@google-cloud/firestore/build/src/reference/query.js:777:35)\n    at /home/codedex/projects/DeXMart/node_modules/@google-cloud/firestore/build/src/reference/query.js:745:43\n    at /home/codedex/projects/DeXMart/node_modules/@google-cloud/firestore/build/src/telemetry/enabled-trace-util.js:110:30\n    at NoopContextManager.with (/home/codedex/projects/DeXMart/node_modules/@opentelemetry/api/src/context/NoopContextManager.ts:20:15)\n    at ContextAPI.with (/home/codedex/projects/DeXMart/node_modules/@opentelemetry/api/src/api/context.ts:68:42)\n    at NoopTracer.startActiveSpan (/home/codedex/projects/DeXMart/node_modules/@opentelemetry/api/src/trace/NoopTracer.ts:87:27)\n    at ProxyTracer.startActiveSpan (/home/codedex/projects/DeXMart/node_modules/@opentelemetry/api/src/trace/ProxyTracer.ts:51:20)\n    at EnabledTraceUtil.startActiveSpan (/home/codedex/projects/DeXMart/node_modules/@google-cloud/firestore/build/src/telemetry/enabled-trace-util.js:102:28)","timestamp":"2026-05-30 14:56:42:5642"}
{"level":"\u001b[32minfo\u001b[39m","message":"\u001b[32m[ChannelService] Successfully queued 0 channels for resumption.\u001b[39m","timestamp":"2026-05-30 14:56:42:5642"}
{"level":"\u001b[32minfo\u001b[39m","message":"\u001b[32mMulti-tenant app initialized successfully\u001b[39m","timestamp":"2026-05-30 14:56:42:5642"}
{"level":"\u001b[32minfo\u001b[39m","message":"\u001b[32m>>> [MASTERMIND] MultiTenantApp initialized.\u001b[39m","timestamp":"2026-05-30 14:56:42:5642"}
{"level":"\u001b[32minfo\u001b[39m","message":"\u001b[32m>>> [MASTERMIND] Attempting to listen on port 3001...\u001b[39m","timestamp":"2026-05-30 14:56:42:5642"}
{"level":"\u001b[32minfo\u001b[39m","message":"\u001b[32m>>> [MASTERMIND] MultiTenantApp started.\u001b[39m","timestamp":"2026-05-30 14:56:42:5642"}
{"level":"\u001b[32minfo\u001b[39m","message":"\u001b[32m>>> [MASTERMIND] Starting OpenClaw Gateway Server...\u001b[39m","timestamp":"2026-05-30 14:56:42:5642"}
{"level":"\u001b[32minfo\u001b[39m","message":"\u001b[32m>>> [MASTERMIND] Multi-tenant DeXMart server running on port 3001\u001b[39m","timestamp":"2026-05-30 14:56:48:5648"}
{"heapUsed":629,"level":"\u001b[33mwarn\u001b[39m","message":"\u001b[33mHigh memory usage detected\u001b[39m","rss":1726,"threshold":1536,"timestamp":"2026-05-30 14:58:18:5818"}
{"duration":659486264,"level":"\u001b[32minfo\u001b[39m","message":"\u001b[32mPerformance: memory_heap_used = 659486264 bytes\u001b[39m","operation":"memory_heap_used","timestamp":"2026-05-30 14:58:18:5818","unit":"bytes"}
{"duration":1401524224,"level":"\u001b[32minfo\u001b[39m","message":"\u001b[32mPerformance: memory_heap_total = 1401524224 bytes\u001b[39m","operation":"memory_heap_total","timestamp":"2026-05-30 14:58:18:5818","unit":"bytes"}
{"duration":1810358272,"level":"\u001b[32minfo\u001b[39m","message":"\u001b[32mPerformance: memory_rss = 1810358272 bytes\u001b[39m","operation":"memory_rss","timestamp":"2026-05-30 14:58:18:5818","unit":"bytes"}
{"duration":36812422,"level":"\u001b[32minfo\u001b[39m","message":"\u001b[32mPerformance: memory_external = 36812422 bytes\u001b[39m","operation":"memory_external","timestamp":"2026-05-30 14:58:18:5818","unit":"bytes"}
{"duration":112560229,"level":"\u001b[32minfo\u001b[39m","message":"\u001b[32mPerformance: cpu_user_time = 112560229 microseconds\u001b[39m","operation":"cpu_user_time","timestamp":"2026-05-30 14:58:18:5818","unit":"microseconds"}
{"duration":7347054,"level":"\u001b[32minfo\u001b[39m","message":"\u001b[32mPerformance: cpu_system_time = 7347054 microseconds\u001b[39m","operation":"cpu_system_time","timestamp":"2026-05-30 14:58:18:5818","unit":"microseconds"}
{"duration":92.855925809,"level":"\u001b[32minfo\u001b[39m","message":"\u001b[32mPerformance: process_uptime = 92.855925809 seconds\u001b[39m","operation":"process_uptime","timestamp":"2026-05-30 14:58:18:5818","unit":"seconds"}
{"duration":1.83856,"level":"\u001b[32minfo\u001b[39m","message":"\u001b[32mPerformance: event_loop_lag = 1.83856 milliseconds\u001b[39m","operation":"event_loop_lag","timestamp":"2026-05-30 14:58:18:5818","unit":"milliseconds"}
{"heapUsed":924,"level":"\u001b[33mwarn\u001b[39m","message":"\u001b[33mHigh memory usage detected\u001b[39m","rss":1729,"threshold":1536,"timestamp":"2026-05-30 14:58:30:5830"}
{"level":"\u001b[32minfo\u001b[39m","message":"\u001b[32m>>> [MASTERMIND] OpenClaw Gateway Server online at port 19001\u001b[39m","timestamp":"2026-05-30 14:58:38:5838"}
{"level":"\u001b[32minfo\u001b[39m","message":"\u001b[32m>>> [MASTERMIND] Starting ChannelService watchdog (interval: 60000ms)\u001b[39m","timestamp":"2026-05-30 14:58:38:5838"}
{"level":"\u001b[32minfo\u001b[39m","message":"\u001b[32m[EventListener] Starting agent event listener\u001b[39m","timestamp":"2026-05-30 14:58:38:5838"}
{"level":"\u001b[32minfo\u001b[39m","message":"\u001b[32m✨ DeXMart is ready!\u001b[39m","timestamp":"2026-05-30 14:58:38:5838"}
{"heapUsed":1165,"level":"\u001b[33mwarn\u001b[39m","message":"\u001b[33mHigh memory usage detected\u001b[39m","rss":1684,"threshold":1536,"timestamp":"2026-05-30 14:58:40:5840"}
{"duration":588810264,"level":"\u001b[32minfo\u001b[39m","message":"\u001b[32mPerformance: memory_heap_used = 588810264 bytes\u001b[39m","operation":"memory_heap_used","timestamp":"2026-05-30 14:58:48:5848","unit":"bytes"}
{"duration":883752960,"level":"\u001b[32minfo\u001b[39m","message":"\u001b[32mPerformance: memory_heap_total = 883752960 bytes\u001b[39m","operation":"memory_heap_total","timestamp":"2026-05-30 14:58:48:5848","unit":"bytes"}
{"duration":1002483712,"level":"\u001b[32minfo\u001b[39m","message":"\u001b[32mPerformance: memory_rss = 1002483712 bytes\u001b[39m","operation":"memory_rss","timestamp":"2026-05-30 14:58:48:5848","unit":"bytes"}
{"duration":36857832,"level":"\u001b[32minfo\u001b[39m","message":"\u001b[32mPerformance: memory_external = 36857832 bytes\u001b[39m","operation":"memory_external","timestamp":"2026-05-30 14:58:48:5848","unit":"bytes"}
{"duration":138273137,"level":"\u001b[32minfo\u001b[39m","message":"\u001b[32mPerformance: cpu_user_time = 138273137 microseconds\u001b[39m","operation":"cpu_user_time","timestamp":"2026-05-30 14:58:48:5848","unit":"microseconds"}
{"duration":9037259,"level":"\u001b[32minfo\u001b[39m","message":"\u001b[32mPerformance: cpu_system_time = 9037259 microseconds\u001b[39m","operation":"cpu_system_time","timestamp":"2026-05-30 14:58:48:5848","unit":"microseconds"}
{"duration":122.856937261,"level":"\u001b[32minfo\u001b[39m","message":"\u001b[32mPerformance: process_uptime = 122.856937261 seconds\u001b[39m","operation":"process_uptime","timestamp":"2026-05-30 14:58:48:5848","unit":"seconds"}
{"duration":0.300934,"level":"\u001b[32minfo\u001b[39m","message":"\u001b[32mPerformance: event_loop_lag = 0.300934 milliseconds\u001b[39m","operation":"event_loop_lag","timestamp":"2026-05-30 14:58:48:5848","unit":"milliseconds"}
{"duration":589002424,"level":"\u001b[32minfo\u001b[39m","message":"\u001b[32mPerformance: memory_heap_used = 589002424 bytes\u001b[39m","operation":"memory_heap_used","timestamp":"2026-05-30 14:59:21:5921","unit":"bytes"}
{"duration":883752960,"level":"\u001b[32minfo\u001b[39m","message":"\u001b[32mPerformance: memory_heap_total = 883752960 bytes\u001b[39m","operation":"memory_heap_total","timestamp":"2026-05-30 14:59:21:5921","unit":"bytes"}
{"duration":1003925504,"level":"\u001b[32minfo\u001b[39m","message":"\u001b[32mPerformance: memory_rss = 1003925504 bytes\u001b[39m","operation":"memory_rss","timestamp":"2026-05-30 14:59:21:5921","unit":"bytes"}
{"duration":36866540,"level":"\u001b[32minfo\u001b[39m","message":"\u001b[32mPerformance: memory_external = 36866540 bytes\u001b[39m","operation":"memory_external","timestamp":"2026-05-30 14:59:21:5921","unit":"bytes"}
{"duration":138327170,"level":"\u001b[32minfo\u001b[39m","message":"\u001b[32mPerformance: cpu_user_time = 138327170 microseconds\u001b[39m","operation":"cpu_user_time","timestamp":"2026-05-30 14:59:21:5921","unit":"microseconds"}
{"duration":9055465,"level":"\u001b[32minfo\u001b[39m","message":"\u001b[32mPerformance: cpu_system_time = 9055465 microseconds\u001b[39m","operation":"cpu_system_time","timestamp":"2026-05-30 14:59:21:5921","unit":"microseconds"}
{"duration":152.857115671,"level":"\u001b[32minfo\u001b[39m","message":"\u001b[32mPerformance: process_uptime = 152.857115671 seconds\u001b[39m","operation":"process_uptime","timestamp":"2026-05-30 14:59:21:5921","unit":"seconds"}
{"duration":0.22985,"level":"\u001b[32minfo\u001b[39m","message":"\u001b[32mPerformance: event_loop_lag = 0.22985 milliseconds\u001b[39m","operation":"event_loop_lag","timestamp":"2026-05-30 14:59:21:5921","unit":"milliseconds"}
{"level":"\u001b[32minfo\u001b[39m","message":"\u001b[32m>>> [MASTERMIND] Resuming all active channels...\u001b[39m","timestamp":"2026-05-30 14:59:44:5944"}
{"error":"16 UNAUTHENTICATED: Request had invalid authentication credentials. Expected OAuth 2 access token, login cookie or other valid authentication credential. See https://developers.google.com/identity/sign-in/web/devconsole-project.","level":"\u001b[31merror\u001b[39m","message":"\u001b[31mFirestore getCollection error [tenants] (Tenant: undefined):\u001b[39m","stack":"Error: 16 UNAUTHENTICATED: Request had invalid authentication credentials. Expected OAuth 2 access token, login cookie or other valid authentication credential. See https://developers.google.com/identity/sign-in/web/devconsole-project.\n    at callErrorFromStatus (/home/codedex/projects/DeXMart/node_modules/@grpc/grpc-js/src/call.ts:84:17)\n    at Object.onReceiveStatus (/home/codedex/projects/DeXMart/node_modules/@grpc/grpc-js/src/client.ts:612:51)\n    at Object.onReceiveStatus (/home/codedex/projects/DeXMart/node_modules/@grpc/grpc-js/src/client-interceptors.ts:424:48)\n    at /home/codedex/projects/DeXMart/node_modules/@grpc/grpc-js/src/resolving-call.ts:170:24\n    at processTicksAndRejections (node:internal/process/task_queues:85:11)\nfor call at\n    at ServiceClientImpl.makeServerStreamRequest (/home/codedex/projects/DeXMart/node_modules/@grpc/grpc-js/src/client.ts:595:42)\n    at ServiceClientImpl.<anonymous> (/home/codedex/projects/DeXMart/node_modules/@grpc/grpc-js/src/make-client.ts:189:15)\n    at /home/codedex/projects/DeXMart/node_modules/@google-cloud/firestore/build/src/v1/firestore_client.js:242:33\n    at /home/codedex/projects/DeXMart/node_modules/google-gax/src/streamingCalls/streamingApiCaller.ts:59:19\n    at /home/codedex/projects/DeXMart/node_modules/google-gax/src/normalCalls/timeout.ts:54:13\n    at Object.request (/home/codedex/projects/DeXMart/node_modules/google-gax/src/streamingCalls/streaming.ts:331:28)\n    at makeRequest (/home/codedex/projects/DeXMart/node_modules/retry-request/index.js:159:28)\n    at retryRequest (/home/codedex/projects/DeXMart/node_modules/retry-request/index.js:119:5)\n    at StreamProxy.setStream (/home/codedex/projects/DeXMart/node_modules/google-gax/src/streamingCalls/streaming.ts:322:29)\n    at StreamingApiCaller.call (/home/codedex/projects/DeXMart/node_modules/google-gax/src/streamingCalls/streamingApiCaller.ts:89:12)\n    at /home/codedex/projects/DeXMart/node_modules/google-gax/src/createApiCall.ts:157:26\nCaused by: Error: \n    at QueryUtil._getResponse (/home/codedex/projects/DeXMart/node_modules/@google-cloud/firestore/build/src/reference/query-util.js:44:23)\n    at CollectionReference._getResponse (/home/codedex/projects/DeXMart/node_modules/@google-cloud/firestore/build/src/reference/query.js:784:32)\n    at CollectionReference._get (/home/codedex/projects/DeXMart/node_modules/@google-cloud/firestore/build/src/reference/query.js:777:35)\n    at /home/codedex/projects/DeXMart/node_modules/@google-cloud/firestore/build/src/reference/query.js:745:43\n    at /home/codedex/projects/DeXMart/node_modules/@google-cloud/firestore/build/src/telemetry/enabled-trace-util.js:110:30\n    at NoopContextManager.with (/home/codedex/projects/DeXMart/node_modules/@opentelemetry/api/src/context/NoopContextManager.ts:20:15)\n    at ContextAPI.with (/home/codedex/projects/DeXMart/node_modules/@opentelemetry/api/src/api/context.ts:68:42)\n    at NoopTracer.startActiveSpan (/home/codedex/projects/DeXMart/node_modules/@opentelemetry/api/src/trace/NoopTracer.ts:87:27)\n    at ProxyTracer.startActiveSpan (/home/codedex/projects/DeXMart/node_modules/@opentelemetry/api/src/trace/ProxyTracer.ts:51:20)\n    at EnabledTraceUtil.startActiveSpan (/home/codedex/projects/DeXMart/node_modules/@google-cloud/firestore/build/src/telemetry/enabled-trace-util.js:102:28)\n    at CollectionReference.get (/home/codedex/projects/DeXMart/node_modules/@google-cloud/firestore/build/src/reference/query.js:744:43)\n    at FirebaseService.getCollection (file:///home/codedex/projects/DeXMart/src/persistence/firebase.ts:1:5169)\n    at MultiTenantService.listTenants (file:///home/codedex/projects/DeXMart/src/services/multiTenantService.ts:1:5759)\n    at ChannelService.resumeActiveChannels (file:///home/codedex/projects/DeXMart/src/services/ChannelService.ts:1:11070)\n    at processTicksAndRejections (node:internal/process/task_queues:104:5)","timestamp":"2026-05-30 14:59:44:5944"}
{"error":"16 UNAUTHENTICATED: Request had invalid authentication credentials. Expected OAuth 2 access token, login cookie or other valid authentication credential. See https://developers.google.com/identity/sign-in/web/devconsole-project.","level":"\u001b[31merror\u001b[39m","message":"\u001b[31mMultiTenantService.listTenants error:\u001b[39m","stack":"Error: 16 UNAUTHENTICATED: Request had invalid authentication credentials. Expected OAuth 2 access token, login cookie or other valid authentication credential. See https://developers.google.com/identity/sign-in/web/devconsole-project.\n    at callErrorFromStatus (/home/codedex/projects/DeXMart/node_modules/@grpc/grpc-js/src/call.ts:84:17)\n    at Object.onReceiveStatus (/home/codedex/projects/DeXMart/node_modules/@grpc/grpc-js/src/client.ts:612:51)\n    at Object.onReceiveStatus (/home/codedex/projects/DeXMart/node_modules/@grpc/grpc-js/src/client-interceptors.ts:424:48)\n    at /home/codedex/projects/DeXMart/node_modules/@grpc/grpc-js/src/resolving-call.ts:170:24\n    at processTicksAndRejections (node:internal/process/task_queues:85:11)\nfor call at\n    at ServiceClientImpl.makeServerStreamRequest (/home/codedex/projects/DeXMart/node_modules/@grpc/grpc-js/src/client.ts:595:42)\n    at ServiceClientImpl.<anonymous> (/home/codedex/projects/DeXMart/node_modules/@grpc/grpc-js/src/make-client.ts:189:15)\n    at /home/codedex/projects/DeXMart/node_modules/@google-cloud/firestore/build/src/v1/firestore_client.js:242:33\n    at /home/codedex/projects/DeXMart/node_modules/google-gax/src/streamingCalls/streamingApiCaller.ts:59:19\n    at /home/codedex/projects/DeXMart/node_modules/google-gax/src/normalCalls/timeout.ts:54:13\n    at Object.request (/home/codedex/projects/DeXMart/node_modules/google-gax/src/streamingCalls/streaming.ts:331:28)\n    at makeRequest (/home/codedex/projects/DeXMart/node_modules/retry-request/index.js:159:28)\n    at retryRequest (/home/codedex/projects/DeXMart/node_modules/retry-request/index.js:119:5)\n    at StreamProxy.setStream (/home/codedex/projects/DeXMart/node_modules/google-gax/src/streamingCalls/streaming.ts:322:29)\n    at StreamingApiCaller.call (/home/codedex/projects/DeXMart/node_modules/google-gax/src/streamingCalls/streamingApiCaller.ts:89:12)\n    at /home/codedex/projects/DeXMart/node_modules/google-gax/src/createApiCall.ts:157:26\nCaused by: Error: \n    at QueryUtil._getResponse (/home/codedex/projects/DeXMart/node_modules/@google-cloud/firestore/build/src/reference/query-util.js:44:23)\n    at CollectionReference._getResponse (/home/codedex/projects/DeXMart/node_modules/@google-cloud/firestore/build/src/reference/query.js:784:32)\n    at CollectionReference._get (/home/codedex/projects/DeXMart/node_modules/@google-cloud/firestore/build/src/reference/query.js:777:35)\n    at /home/codedex/projects/DeXMart/node_modules/@google-cloud/firestore/build/src/reference/query.js:745:43\n    at /home/codedex/projects/DeXMart/node_modules/@google-cloud/firestore/build/src/telemetry/enabled-trace-util.js:110:30\n    at NoopContextManager.with (/home/codedex/projects/DeXMart/node_modules/@opentelemetry/api/src/context/NoopContextManager.ts:20:15)\n    at ContextAPI.with (/home/codedex/projects/DeXMart/node_modules/@opentelemetry/api/src/api/context.ts:68:42)\n    at NoopTracer.startActiveSpan (/home/codedex/projects/DeXMart/node_modules/@opentelemetry/api/src/trace/NoopTracer.ts:87:27)\n    at ProxyTracer.startActiveSpan (/home/codedex/projects/DeXMart/node_modules/@opentelemetry/api/src/trace/ProxyTracer.ts:51:20)\n    at EnabledTraceUtil.startActiveSpan (/home/codedex/projects/DeXMart/node_modules/@google-cloud/firestore/build/src/telemetry/enabled-trace-util.js:102:28)\n    at CollectionReference.get (/home/codedex/projects/DeXMart/node_modules/@google-cloud/firestore/build/src/reference/query.js:744:43)\n    at FirebaseService.getCollection (file:///home/codedex/projects/DeXMart/src/persistence/firebase.ts:1:5169)\n    at MultiTenantService.listTenants (file:///home/codedex/projects/DeXMart/src/services/multiTenantService.ts:1:5759)\n    at ChannelService.resumeActiveChannels (file:///home/codedex/projects/DeXMart/src/services/ChannelService.ts:1:11070)\n    at processTicksAndRejections (node:internal/process/task_queues:104:5)","timestamp":"2026-05-30 14:59:44:5944"}
{"level":"\u001b[32minfo\u001b[39m","message":"\u001b[32m[ChannelService] Successfully queued 0 channels for resumption.\u001b[39m","timestamp":"2026-05-30 14:59:44:5944"}
{"duration":591840176,"level":"\u001b[32minfo\u001b[39m","message":"\u001b[32mPerformance: memory_heap_used = 591840176 bytes\u001b[39m","operation":"memory_heap_used","timestamp":"2026-05-30 14:59:54:5954","unit":"bytes"}
{"duration":891355136,"level":"\u001b[32minfo\u001b[39m","message":"\u001b[32mPerformance: memory_heap_total = 891355136 bytes\u001b[39m","operation":"memory_heap_total","timestamp":"2026-05-30 14:59:54:5954","unit":"bytes"}
{"duration":1007202304,"level":"\u001b[32minfo\u001b[39m","message":"\u001b[32mPerformance: memory_rss = 1007202304 bytes\u001b[39m","operation":"memory_rss","timestamp":"2026-05-30 14:59:54:5954","unit":"bytes"}
{"duration":36910188,"level":"\u001b[32minfo\u001b[39m","message":"\u001b[32mPerformance: memory_external = 36910188 bytes\u001b[39m","operation":"memory_external","timestamp":"2026-05-30 14:59:54:5954","unit":"bytes"}
{"duration":138410945,"level":"\u001b[32minfo\u001b[39m","message":"\u001b[32mPerformance: cpu_user_time = 138410945 microseconds\u001b[39m","operation":"cpu_user_time","timestamp":"2026-05-30 14:59:54:5954","unit":"microseconds"}
{"duration":9094962,"level":"\u001b[32minfo\u001b[39m","message":"\u001b[32mPerformance: cpu_system_time = 9094962 microseconds\u001b[39m","operation":"cpu_system_time","timestamp":"2026-05-30 14:59:54:5954","unit":"microseconds"}
{"duration":182.85803141,"level":"\u001b[32minfo\u001b[39m","message":"\u001b[32mPerformance: process_uptime = 182.85803141 seconds\u001b[39m","operation":"process_uptime","timestamp":"2026-05-30 14:59:54:5954","unit":"seconds"}
{"duration":0.235892,"level":"\u001b[32minfo\u001b[39m","message":"\u001b[32mPerformance: event_loop_lag = 0.235892 milliseconds\u001b[39m","operation":"event_loop_lag","timestamp":"2026-05-30 14:59:54:5954","unit":"milliseconds"}
{"level":"\u001b[32minfo\u001b[39m","message":"\u001b[32m✅ Environment variables validated via Zod\u001b[39m","timestamp":"2026-05-30 15:00:08:08"}
{"level":"\u001b[33mwarn\u001b[39m","message":"\u001b[33m⚠️ JWT_SECRET is missing or using default value! Tokens will be signed with an insecure key.\u001b[39m","timestamp":"2026-05-30 15:00:08:08"}
{"level":"\u001b[32minfo\u001b[39m","message":"\u001b[32m🔗 Constructed internal REDIS_URL from host and port configuration\u001b[39m","timestamp":"2026-05-30 15:00:08:08"}
{"level":"\u001b[32minfo\u001b[39m","message":"\u001b[32m✅ Configuration validation passed\u001b[39m","timestamp":"2026-05-30 15:00:08:08"}
{"level":"\u001b[32minfo\u001b[39m","message":"\u001b[32mConfigService initialized as wrapper for ConfigManager\u001b[39m","timestamp":"2026-05-30 15:00:08:08"}
{"level":"\u001b[32minfo\u001b[39m","message":"\u001b[32mLoading service account from: service-account.json\u001b[39m","timestamp":"2026-05-30 15:00:08:08"}
{"level":"\u001b[32minfo\u001b[39m","message":"\u001b[32mUsing service account for project: dexmart\u001b[39m","timestamp":"2026-05-30 15:00:08:08"}
{"level":"\u001b[32minfo\u001b[39m","message":"\u001b[32mInitializing Firebase Admin...\u001b[39m","timestamp":"2026-05-30 15:00:08:08"}
{"level":"\u001b[32minfo\u001b[39m","message":"\u001b[32m🔥 Firebase Admin Initialized (Project: dexmart)\u001b[39m","timestamp":"2026-05-30 15:00:08:08"}
{"duration":593221632,"level":"\u001b[32minfo\u001b[39m","message":"\u001b[32mPerformance: memory_heap_used = 593221632 bytes\u001b[39m","operation":"memory_heap_used","timestamp":"2026-05-30 15:00:27:027","unit":"bytes"}
{"duration":891355136,"level":"\u001b[32minfo\u001b[39m","message":"\u001b[32mPerformance: memory_heap_total = 891355136 bytes\u001b[39m","operation":"memory_heap_total","timestamp":"2026-05-30 15:00:27:027","unit":"bytes"}
{"duration":1007202304,"level":"\u001b[32minfo\u001b[39m","message":"\u001b[32mPerformance: memory_rss = 1007202304 bytes\u001b[39m","operation":"memory_rss","timestamp":"2026-05-30 15:00:27:027","unit":"bytes"}
{"duration":36946473,"level":"\u001b[32minfo\u001b[39m","message":"\u001b[32mPerformance: memory_external = 36946473 bytes\u001b[39m","operation":"memory_external","timestamp":"2026-05-30 15:00:27:027","unit":"bytes"}
{"duration":138436559,"level":"\u001b[32minfo\u001b[39m","message":"\u001b[32mPerformance: cpu_user_time = 138436559 microseconds\u001b[39m","operation":"cpu_user_time","timestamp":"2026-05-30 15:00:27:027","unit":"microseconds"}
{"duration":9121227,"level":"\u001b[32minfo\u001b[39m","message":"\u001b[32mPerformance: cpu_system_time = 9121227 microseconds\u001b[39m","operation":"cpu_system_time","timestamp":"2026-05-30 15:00:27:027","unit":"microseconds"}
{"duration":212.858151767,"level":"\u001b[32minfo\u001b[39m","message":"\u001b[32mPerformance: process_uptime = 212.858151767 seconds\u001b[39m","operation":"process_uptime","timestamp":"2026-05-30 15:00:27:027","unit":"seconds"}
{"duration":0.251469,"level":"\u001b[32minfo\u001b[39m","message":"\u001b[32mPerformance: event_loop_lag = 0.251469 milliseconds\u001b[39m","operation":"event_loop_lag","timestamp":"2026-05-30 15:00:27:027","unit":"milliseconds"}
{"level":"\u001b[32minfo\u001b[39m","message":"\u001b[32m>>> [MASTERMIND] Resuming all active channels...\u001b[39m","timestamp":"2026-05-30 15:00:50:050"}
{"error":"16 UNAUTHENTICATED: Request had invalid authentication credentials. Expected OAuth 2 access token, login cookie or other valid authentication credential. See https://developers.google.com/identity/sign-in/web/devconsole-project.","level":"\u001b[31merror\u001b[39m","message":"\u001b[31mFirestore getCollection error [tenants] (Tenant: undefined):\u001b[39m","stack":"Error: 16 UNAUTHENTICATED: Request had invalid authentication credentials. Expected OAuth 2 access token, login cookie or other valid authentication credential. See https://developers.google.com/identity/sign-in/web/devconsole-project.\n    at callErrorFromStatus (/home/codedex/projects/DeXMart/node_modules/@grpc/grpc-js/src/call.ts:84:17)\n    at Object.onReceiveStatus (/home/codedex/projects/DeXMart/node_modules/@grpc/grpc-js/src/client.ts:612:51)\n    at Object.onReceiveStatus (/home/codedex/projects/DeXMart/node_modules/@grpc/grpc-js/src/client-interceptors.ts:424:48)\n    at /home/codedex/projects/DeXMart/node_modules/@grpc/grpc-js/src/resolving-call.ts:170:24\n    at processTicksAndRejections (node:internal/process/task_queues:85:11)\nfor call at\n    at ServiceClientImpl.makeServerStreamRequest (/home/codedex/projects/DeXMart/node_modules/@grpc/grpc-js/src/client.ts:595:42)\n    at ServiceClientImpl.<anonymous> (/home/codedex/projects/DeXMart/node_modules/@grpc/grpc-js/src/make-client.ts:189:15)\n    at /home/codedex/projects/DeXMart/node_modules/@google-cloud/firestore/build/src/v1/firestore_client.js:242:33\n    at /home/codedex/projects/DeXMart/node_modules/google-gax/src/streamingCalls/streamingApiCaller.ts:59:19\n    at /home/codedex/projects/DeXMart/node_modules/google-gax/src/normalCalls/timeout.ts:54:13\n    at Object.request (/home/codedex/projects/DeXMart/node_modules/google-gax/src/streamingCalls/streaming.ts:331:28)\n    at makeRequest (/home/codedex/projects/DeXMart/node_modules/retry-request/index.js:159:28)\n    at retryRequest (/home/codedex/projects/DeXMart/node_modules/retry-request/index.js:119:5)\n    at StreamProxy.setStream (/home/codedex/projects/DeXMart/node_modules/google-gax/src/streamingCalls/streaming.ts:322:29)\n    at StreamingApiCaller.call (/home/codedex/projects/DeXMart/node_modules/google-gax/src/streamingCalls/streamingApiCaller.ts:89:12)\n    at /home/codedex/projects/DeXMart/node_modules/google-gax/src/createApiCall.ts:157:26\nCaused by: Error: \n    at QueryUtil._getResponse (/home/codedex/projects/DeXMart/node_modules/@google-cloud/firestore/build/src/reference/query-util.js:44:23)\n    at CollectionReference._getResponse (/home/codedex/projects/DeXMart/node_modules/@google-cloud/firestore/build/src/reference/query.js:784:32)\n    at CollectionReference._get (/home/codedex/projects/DeXMart/node_modules/@google-cloud/firestore/build/src/reference/query.js:777:35)\n    at /home/codedex/projects/DeXMart/node_modules/@google-cloud/firestore/build/src/reference/query.js:745:43\n    at /home/codedex/projects/DeXMart/node_modules/@google-cloud/firestore/build/src/telemetry/enabled-trace-util.js:110:30\n    at NoopContextManager.with (/home/codedex/projects/DeXMart/node_modules/@opentelemetry/api/src/context/NoopContextManager.ts:20:15)\n    at ContextAPI.with (/home/codedex/projects/DeXMart/node_modules/@opentelemetry/api/src/api/context.ts:68:42)\n    at NoopTracer.startActiveSpan (/home/codedex/projects/DeXMart/node_modules/@opentelemetry/api/src/trace/NoopTracer.ts:87:27)\n    at ProxyTracer.startActiveSpan (/home/codedex/projects/DeXMart/node_modules/@opentelemetry/api/src/trace/ProxyTracer.ts:51:20)\n    at EnabledTraceUtil.startActiveSpan (/home/codedex/projects/DeXMart/node_modules/@google-cloud/firestore/build/src/telemetry/enabled-trace-util.js:102:28)\n    at CollectionReference.get (/home/codedex/projects/DeXMart/node_modules/@google-cloud/firestore/build/src/reference/query.js:744:43)\n    at FirebaseService.getCollection (file:///home/codedex/projects/DeXMart/src/persistence/firebase.ts:1:5169)\n    at MultiTenantService.listTenants (file:///home/codedex/projects/DeXMart/src/services/multiTenantService.ts:1:5759)\n    at ChannelService.resumeActiveChannels (file:///home/codedex/projects/DeXMart/src/services/ChannelService.ts:1:11070)\n    at processTicksAndRejections (node:internal/process/task_queues:104:5)","timestamp":"2026-05-30 15:00:50:050"}
{"error":"16 UNAUTHENTICATED: Request had invalid authentication credentials. Expected OAuth 2 access token, login cookie or other valid authentication credential. See https://developers.google.com/identity/sign-in/web/devconsole-project.","level":"\u001b[31merror\u001b[39m","message":"\u001b[31mMultiTenantService.listTenants error:\u001b[39m","stack":"Error: 16 UNAUTHENTICATED: Request had invalid authentication credentials. Expected OAuth 2 access token, login cookie or other valid authentication credential. See https://developers.google.com/identity/sign-in/web/devconsole-project.\n    at callErrorFromStatus (/home/codedex/projects/DeXMart/node_modules/@grpc/grpc-js/src/call.ts:84:17)\n    at Object.onReceiveStatus (/home/codedex/projects/DeXMart/node_modules/@grpc/grpc-js/src/client.ts:612:51)\n    at Object.onReceiveStatus (/home/codedex/projects/DeXMart/node_modules/@grpc/grpc-js/src/client-interceptors.ts:424:48)\n    at /home/codedex/projects/DeXMart/node_modules/@grpc/grpc-js/src/resolving-call.ts:170:24\n    at processTicksAndRejections (node:internal/process/task_queues:85:11)\nfor call at\n    at ServiceClientImpl.makeServerStreamRequest (/home/codedex/projects/DeXMart/node_modules/@grpc/grpc-js/src/client.ts:595:42)\n    at ServiceClientImpl.<anonymous> (/home/codedex/projects/DeXMart/node_modules/@grpc/grpc-js/src/make-client.ts:189:15)\n    at /home/codedex/projects/DeXMart/node_modules/@google-cloud/firestore/build/src/v1/firestore_client.js:242:33\n    at /home/codedex/projects/DeXMart/node_modules/google-gax/src/streamingCalls/streamingApiCaller.ts:59:19\n    at /home/codedex/projects/DeXMart/node_modules/google-gax/src/normalCalls/timeout.ts:54:13\n    at Object.request (/home/codedex/projects/DeXMart/node_modules/google-gax/src/streamingCalls/streaming.ts:331:28)\n    at makeRequest (/home/codedex/projects/DeXMart/node_modules/retry-request/index.js:159:28)\n    at retryRequest (/home/codedex/projects/DeXMart/node_modules/retry-request/index.js:119:5)\n    at StreamProxy.setStream (/home/codedex/projects/DeXMart/node_modules/google-gax/src/streamingCalls/streaming.ts:322:29)\n    at StreamingApiCaller.call (/home/codedex/projects/DeXMart/node_modules/google-gax/src/streamingCalls/streamingApiCaller.ts:89:12)\n    at /home/codedex/projects/DeXMart/node_modules/google-gax/src/createApiCall.ts:157:26\nCaused by: Error: \n    at QueryUtil._getResponse (/home/codedex/projects/DeXMart/node_modules/@google-cloud/firestore/build/src/reference/query-util.js:44:23)\n    at CollectionReference._getResponse (/home/codedex/projects/DeXMart/node_modules/@google-cloud/firestore/build/src/reference/query.js:784:32)\n    at CollectionReference._get (/home/codedex/projects/DeXMart/node_modules/@google-cloud/firestore/build/src/reference/query.js:777:35)\n    at /home/codedex/projects/DeXMart/node_modules/@google-cloud/firestore/build/src/reference/query.js:745:43\n    at /home/codedex/projects/DeXMart/node_modules/@google-cloud/firestore/build/src/telemetry/enabled-trace-util.js:110:30\n    at NoopContextManager.with (/home/codedex/projects/DeXMart/node_modules/@opentelemetry/api/src/context/NoopContextManager.ts:20:15)\n    at ContextAPI.with (/home/codedex/projects/DeXMart/node_modules/@opentelemetry/api/src/api/context.ts:68:42)\n    at NoopTracer.startActiveSpan (/home/codedex/projects/DeXMart/node_modules/@opentelemetry/api/src/trace/NoopTracer.ts:87:27)\n    at ProxyTracer.startActiveSpan (/home/codedex/projects/DeXMart/node_modules/@opentelemetry/api/src/trace/ProxyTracer.ts:51:20)\n    at EnabledTraceUtil.startActiveSpan (/home/codedex/projects/DeXMart/node_modules/@google-cloud/firestore/build/src/telemetry/enabled-trace-util.js:102:28)\n    at CollectionReference.get (/home/codedex/projects/DeXMart/node_modules/@google-cloud/firestore/build/src/reference/query.js:744:43)\n    at FirebaseService.getCollection (file:///home/codedex/projects/DeXMart/src/persistence/firebase.ts:1:5169)\n    at MultiTenantService.listTenants (file:///home/codedex/projects/DeXMart/src/services/multiTenantService.ts:1:5759)\n    at ChannelService.resumeActiveChannels (file:///home/codedex/projects/DeXMart/src/services/ChannelService.ts:1:11070)\n    at processTicksAndRejections (node:internal/process/task_queues:104:5)","timestamp":"2026-05-30 15:00:50:050"}
{"level":"\u001b[32minfo\u001b[39m","message":"\u001b[32m[ChannelService] Successfully queued 0 channels for resumption.\u001b[39m","timestamp":"2026-05-30 15:00:50:050"}
{"duration":592428736,"level":"\u001b[32minfo\u001b[39m","message":"\u001b[32mPerformance: memory_heap_used = 592428736 bytes\u001b[39m","operation":"memory_heap_used","timestamp":"2026-05-30 15:01:00:10","unit":"bytes"}
{"duration":887160832,"level":"\u001b[32minfo\u001b[39m","message":"\u001b[32mPerformance: memory_heap_total = 887160832 bytes\u001b[39m","operation":"memory_heap_total","timestamp":"2026-05-30 15:01:00:10","unit":"bytes"}
{"duration":1006260224,"level":"\u001b[32minfo\u001b[39m","message":"\u001b[32mPerformance: memory_rss = 1006260224 bytes\u001b[39m","operation":"memory_rss","timestamp":"2026-05-30 15:01:00:10","unit":"bytes"}
{"duration":36913977,"level":"\u001b[32minfo\u001b[39m","message":"\u001b[32mPerformance: memory_external = 36913977 bytes\u001b[39m","operation":"memory_external","timestamp":"2026-05-30 15:01:00:10","unit":"bytes"}
{"duration":138497444,"level":"\u001b[32minfo\u001b[39m","message":"\u001b[32mPerformance: cpu_user_time = 138497444 microseconds\u001b[39m","operation":"cpu_user_time","timestamp":"2026-05-30 15:01:00:10","unit":"microseconds"}
{"duration":9151601,"level":"\u001b[32minfo\u001b[39m","message":"\u001b[32mPerformance: cpu_system_time = 9151601 microseconds\u001b[39m","operation":"cpu_system_time","timestamp":"2026-05-30 15:01:00:10","unit":"microseconds"}
{"duration":242.858561921,"level":"\u001b[32minfo\u001b[39m","message":"\u001b[32mPerformance: process_uptime = 242.858561921 seconds\u001b[39m","operation":"process_uptime","timestamp":"2026-05-30 15:01:00:10","unit":"seconds"}
{"duration":0.208056,"level":"\u001b[32minfo\u001b[39m","message":"\u001b[32mPerformance: event_loop_lag = 0.208056 milliseconds\u001b[39m","operation":"event_loop_lag","timestamp":"2026-05-30 15:01:00:10","unit":"milliseconds"}
{"duration":592448496,"level":"\u001b[32minfo\u001b[39m","message":"\u001b[32mPerformance: memory_heap_used = 592448496 bytes\u001b[39m","operation":"memory_heap_used","timestamp":"2026-05-30 15:01:33:133","unit":"bytes"}
{"duration":884015104,"level":"\u001b[32minfo\u001b[39m","message":"\u001b[32mPerformance: memory_heap_total = 884015104 bytes\u001b[39m","operation":"memory_heap_total","timestamp":"2026-05-30 15:01:33:133","unit":"bytes"}
{"duration":1006391296,"level":"\u001b[32minfo\u001b[39m","message":"\u001b[32mPerformance: memory_rss = 1006391296 bytes\u001b[39m","operation":"memory_rss","timestamp":"2026-05-30 15:01:33:133","unit":"bytes"}
{"duration":36908362,"level":"\u001b[32minfo\u001b[39m","message":"\u001b[32mPerformance: memory_external = 36908362 bytes\u001b[39m","operation":"memory_external","timestamp":"2026-05-30 15:01:33:133","unit":"bytes"}
{"duration":138520025,"level":"\u001b[32minfo\u001b[39m","message":"\u001b[32mPerformance: cpu_user_time = 138520025 microseconds\u001b[39m","operation":"cpu_user_time","timestamp":"2026-05-30 15:01:33:133","unit":"microseconds"}
{"duration":9185271,"level":"\u001b[32minfo\u001b[39m","message":"\u001b[32mPerformance: cpu_system_time = 9185271 microseconds\u001b[39m","operation":"cpu_system_time","timestamp":"2026-05-30 15:01:33:133","unit":"microseconds"}
{"duration":272.86004941,"level":"\u001b[32minfo\u001b[39m","message":"\u001b[32mPerformance: process_uptime = 272.86004941 seconds\u001b[39m","operation":"process_uptime","timestamp":"2026-05-30 15:01:33:133","unit":"seconds"}
{"duration":0.238749,"level":"\u001b[32minfo\u001b[39m","message":"\u001b[32mPerformance: event_loop_lag = 0.238749 milliseconds\u001b[39m","operation":"event_loop_lag","timestamp":"2026-05-30 15:01:33:133","unit":"milliseconds"}
{"level":"\u001b[32minfo\u001b[39m","message":"\u001b[32m>>> [MASTERMIND] Resuming all active channels...\u001b[39m","timestamp":"2026-05-30 15:01:56:156"}
{"error":"16 UNAUTHENTICATED: Request had invalid authentication credentials. Expected OAuth 2 access token, login cookie or other valid authentication credential. See https://developers.google.com/identity/sign-in/web/devconsole-project.","level":"\u001b[31merror\u001b[39m","message":"\u001b[31mFirestore getCollection error [tenants] (Tenant: undefined):\u001b[39m","stack":"Error: 16 UNAUTHENTICATED: Request had invalid authentication credentials. Expected OAuth 2 access token, login cookie or other valid authentication credential. See https://developers.google.com/identity/sign-in/web/devconsole-project.\n    at callErrorFromStatus (/home/codedex/projects/DeXMart/node_modules/@grpc/grpc-js/src/call.ts:84:17)\n    at Object.onReceiveStatus (/home/codedex/projects/DeXMart/node_modules/@grpc/grpc-js/src/client.ts:612:51)\n    at Object.onReceiveStatus (/home/codedex/projects/DeXMart/node_modules/@grpc/grpc-js/src/client-interceptors.ts:424:48)\n    at /home/codedex/projects/DeXMart/node_modules/@grpc/grpc-js/src/resolving-call.ts:170:24\n    at processTicksAndRejections (node:internal/process/task_queues:85:11)\nfor call at\n    at ServiceClientImpl.makeServerStreamRequest (/home/codedex/projects/DeXMart/node_modules/@grpc/grpc-js/src/client.ts:595:42)\n    at ServiceClientImpl.<anonymous> (/home/codedex/projects/DeXMart/node_modules/@grpc/grpc-js/src/make-client.ts:189:15)\n    at /home/codedex/projects/DeXMart/node_modules/@google-cloud/firestore/build/src/v1/firestore_client.js:242:33\n    at /home/codedex/projects/DeXMart/node_modules/google-gax/src/streamingCalls/streamingApiCaller.ts:59:19\n    at /home/codedex/projects/DeXMart/node_modules/google-gax/src/normalCalls/timeout.ts:54:13\n    at Object.request (/home/codedex/projects/DeXMart/node_modules/google-gax/src/streamingCalls/streaming.ts:331:28)\n    at makeRequest (/home/codedex/projects/DeXMart/node_modules/retry-request/index.js:159:28)\n    at retryRequest (/home/codedex/projects/DeXMart/node_modules/retry-request/index.js:119:5)\n    at StreamProxy.setStream (/home/codedex/projects/DeXMart/node_modules/google-gax/src/streamingCalls/streaming.ts:322:29)\n    at StreamingApiCaller.call (/home/codedex/projects/DeXMart/node_modules/google-gax/src/streamingCalls/streamingApiCaller.ts:89:12)\n    at /home/codedex/projects/DeXMart/node_modules/google-gax/src/createApiCall.ts:157:26\nCaused by: Error: \n    at QueryUtil._getResponse (/home/codedex/projects/DeXMart/node_modules/@google-cloud/firestore/build/src/reference/query-util.js:44:23)\n    at CollectionReference._getResponse (/home/codedex/projects/DeXMart/node_modules/@google-cloud/firestore/build/src/reference/query.js:784:32)\n    at CollectionReference._get (/home/codedex/projects/DeXMart/node_modules/@google-cloud/firestore/build/src/reference/query.js:777:35)\n    at /home/codedex/projects/DeXMart/node_modules/@google-cloud/firestore/build/src/reference/query.js:745:43\n    at /home/codedex/projects/DeXMart/node_modules/@google-cloud/firestore/build/src/telemetry/enabled-trace-util.js:110:30\n    at NoopContextManager.with (/home/codedex/projects/DeXMart/node_modules/@opentelemetry/api/src/context/NoopContextManager.ts:20:15)\n    at ContextAPI.with (/home/codedex/projects/DeXMart/node_modules/@opentelemetry/api/src/api/context.ts:68:42)\n    at NoopTracer.startActiveSpan (/home/codedex/projects/DeXMart/node_modules/@opentelemetry/api/src/trace/NoopTracer.ts:87:27)\n    at ProxyTracer.startActiveSpan (/home/codedex/projects/DeXMart/node_modules/@opentelemetry/api/src/trace/ProxyTracer.ts:51:20)\n    at EnabledTraceUtil.startActiveSpan (/home/codedex/projects/DeXMart/node_modules/@google-cloud/firestore/build/src/telemetry/enabled-trace-util.js:102:28)\n    at CollectionReference.get (/home/codedex/projects/DeXMart/node_modules/@google-cloud/firestore/build/src/reference/query.js:744:43)\n    at FirebaseService.getCollection (file:///home/codedex/projects/DeXMart/src/persistence/firebase.ts:1:5169)\n    at MultiTenantService.listTenants (file:///home/codedex/projects/DeXMart/src/services/multiTenantService.ts:1:5759)\n    at ChannelService.resumeActiveChannels (file:///home/codedex/projects/DeXMart/src/services/ChannelService.ts:1:11070)\n    at processTicksAndRejections (node:internal/process/task_queues:104:5)","timestamp":"2026-05-30 15:01:56:156"}
{"error":"16 UNAUTHENTICATED: Request had invalid authentication credentials. Expected OAuth 2 access token, login cookie or other valid authentication credential. See https://developers.google.com/identity/sign-in/web/devconsole-project.","level":"\u001b[31merror\u001b[39m","message":"\u001b[31mMultiTenantService.listTenants error:\u001b[39m","stack":"Error: 16 UNAUTHENTICATED: Request had invalid authentication credentials. Expected OAuth 2 access token, login cookie or other valid authentication credential. See https://developers.google.com/identity/sign-in/web/devconsole-project.\n    at callErrorFromStatus (/home/codedex/projects/DeXMart/node_modules/@grpc/grpc-js/src/call.ts:84:17)\n    at Object.onReceiveStatus (/home/codedex/projects/DeXMart/node_modules/@grpc/grpc-js/src/client.ts:612:51)\n    at Object.onReceiveStatus (/home/codedex/projects/DeXMart/node_modules/@grpc/grpc-js/src/client-interceptors.ts:424:48)\n    at /home/codedex/projects/DeXMart/node_modules/@grpc/grpc-js/src/resolving-call.ts:170:24\n    at processTicksAndRejections (node:internal/process/task_queues:85:11)\nfor call at\n    at ServiceClientImpl.makeServerStreamRequest (/home/codedex/projects/DeXMart/node_modules/@grpc/grpc-js/src/client.ts:595:42)\n    at ServiceClientImpl.<anonymous> (/home/codedex/projects/DeXMart/node_modules/@grpc/grpc-js/src/make-client.ts:189:15)\n    at /home/codedex/projects/DeXMart/node_modules/@google-cloud/firestore/build/src/v1/firestore_client.js:242:33\n    at /home/codedex/projects/DeXMart/node_modules/google-gax/src/streamingCalls/streamingApiCaller.ts:59:19\n    at /home/codedex/projects/DeXMart/node_modules/google-gax/src/normalCalls/timeout.ts:54:13\n    at Object.request (/home/codedex/projects/DeXMart/node_modules/google-gax/src/streamingCalls/streaming.ts:331:28)\n    at makeRequest (/home/codedex/projects/DeXMart/node_modules/retry-request/index.js:159:28)\n    at retryRequest (/home/codedex/projects/DeXMart/node_modules/retry-request/index.js:119:5)\n    at StreamProxy.setStream (/home/codedex/projects/DeXMart/node_modules/google-gax/src/streamingCalls/streaming.ts:322:29)\n    at StreamingApiCaller.call (/home/codedex/projects/DeXMart/node_modules/google-gax/src/streamingCalls/streamingApiCaller.ts:89:12)\n    at /home/codedex/projects/DeXMart/node_modules/google-gax/src/createApiCall.ts:157:26\nCaused by: Error: \n    at QueryUtil._getResponse (/home/codedex/projects/DeXMart/node_modules/@google-cloud/firestore/build/src/reference/query-util.js:44:23)\n    at CollectionReference._getResponse (/home/codedex/projects/DeXMart/node_modules/@google-cloud/firestore/build/src/reference/query.js:784:32)\n    at CollectionReference._get (/home/codedex/projects/DeXMart/node_modules/@google-cloud/firestore/build/src/reference/query.js:777:35)\n    at /home/codedex/projects/DeXMart/node_modules/@google-cloud/firestore/build/src/reference/query.js:745:43\n    at /home/codedex/projects/DeXMart/node_modules/@google-cloud/firestore/build/src/telemetry/enabled-trace-util.js:110:30\n    at NoopContextManager.with (/home/codedex/projects/DeXMart/node_modules/@opentelemetry/api/src/context/NoopContextManager.ts:20:15)\n    at ContextAPI.with (/home/codedex/projects/DeXMart/node_modules/@opentelemetry/api/src/api/context.ts:68:42)\n    at NoopTracer.startActiveSpan (/home/codedex/projects/DeXMart/node_modules/@opentelemetry/api/src/trace/NoopTracer.ts:87:27)\n    at ProxyTracer.startActiveSpan (/home/codedex/projects/DeXMart/node_modules/@opentelemetry/api/src/trace/ProxyTracer.ts:51:20)\n    at EnabledTraceUtil.startActiveSpan (/home/codedex/projects/DeXMart/node_modules/@google-cloud/firestore/build/src/telemetry/enabled-trace-util.js:102:28)\n    at CollectionReference.get (/home/codedex/projects/DeXMart/node_modules/@google-cloud/firestore/build/src/reference/query.js:744:43)\n    at FirebaseService.getCollection (file:///home/codedex/projects/DeXMart/src/persistence/firebase.ts:1:5169)\n    at MultiTenantService.listTenants (file:///home/codedex/projects/DeXMart/src/services/multiTenantService.ts:1:5759)\n    at ChannelService.resumeActiveChannels (file:///home/codedex/projects/DeXMart/src/services/ChannelService.ts:1:11070)\n    at processTicksAndRejections (node:internal/process/task_queues:104:5)","timestamp":"2026-05-30 15:01:56:156"}
{"level":"\u001b[32minfo\u001b[39m","message":"\u001b[32m[ChannelService] Successfully queued 0 channels for resumption.\u001b[39m","timestamp":"2026-05-30 15:01:56:156"}
{"duration":592948456,"level":"\u001b[32minfo\u001b[39m","message":"\u001b[32mPerformance: memory_heap_used = 592948456 bytes\u001b[39m","operation":"memory_heap_used","timestamp":"2026-05-30 15:02:05:25","unit":"bytes"}
{"duration":884015104,"level":"\u001b[32minfo\u001b[39m","message":"\u001b[32mPerformance: memory_heap_total = 884015104 bytes\u001b[39m","operation":"memory_heap_total","timestamp":"2026-05-30 15:02:05:25","unit":"bytes"}
{"duration":1006522368,"level":"\u001b[32minfo\u001b[39m","message":"\u001b[32mPerformance: memory_rss = 1006522368 bytes\u001b[39m","operation":"memory_rss","timestamp":"2026-05-30 15:02:05:25","unit":"bytes"}
{"duration":36917691,"level":"\u001b[32minfo\u001b[39m","message":"\u001b[32mPerformance: memory_external = 36917691 bytes\u001b[39m","operation":"memory_external","timestamp":"2026-05-30 15:02:05:25","unit":"bytes"}
{"duration":138552236,"level":"\u001b[32minfo\u001b[39m","message":"\u001b[32mPerformance: cpu_user_time = 138552236 microseconds\u001b[39m","operation":"cpu_user_time","timestamp":"2026-05-30 15:02:05:25","unit":"microseconds"}
{"duration":9220447,"level":"\u001b[32minfo\u001b[39m","message":"\u001b[32mPerformance: cpu_system_time = 9220447 microseconds\u001b[39m","operation":"cpu_system_time","timestamp":"2026-05-30 15:02:05:25","unit":"microseconds"}
{"duration":302.860962523,"level":"\u001b[32minfo\u001b[39m","message":"\u001b[32mPerformance: process_uptime = 302.860962523 seconds\u001b[39m","operation":"process_uptime","timestamp":"2026-05-30 15:02:05:25","unit":"seconds"}
{"duration":0.306748,"level":"\u001b[32minfo\u001b[39m","message":"\u001b[32mPerformance: event_loop_lag = 0.306748 milliseconds\u001b[39m","operation":"event_loop_lag","timestamp":"2026-05-30 15:02:05:25","unit":"milliseconds"}
{"duration":592909168,"level":"\u001b[32minfo\u001b[39m","message":"\u001b[32mPerformance: memory_heap_used = 592909168 bytes\u001b[39m","operation":"memory_heap_used","timestamp":"2026-05-30 15:02:38:238","unit":"bytes"}
{"duration":884015104,"level":"\u001b[32minfo\u001b[39m","message":"\u001b[32mPerformance: memory_heap_total = 884015104 bytes\u001b[39m","operation":"memory_heap_total","timestamp":"2026-05-30 15:02:38:238","unit":"bytes"}
{"duration":1006784512,"level":"\u001b[32minfo\u001b[39m","message":"\u001b[32mPerformance: memory_rss = 1006784512 bytes\u001b[39m","operation":"memory_rss","timestamp":"2026-05-30 15:02:38:238","unit":"bytes"}
{"duration":36925147,"level":"\u001b[32minfo\u001b[39m","message":"\u001b[32mPerformance: memory_external = 36925147 bytes\u001b[39m","operation":"memory_external","timestamp":"2026-05-30 15:02:38:238","unit":"bytes"}
{"duration":138580914,"level":"\u001b[32minfo\u001b[39m","message":"\u001b[32mPerformance: cpu_user_time = 138580914 microseconds\u001b[39m","operation":"cpu_user_time","timestamp":"2026-05-30 15:02:38:238","unit":"microseconds"}
{"duration":9246619,"level":"\u001b[32minfo\u001b[39m","message":"\u001b[32mPerformance: cpu_system_time = 9246619 microseconds\u001b[39m","operation":"cpu_system_time","timestamp":"2026-05-30 15:02:38:238","unit":"microseconds"}
{"duration":332.862438298,"level":"\u001b[32minfo\u001b[39m","message":"\u001b[32mPerformance: process_uptime = 332.862438298 seconds\u001b[39m","operation":"process_uptime","timestamp":"2026-05-30 15:02:38:238","unit":"seconds"}
{"duration":0.25641,"level":"\u001b[32minfo\u001b[39m","message":"\u001b[32mPerformance: event_loop_lag = 0.25641 milliseconds\u001b[39m","operation":"event_loop_lag","timestamp":"2026-05-30 15:02:38:238","unit":"milliseconds"}
{"level":"\u001b[32minfo\u001b[39m","message":"\u001b[32m>>> [MASTERMIND] Resuming all active channels...\u001b[39m","timestamp":"2026-05-30 15:03:01:31"}
{"error":"16 UNAUTHENTICATED: Request had invalid authentication credentials. Expected OAuth 2 access token, login cookie or other valid authentication credential. See https://developers.google.com/identity/sign-in/web/devconsole-project.","level":"\u001b[31merror\u001b[39m","message":"\u001b[31mFirestore getCollection error [tenants] (Tenant: undefined):\u001b[39m","stack":"Error: 16 UNAUTHENTICATED: Request had invalid authentication credentials. Expected OAuth 2 access token, login cookie or other valid authentication credential. See https://developers.google.com/identity/sign-in/web/devconsole-project.\n    at callErrorFromStatus (/home/codedex/projects/DeXMart/node_modules/@grpc/grpc-js/src/call.ts:84:17)\n    at Object.onReceiveStatus (/home/codedex/projects/DeXMart/node_modules/@grpc/grpc-js/src/client.ts:612:51)\n    at Object.onReceiveStatus (/home/codedex/projects/DeXMart/node_modules/@grpc/grpc-js/src/client-interceptors.ts:424:48)\n    at /home/codedex/projects/DeXMart/node_modules/@grpc/grpc-js/src/resolving-call.ts:170:24\n    at processTicksAndRejections (node:internal/process/task_queues:85:11)\nfor call at\n    at ServiceClientImpl.makeServerStreamRequest (/home/codedex/projects/DeXMart/node_modules/@grpc/grpc-js/src/client.ts:595:42)\n    at ServiceClientImpl.<anonymous> (/home/codedex/projects/DeXMart/node_modules/@grpc/grpc-js/src/make-client.ts:189:15)\n    at /home/codedex/projects/DeXMart/node_modules/@google-cloud/firestore/build/src/v1/firestore_client.js:242:33\n    at /home/codedex/projects/DeXMart/node_modules/google-gax/src/streamingCalls/streamingApiCaller.ts:59:19\n    at /home/codedex/projects/DeXMart/node_modules/google-gax/src/normalCalls/timeout.ts:54:13\n    at Object.request (/home/codedex/projects/DeXMart/node_modules/google-gax/src/streamingCalls/streaming.ts:331:28)\n    at makeRequest (/home/codedex/projects/DeXMart/node_modules/retry-request/index.js:159:28)\n    at retryRequest (/home/codedex/projects/DeXMart/node_modules/retry-request/index.js:119:5)\n    at StreamProxy.setStream (/home/codedex/projects/DeXMart/node_modules/google-gax/src/streamingCalls/streaming.ts:322:29)\n    at StreamingApiCaller.call (/home/codedex/projects/DeXMart/node_modules/google-gax/src/streamingCalls/streamingApiCaller.ts:89:12)\n    at /home/codedex/projects/DeXMart/node_modules/google-gax/src/createApiCall.ts:157:26\nCaused by: Error: \n    at QueryUtil._getResponse (/home/codedex/projects/DeXMart/node_modules/@google-cloud/firestore/build/src/reference/query-util.js:44:23)\n    at CollectionReference._getResponse (/home/codedex/projects/DeXMart/node_modules/@google-cloud/firestore/build/src/reference/query.js:784:32)\n    at CollectionReference._get (/home/codedex/projects/DeXMart/node_modules/@google-cloud/firestore/build/src/reference/query.js:777:35)\n    at /home/codedex/projects/DeXMart/node_modules/@google-cloud/firestore/build/src/reference/query.js:745:43\n    at /home/codedex/projects/DeXMart/node_modules/@google-cloud/firestore/build/src/telemetry/enabled-trace-util.js:110:30\n    at NoopContextManager.with (/home/codedex/projects/DeXMart/node_modules/@opentelemetry/api/src/context/NoopContextManager.ts:20:15)\n    at ContextAPI.with (/home/codedex/projects/DeXMart/node_modules/@opentelemetry/api/src/api/context.ts:68:42)\n    at NoopTracer.startActiveSpan (/home/codedex/projects/DeXMart/node_modules/@opentelemetry/api/src/trace/NoopTracer.ts:87:27)\n    at ProxyTracer.startActiveSpan (/home/codedex/projects/DeXMart/node_modules/@opentelemetry/api/src/trace/ProxyTracer.ts:51:20)\n    at EnabledTraceUtil.startActiveSpan (/home/codedex/projects/DeXMart/node_modules/@google-cloud/firestore/build/src/telemetry/enabled-trace-util.js:102:28)\n    at CollectionReference.get (/home/codedex/projects/DeXMart/node_modules/@google-cloud/firestore/build/src/reference/query.js:744:43)\n    at FirebaseService.getCollection (file:///home/codedex/projects/DeXMart/src/persistence/firebase.ts:1:5169)\n    at MultiTenantService.listTenants (file:///home/codedex/projects/DeXMart/src/services/multiTenantService.ts:1:5759)\n    at ChannelService.resumeActiveChannels (file:///home/codedex/projects/DeXMart/src/services/ChannelService.ts:1:11070)\n    at processTicksAndRejections (node:internal/process/task_queues:104:5)","timestamp":"2026-05-30 15:03:02:32"}
{"error":"16 UNAUTHENTICATED: Request had invalid authentication credentials. Expected OAuth 2 access token, login cookie or other valid authentication credential. See https://developers.google.com/identity/sign-in/web/devconsole-project.","level":"\u001b[31merror\u001b[39m","message":"\u001b[31mMultiTenantService.listTenants error:\u001b[39m","stack":"Error: 16 UNAUTHENTICATED: Request had invalid authentication credentials. Expected OAuth 2 access token, login cookie or other valid authentication credential. See https://developers.google.com/identity/sign-in/web/devconsole-project.\n    at callErrorFromStatus (/home/codedex/projects/DeXMart/node_modules/@grpc/grpc-js/src/call.ts:84:17)\n    at Object.onReceiveStatus (/home/codedex/projects/DeXMart/node_modules/@grpc/grpc-js/src/client.ts:612:51)\n    at Object.onReceiveStatus (/home/codedex/projects/DeXMart/node_modules/@grpc/grpc-js/src/client-interceptors.ts:424:48)\n    at /home/codedex/projects/DeXMart/node_modules/@grpc/grpc-js/src/resolving-call.ts:170:24\n    at processTicksAndRejections (node:internal/process/task_queues:85:11)\nfor call at\n    at ServiceClientImpl.makeServerStreamRequest (/home/codedex/projects/DeXMart/node_modules/@grpc/grpc-js/src/client.ts:595:42)\n    at ServiceClientImpl.<anonymous> (/home/codedex/projects/DeXMart/node_modules/@grpc/grpc-js/src/make-client.ts:189:15)\n    at /home/codedex/projects/DeXMart/node_modules/@google-cloud/firestore/build/src/v1/firestore_client.js:242:33\n    at /home/codedex/projects/DeXMart/node_modules/google-gax/src/streamingCalls/streamingApiCaller.ts:59:19\n    at /home/codedex/projects/DeXMart/node_modules/google-gax/src/normalCalls/timeout.ts:54:13\n    at Object.request (/home/codedex/projects/DeXMart/node_modules/google-gax/src/streamingCalls/streaming.ts:331:28)\n    at makeRequest (/home/codedex/projects/DeXMart/node_modules/retry-request/index.js:159:28)\n    at retryRequest (/home/codedex/projects/DeXMart/node_modules/retry-request/index.js:119:5)\n    at StreamProxy.setStream (/home/codedex/projects/DeXMart/node_modules/google-gax/src/streamingCalls/streaming.ts:322:29)\n    at StreamingApiCaller.call (/home/codedex/projects/DeXMart/node_modules/google-gax/src/streamingCalls/streamingApiCaller.ts:89:12)\n    at /home/codedex/projects/DeXMart/node_modules/google-gax/src/createApiCall.ts:157:26\nCaused by: Error: \n    at QueryUtil._getResponse (/home/codedex/projects/DeXMart/node_modules/@google-cloud/firestore/build/src/reference/query-util.js:44:23)\n    at CollectionReference._getResponse (/home/codedex/projects/DeXMart/node_modules/@google-cloud/firestore/build/src/reference/query.js:784:32)\n    at CollectionReference._get (/home/codedex/projects/DeXMart/node_modules/@google-cloud/firestore/build/src/reference/query.js:777:35)\n    at /home/codedex/projects/DeXMart/node_modules/@google-cloud/firestore/build/src/reference/query.js:745:43\n    at /home/codedex/projects/DeXMart/node_modules/@google-cloud/firestore/build/src/telemetry/enabled-trace-util.js:110:30\n    at NoopContextManager.with (/home/codedex/projects/DeXMart/node_modules/@opentelemetry/api/src/context/NoopContextManager.ts:20:15)\n    at ContextAPI.with (/home/codedex/projects/DeXMart/node_modules/@opentelemetry/api/src/api/context.ts:68:42)\n    at NoopTracer.startActiveSpan (/home/codedex/projects/DeXMart/node_modules/@opentelemetry/api/src/trace/NoopTracer.ts:87:27)\n    at ProxyTracer.startActiveSpan (/home/codedex/projects/DeXMart/node_modules/@opentelemetry/api/src/trace/ProxyTracer.ts:51:20)\n    at EnabledTraceUtil.startActiveSpan (/home/codedex/projects/DeXMart/node_modules/@google-cloud/firestore/build/src/telemetry/enabled-trace-util.js:102:28)\n    at CollectionReference.get (/home/codedex/projects/DeXMart/node_modules/@google-cloud/firestore/build/src/reference/query.js:744:43)\n    at FirebaseService.getCollection (file:///home/codedex/projects/DeXMart/src/persistence/firebase.ts:1:5169)\n    at MultiTenantService.listTenants (file:///home/codedex/projects/DeXMart/src/services/multiTenantService.ts:1:5759)\n    at ChannelService.resumeActiveChannels (file:///home/codedex/projects/DeXMart/src/services/ChannelService.ts:1:11070)\n    at processTicksAndRejections (node:internal/process/task_queues:104:5)","timestamp":"2026-05-30 15:03:02:32"}
{"level":"\u001b[32minfo\u001b[39m","message":"\u001b[32m[ChannelService] Successfully queued 0 channels for resumption.\u001b[39m","timestamp":"2026-05-30 15:03:02:32"}
{"duration":593880288,"level":"\u001b[32minfo\u001b[39m","message":"\u001b[32mPerformance: memory_heap_used = 593880288 bytes\u001b[39m","operation":"memory_heap_used","timestamp":"2026-05-30 15:03:11:311","unit":"bytes"}
{"duration":884015104,"level":"\u001b[32minfo\u001b[39m","message":"\u001b[32mPerformance: memory_heap_total = 884015104 bytes\u001b[39m","operation":"memory_heap_total","timestamp":"2026-05-30 15:03:11:311","unit":"bytes"}
{"duration":1006915584,"level":"\u001b[32minfo\u001b[39m","message":"\u001b[32mPerformance: memory_rss = 1006915584 bytes\u001b[39m","operation":"memory_rss","timestamp":"2026-05-30 15:03:11:311","unit":"bytes"}
{"duration":36960713,"level":"\u001b[32minfo\u001b[39m","message":"\u001b[32mPerformance: memory_external = 36960713 bytes\u001b[39m","operation":"memory_external","timestamp":"2026-05-30 15:03:11:311","unit":"bytes"}
{"duration":138611463,"level":"\u001b[32minfo\u001b[39m","message":"\u001b[32mPerformance: cpu_user_time = 138611463 microseconds\u001b[39m","operation":"cpu_user_time","timestamp":"2026-05-30 15:03:11:311","unit":"microseconds"}
{"duration":9281978,"level":"\u001b[32minfo\u001b[39m","message":"\u001b[32mPerformance: cpu_system_time = 9281978 microseconds\u001b[39m","operation":"cpu_system_time","timestamp":"2026-05-30 15:03:11:311","unit":"microseconds"}
{"duration":362.862592194,"level":"\u001b[32minfo\u001b[39m","message":"\u001b[32mPerformance: process_uptime = 362.862592194 seconds\u001b[39m","operation":"process_uptime","timestamp":"2026-05-30 15:03:11:311","unit":"seconds"}
{"duration":2.289828,"level":"\u001b[32minfo\u001b[39m","message":"\u001b[32mPerformance: event_loop_lag = 2.289828 milliseconds\u001b[39m","operation":"event_loop_lag","timestamp":"2026-05-30 15:03:11:311","unit":"milliseconds"}
{"duration":593976696,"level":"\u001b[32minfo\u001b[39m","message":"\u001b[32mPerformance: memory_heap_used = 593976696 bytes\u001b[39m","operation":"memory_heap_used","timestamp":"2026-05-30 15:03:44:344","unit":"bytes"}
{"duration":885063680,"level":"\u001b[32minfo\u001b[39m","message":"\u001b[32mPerformance: memory_heap_total = 885063680 bytes\u001b[39m","operation":"memory_heap_total","timestamp":"2026-05-30 15:03:44:344","unit":"bytes"}
{"duration":1007308800,"level":"\u001b[32minfo\u001b[39m","message":"\u001b[32mPerformance: memory_rss = 1007308800 bytes\u001b[39m","operation":"memory_rss","timestamp":"2026-05-30 15:03:44:344","unit":"bytes"}
{"duration":36951256,"level":"\u001b[32minfo\u001b[39m","message":"\u001b[32mPerformance: memory_external = 36951256 bytes\u001b[39m","operation":"memory_external","timestamp":"2026-05-30 15:03:44:344","unit":"bytes"}
{"duration":138647392,"level":"\u001b[32minfo\u001b[39m","message":"\u001b[32mPerformance: cpu_user_time = 138647392 microseconds\u001b[39m","operation":"cpu_user_time","timestamp":"2026-05-30 15:03:44:344","unit":"microseconds"}
{"duration":9300456,"level":"\u001b[32minfo\u001b[39m","message":"\u001b[32mPerformance: cpu_system_time = 9300456 microseconds\u001b[39m","operation":"cpu_system_time","timestamp":"2026-05-30 15:03:44:344","unit":"microseconds"}
{"duration":392.862540672,"level":"\u001b[32minfo\u001b[39m","message":"\u001b[32mPerformance: process_uptime = 392.862540672 seconds\u001b[39m","operation":"process_uptime","timestamp":"2026-05-30 15:03:44:344","unit":"seconds"}
{"duration":0.289087,"level":"\u001b[32minfo\u001b[39m","message":"\u001b[32mPerformance: event_loop_lag = 0.289087 milliseconds\u001b[39m","operation":"event_loop_lag","timestamp":"2026-05-30 15:03:44:344","unit":"milliseconds"}
{"level":"\u001b[32minfo\u001b[39m","message":"\u001b[32m✅ Environment variables validated via Zod\u001b[39m","timestamp":"2026-05-30 15:03:52:352"}
{"level":"\u001b[33mwarn\u001b[39m","message":"\u001b[33m⚠️ JWT_SECRET is missing or using default value! Tokens will be signed with an insecure key.\u001b[39m","timestamp":"2026-05-30 15:03:52:352"}
{"level":"\u001b[32minfo\u001b[39m","message":"\u001b[32m🔗 Constructed internal REDIS_URL from host and port configuration\u001b[39m","timestamp":"2026-05-30 15:03:52:352"}
{"level":"\u001b[32minfo\u001b[39m","message":"\u001b[32m✅ Configuration validation passed\u001b[39m","timestamp":"2026-05-30 15:03:52:352"}
{"level":"\u001b[32minfo\u001b[39m","message":"\u001b[32mConfigService initialized as wrapper for ConfigManager\u001b[39m","timestamp":"2026-05-30 15:03:52:352"}
{"level":"\u001b[32minfo\u001b[39m","message":"\u001b[32mFirebase Config: path=service-account.json, projectId=undefined, hasEmail=false, hasKey=false\u001b[39m","timestamp":"2026-05-30 15:03:52:352"}
{"level":"\u001b[32minfo\u001b[39m","message":"\u001b[32mLoading service account from: service-account.json\u001b[39m","timestamp":"2026-05-30 15:03:52:352"}
{"level":"\u001b[32minfo\u001b[39m","message":"\u001b[32mUsing service account for project: dexmart\u001b[39m","timestamp":"2026-05-30 15:03:52:352"}
{"level":"\u001b[32minfo\u001b[39m","message":"\u001b[32mInitializing Firebase Admin...\u001b[39m","timestamp":"2026-05-30 15:03:52:352"}
{"level":"\u001b[32minfo\u001b[39m","message":"\u001b[32m🔥 Firebase Admin Initialized (Project: dexmart)\u001b[39m","timestamp":"2026-05-30 15:03:52:352"}
{"level":"\u001b[32minfo\u001b[39m","message":"\u001b[32m>>> [MASTERMIND] Resuming all active channels...\u001b[39m","timestamp":"2026-05-30 15:04:04:44"}
{"error":"16 UNAUTHENTICATED: Request had invalid authentication credentials. Expected OAuth 2 access token, login cookie or other valid authentication credential. See https://developers.google.com/identity/sign-in/web/devconsole-project.","level":"\u001b[31merror\u001b[39m","message":"\u001b[31mFirestore getCollection error [tenants] (Tenant: undefined):\u001b[39m","stack":"Error: 16 UNAUTHENTICATED: Request had invalid authentication credentials. Expected OAuth 2 access token, login cookie or other valid authentication credential. See https://developers.google.com/identity/sign-in/web/devconsole-project.\n    at callErrorFromStatus (/home/codedex/projects/DeXMart/node_modules/@grpc/grpc-js/src/call.ts:84:17)\n    at Object.onReceiveStatus (/home/codedex/projects/DeXMart/node_modules/@grpc/grpc-js/src/client.ts:612:51)\n    at Object.onReceiveStatus (/home/codedex/projects/DeXMart/node_modules/@grpc/grpc-js/src/client-interceptors.ts:424:48)\n    at /home/codedex/projects/DeXMart/node_modules/@grpc/grpc-js/src/resolving-call.ts:170:24\n    at processTicksAndRejections (node:internal/process/task_queues:85:11)\nfor call at\n    at ServiceClientImpl.makeServerStreamRequest (/home/codedex/projects/DeXMart/node_modules/@grpc/grpc-js/src/client.ts:595:42)\n    at ServiceClientImpl.<anonymous> (/home/codedex/projects/DeXMart/node_modules/@grpc/grpc-js/src/make-client.ts:189:15)\n    at /home/codedex/projects/DeXMart/node_modules/@google-cloud/firestore/build/src/v1/firestore_client.js:242:33\n    at /home/codedex/projects/DeXMart/node_modules/google-gax/src/streamingCalls/streamingApiCaller.ts:59:19\n    at /home/codedex/projects/DeXMart/node_modules/google-gax/src/normalCalls/timeout.ts:54:13\n    at Object.request (/home/codedex/projects/DeXMart/node_modules/google-gax/src/streamingCalls/streaming.ts:331:28)\n    at makeRequest (/home/codedex/projects/DeXMart/node_modules/retry-request/index.js:159:28)\n    at retryRequest (/home/codedex/projects/DeXMart/node_modules/retry-request/index.js:119:5)\n    at StreamProxy.setStream (/home/codedex/projects/DeXMart/node_modules/google-gax/src/streamingCalls/streaming.ts:322:29)\n    at StreamingApiCaller.call (/home/codedex/projects/DeXMart/node_modules/google-gax/src/streamingCalls/streamingApiCaller.ts:89:12)\n    at /home/codedex/projects/DeXMart/node_modules/google-gax/src/createApiCall.ts:157:26\nCaused by: Error: \n    at QueryUtil._getResponse (/home/codedex/projects/DeXMart/node_modules/@google-cloud/firestore/build/src/reference/query-util.js:44:23)\n    at CollectionReference._getResponse (/home/codedex/projects/DeXMart/node_modules/@google-cloud/firestore/build/src/reference/query.js:784:32)\n    at CollectionReference._get (/home/codedex/projects/DeXMart/node_modules/@google-cloud/firestore/build/src/reference/query.js:777:35)\n    at /home/codedex/projects/DeXMart/node_modules/@google-cloud/firestore/build/src/reference/query.js:745:43\n    at /home/codedex/projects/DeXMart/node_modules/@google-cloud/firestore/build/src/telemetry/enabled-trace-util.js:110:30\n    at NoopContextManager.with (/home/codedex/projects/DeXMart/node_modules/@opentelemetry/api/src/context/NoopContextManager.ts:20:15)\n    at ContextAPI.with (/home/codedex/projects/DeXMart/node_modules/@opentelemetry/api/src/api/context.ts:68:42)\n    at NoopTracer.startActiveSpan (/home/codedex/projects/DeXMart/node_modules/@opentelemetry/api/src/trace/NoopTracer.ts:87:27)\n    at ProxyTracer.startActiveSpan (/home/codedex/projects/DeXMart/node_modules/@opentelemetry/api/src/trace/ProxyTracer.ts:51:20)\n    at EnabledTraceUtil.startActiveSpan (/home/codedex/projects/DeXMart/node_modules/@google-cloud/firestore/build/src/telemetry/enabled-trace-util.js:102:28)\n    at CollectionReference.get (/home/codedex/projects/DeXMart/node_modules/@google-cloud/firestore/build/src/reference/query.js:744:43)\n    at FirebaseService.getCollection (file:///home/codedex/projects/DeXMart/src/persistence/firebase.ts:1:5169)\n    at MultiTenantService.listTenants (file:///home/codedex/projects/DeXMart/src/services/multiTenantService.ts:1:5759)\n    at ChannelService.resumeActiveChannels (file:///home/codedex/projects/DeXMart/src/services/ChannelService.ts:1:11070)\n    at processTicksAndRejections (node:internal/process/task_queues:104:5)","timestamp":"2026-05-30 15:04:04:44"}
{"error":"16 UNAUTHENTICATED: Request had invalid authentication credentials. Expected OAuth 2 access token, login cookie or other valid authentication credential. See https://developers.google.com/identity/sign-in/web/devconsole-project.","level":"\u001b[31merror\u001b[39m","message":"\u001b[31mMultiTenantService.listTenants error:\u001b[39m","stack":"Error: 16 UNAUTHENTICATED: Request had invalid authentication credentials. Expected OAuth 2 access token, login cookie or other valid authentication credential. See https://developers.google.com/identity/sign-in/web/devconsole-project.\n    at callErrorFromStatus (/home/codedex/projects/DeXMart/node_modules/@grpc/grpc-js/src/call.ts:84:17)\n    at Object.onReceiveStatus (/home/codedex/projects/DeXMart/node_modules/@grpc/grpc-js/src/client.ts:612:51)\n    at Object.onReceiveStatus (/home/codedex/projects/DeXMart/node_modules/@grpc/grpc-js/src/client-interceptors.ts:424:48)\n    at /home/codedex/projects/DeXMart/node_modules/@grpc/grpc-js/src/resolving-call.ts:170:24\n    at processTicksAndRejections (node:internal/process/task_queues:85:11)\nfor call at\n    at ServiceClientImpl.makeServerStreamRequest (/home/codedex/projects/DeXMart/node_modules/@grpc/grpc-js/src/client.ts:595:42)\n    at ServiceClientImpl.<anonymous> (/home/codedex/projects/DeXMart/node_modules/@grpc/grpc-js/src/make-client.ts:189:15)\n    at /home/codedex/projects/DeXMart/node_modules/@google-cloud/firestore/build/src/v1/firestore_client.js:242:33\n    at /home/codedex/projects/DeXMart/node_modules/google-gax/src/streamingCalls/streamingApiCaller.ts:59:19\n    at /home/codedex/projects/DeXMart/node_modules/google-gax/src/normalCalls/timeout.ts:54:13\n    at Object.request (/home/codedex/projects/DeXMart/node_modules/google-gax/src/streamingCalls/streaming.ts:331:28)\n    at makeRequest (/home/codedex/projects/DeXMart/node_modules/retry-request/index.js:159:28)\n    at retryRequest (/home/codedex/projects/DeXMart/node_modules/retry-request/index.js:119:5)\n    at StreamProxy.setStream (/home/codedex/projects/DeXMart/node_modules/google-gax/src/streamingCalls/streaming.ts:322:29)\n    at StreamingApiCaller.call (/home/codedex/projects/DeXMart/node_modules/google-gax/src/streamingCalls/streamingApiCaller.ts:89:12)\n    at /home/codedex/projects/DeXMart/node_modules/google-gax/src/createApiCall.ts:157:26\nCaused by: Error: \n    at QueryUtil._getResponse (/home/codedex/projects/DeXMart/node_modules/@google-cloud/firestore/build/src/reference/query-util.js:44:23)\n    at CollectionReference._getResponse (/home/codedex/projects/DeXMart/node_modules/@google-cloud/firestore/build/src/reference/query.js:784:32)\n    at CollectionReference._get (/home/codedex/projects/DeXMart/node_modules/@google-cloud/firestore/build/src/reference/query.js:777:35)\n    at /home/codedex/projects/DeXMart/node_modules/@google-cloud/firestore/build/src/reference/query.js:745:43\n    at /home/codedex/projects/DeXMart/node_modules/@google-cloud/firestore/build/src/telemetry/enabled-trace-util.js:110:30\n    at NoopContextManager.with (/home/codedex/projects/DeXMart/node_modules/@opentelemetry/api/src/context/NoopContextManager.ts:20:15)\n    at ContextAPI.with (/home/codedex/projects/DeXMart/node_modules/@opentelemetry/api/src/api/context.ts:68:42)\n    at NoopTracer.startActiveSpan (/home/codedex/projects/DeXMart/node_modules/@opentelemetry/api/src/trace/NoopTracer.ts:87:27)\n    at ProxyTracer.startActiveSpan (/home/codedex/projects/DeXMart/node_modules/@opentelemetry/api/src/trace/ProxyTracer.ts:51:20)\n    at EnabledTraceUtil.startActiveSpan (/home/codedex/projects/DeXMart/node_modules/@google-cloud/firestore/build/src/telemetry/enabled-trace-util.js:102:28)\n    at CollectionReference.get (/home/codedex/projects/DeXMart/node_modules/@google-cloud/firestore/build/src/reference/query.js:744:43)\n    at FirebaseService.getCollection (file:///home/codedex/projects/DeXMart/src/persistence/firebase.ts:1:5169)\n    at MultiTenantService.listTenants (file:///home/codedex/projects/DeXMart/src/services/multiTenantService.ts:1:5759)\n    at ChannelService.resumeActiveChannels (file:///home/codedex/projects/DeXMart/src/services/ChannelService.ts:1:11070)\n    at processTicksAndRejections (node:internal/process/task_queues:104:5)","timestamp":"2026-05-30 15:04:04:44"}
{"level":"\u001b[32minfo\u001b[39m","message":"\u001b[32m[ChannelService] Successfully queued 0 channels for resumption.\u001b[39m","timestamp":"2026-05-30 15:04:04:44"}
{"duration":594216248,"level":"\u001b[32minfo\u001b[39m","message":"\u001b[32mPerformance: memory_heap_used = 594216248 bytes\u001b[39m","operation":"memory_heap_used","timestamp":"2026-05-30 15:04:17:417","unit":"bytes"}
{"duration":884015104,"level":"\u001b[32minfo\u001b[39m","message":"\u001b[32mPerformance: memory_heap_total = 884015104 bytes\u001b[39m","operation":"memory_heap_total","timestamp":"2026-05-30 15:04:17:417","unit":"bytes"}
{"duration":1007439872,"level":"\u001b[32minfo\u001b[39m","message":"\u001b[32mPerformance: memory_rss = 1007439872 bytes\u001b[39m","operation":"memory_rss","timestamp":"2026-05-30 15:04:17:417","unit":"bytes"}
{"duration":36988937,"level":"\u001b[32minfo\u001b[39m","message":"\u001b[32mPerformance: memory_external = 36988937 bytes\u001b[39m","operation":"memory_external","timestamp":"2026-05-30 15:04:17:417","unit":"bytes"}
{"duration":138691138,"level":"\u001b[32minfo\u001b[39m","message":"\u001b[32mPerformance: cpu_user_time = 138691138 microseconds\u001b[39m","operation":"cpu_user_time","timestamp":"2026-05-30 15:04:17:417","unit":"microseconds"}
{"duration":9327053,"level":"\u001b[32minfo\u001b[39m","message":"\u001b[32mPerformance: cpu_system_time = 9327053 microseconds\u001b[39m","operation":"cpu_system_time","timestamp":"2026-05-30 15:04:17:417","unit":"microseconds"}
{"duration":422.864137356,"level":"\u001b[32minfo\u001b[39m","message":"\u001b[32mPerformance: process_uptime = 422.864137356 seconds\u001b[39m","operation":"process_uptime","timestamp":"2026-05-30 15:04:17:417","unit":"seconds"}
{"duration":0.267486,"level":"\u001b[32minfo\u001b[39m","message":"\u001b[32mPerformance: event_loop_lag = 0.267486 milliseconds\u001b[39m","operation":"event_loop_lag","timestamp":"2026-05-30 15:04:17:417","unit":"milliseconds"}
{"duration":594294208,"level":"\u001b[32minfo\u001b[39m","message":"\u001b[32mPerformance: memory_heap_used = 594294208 bytes\u001b[39m","operation":"memory_heap_used","timestamp":"2026-05-30 15:04:50:450","unit":"bytes"}
{"duration":885063680,"level":"\u001b[32minfo\u001b[39m","message":"\u001b[32mPerformance: memory_heap_total = 885063680 bytes\u001b[39m","operation":"memory_heap_total","timestamp":"2026-05-30 15:04:50:450","unit":"bytes"}
{"duration":1007439872,"level":"\u001b[32minfo\u001b[39m","message":"\u001b[32mPerformance: memory_rss = 1007439872 bytes\u001b[39m","operation":"memory_rss","timestamp":"2026-05-30 15:04:50:450","unit":"bytes"}
{"duration":37012927,"level":"\u001b[32minfo\u001b[39m","message":"\u001b[32mPerformance: memory_external = 37012927 bytes\u001b[39m","operation":"memory_external","timestamp":"2026-05-30 15:04:50:450","unit":"bytes"}
{"duration":138725565,"level":"\u001b[32minfo\u001b[39m","message":"\u001b[32mPerformance: cpu_user_time = 138725565 microseconds\u001b[39m","operation":"cpu_user_time","timestamp":"2026-05-30 15:04:50:450","unit":"microseconds"}
{"duration":9346026,"level":"\u001b[32minfo\u001b[39m","message":"\u001b[32mPerformance: cpu_system_time = 9346026 microseconds\u001b[39m","operation":"cpu_system_time","timestamp":"2026-05-30 15:04:50:450","unit":"microseconds"}
{"duration":452.864383677,"level":"\u001b[32minfo\u001b[39m","message":"\u001b[32mPerformance: process_uptime = 452.864383677 seconds\u001b[39m","operation":"process_uptime","timestamp":"2026-05-30 15:04:50:450","unit":"seconds"}
{"duration":0.19923,"level":"\u001b[32minfo\u001b[39m","message":"\u001b[32mPerformance: event_loop_lag = 0.19923 milliseconds\u001b[39m","operation":"event_loop_lag","timestamp":"2026-05-30 15:04:50:450","unit":"milliseconds"}
{"level":"\u001b[32minfo\u001b[39m","message":"\u001b[32m>>> [MASTERMIND] Resuming all active channels...\u001b[39m","timestamp":"2026-05-30 15:05:10:510"}
{"error":"16 UNAUTHENTICATED: Request had invalid authentication credentials. Expected OAuth 2 access token, login cookie or other valid authentication credential. See https://developers.google.com/identity/sign-in/web/devconsole-project.","level":"\u001b[31merror\u001b[39m","message":"\u001b[31mFirestore getCollection error [tenants] (Tenant: undefined):\u001b[39m","stack":"Error: 16 UNAUTHENTICATED: Request had invalid authentication credentials. Expected OAuth 2 access token, login cookie or other valid authentication credential. See https://developers.google.com/identity/sign-in/web/devconsole-project.\n    at callErrorFromStatus (/home/codedex/projects/DeXMart/node_modules/@grpc/grpc-js/src/call.ts:84:17)\n    at Object.onReceiveStatus (/home/codedex/projects/DeXMart/node_modules/@grpc/grpc-js/src/client.ts:612:51)\n    at Object.onReceiveStatus (/home/codedex/projects/DeXMart/node_modules/@grpc/grpc-js/src/client-interceptors.ts:424:48)\n    at /home/codedex/projects/DeXMart/node_modules/@grpc/grpc-js/src/resolving-call.ts:170:24\n    at processTicksAndRejections (node:internal/process/task_queues:85:11)\nfor call at\n    at ServiceClientImpl.makeServerStreamRequest (/home/codedex/projects/DeXMart/node_modules/@grpc/grpc-js/src/client.ts:595:42)\n    at ServiceClientImpl.<anonymous> (/home/codedex/projects/DeXMart/node_modules/@grpc/grpc-js/src/make-client.ts:189:15)\n    at /home/codedex/projects/DeXMart/node_modules/@google-cloud/firestore/build/src/v1/firestore_client.js:242:33\n    at /home/codedex/projects/DeXMart/node_modules/google-gax/src/streamingCalls/streamingApiCaller.ts:59:19\n    at /home/codedex/projects/DeXMart/node_modules/google-gax/src/normalCalls/timeout.ts:54:13\n    at Object.request (/home/codedex/projects/DeXMart/node_modules/google-gax/src/streamingCalls/streaming.ts:331:28)\n    at makeRequest (/home/codedex/projects/DeXMart/node_modules/retry-request/index.js:159:28)\n    at retryRequest (/home/codedex/projects/DeXMart/node_modules/retry-request/index.js:119:5)\n    at StreamProxy.setStream (/home/codedex/projects/DeXMart/node_modules/google-gax/src/streamingCalls/streaming.ts:322:29)\n    at StreamingApiCaller.call (/home/codedex/projects/DeXMart/node_modules/google-gax/src/streamingCalls/streamingApiCaller.ts:89:12)\n    at /home/codedex/projects/DeXMart/node_modules/google-gax/src/createApiCall.ts:157:26\nCaused by: Error: \n    at QueryUtil._getResponse (/home/codedex/projects/DeXMart/node_modules/@google-cloud/firestore/build/src/reference/query-util.js:44:23)\n    at CollectionReference._getResponse (/home/codedex/projects/DeXMart/node_modules/@google-cloud/firestore/build/src/reference/query.js:784:32)\n    at CollectionReference._get (/home/codedex/projects/DeXMart/node_modules/@google-cloud/firestore/build/src/reference/query.js:777:35)\n    at /home/codedex/projects/DeXMart/node_modules/@google-cloud/firestore/build/src/reference/query.js:745:43\n    at /home/codedex/projects/DeXMart/node_modules/@google-cloud/firestore/build/src/telemetry/enabled-trace-util.js:110:30\n    at NoopContextManager.with (/home/codedex/projects/DeXMart/node_modules/@opentelemetry/api/src/context/NoopContextManager.ts:20:15)\n    at ContextAPI.with (/home/codedex/projects/DeXMart/node_modules/@opentelemetry/api/src/api/context.ts:68:42)\n    at NoopTracer.startActiveSpan (/home/codedex/projects/DeXMart/node_modules/@opentelemetry/api/src/trace/NoopTracer.ts:87:27)\n    at ProxyTracer.startActiveSpan (/home/codedex/projects/DeXMart/node_modules/@opentelemetry/api/src/trace/ProxyTracer.ts:51:20)\n    at EnabledTraceUtil.startActiveSpan (/home/codedex/projects/DeXMart/node_modules/@google-cloud/firestore/build/src/telemetry/enabled-trace-util.js:102:28)\n    at CollectionReference.get (/home/codedex/projects/DeXMart/node_modules/@google-cloud/firestore/build/src/reference/query.js:744:43)\n    at FirebaseService.getCollection (file:///home/codedex/projects/DeXMart/src/persistence/firebase.ts:1:5169)\n    at MultiTenantService.listTenants (file:///home/codedex/projects/DeXMart/src/services/multiTenantService.ts:1:5759)\n    at ChannelService.resumeActiveChannels (file:///home/codedex/projects/DeXMart/src/services/ChannelService.ts:1:11070)\n    at processTicksAndRejections (node:internal/process/task_queues:104:5)","timestamp":"2026-05-30 15:05:10:510"}
{"error":"16 UNAUTHENTICATED: Request had invalid authentication credentials. Expected OAuth 2 access token, login cookie or other valid authentication credential. See https://developers.google.com/identity/sign-in/web/devconsole-project.","level":"\u001b[31merror\u001b[39m","message":"\u001b[31mMultiTenantService.listTenants error:\u001b[39m","stack":"Error: 16 UNAUTHENTICATED: Request had invalid authentication credentials. Expected OAuth 2 access token, login cookie or other valid authentication credential. See https://developers.google.com/identity/sign-in/web/devconsole-project.\n    at callErrorFromStatus (/home/codedex/projects/DeXMart/node_modules/@grpc/grpc-js/src/call.ts:84:17)\n    at Object.onReceiveStatus (/home/codedex/projects/DeXMart/node_modules/@grpc/grpc-js/src/client.ts:612:51)\n    at Object.onReceiveStatus (/home/codedex/projects/DeXMart/node_modules/@grpc/grpc-js/src/client-interceptors.ts:424:48)\n    at /home/codedex/projects/DeXMart/node_modules/@grpc/grpc-js/src/resolving-call.ts:170:24\n    at processTicksAndRejections (node:internal/process/task_queues:85:11)\nfor call at\n    at ServiceClientImpl.makeServerStreamRequest (/home/codedex/projects/DeXMart/node_modules/@grpc/grpc-js/src/client.ts:595:42)\n    at ServiceClientImpl.<anonymous> (/home/codedex/projects/DeXMart/node_modules/@grpc/grpc-js/src/make-client.ts:189:15)\n    at /home/codedex/projects/DeXMart/node_modules/@google-cloud/firestore/build/src/v1/firestore_client.js:242:33\n    at /home/codedex/projects/DeXMart/node_modules/google-gax/src/streamingCalls/streamingApiCaller.ts:59:19\n    at /home/codedex/projects/DeXMart/node_modules/google-gax/src/normalCalls/timeout.ts:54:13\n    at Object.request (/home/codedex/projects/DeXMart/node_modules/google-gax/src/streamingCalls/streaming.ts:331:28)\n    at makeRequest (/home/codedex/projects/DeXMart/node_modules/retry-request/index.js:159:28)\n    at retryRequest (/home/codedex/projects/DeXMart/node_modules/retry-request/index.js:119:5)\n    at StreamProxy.setStream (/home/codedex/projects/DeXMart/node_modules/google-gax/src/streamingCalls/streaming.ts:322:29)\n    at StreamingApiCaller.call (/home/codedex/projects/DeXMart/node_modules/google-gax/src/streamingCalls/streamingApiCaller.ts:89:12)\n    at /home/codedex/projects/DeXMart/node_modules/google-gax/src/createApiCall.ts:157:26\nCaused by: Error: \n    at QueryUtil._getResponse (/home/codedex/projects/DeXMart/node_modules/@google-cloud/firestore/build/src/reference/query-util.js:44:23)\n    at CollectionReference._getResponse (/home/codedex/projects/DeXMart/node_modules/@google-cloud/firestore/build/src/reference/query.js:784:32)\n    at CollectionReference._get (/home/codedex/projects/DeXMart/node_modules/@google-cloud/firestore/build/src/reference/query.js:777:35)\n    at /home/codedex/projects/DeXMart/node_modules/@google-cloud/firestore/build/src/reference/query.js:745:43\n    at /home/codedex/projects/DeXMart/node_modules/@google-cloud/firestore/build/src/telemetry/enabled-trace-util.js:110:30\n    at NoopContextManager.with (/home/codedex/projects/DeXMart/node_modules/@opentelemetry/api/src/context/NoopContextManager.ts:20:15)\n    at ContextAPI.with (/home/codedex/projects/DeXMart/node_modules/@opentelemetry/api/src/api/context.ts:68:42)\n    at NoopTracer.startActiveSpan (/home/codedex/projects/DeXMart/node_modules/@opentelemetry/api/src/trace/NoopTracer.ts:87:27)\n    at ProxyTracer.startActiveSpan (/home/codedex/projects/DeXMart/node_modules/@opentelemetry/api/src/trace/ProxyTracer.ts:51:20)\n    at EnabledTraceUtil.startActiveSpan (/home/codedex/projects/DeXMart/node_modules/@google-cloud/firestore/build/src/telemetry/enabled-trace-util.js:102:28)\n    at CollectionReference.get (/home/codedex/projects/DeXMart/node_modules/@google-cloud/firestore/build/src/reference/query.js:744:43)\n    at FirebaseService.getCollection (file:///home/codedex/projects/DeXMart/src/persistence/firebase.ts:1:5169)\n    at MultiTenantService.listTenants (file:///home/codedex/projects/DeXMart/src/services/multiTenantService.ts:1:5759)\n    at ChannelService.resumeActiveChannels (file:///home/codedex/projects/DeXMart/src/services/ChannelService.ts:1:11070)\n    at processTicksAndRejections (node:internal/process/task_queues:104:5)","timestamp":"2026-05-30 15:05:10:510"}
{"level":"\u001b[32minfo\u001b[39m","message":"\u001b[32m[ChannelService] Successfully queued 0 channels for resumption.\u001b[39m","timestamp":"2026-05-30 15:05:10:510"}
{"level":"\u001b[32minfo\u001b[39m","message":"\u001b[32m✅ Environment variables validated via Zod\u001b[39m","timestamp":"2026-05-30 15:05:21:521"}
{"level":"\u001b[33mwarn\u001b[39m","message":"\u001b[33m⚠️ JWT_SECRET is missing or using default value! Tokens will be signed with an insecure key.\u001b[39m","timestamp":"2026-05-30 15:05:21:521"}
{"level":"\u001b[32minfo\u001b[39m","message":"\u001b[32m🔗 Constructed internal REDIS_URL from host and port configuration\u001b[39m","timestamp":"2026-05-30 15:05:21:521"}
{"level":"\u001b[32minfo\u001b[39m","message":"\u001b[32m✅ Configuration validation passed\u001b[39m","timestamp":"2026-05-30 15:05:21:521"}
{"level":"\u001b[32minfo\u001b[39m","message":"\u001b[32mConfigService initialized as wrapper for ConfigManager\u001b[39m","timestamp":"2026-05-30 15:05:21:521"}
{"duration":594575512,"level":"\u001b[32minfo\u001b[39m","message":"\u001b[32mPerformance: memory_heap_used = 594575512 bytes\u001b[39m","operation":"memory_heap_used","timestamp":"2026-05-30 15:05:23:523","unit":"bytes"}
{"duration":884015104,"level":"\u001b[32minfo\u001b[39m","message":"\u001b[32mPerformance: memory_heap_total = 884015104 bytes\u001b[39m","operation":"memory_heap_total","timestamp":"2026-05-30 15:05:23:523","unit":"bytes"}
{"duration":1007439872,"level":"\u001b[32minfo\u001b[39m","message":"\u001b[32mPerformance: memory_rss = 1007439872 bytes\u001b[39m","operation":"memory_rss","timestamp":"2026-05-30 15:05:23:523","unit":"bytes"}
{"duration":37056541,"level":"\u001b[32minfo\u001b[39m","message":"\u001b[32mPerformance: memory_external = 37056541 bytes\u001b[39m","operation":"memory_external","timestamp":"2026-05-30 15:05:23:523","unit":"bytes"}
{"duration":138758140,"level":"\u001b[32minfo\u001b[39m","message":"\u001b[32mPerformance: cpu_user_time = 138758140 microseconds\u001b[39m","operation":"cpu_user_time","timestamp":"2026-05-30 15:05:23:523","unit":"microseconds"}
{"duration":9380053,"level":"\u001b[32minfo\u001b[39m","message":"\u001b[32mPerformance: cpu_system_time = 9380053 microseconds\u001b[39m","operation":"cpu_system_time","timestamp":"2026-05-30 15:05:23:523","unit":"microseconds"}
{"duration":482.867011459,"level":"\u001b[32minfo\u001b[39m","message":"\u001b[32mPerformance: process_uptime = 482.867011459 seconds\u001b[39m","operation":"process_uptime","timestamp":"2026-05-30 15:05:23:523","unit":"seconds"}
{"duration":0.213952,"level":"\u001b[32minfo\u001b[39m","message":"\u001b[32mPerformance: event_loop_lag = 0.213952 milliseconds\u001b[39m","operation":"event_loop_lag","timestamp":"2026-05-30 15:05:23:523","unit":"milliseconds"}
{"duration":595388400,"level":"\u001b[32minfo\u001b[39m","message":"\u001b[32mPerformance: memory_heap_used = 595388400 bytes\u001b[39m","operation":"memory_heap_used","timestamp":"2026-05-30 15:05:56:556","unit":"bytes"}
{"duration":884277248,"level":"\u001b[32minfo\u001b[39m","message":"\u001b[32mPerformance: memory_heap_total = 884277248 bytes\u001b[39m","operation":"memory_heap_total","timestamp":"2026-05-30 15:05:56:556","unit":"bytes"}
{"duration":1007439872,"level":"\u001b[32minfo\u001b[39m","message":"\u001b[32mPerformance: memory_rss = 1007439872 bytes\u001b[39m","operation":"memory_rss","timestamp":"2026-05-30 15:05:56:556","unit":"bytes"}
{"duration":37060371,"level":"\u001b[32minfo\u001b[39m","message":"\u001b[32mPerformance: memory_external = 37060371 bytes\u001b[39m","operation":"memory_external","timestamp":"2026-05-30 15:05:56:556","unit":"bytes"}
{"duration":138769343,"level":"\u001b[32minfo\u001b[39m","message":"\u001b[32mPerformance: cpu_user_time = 138769343 microseconds\u001b[39m","operation":"cpu_user_time","timestamp":"2026-05-30 15:05:56:556","unit":"microseconds"}
{"duration":9430755,"level":"\u001b[32minfo\u001b[39m","message":"\u001b[32mPerformance: cpu_system_time = 9430755 microseconds\u001b[39m","operation":"cpu_system_time","timestamp":"2026-05-30 15:05:56:556","unit":"microseconds"}
{"duration":512.867788752,"level":"\u001b[32minfo\u001b[39m","message":"\u001b[32mPerformance: process_uptime = 512.867788752 seconds\u001b[39m","operation":"process_uptime","timestamp":"2026-05-30 15:05:56:556","unit":"seconds"}
{"duration":1.497334,"level":"\u001b[32minfo\u001b[39m","message":"\u001b[32mPerformance: event_loop_lag = 1.497334 milliseconds\u001b[39m","operation":"event_loop_lag","timestamp":"2026-05-30 15:05:56:556","unit":"milliseconds"}
{"level":"\u001b[32minfo\u001b[39m","message":"\u001b[32m✅ Environment variables validated via Zod\u001b[39m","timestamp":"2026-05-30 15:05:58:558"}
{"level":"\u001b[33mwarn\u001b[39m","message":"\u001b[33m⚠️ JWT_SECRET is missing or using default value! Tokens will be signed with an insecure key.\u001b[39m","timestamp":"2026-05-30 15:05:58:558"}
{"level":"\u001b[32minfo\u001b[39m","message":"\u001b[32m🔗 Constructed internal REDIS_URL from host and port configuration\u001b[39m","timestamp":"2026-05-30 15:05:58:558"}
{"level":"\u001b[32minfo\u001b[39m","message":"\u001b[32m✅ Configuration validation passed\u001b[39m","timestamp":"2026-05-30 15:05:58:558"}
{"level":"\u001b[32minfo\u001b[39m","message":"\u001b[32mConfigService initialized as wrapper for ConfigManager\u001b[39m","timestamp":"2026-05-30 15:05:58:558"}
{"level":"\u001b[32minfo\u001b[39m","message":"\u001b[32m✅ Environment variables validated via Zod\u001b[39m","timestamp":"2026-05-30 15:06:05:65"}
{"level":"\u001b[33mwarn\u001b[39m","message":"\u001b[33m⚠️ JWT_SECRET is missing or using default value! Tokens will be signed with an insecure key.\u001b[39m","timestamp":"2026-05-30 15:06:05:65"}
{"level":"\u001b[32minfo\u001b[39m","message":"\u001b[32m🔗 Constructed internal REDIS_URL from host and port configuration\u001b[39m","timestamp":"2026-05-30 15:06:05:65"}
{"level":"\u001b[32minfo\u001b[39m","message":"\u001b[32m✅ Configuration validation passed\u001b[39m","timestamp":"2026-05-30 15:06:05:65"}
{"level":"\u001b[32minfo\u001b[39m","message":"\u001b[32mConfigService initialized as wrapper for ConfigManager\u001b[39m","timestamp":"2026-05-30 15:06:05:65"}
{"level":"\u001b[32minfo\u001b[39m","message":"\u001b[32mFirebase Config: path=service-account.json, projectId=undefined, hasEmail=false, hasKey=false\u001b[39m","timestamp":"2026-05-30 15:06:05:65"}
{"level":"\u001b[32minfo\u001b[39m","message":"\u001b[32mLoading service account from: service-account.json\u001b[39m","timestamp":"2026-05-30 15:06:05:65"}
{"level":"\u001b[32minfo\u001b[39m","message":"\u001b[32mUsing service account for project: dexmart\u001b[39m","timestamp":"2026-05-30 15:06:05:65"}
{"level":"\u001b[32minfo\u001b[39m","message":"\u001b[32mInitializing Firebase Admin...\u001b[39m","timestamp":"2026-05-30 15:06:05:65"}
{"level":"\u001b[32minfo\u001b[39m","message":"\u001b[32m🔥 Firebase Admin Initialized (Project: dexmart)\u001b[39m","timestamp":"2026-05-30 15:06:05:65"}
{"level":"\u001b[32minfo\u001b[39m","message":"\u001b[32m>>> [MASTERMIND] Resuming all active channels...\u001b[39m","timestamp":"2026-05-30 15:06:16:616"}
{"error":"16 UNAUTHENTICATED: Request had invalid authentication credentials. Expected OAuth 2 access token, login cookie or other valid authentication credential. See https://developers.google.com/identity/sign-in/web/devconsole-project.","level":"\u001b[31merror\u001b[39m","message":"\u001b[31mFirestore getCollection error [tenants] (Tenant: undefined):\u001b[39m","stack":"Error: 16 UNAUTHENTICATED: Request had invalid authentication credentials. Expected OAuth 2 access token, login cookie or other valid authentication credential. See https://developers.google.com/identity/sign-in/web/devconsole-project.\n    at callErrorFromStatus (/home/codedex/projects/DeXMart/node_modules/@grpc/grpc-js/src/call.ts:84:17)\n    at Object.onReceiveStatus (/home/codedex/projects/DeXMart/node_modules/@grpc/grpc-js/src/client.ts:612:51)\n    at Object.onReceiveStatus (/home/codedex/projects/DeXMart/node_modules/@grpc/grpc-js/src/client-interceptors.ts:424:48)\n    at /home/codedex/projects/DeXMart/node_modules/@grpc/grpc-js/src/resolving-call.ts:170:24\n    at processTicksAndRejections (node:internal/process/task_queues:85:11)\nfor call at\n    at ServiceClientImpl.makeServerStreamRequest (/home/codedex/projects/DeXMart/node_modules/@grpc/grpc-js/src/client.ts:595:42)\n    at ServiceClientImpl.<anonymous> (/home/codedex/projects/DeXMart/node_modules/@grpc/grpc-js/src/make-client.ts:189:15)\n    at /home/codedex/projects/DeXMart/node_modules/@google-cloud/firestore/build/src/v1/firestore_client.js:242:33\n    at /home/codedex/projects/DeXMart/node_modules/google-gax/src/streamingCalls/streamingApiCaller.ts:59:19\n    at /home/codedex/projects/DeXMart/node_modules/google-gax/src/normalCalls/timeout.ts:54:13\n    at Object.request (/home/codedex/projects/DeXMart/node_modules/google-gax/src/streamingCalls/streaming.ts:331:28)\n    at makeRequest (/home/codedex/projects/DeXMart/node_modules/retry-request/index.js:159:28)\n    at retryRequest (/home/codedex/projects/DeXMart/node_modules/retry-request/index.js:119:5)\n    at StreamProxy.setStream (/home/codedex/projects/DeXMart/node_modules/google-gax/src/streamingCalls/streaming.ts:322:29)\n    at StreamingApiCaller.call (/home/codedex/projects/DeXMart/node_modules/google-gax/src/streamingCalls/streamingApiCaller.ts:89:12)\n    at /home/codedex/projects/DeXMart/node_modules/google-gax/src/createApiCall.ts:157:26\nCaused by: Error: \n    at QueryUtil._getResponse (/home/codedex/projects/DeXMart/node_modules/@google-cloud/firestore/build/src/reference/query-util.js:44:23)\n    at CollectionReference._getResponse (/home/codedex/projects/DeXMart/node_modules/@google-cloud/firestore/build/src/reference/query.js:784:32)\n    at CollectionReference._get (/home/codedex/projects/DeXMart/node_modules/@google-cloud/firestore/build/src/reference/query.js:777:35)\n    at /home/codedex/projects/DeXMart/node_modules/@google-cloud/firestore/build/src/reference/query.js:745:43\n    at /home/codedex/projects/DeXMart/node_modules/@google-cloud/firestore/build/src/telemetry/enabled-trace-util.js:110:30\n    at NoopContextManager.with (/home/codedex/projects/DeXMart/node_modules/@opentelemetry/api/src/context/NoopContextManager.ts:20:15)\n    at ContextAPI.with (/home/codedex/projects/DeXMart/node_modules/@opentelemetry/api/src/api/context.ts:68:42)\n    at NoopTracer.startActiveSpan (/home/codedex/projects/DeXMart/node_modules/@opentelemetry/api/src/trace/NoopTracer.ts:87:27)\n    at ProxyTracer.startActiveSpan (/home/codedex/projects/DeXMart/node_modules/@opentelemetry/api/src/trace/ProxyTracer.ts:51:20)\n    at EnabledTraceUtil.startActiveSpan (/home/codedex/projects/DeXMart/node_modules/@google-cloud/firestore/build/src/telemetry/enabled-trace-util.js:102:28)\n    at CollectionReference.get (/home/codedex/projects/DeXMart/node_modules/@google-cloud/firestore/build/src/reference/query.js:744:43)\n    at FirebaseService.getCollection (file:///home/codedex/projects/DeXMart/src/persistence/firebase.ts:1:5169)\n    at MultiTenantService.listTenants (file:///home/codedex/projects/DeXMart/src/services/multiTenantService.ts:1:5759)\n    at ChannelService.resumeActiveChannels (file:///home/codedex/projects/DeXMart/src/services/ChannelService.ts:1:11070)\n    at processTicksAndRejections (node:internal/process/task_queues:104:5)","timestamp":"2026-05-30 15:06:16:616"}
{"error":"16 UNAUTHENTICATED: Request had invalid authentication credentials. Expected OAuth 2 access token, login cookie or other valid authentication credential. See https://developers.google.com/identity/sign-in/web/devconsole-project.","level":"\u001b[31merror\u001b[39m","message":"\u001b[31mMultiTenantService.listTenants error:\u001b[39m","stack":"Error: 16 UNAUTHENTICATED: Request had invalid authentication credentials. Expected OAuth 2 access token, login cookie or other valid authentication credential. See https://developers.google.com/identity/sign-in/web/devconsole-project.\n    at callErrorFromStatus (/home/codedex/projects/DeXMart/node_modules/@grpc/grpc-js/src/call.ts:84:17)\n    at Object.onReceiveStatus (/home/codedex/projects/DeXMart/node_modules/@grpc/grpc-js/src/client.ts:612:51)\n    at Object.onReceiveStatus (/home/codedex/projects/DeXMart/node_modules/@grpc/grpc-js/src/client-interceptors.ts:424:48)\n    at /home/codedex/projects/DeXMart/node_modules/@grpc/grpc-js/src/resolving-call.ts:170:24\n    at processTicksAndRejections (node:internal/process/task_queues:85:11)\nfor call at\n    at ServiceClientImpl.makeServerStreamRequest (/home/codedex/projects/DeXMart/node_modules/@grpc/grpc-js/src/client.ts:595:42)\n    at ServiceClientImpl.<anonymous> (/home/codedex/projects/DeXMart/node_modules/@grpc/grpc-js/src/make-client.ts:189:15)\n    at /home/codedex/projects/DeXMart/node_modules/@google-cloud/firestore/build/src/v1/firestore_client.js:242:33\n    at /home/codedex/projects/DeXMart/node_modules/google-gax/src/streamingCalls/streamingApiCaller.ts:59:19\n    at /home/codedex/projects/DeXMart/node_modules/google-gax/src/normalCalls/timeout.ts:54:13\n    at Object.request (/home/codedex/projects/DeXMart/node_modules/google-gax/src/streamingCalls/streaming.ts:331:28)\n    at makeRequest (/home/codedex/projects/DeXMart/node_modules/retry-request/index.js:159:28)\n    at retryRequest (/home/codedex/projects/DeXMart/node_modules/retry-request/index.js:119:5)\n    at StreamProxy.setStream (/home/codedex/projects/DeXMart/node_modules/google-gax/src/streamingCalls/streaming.ts:322:29)\n    at StreamingApiCaller.call (/home/codedex/projects/DeXMart/node_modules/google-gax/src/streamingCalls/streamingApiCaller.ts:89:12)\n    at /home/codedex/projects/DeXMart/node_modules/google-gax/src/createApiCall.ts:157:26\nCaused by: Error: \n    at QueryUtil._getResponse (/home/codedex/projects/DeXMart/node_modules/@google-cloud/firestore/build/src/reference/query-util.js:44:23)\n    at CollectionReference._getResponse (/home/codedex/projects/DeXMart/node_modules/@google-cloud/firestore/build/src/reference/query.js:784:32)\n    at CollectionReference._get (/home/codedex/projects/DeXMart/node_modules/@google-cloud/firestore/build/src/reference/query.js:777:35)\n    at /home/codedex/projects/DeXMart/node_modules/@google-cloud/firestore/build/src/reference/query.js:745:43\n    at /home/codedex/projects/DeXMart/node_modules/@google-cloud/firestore/build/src/telemetry/enabled-trace-util.js:110:30\n    at NoopContextManager.with (/home/codedex/projects/DeXMart/node_modules/@opentelemetry/api/src/context/NoopContextManager.ts:20:15)\n    at ContextAPI.with (/home/codedex/projects/DeXMart/node_modules/@opentelemetry/api/src/api/context.ts:68:42)\n    at NoopTracer.startActiveSpan (/home/codedex/projects/DeXMart/node_modules/@opentelemetry/api/src/trace/NoopTracer.ts:87:27)\n    at ProxyTracer.startActiveSpan (/home/codedex/projects/DeXMart/node_modules/@opentelemetry/api/src/trace/ProxyTracer.ts:51:20)\n    at EnabledTraceUtil.startActiveSpan (/home/codedex/projects/DeXMart/node_modules/@google-cloud/firestore/build/src/telemetry/enabled-trace-util.js:102:28)\n    at CollectionReference.get (/home/codedex/projects/DeXMart/node_modules/@google-cloud/firestore/build/src/reference/query.js:744:43)\n    at FirebaseService.getCollection (file:///home/codedex/projects/DeXMart/src/persistence/firebase.ts:1:5169)\n    at MultiTenantService.listTenants (file:///home/codedex/projects/DeXMart/src/services/multiTenantService.ts:1:5759)\n    at ChannelService.resumeActiveChannels (file:///home/codedex/projects/DeXMart/src/services/ChannelService.ts:1:11070)\n    at processTicksAndRejections (node:internal/process/task_queues:104:5)","timestamp":"2026-05-30 15:06:16:616"}
{"level":"\u001b[32minfo\u001b[39m","message":"\u001b[32m[ChannelService] Successfully queued 0 channels for resumption.\u001b[39m","timestamp":"2026-05-30 15:06:16:616"}
{"duration":595531136,"level":"\u001b[32minfo\u001b[39m","message":"\u001b[32mPerformance: memory_heap_used = 595531136 bytes\u001b[39m","operation":"memory_heap_used","timestamp":"2026-05-30 15:06:26:626","unit":"bytes"}
{"duration":884277248,"level":"\u001b[32minfo\u001b[39m","message":"\u001b[32mPerformance: memory_heap_total = 884277248 bytes\u001b[39m","operation":"memory_heap_total","timestamp":"2026-05-30 15:06:26:626","unit":"bytes"}
{"duration":1007702016,"level":"\u001b[32minfo\u001b[39m","message":"\u001b[32mPerformance: memory_rss = 1007702016 bytes\u001b[39m","operation":"memory_rss","timestamp":"2026-05-30 15:06:26:626","unit":"bytes"}
{"duration":37089703,"level":"\u001b[32minfo\u001b[39m","message":"\u001b[32mPerformance: memory_external = 37089703 bytes\u001b[39m","operation":"memory_external","timestamp":"2026-05-30 15:06:26:626","unit":"bytes"}
{"duration":138815754,"level":"\u001b[32minfo\u001b[39m","message":"\u001b[32mPerformance: cpu_user_time = 138815754 microseconds\u001b[39m","operation":"cpu_user_time","timestamp":"2026-05-30 15:06:26:626","unit":"microseconds"}
{"duration":9453748,"level":"\u001b[32minfo\u001b[39m","message":"\u001b[32mPerformance: cpu_system_time = 9453748 microseconds\u001b[39m","operation":"cpu_system_time","timestamp":"2026-05-30 15:06:26:626","unit":"microseconds"}
{"duration":542.867670012,"level":"\u001b[32minfo\u001b[39m","message":"\u001b[32mPerformance: process_uptime = 542.867670012 seconds\u001b[39m","operation":"process_uptime","timestamp":"2026-05-30 15:06:26:626","unit":"seconds"}
{"duration":0.169327,"level":"\u001b[32minfo\u001b[39m","message":"\u001b[32mPerformance: event_loop_lag = 0.169327 milliseconds\u001b[39m","operation":"event_loop_lag","timestamp":"2026-05-30 15:06:26:626","unit":"milliseconds"}
{"level":"\u001b[32minfo\u001b[39m","message":"\u001b[32m✅ Environment variables validated via Zod\u001b[39m","timestamp":"2026-05-30 15:06:31:631"}
{"level":"\u001b[33mwarn\u001b[39m","message":"\u001b[33m⚠️ JWT_SECRET is missing or using default value! Tokens will be signed with an insecure key.\u001b[39m","timestamp":"2026-05-30 15:06:31:631"}
{"level":"\u001b[32minfo\u001b[39m","message":"\u001b[32m🔗 Constructed internal REDIS_URL from host and port configuration\u001b[39m","timestamp":"2026-05-30 15:06:31:631"}
{"level":"\u001b[32minfo\u001b[39m","message":"\u001b[32m✅ Configuration validation passed\u001b[39m","timestamp":"2026-05-30 15:06:31:631"}
{"level":"\u001b[32minfo\u001b[39m","message":"\u001b[32mConfigService initialized as wrapper for ConfigManager\u001b[39m","timestamp":"2026-05-30 15:06:31:631"}
{"level":"\u001b[32minfo\u001b[39m","message":"\u001b[32mFirebase Config: path=service-account.json, projectId=undefined, hasEmail=false, hasKey=false\u001b[39m","timestamp":"2026-05-30 15:06:31:631"}
{"level":"\u001b[32minfo\u001b[39m","message":"\u001b[32mLoading service account from: service-account.json\u001b[39m","timestamp":"2026-05-30 15:06:31:631"}
{"level":"\u001b[32minfo\u001b[39m","message":"\u001b[32mUsing service account for project: dexmart\u001b[39m","timestamp":"2026-05-30 15:06:32:632"}
{"level":"\u001b[32minfo\u001b[39m","message":"\u001b[32mInitializing Firebase Admin...\u001b[39m","timestamp":"2026-05-30 15:06:32:632"}
{"level":"\u001b[32minfo\u001b[39m","message":"\u001b[32m🔥 Firebase Admin Initialized (Project: dexmart)\u001b[39m","timestamp":"2026-05-30 15:06:32:632"}
{"duration":595553600,"level":"\u001b[32minfo\u001b[39m","message":"\u001b[32mPerformance: memory_heap_used = 595553600 bytes\u001b[39m","operation":"memory_heap_used","timestamp":"2026-05-30 15:06:59:659","unit":"bytes"}
{"duration":884277248,"level":"\u001b[32minfo\u001b[39m","message":"\u001b[32mPerformance: memory_heap_total = 884277248 bytes\u001b[39m","operation":"memory_heap_total","timestamp":"2026-05-30 15:06:59:659","unit":"bytes"}
{"duration":1007702016,"level":"\u001b[32minfo\u001b[39m","message":"\u001b[32mPerformance: memory_rss = 1007702016 bytes\u001b[39m","operation":"memory_rss","timestamp":"2026-05-30 15:06:59:659","unit":"bytes"}
{"duration":37105351,"level":"\u001b[32minfo\u001b[39m","message":"\u001b[32mPerformance: memory_external = 37105351 bytes\u001b[39m","operation":"memory_external","timestamp":"2026-05-30 15:06:59:659","unit":"bytes"}
{"duration":138853214,"level":"\u001b[32minfo\u001b[39m","message":"\u001b[32mPerformance: cpu_user_time = 138853214 microseconds\u001b[39m","operation":"cpu_user_time","timestamp":"2026-05-30 15:06:59:659","unit":"microseconds"}
{"duration":9466766,"level":"\u001b[32minfo\u001b[39m","message":"\u001b[32mPerformance: cpu_system_time = 9466766 microseconds\u001b[39m","operation":"cpu_system_time","timestamp":"2026-05-30 15:06:59:659","unit":"microseconds"}
{"duration":572.868843795,"level":"\u001b[32minfo\u001b[39m","message":"\u001b[32mPerformance: process_uptime = 572.868843795 seconds\u001b[39m","operation":"process_uptime","timestamp":"2026-05-30 15:06:59:659","unit":"seconds"}
{"duration":0.331481,"level":"\u001b[32minfo\u001b[39m","message":"\u001b[32mPerformance: event_loop_lag = 0.331481 milliseconds\u001b[39m","operation":"event_loop_lag","timestamp":"2026-05-30 15:06:59:659","unit":"milliseconds"}
{"level":"\u001b[32minfo\u001b[39m","message":"\u001b[32m>>> [MASTERMIND] Resuming all active channels...\u001b[39m","timestamp":"2026-05-30 15:07:22:722"}
{"error":"16 UNAUTHENTICATED: Request had invalid authentication credentials. Expected OAuth 2 access token, login cookie or other valid authentication credential. See https://developers.google.com/identity/sign-in/web/devconsole-project.","level":"\u001b[31merror\u001b[39m","message":"\u001b[31mFirestore getCollection error [tenants] (Tenant: undefined):\u001b[39m","stack":"Error: 16 UNAUTHENTICATED: Request had invalid authentication credentials. Expected OAuth 2 access token, login cookie or other valid authentication credential. See https://developers.google.com/identity/sign-in/web/devconsole-project.\n    at callErrorFromStatus (/home/codedex/projects/DeXMart/node_modules/@grpc/grpc-js/src/call.ts:84:17)\n    at Object.onReceiveStatus (/home/codedex/projects/DeXMart/node_modules/@grpc/grpc-js/src/client.ts:612:51)\n    at Object.onReceiveStatus (/home/codedex/projects/DeXMart/node_modules/@grpc/grpc-js/src/client-interceptors.ts:424:48)\n    at /home/codedex/projects/DeXMart/node_modules/@grpc/grpc-js/src/resolving-call.ts:170:24\n    at processTicksAndRejections (node:internal/process/task_queues:85:11)\nfor call at\n    at ServiceClientImpl.makeServerStreamRequest (/home/codedex/projects/DeXMart/node_modules/@grpc/grpc-js/src/client.ts:595:42)\n    at ServiceClientImpl.<anonymous> (/home/codedex/projects/DeXMart/node_modules/@grpc/grpc-js/src/make-client.ts:189:15)\n    at /home/codedex/projects/DeXMart/node_modules/@google-cloud/firestore/build/src/v1/firestore_client.js:242:33\n    at /home/codedex/projects/DeXMart/node_modules/google-gax/src/streamingCalls/streamingApiCaller.ts:59:19\n    at /home/codedex/projects/DeXMart/node_modules/google-gax/src/normalCalls/timeout.ts:54:13\n    at Object.request (/home/codedex/projects/DeXMart/node_modules/google-gax/src/streamingCalls/streaming.ts:331:28)\n    at makeRequest (/home/codedex/projects/DeXMart/node_modules/retry-request/index.js:159:28)\n    at retryRequest (/home/codedex/projects/DeXMart/node_modules/retry-request/index.js:119:5)\n    at StreamProxy.setStream (/home/codedex/projects/DeXMart/node_modules/google-gax/src/streamingCalls/streaming.ts:322:29)\n    at StreamingApiCaller.call (/home/codedex/projects/DeXMart/node_modules/google-gax/src/streamingCalls/streamingApiCaller.ts:89:12)\n    at /home/codedex/projects/DeXMart/node_modules/google-gax/src/createApiCall.ts:157:26\nCaused by: Error: \n    at QueryUtil._getResponse (/home/codedex/projects/DeXMart/node_modules/@google-cloud/firestore/build/src/reference/query-util.js:44:23)\n    at CollectionReference._getResponse (/home/codedex/projects/DeXMart/node_modules/@google-cloud/firestore/build/src/reference/query.js:784:32)\n    at CollectionReference._get (/home/codedex/projects/DeXMart/node_modules/@google-cloud/firestore/build/src/reference/query.js:777:35)\n    at /home/codedex/projects/DeXMart/node_modules/@google-cloud/firestore/build/src/reference/query.js:745:43\n    at /home/codedex/projects/DeXMart/node_modules/@google-cloud/firestore/build/src/telemetry/enabled-trace-util.js:110:30\n    at NoopContextManager.with (/home/codedex/projects/DeXMart/node_modules/@opentelemetry/api/src/context/NoopContextManager.ts:20:15)\n    at ContextAPI.with (/home/codedex/projects/DeXMart/node_modules/@opentelemetry/api/src/api/context.ts:68:42)\n    at NoopTracer.startActiveSpan (/home/codedex/projects/DeXMart/node_modules/@opentelemetry/api/src/trace/NoopTracer.ts:87:27)\n    at ProxyTracer.startActiveSpan (/home/codedex/projects/DeXMart/node_modules/@opentelemetry/api/src/trace/ProxyTracer.ts:51:20)\n    at EnabledTraceUtil.startActiveSpan (/home/codedex/projects/DeXMart/node_modules/@google-cloud/firestore/build/src/telemetry/enabled-trace-util.js:102:28)\n    at CollectionReference.get (/home/codedex/projects/DeXMart/node_modules/@google-cloud/firestore/build/src/reference/query.js:744:43)\n    at FirebaseService.getCollection (file:///home/codedex/projects/DeXMart/src/persistence/firebase.ts:1:5169)\n    at MultiTenantService.listTenants (file:///home/codedex/projects/DeXMart/src/services/multiTenantService.ts:1:5759)\n    at ChannelService.resumeActiveChannels (file:///home/codedex/projects/DeXMart/src/services/ChannelService.ts:1:11070)\n    at processTicksAndRejections (node:internal/process/task_queues:104:5)","timestamp":"2026-05-30 15:07:22:722"}
{"error":"16 UNAUTHENTICATED: Request had invalid authentication credentials. Expected OAuth 2 access token, login cookie or other valid authentication credential. See https://developers.google.com/identity/sign-in/web/devconsole-project.","level":"\u001b[31merror\u001b[39m","message":"\u001b[31mMultiTenantService.listTenants error:\u001b[39m","stack":"Error: 16 UNAUTHENTICATED: Request had invalid authentication credentials. Expected OAuth 2 access token, login cookie or other valid authentication credential. See https://developers.google.com/identity/sign-in/web/devconsole-project.\n    at callErrorFromStatus (/home/codedex/projects/DeXMart/node_modules/@grpc/grpc-js/src/call.ts:84:17)\n    at Object.onReceiveStatus (/home/codedex/projects/DeXMart/node_modules/@grpc/grpc-js/src/client.ts:612:51)\n    at Object.onReceiveStatus (/home/codedex/projects/DeXMart/node_modules/@grpc/grpc-js/src/client-interceptors.ts:424:48)\n    at /home/codedex/projects/DeXMart/node_modules/@grpc/grpc-js/src/resolving-call.ts:170:24\n    at processTicksAndRejections (node:internal/process/task_queues:85:11)\nfor call at\n    at ServiceClientImpl.makeServerStreamRequest (/home/codedex/projects/DeXMart/node_modules/@grpc/grpc-js/src/client.ts:595:42)\n    at ServiceClientImpl.<anonymous> (/home/codedex/projects/DeXMart/node_modules/@grpc/grpc-js/src/make-client.ts:189:15)\n    at /home/codedex/projects/DeXMart/node_modules/@google-cloud/firestore/build/src/v1/firestore_client.js:242:33\n    at /home/codedex/projects/DeXMart/node_modules/google-gax/src/streamingCalls/streamingApiCaller.ts:59:19\n    at /home/codedex/projects/DeXMart/node_modules/google-gax/src/normalCalls/timeout.ts:54:13\n    at Object.request (/home/codedex/projects/DeXMart/node_modules/google-gax/src/streamingCalls/streaming.ts:331:28)\n    at makeRequest (/home/codedex/projects/DeXMart/node_modules/retry-request/index.js:159:28)\n    at retryRequest (/home/codedex/projects/DeXMart/node_modules/retry-request/index.js:119:5)\n    at StreamProxy.setStream (/home/codedex/projects/DeXMart/node_modules/google-gax/src/streamingCalls/streaming.ts:322:29)\n    at StreamingApiCaller.call (/home/codedex/projects/DeXMart/node_modules/google-gax/src/streamingCalls/streamingApiCaller.ts:89:12)\n    at /home/codedex/projects/DeXMart/node_modules/google-gax/src/createApiCall.ts:157:26\nCaused by: Error: \n    at QueryUtil._getResponse (/home/codedex/projects/DeXMart/node_modules/@google-cloud/firestore/build/src/reference/query-util.js:44:23)\n    at CollectionReference._getResponse (/home/codedex/projects/DeXMart/node_modules/@google-cloud/firestore/build/src/reference/query.js:784:32)\n    at CollectionReference._get (/home/codedex/projects/DeXMart/node_modules/@google-cloud/firestore/build/src/reference/query.js:777:35)\n    at /home/codedex/projects/DeXMart/node_modules/@google-cloud/firestore/build/src/reference/query.js:745:43\n    at /home/codedex/projects/DeXMart/node_modules/@google-cloud/firestore/build/src/telemetry/enabled-trace-util.js:110:30\n    at NoopContextManager.with (/home/codedex/projects/DeXMart/node_modules/@opentelemetry/api/src/context/NoopContextManager.ts:20:15)\n    at ContextAPI.with (/home/codedex/projects/DeXMart/node_modules/@opentelemetry/api/src/api/context.ts:68:42)\n    at NoopTracer.startActiveSpan (/home/codedex/projects/DeXMart/node_modules/@opentelemetry/api/src/trace/NoopTracer.ts:87:27)\n    at ProxyTracer.startActiveSpan (/home/codedex/projects/DeXMart/node_modules/@opentelemetry/api/src/trace/ProxyTracer.ts:51:20)\n    at EnabledTraceUtil.startActiveSpan (/home/codedex/projects/DeXMart/node_modules/@google-cloud/firestore/build/src/telemetry/enabled-trace-util.js:102:28)\n    at CollectionReference.get (/home/codedex/projects/DeXMart/node_modules/@google-cloud/firestore/build/src/reference/query.js:744:43)\n    at FirebaseService.getCollection (file:///home/codedex/projects/DeXMart/src/persistence/firebase.ts:1:5169)\n    at MultiTenantService.listTenants (file:///home/codedex/projects/DeXMart/src/services/multiTenantService.ts:1:5759)\n    at ChannelService.resumeActiveChannels (file:///home/codedex/projects/DeXMart/src/services/ChannelService.ts:1:11070)\n    at processTicksAndRejections (node:internal/process/task_queues:104:5)","timestamp":"2026-05-30 15:07:22:722"}
{"level":"\u001b[32minfo\u001b[39m","message":"\u001b[32m[ChannelService] Successfully queued 0 channels for resumption.\u001b[39m","timestamp":"2026-05-30 15:07:22:722"}
{"duration":595937080,"level":"\u001b[32minfo\u001b[39m","message":"\u001b[32mPerformance: memory_heap_used = 595937080 bytes\u001b[39m","operation":"memory_heap_used","timestamp":"2026-05-30 15:07:32:732","unit":"bytes"}
{"duration":884277248,"level":"\u001b[32minfo\u001b[39m","message":"\u001b[32mPerformance: memory_heap_total = 884277248 bytes\u001b[39m","operation":"memory_heap_total","timestamp":"2026-05-30 15:07:32:732","unit":"bytes"}
{"duration":1007833088,"level":"\u001b[32minfo\u001b[39m","message":"\u001b[32mPerformance: memory_rss = 1007833088 bytes\u001b[39m","operation":"memory_rss","timestamp":"2026-05-30 15:07:32:732","unit":"bytes"}
{"duration":37143325,"level":"\u001b[32minfo\u001b[39m","message":"\u001b[32mPerformance: memory_external = 37143325 bytes\u001b[39m","operation":"memory_external","timestamp":"2026-05-30 15:07:32:732","unit":"bytes"}
{"duration":138896933,"level":"\u001b[32minfo\u001b[39m","message":"\u001b[32mPerformance: cpu_user_time = 138896933 microseconds\u001b[39m","operation":"cpu_user_time","timestamp":"2026-05-30 15:07:32:732","unit":"microseconds"}
{"duration":9485194,"level":"\u001b[32minfo\u001b[39m","message":"\u001b[32mPerformance: cpu_system_time = 9485194 microseconds\u001b[39m","operation":"cpu_system_time","timestamp":"2026-05-30 15:07:32:732","unit":"microseconds"}
{"duration":602.869107847,"level":"\u001b[32minfo\u001b[39m","message":"\u001b[32mPerformance: process_uptime = 602.869107847 seconds\u001b[39m","operation":"process_uptime","timestamp":"2026-05-30 15:07:32:732","unit":"seconds"}
{"duration":0.162273,"level":"\u001b[32minfo\u001b[39m","message":"\u001b[32mPerformance: event_loop_lag = 0.162273 milliseconds\u001b[39m","operation":"event_loop_lag","timestamp":"2026-05-30 15:07:32:732","unit":"milliseconds"}
{"duration":596547288,"level":"\u001b[32minfo\u001b[39m","message":"\u001b[32mPerformance: memory_heap_used = 596547288 bytes\u001b[39m","operation":"memory_heap_used","timestamp":"2026-05-30 15:08:05:85","unit":"bytes"}
{"duration":884277248,"level":"\u001b[32minfo\u001b[39m","message":"\u001b[32mPerformance: memory_heap_total = 884277248 bytes\u001b[39m","operation":"memory_heap_total","timestamp":"2026-05-30 15:08:05:85","unit":"bytes"}
{"duration":1007964160,"level":"\u001b[32minfo\u001b[39m","message":"\u001b[32mPerformance: memory_rss = 1007964160 bytes\u001b[39m","operation":"memory_rss","timestamp":"2026-05-30 15:08:05:85","unit":"bytes"}
{"duration":37169947,"level":"\u001b[32minfo\u001b[39m","message":"\u001b[32mPerformance: memory_external = 37169947 bytes\u001b[39m","operation":"memory_external","timestamp":"2026-05-30 15:08:05:85","unit":"bytes"}
{"duration":138925243,"level":"\u001b[32minfo\u001b[39m","message":"\u001b[32mPerformance: cpu_user_time = 138925243 microseconds\u001b[39m","operation":"cpu_user_time","timestamp":"2026-05-30 15:08:05:85","unit":"microseconds"}
{"duration":9504372,"level":"\u001b[32minfo\u001b[39m","message":"\u001b[32mPerformance: cpu_system_time = 9504372 microseconds\u001b[39m","operation":"cpu_system_time","timestamp":"2026-05-30 15:08:05:85","unit":"microseconds"}
{"duration":632.87020068,"level":"\u001b[32minfo\u001b[39m","message":"\u001b[32mPerformance: process_uptime = 632.87020068 seconds\u001b[39m","operation":"process_uptime","timestamp":"2026-05-30 15:08:05:85","unit":"seconds"}
{"duration":1.337779,"level":"\u001b[32minfo\u001b[39m","message":"\u001b[32mPerformance: event_loop_lag = 1.337779 milliseconds\u001b[39m","operation":"event_loop_lag","timestamp":"2026-05-30 15:08:05:85","unit":"milliseconds"}
{"level":"\u001b[32minfo\u001b[39m","message":"\u001b[32m>>> [MASTERMIND] Resuming all active channels...\u001b[39m","timestamp":"2026-05-30 15:08:28:828"}
{"error":"16 UNAUTHENTICATED: Request had invalid authentication credentials. Expected OAuth 2 access token, login cookie or other valid authentication credential. See https://developers.google.com/identity/sign-in/web/devconsole-project.","level":"\u001b[31merror\u001b[39m","message":"\u001b[31mFirestore getCollection error [tenants] (Tenant: undefined):\u001b[39m","stack":"Error: 16 UNAUTHENTICATED: Request had invalid authentication credentials. Expected OAuth 2 access token, login cookie or other valid authentication credential. See https://developers.google.com/identity/sign-in/web/devconsole-project.\n    at callErrorFromStatus (/home/codedex/projects/DeXMart/node_modules/@grpc/grpc-js/src/call.ts:84:17)\n    at Object.onReceiveStatus (/home/codedex/projects/DeXMart/node_modules/@grpc/grpc-js/src/client.ts:612:51)\n    at Object.onReceiveStatus (/home/codedex/projects/DeXMart/node_modules/@grpc/grpc-js/src/client-interceptors.ts:424:48)\n    at /home/codedex/projects/DeXMart/node_modules/@grpc/grpc-js/src/resolving-call.ts:170:24\n    at processTicksAndRejections (node:internal/process/task_queues:85:11)\nfor call at\n    at ServiceClientImpl.makeServerStreamRequest (/home/codedex/projects/DeXMart/node_modules/@grpc/grpc-js/src/client.ts:595:42)\n    at ServiceClientImpl.<anonymous> (/home/codedex/projects/DeXMart/node_modules/@grpc/grpc-js/src/make-client.ts:189:15)\n    at /home/codedex/projects/DeXMart/node_modules/@google-cloud/firestore/build/src/v1/firestore_client.js:242:33\n    at /home/codedex/projects/DeXMart/node_modules/google-gax/src/streamingCalls/streamingApiCaller.ts:59:19\n    at /home/codedex/projects/DeXMart/node_modules/google-gax/src/normalCalls/timeout.ts:54:13\n    at Object.request (/home/codedex/projects/DeXMart/node_modules/google-gax/src/streamingCalls/streaming.ts:331:28)\n    at makeRequest (/home/codedex/projects/DeXMart/node_modules/retry-request/index.js:159:28)\n    at retryRequest (/home/codedex/projects/DeXMart/node_modules/retry-request/index.js:119:5)\n    at StreamProxy.setStream (/home/codedex/projects/DeXMart/node_modules/google-gax/src/streamingCalls/streaming.ts:322:29)\n    at StreamingApiCaller.call (/home/codedex/projects/DeXMart/node_modules/google-gax/src/streamingCalls/streamingApiCaller.ts:89:12)\n    at /home/codedex/projects/DeXMart/node_modules/google-gax/src/createApiCall.ts:157:26\nCaused by: Error: \n    at QueryUtil._getResponse (/home/codedex/projects/DeXMart/node_modules/@google-cloud/firestore/build/src/reference/query-util.js:44:23)\n    at CollectionReference._getResponse (/home/codedex/projects/DeXMart/node_modules/@google-cloud/firestore/build/src/reference/query.js:784:32)\n    at CollectionReference._get (/home/codedex/projects/DeXMart/node_modules/@google-cloud/firestore/build/src/reference/query.js:777:35)\n    at /home/codedex/projects/DeXMart/node_modules/@google-cloud/firestore/build/src/reference/query.js:745:43\n    at /home/codedex/projects/DeXMart/node_modules/@google-cloud/firestore/build/src/telemetry/enabled-trace-util.js:110:30\n    at NoopContextManager.with (/home/codedex/projects/DeXMart/node_modules/@opentelemetry/api/src/context/NoopContextManager.ts:20:15)\n    at ContextAPI.with (/home/codedex/projects/DeXMart/node_modules/@opentelemetry/api/src/api/context.ts:68:42)\n    at NoopTracer.startActiveSpan (/home/codedex/projects/DeXMart/node_modules/@opentelemetry/api/src/trace/NoopTracer.ts:87:27)\n    at ProxyTracer.startActiveSpan (/home/codedex/projects/DeXMart/node_modules/@opentelemetry/api/src/trace/ProxyTracer.ts:51:20)\n    at EnabledTraceUtil.startActiveSpan (/home/codedex/projects/DeXMart/node_modules/@google-cloud/firestore/build/src/telemetry/enabled-trace-util.js:102:28)\n    at CollectionReference.get (/home/codedex/projects/DeXMart/node_modules/@google-cloud/firestore/build/src/reference/query.js:744:43)\n    at FirebaseService.getCollection (file:///home/codedex/projects/DeXMart/src/persistence/firebase.ts:1:5169)\n    at MultiTenantService.listTenants (file:///home/codedex/projects/DeXMart/src/services/multiTenantService.ts:1:5759)\n    at ChannelService.resumeActiveChannels (file:///home/codedex/projects/DeXMart/src/services/ChannelService.ts:1:11070)\n    at processTicksAndRejections (node:internal/process/task_queues:104:5)","timestamp":"2026-05-30 15:08:28:828"}
{"error":"16 UNAUTHENTICATED: Request had invalid authentication credentials. Expected OAuth 2 access token, login cookie or other valid authentication credential. See https://developers.google.com/identity/sign-in/web/devconsole-project.","level":"\u001b[31merror\u001b[39m","message":"\u001b[31mMultiTenantService.listTenants error:\u001b[39m","stack":"Error: 16 UNAUTHENTICATED: Request had invalid authentication credentials. Expected OAuth 2 access token, login cookie or other valid authentication credential. See https://developers.google.com/identity/sign-in/web/devconsole-project.\n    at callErrorFromStatus (/home/codedex/projects/DeXMart/node_modules/@grpc/grpc-js/src/call.ts:84:17)\n    at Object.onReceiveStatus (/home/codedex/projects/DeXMart/node_modules/@grpc/grpc-js/src/client.ts:612:51)\n    at Object.onReceiveStatus (/home/codedex/projects/DeXMart/node_modules/@grpc/grpc-js/src/client-interceptors.ts:424:48)\n    at /home/codedex/projects/DeXMart/node_modules/@grpc/grpc-js/src/resolving-call.ts:170:24\n    at processTicksAndRejections (node:internal/process/task_queues:85:11)\nfor call at\n    at ServiceClientImpl.makeServerStreamRequest (/home/codedex/projects/DeXMart/node_modules/@grpc/grpc-js/src/client.ts:595:42)\n    at ServiceClientImpl.<anonymous> (/home/codedex/projects/DeXMart/node_modules/@grpc/grpc-js/src/make-client.ts:189:15)\n    at /home/codedex/projects/DeXMart/node_modules/@google-cloud/firestore/build/src/v1/firestore_client.js:242:33\n    at /home/codedex/projects/DeXMart/node_modules/google-gax/src/streamingCalls/streamingApiCaller.ts:59:19\n    at /home/codedex/projects/DeXMart/node_modules/google-gax/src/normalCalls/timeout.ts:54:13\n    at Object.request (/home/codedex/projects/DeXMart/node_modules/google-gax/src/streamingCalls/streaming.ts:331:28)\n    at makeRequest (/home/codedex/projects/DeXMart/node_modules/retry-request/index.js:159:28)\n    at retryRequest (/home/codedex/projects/DeXMart/node_modules/retry-request/index.js:119:5)\n    at StreamProxy.setStream (/home/codedex/projects/DeXMart/node_modules/google-gax/src/streamingCalls/streaming.ts:322:29)\n    at StreamingApiCaller.call (/home/codedex/projects/DeXMart/node_modules/google-gax/src/streamingCalls/streamingApiCaller.ts:89:12)\n    at /home/codedex/projects/DeXMart/node_modules/google-gax/src/createApiCall.ts:157:26\nCaused by: Error: \n    at QueryUtil._getResponse (/home/codedex/projects/DeXMart/node_modules/@google-cloud/firestore/build/src/reference/query-util.js:44:23)\n    at CollectionReference._getResponse (/home/codedex/projects/DeXMart/node_modules/@google-cloud/firestore/build/src/reference/query.js:784:32)\n    at CollectionReference._get (/home/codedex/projects/DeXMart/node_modules/@google-cloud/firestore/build/src/reference/query.js:777:35)\n    at /home/codedex/projects/DeXMart/node_modules/@google-cloud/firestore/build/src/reference/query.js:745:43\n    at /home/codedex/projects/DeXMart/node_modules/@google-cloud/firestore/build/src/telemetry/enabled-trace-util.js:110:30\n    at NoopContextManager.with (/home/codedex/projects/DeXMart/node_modules/@opentelemetry/api/src/context/NoopContextManager.ts:20:15)\n    at ContextAPI.with (/home/codedex/projects/DeXMart/node_modules/@opentelemetry/api/src/api/context.ts:68:42)\n    at NoopTracer.startActiveSpan (/home/codedex/projects/DeXMart/node_modules/@opentelemetry/api/src/trace/NoopTracer.ts:87:27)\n    at ProxyTracer.startActiveSpan (/home/codedex/projects/DeXMart/node_modules/@opentelemetry/api/src/trace/ProxyTracer.ts:51:20)\n    at EnabledTraceUtil.startActiveSpan (/home/codedex/projects/DeXMart/node_modules/@google-cloud/firestore/build/src/telemetry/enabled-trace-util.js:102:28)\n    at CollectionReference.get (/home/codedex/projects/DeXMart/node_modules/@google-cloud/firestore/build/src/reference/query.js:744:43)\n    at FirebaseService.getCollection (file:///home/codedex/projects/DeXMart/src/persistence/firebase.ts:1:5169)\n    at MultiTenantService.listTenants (file:///home/codedex/projects/DeXMart/src/services/multiTenantService.ts:1:5759)\n    at ChannelService.resumeActiveChannels (file:///home/codedex/projects/DeXMart/src/services/ChannelService.ts:1:11070)\n    at processTicksAndRejections (node:internal/process/task_queues:104:5)","timestamp":"2026-05-30 15:08:28:828"}
{"level":"\u001b[32minfo\u001b[39m","message":"\u001b[32m[ChannelService] Successfully queued 0 channels for resumption.\u001b[39m","timestamp":"2026-05-30 15:08:28:828"}
{"duration":597064696,"level":"\u001b[32minfo\u001b[39m","message":"\u001b[32mPerformance: memory_heap_used = 597064696 bytes\u001b[39m","operation":"memory_heap_used","timestamp":"2026-05-30 15:08:38:838","unit":"bytes"}
{"duration":885587968,"level":"\u001b[32minfo\u001b[39m","message":"\u001b[32mPerformance: memory_heap_total = 885587968 bytes\u001b[39m","operation":"memory_heap_total","timestamp":"2026-05-30 15:08:38:838","unit":"bytes"}
{"duration":1008226304,"level":"\u001b[32minfo\u001b[39m","message":"\u001b[32mPerformance: memory_rss = 1008226304 bytes\u001b[39m","operation":"memory_rss","timestamp":"2026-05-30 15:08:38:838","unit":"bytes"}
{"duration":37182123,"level":"\u001b[32minfo\u001b[39m","message":"\u001b[32mPerformance: memory_external = 37182123 bytes\u001b[39m","operation":"memory_external","timestamp":"2026-05-30 15:08:38:838","unit":"bytes"}
{"duration":138964391,"level":"\u001b[32minfo\u001b[39m","message":"\u001b[32mPerformance: cpu_user_time = 138964391 microseconds\u001b[39m","operation":"cpu_user_time","timestamp":"2026-05-30 15:08:38:838","unit":"microseconds"}
{"duration":9534450,"level":"\u001b[32minfo\u001b[39m","message":"\u001b[32mPerformance: cpu_system_time = 9534450 microseconds\u001b[39m","operation":"cpu_system_time","timestamp":"2026-05-30 15:08:38:838","unit":"microseconds"}
{"duration":662.870828817,"level":"\u001b[32minfo\u001b[39m","message":"\u001b[32mPerformance: process_uptime = 662.870828817 seconds\u001b[39m","operation":"process_uptime","timestamp":"2026-05-30 15:08:38:838","unit":"seconds"}
{"duration":0.35805,"level":"\u001b[32minfo\u001b[39m","message":"\u001b[32mPerformance: event_loop_lag = 0.35805 milliseconds\u001b[39m","operation":"event_loop_lag","timestamp":"2026-05-30 15:08:38:838","unit":"milliseconds"}
{"duration":597146288,"level":"\u001b[32minfo\u001b[39m","message":"\u001b[32mPerformance: memory_heap_used = 597146288 bytes\u001b[39m","operation":"memory_heap_used","timestamp":"2026-05-30 15:09:11:911","unit":"bytes"}
{"duration":884539392,"level":"\u001b[32minfo\u001b[39m","message":"\u001b[32mPerformance: memory_heap_total = 884539392 bytes\u001b[39m","operation":"memory_heap_total","timestamp":"2026-05-30 15:09:11:911","unit":"bytes"}
{"duration":1008226304,"level":"\u001b[32minfo\u001b[39m","message":"\u001b[32mPerformance: memory_rss = 1008226304 bytes\u001b[39m","operation":"memory_rss","timestamp":"2026-05-30 15:09:11:911","unit":"bytes"}
{"duration":37214271,"level":"\u001b[32minfo\u001b[39m","message":"\u001b[32mPerformance: memory_external = 37214271 bytes\u001b[39m","operation":"memory_external","timestamp":"2026-05-30 15:09:11:911","unit":"bytes"}
{"duration":138999330,"level":"\u001b[32minfo\u001b[39m","message":"\u001b[32mPerformance: cpu_user_time = 138999330 microseconds\u001b[39m","operation":"cpu_user_time","timestamp":"2026-05-30 15:09:11:911","unit":"microseconds"}
{"duration":9552284,"level":"\u001b[32minfo\u001b[39m","message":"\u001b[32mPerformance: cpu_system_time = 9552284 microseconds\u001b[39m","operation":"cpu_system_time","timestamp":"2026-05-30 15:09:11:911","unit":"microseconds"}
{"duration":692.870203181,"level":"\u001b[32minfo\u001b[39m","message":"\u001b[32mPerformance: process_uptime = 692.870203181 seconds\u001b[39m","operation":"process_uptime","timestamp":"2026-05-30 15:09:11:911","unit":"seconds"}
{"duration":0.198312,"level":"\u001b[32minfo\u001b[39m","message":"\u001b[32mPerformance: event_loop_lag = 0.198312 milliseconds\u001b[39m","operation":"event_loop_lag","timestamp":"2026-05-30 15:09:11:911","unit":"milliseconds"}
{"level":"\u001b[32minfo\u001b[39m","message":"\u001b[32m>>> [MASTERMIND] Resuming all active channels...\u001b[39m","timestamp":"2026-05-30 15:09:34:934"}
{"error":"16 UNAUTHENTICATED: Request had invalid authentication credentials. Expected OAuth 2 access token, login cookie or other valid authentication credential. See https://developers.google.com/identity/sign-in/web/devconsole-project.","level":"\u001b[31merror\u001b[39m","message":"\u001b[31mFirestore getCollection error [tenants] (Tenant: undefined):\u001b[39m","stack":"Error: 16 UNAUTHENTICATED: Request had invalid authentication credentials. Expected OAuth 2 access token, login cookie or other valid authentication credential. See https://developers.google.com/identity/sign-in/web/devconsole-project.\n    at callErrorFromStatus (/home/codedex/projects/DeXMart/node_modules/@grpc/grpc-js/src/call.ts:84:17)\n    at Object.onReceiveStatus (/home/codedex/projects/DeXMart/node_modules/@grpc/grpc-js/src/client.ts:612:51)\n    at Object.onReceiveStatus (/home/codedex/projects/DeXMart/node_modules/@grpc/grpc-js/src/client-interceptors.ts:424:48)\n    at /home/codedex/projects/DeXMart/node_modules/@grpc/grpc-js/src/resolving-call.ts:170:24\n    at processTicksAndRejections (node:internal/process/task_queues:85:11)\nfor call at\n    at ServiceClientImpl.makeServerStreamRequest (/home/codedex/projects/DeXMart/node_modules/@grpc/grpc-js/src/client.ts:595:42)\n    at ServiceClientImpl.<anonymous> (/home/codedex/projects/DeXMart/node_modules/@grpc/grpc-js/src/make-client.ts:189:15)\n    at /home/codedex/projects/DeXMart/node_modules/@google-cloud/firestore/build/src/v1/firestore_client.js:242:33\n    at /home/codedex/projects/DeXMart/node_modules/google-gax/src/streamingCalls/streamingApiCaller.ts:59:19\n    at /home/codedex/projects/DeXMart/node_modules/google-gax/src/normalCalls/timeout.ts:54:13\n    at Object.request (/home/codedex/projects/DeXMart/node_modules/google-gax/src/streamingCalls/streaming.ts:331:28)\n    at makeRequest (/home/codedex/projects/DeXMart/node_modules/retry-request/index.js:159:28)\n    at retryRequest (/home/codedex/projects/DeXMart/node_modules/retry-request/index.js:119:5)\n    at StreamProxy.setStream (/home/codedex/projects/DeXMart/node_modules/google-gax/src/streamingCalls/streaming.ts:322:29)\n    at StreamingApiCaller.call (/home/codedex/projects/DeXMart/node_modules/google-gax/src/streamingCalls/streamingApiCaller.ts:89:12)\n    at /home/codedex/projects/DeXMart/node_modules/google-gax/src/createApiCall.ts:157:26\nCaused by: Error: \n    at QueryUtil._getResponse (/home/codedex/projects/DeXMart/node_modules/@google-cloud/firestore/build/src/reference/query-util.js:44:23)\n    at CollectionReference._getResponse (/home/codedex/projects/DeXMart/node_modules/@google-cloud/firestore/build/src/reference/query.js:784:32)\n    at CollectionReference._get (/home/codedex/projects/DeXMart/node_modules/@google-cloud/firestore/build/src/reference/query.js:777:35)\n    at /home/codedex/projects/DeXMart/node_modules/@google-cloud/firestore/build/src/reference/query.js:745:43\n    at /home/codedex/projects/DeXMart/node_modules/@google-cloud/firestore/build/src/telemetry/enabled-trace-util.js:110:30\n    at NoopContextManager.with (/home/codedex/projects/DeXMart/node_modules/@opentelemetry/api/src/context/NoopContextManager.ts:20:15)\n    at ContextAPI.with (/home/codedex/projects/DeXMart/node_modules/@opentelemetry/api/src/api/context.ts:68:42)\n    at NoopTracer.startActiveSpan (/home/codedex/projects/DeXMart/node_modules/@opentelemetry/api/src/trace/NoopTracer.ts:87:27)\n    at ProxyTracer.startActiveSpan (/home/codedex/projects/DeXMart/node_modules/@opentelemetry/api/src/trace/ProxyTracer.ts:51:20)\n    at EnabledTraceUtil.startActiveSpan (/home/codedex/projects/DeXMart/node_modules/@google-cloud/firestore/build/src/telemetry/enabled-trace-util.js:102:28)\n    at CollectionReference.get (/home/codedex/projects/DeXMart/node_modules/@google-cloud/firestore/build/src/reference/query.js:744:43)\n    at FirebaseService.getCollection (file:///home/codedex/projects/DeXMart/src/persistence/firebase.ts:1:5169)\n    at MultiTenantService.listTenants (file:///home/codedex/projects/DeXMart/src/services/multiTenantService.ts:1:5759)\n    at ChannelService.resumeActiveChannels (file:///home/codedex/projects/DeXMart/src/services/ChannelService.ts:1:11070)\n    at processTicksAndRejections (node:internal/process/task_queues:104:5)","timestamp":"2026-05-30 15:09:34:934"}
{"error":"16 UNAUTHENTICATED: Request had invalid authentication credentials. Expected OAuth 2 access token, login cookie or other valid authentication credential. See https://developers.google.com/identity/sign-in/web/devconsole-project.","level":"\u001b[31merror\u001b[39m","message":"\u001b[31mMultiTenantService.listTenants error:\u001b[39m","stack":"Error: 16 UNAUTHENTICATED: Request had invalid authentication credentials. Expected OAuth 2 access token, login cookie or other valid authentication credential. See https://developers.google.com/identity/sign-in/web/devconsole-project.\n    at callErrorFromStatus (/home/codedex/projects/DeXMart/node_modules/@grpc/grpc-js/src/call.ts:84:17)\n    at Object.onReceiveStatus (/home/codedex/projects/DeXMart/node_modules/@grpc/grpc-js/src/client.ts:612:51)\n    at Object.onReceiveStatus (/home/codedex/projects/DeXMart/node_modules/@grpc/grpc-js/src/client-interceptors.ts:424:48)\n    at /home/codedex/projects/DeXMart/node_modules/@grpc/grpc-js/src/resolving-call.ts:170:24\n    at processTicksAndRejections (node:internal/process/task_queues:85:11)\nfor call at\n    at ServiceClientImpl.makeServerStreamRequest (/home/codedex/projects/DeXMart/node_modules/@grpc/grpc-js/src/client.ts:595:42)\n    at ServiceClientImpl.<anonymous> (/home/codedex/projects/DeXMart/node_modules/@grpc/grpc-js/src/make-client.ts:189:15)\n    at /home/codedex/projects/DeXMart/node_modules/@google-cloud/firestore/build/src/v1/firestore_client.js:242:33\n    at /home/codedex/projects/DeXMart/node_modules/google-gax/src/streamingCalls/streamingApiCaller.ts:59:19\n    at /home/codedex/projects/DeXMart/node_modules/google-gax/src/normalCalls/timeout.ts:54:13\n    at Object.request (/home/codedex/projects/DeXMart/node_modules/google-gax/src/streamingCalls/streaming.ts:331:28)\n    at makeRequest (/home/codedex/projects/DeXMart/node_modules/retry-request/index.js:159:28)\n    at retryRequest (/home/codedex/projects/DeXMart/node_modules/retry-request/index.js:119:5)\n    at StreamProxy.setStream (/home/codedex/projects/DeXMart/node_modules/google-gax/src/streamingCalls/streaming.ts:322:29)\n    at StreamingApiCaller.call (/home/codedex/projects/DeXMart/node_modules/google-gax/src/streamingCalls/streamingApiCaller.ts:89:12)\n    at /home/codedex/projects/DeXMart/node_modules/google-gax/src/createApiCall.ts:157:26\nCaused by: Error: \n    at QueryUtil._getResponse (/home/codedex/projects/DeXMart/node_modules/@google-cloud/firestore/build/src/reference/query-util.js:44:23)\n    at CollectionReference._getResponse (/home/codedex/projects/DeXMart/node_modules/@google-cloud/firestore/build/src/reference/query.js:784:32)\n    at CollectionReference._get (/home/codedex/projects/DeXMart/node_modules/@google-cloud/firestore/build/src/reference/query.js:777:35)\n    at /home/codedex/projects/DeXMart/node_modules/@google-cloud/firestore/build/src/reference/query.js:745:43\n    at /home/codedex/projects/DeXMart/node_modules/@google-cloud/firestore/build/src/telemetry/enabled-trace-util.js:110:30\n    at NoopContextManager.with (/home/codedex/projects/DeXMart/node_modules/@opentelemetry/api/src/context/NoopContextManager.ts:20:15)\n    at ContextAPI.with (/home/codedex/projects/DeXMart/node_modules/@opentelemetry/api/src/api/context.ts:68:42)\n    at NoopTracer.startActiveSpan (/home/codedex/projects/DeXMart/node_modules/@opentelemetry/api/src/trace/NoopTracer.ts:87:27)\n    at ProxyTracer.startActiveSpan (/home/codedex/projects/DeXMart/node_modules/@opentelemetry/api/src/trace/ProxyTracer.ts:51:20)\n    at EnabledTraceUtil.startActiveSpan (/home/codedex/projects/DeXMart/node_modules/@google-cloud/firestore/build/src/telemetry/enabled-trace-util.js:102:28)\n    at CollectionReference.get (/home/codedex/projects/DeXMart/node_modules/@google-cloud/firestore/build/src/reference/query.js:744:43)\n    at FirebaseService.getCollection (file:///home/codedex/projects/DeXMart/src/persistence/firebase.ts:1:5169)\n    at MultiTenantService.listTenants (file:///home/codedex/projects/DeXMart/src/services/multiTenantService.ts:1:5759)\n    at ChannelService.resumeActiveChannels (file:///home/codedex/projects/DeXMart/src/services/ChannelService.ts:1:11070)\n    at processTicksAndRejections (node:internal/process/task_queues:104:5)","timestamp":"2026-05-30 15:09:34:934"}
{"level":"\u001b[32minfo\u001b[39m","message":"\u001b[32m[ChannelService] Successfully queued 0 channels for resumption.\u001b[39m","timestamp":"2026-05-30 15:09:34:934"}
{"duration":597749912,"level":"\u001b[32minfo\u001b[39m","message":"\u001b[32mPerformance: memory_heap_used = 597749912 bytes\u001b[39m","operation":"memory_heap_used","timestamp":"2026-05-30 15:09:44:944","unit":"bytes"}
{"duration":885063680,"level":"\u001b[32minfo\u001b[39m","message":"\u001b[32mPerformance: memory_heap_total = 885063680 bytes\u001b[39m","operation":"memory_heap_total","timestamp":"2026-05-30 15:09:44:944","unit":"bytes"}
{"duration":1008226304,"level":"\u001b[32minfo\u001b[39m","message":"\u001b[32mPerformance: memory_rss = 1008226304 bytes\u001b[39m","operation":"memory_rss","timestamp":"2026-05-30 15:09:44:944","unit":"bytes"}
{"duration":37249575,"level":"\u001b[32minfo\u001b[39m","message":"\u001b[32mPerformance: memory_external = 37249575 bytes\u001b[39m","operation":"memory_external","timestamp":"2026-05-30 15:09:44:944","unit":"bytes"}
{"duration":139051512,"level":"\u001b[32minfo\u001b[39m","message":"\u001b[32mPerformance: cpu_user_time = 139051512 microseconds\u001b[39m","operation":"cpu_user_time","timestamp":"2026-05-30 15:09:44:944","unit":"microseconds"}
{"duration":9570098,"level":"\u001b[32minfo\u001b[39m","message":"\u001b[32mPerformance: cpu_system_time = 9570098 microseconds\u001b[39m","operation":"cpu_system_time","timestamp":"2026-05-30 15:09:44:944","unit":"microseconds"}
{"duration":722.871541231,"level":"\u001b[32minfo\u001b[39m","message":"\u001b[32mPerformance: process_uptime = 722.871541231 seconds\u001b[39m","operation":"process_uptime","timestamp":"2026-05-30 15:09:44:944","unit":"seconds"}
{"duration":0.221621,"level":"\u001b[32minfo\u001b[39m","message":"\u001b[32mPerformance: event_loop_lag = 0.221621 milliseconds\u001b[39m","operation":"event_loop_lag","timestamp":"2026-05-30 15:09:44:944","unit":"milliseconds"}
{"duration":597862832,"level":"\u001b[32minfo\u001b[39m","message":"\u001b[32mPerformance: memory_heap_used = 597862832 bytes\u001b[39m","operation":"memory_heap_used","timestamp":"2026-05-30 15:10:17:1017","unit":"bytes"}
{"duration":885063680,"level":"\u001b[32minfo\u001b[39m","message":"\u001b[32mPerformance: memory_heap_total = 885063680 bytes\u001b[39m","operation":"memory_heap_total","timestamp":"2026-05-30 15:10:17:1017","unit":"bytes"}
{"duration":1008226304,"level":"\u001b[32minfo\u001b[39m","message":"\u001b[32mPerformance: memory_rss = 1008226304 bytes\u001b[39m","operation":"memory_rss","timestamp":"2026-05-30 15:10:17:1017","unit":"bytes"}
{"duration":37261235,"level":"\u001b[32minfo\u001b[39m","message":"\u001b[32mPerformance: memory_external = 37261235 bytes\u001b[39m","operation":"memory_external","timestamp":"2026-05-30 15:10:17:1017","unit":"bytes"}
{"duration":139082048,"level":"\u001b[32minfo\u001b[39m","message":"\u001b[32mPerformance: cpu_user_time = 139082048 microseconds\u001b[39m","operation":"cpu_user_time","timestamp":"2026-05-30 15:10:17:1017","unit":"microseconds"}
{"duration":9592621,"level":"\u001b[32minfo\u001b[39m","message":"\u001b[32mPerformance: cpu_system_time = 9592621 microseconds\u001b[39m","operation":"cpu_system_time","timestamp":"2026-05-30 15:10:17:1017","unit":"microseconds"}
{"duration":752.87208735,"level":"\u001b[32minfo\u001b[39m","message":"\u001b[32mPerformance: process_uptime = 752.87208735 seconds\u001b[39m","operation":"process_uptime","timestamp":"2026-05-30 15:10:17:1017","unit":"seconds"}
{"duration":0.171155,"level":"\u001b[32minfo\u001b[39m","message":"\u001b[32mPerformance: event_loop_lag = 0.171155 milliseconds\u001b[39m","operation":"event_loop_lag","timestamp":"2026-05-30 15:10:17:1017","unit":"milliseconds"}
{"level":"\u001b[32minfo\u001b[39m","message":"\u001b[32m>>> [MASTERMIND] Resuming all active channels...\u001b[39m","timestamp":"2026-05-30 15:10:40:1040"}
{"error":"16 UNAUTHENTICATED: Request had invalid authentication credentials. Expected OAuth 2 access token, login cookie or other valid authentication credential. See https://developers.google.com/identity/sign-in/web/devconsole-project.","level":"\u001b[31merror\u001b[39m","message":"\u001b[31mFirestore getCollection error [tenants] (Tenant: undefined):\u001b[39m","stack":"Error: 16 UNAUTHENTICATED: Request had invalid authentication credentials. Expected OAuth 2 access token, login cookie or other valid authentication credential. See https://developers.google.com/identity/sign-in/web/devconsole-project.\n    at callErrorFromStatus (/home/codedex/projects/DeXMart/node_modules/@grpc/grpc-js/src/call.ts:84:17)\n    at Object.onReceiveStatus (/home/codedex/projects/DeXMart/node_modules/@grpc/grpc-js/src/client.ts:612:51)\n    at Object.onReceiveStatus (/home/codedex/projects/DeXMart/node_modules/@grpc/grpc-js/src/client-interceptors.ts:424:48)\n    at /home/codedex/projects/DeXMart/node_modules/@grpc/grpc-js/src/resolving-call.ts:170:24\n    at processTicksAndRejections (node:internal/process/task_queues:85:11)\nfor call at\n    at ServiceClientImpl.makeServerStreamRequest (/home/codedex/projects/DeXMart/node_modules/@grpc/grpc-js/src/client.ts:595:42)\n    at ServiceClientImpl.<anonymous> (/home/codedex/projects/DeXMart/node_modules/@grpc/grpc-js/src/make-client.ts:189:15)\n    at /home/codedex/projects/DeXMart/node_modules/@google-cloud/firestore/build/src/v1/firestore_client.js:242:33\n    at /home/codedex/projects/DeXMart/node_modules/google-gax/src/streamingCalls/streamingApiCaller.ts:59:19\n    at /home/codedex/projects/DeXMart/node_modules/google-gax/src/normalCalls/timeout.ts:54:13\n    at Object.request (/home/codedex/projects/DeXMart/node_modules/google-gax/src/streamingCalls/streaming.ts:331:28)\n    at makeRequest (/home/codedex/projects/DeXMart/node_modules/retry-request/index.js:159:28)\n    at retryRequest (/home/codedex/projects/DeXMart/node_modules/retry-request/index.js:119:5)\n    at StreamProxy.setStream (/home/codedex/projects/DeXMart/node_modules/google-gax/src/streamingCalls/streaming.ts:322:29)\n    at StreamingApiCaller.call (/home/codedex/projects/DeXMart/node_modules/google-gax/src/streamingCalls/streamingApiCaller.ts:89:12)\n    at /home/codedex/projects/DeXMart/node_modules/google-gax/src/createApiCall.ts:157:26\nCaused by: Error: \n    at QueryUtil._getResponse (/home/codedex/projects/DeXMart/node_modules/@google-cloud/firestore/build/src/reference/query-util.js:44:23)\n    at CollectionReference._getResponse (/home/codedex/projects/DeXMart/node_modules/@google-cloud/firestore/build/src/reference/query.js:784:32)\n    at CollectionReference._get (/home/codedex/projects/DeXMart/node_modules/@google-cloud/firestore/build/src/reference/query.js:777:35)\n    at /home/codedex/projects/DeXMart/node_modules/@google-cloud/firestore/build/src/reference/query.js:745:43\n    at /home/codedex/projects/DeXMart/node_modules/@google-cloud/firestore/build/src/telemetry/enabled-trace-util.js:110:30\n    at NoopContextManager.with (/home/codedex/projects/DeXMart/node_modules/@opentelemetry/api/src/context/NoopContextManager.ts:20:15)\n    at ContextAPI.with (/home/codedex/projects/DeXMart/node_modules/@opentelemetry/api/src/api/context.ts:68:42)\n    at NoopTracer.startActiveSpan (/home/codedex/projects/DeXMart/node_modules/@opentelemetry/api/src/trace/NoopTracer.ts:87:27)\n    at ProxyTracer.startActiveSpan (/home/codedex/projects/DeXMart/node_modules/@opentelemetry/api/src/trace/ProxyTracer.ts:51:20)\n    at EnabledTraceUtil.startActiveSpan (/home/codedex/projects/DeXMart/node_modules/@google-cloud/firestore/build/src/telemetry/enabled-trace-util.js:102:28)\n    at CollectionReference.get (/home/codedex/projects/DeXMart/node_modules/@google-cloud/firestore/build/src/reference/query.js:744:43)\n    at FirebaseService.getCollection (file:///home/codedex/projects/DeXMart/src/persistence/firebase.ts:1:5169)\n    at MultiTenantService.listTenants (file:///home/codedex/projects/DeXMart/src/services/multiTenantService.ts:1:5759)\n    at ChannelService.resumeActiveChannels (file:///home/codedex/projects/DeXMart/src/services/ChannelService.ts:1:11070)\n    at processTicksAndRejections (node:internal/process/task_queues:104:5)","timestamp":"2026-05-30 15:10:40:1040"}
{"error":"16 UNAUTHENTICATED: Request had invalid authentication credentials. Expected OAuth 2 access token, login cookie or other valid authentication credential. See https://developers.google.com/identity/sign-in/web/devconsole-project.","level":"\u001b[31merror\u001b[39m","message":"\u001b[31mMultiTenantService.listTenants error:\u001b[39m","stack":"Error: 16 UNAUTHENTICATED: Request had invalid authentication credentials. Expected OAuth 2 access token, login cookie or other valid authentication credential. See https://developers.google.com/identity/sign-in/web/devconsole-project.\n    at callErrorFromStatus (/home/codedex/projects/DeXMart/node_modules/@grpc/grpc-js/src/call.ts:84:17)\n    at Object.onReceiveStatus (/home/codedex/projects/DeXMart/node_modules/@grpc/grpc-js/src/client.ts:612:51)\n    at Object.onReceiveStatus (/home/codedex/projects/DeXMart/node_modules/@grpc/grpc-js/src/client-interceptors.ts:424:48)\n    at /home/codedex/projects/DeXMart/node_modules/@grpc/grpc-js/src/resolving-call.ts:170:24\n    at processTicksAndRejections (node:internal/process/task_queues:85:11)\nfor call at\n    at ServiceClientImpl.makeServerStreamRequest (/home/codedex/projects/DeXMart/node_modules/@grpc/grpc-js/src/client.ts:595:42)\n    at ServiceClientImpl.<anonymous> (/home/codedex/projects/DeXMart/node_modules/@grpc/grpc-js/src/make-client.ts:189:15)\n    at /home/codedex/projects/DeXMart/node_modules/@google-cloud/firestore/build/src/v1/firestore_client.js:242:33\n    at /home/codedex/projects/DeXMart/node_modules/google-gax/src/streamingCalls/streamingApiCaller.ts:59:19\n    at /home/codedex/projects/DeXMart/node_modules/google-gax/src/normalCalls/timeout.ts:54:13\n    at Object.request (/home/codedex/projects/DeXMart/node_modules/google-gax/src/streamingCalls/streaming.ts:331:28)\n    at makeRequest (/home/codedex/projects/DeXMart/node_modules/retry-request/index.js:159:28)\n    at retryRequest (/home/codedex/projects/DeXMart/node_modules/retry-request/index.js:119:5)\n    at StreamProxy.setStream (/home/codedex/projects/DeXMart/node_modules/google-gax/src/streamingCalls/streaming.ts:322:29)\n    at StreamingApiCaller.call (/home/codedex/projects/DeXMart/node_modules/google-gax/src/streamingCalls/streamingApiCaller.ts:89:12)\n    at /home/codedex/projects/DeXMart/node_modules/google-gax/src/createApiCall.ts:157:26\nCaused by: Error: \n    at QueryUtil._getResponse (/home/codedex/projects/DeXMart/node_modules/@google-cloud/firestore/build/src/reference/query-util.js:44:23)\n    at CollectionReference._getResponse (/home/codedex/projects/DeXMart/node_modules/@google-cloud/firestore/build/src/reference/query.js:784:32)\n    at CollectionReference._get (/home/codedex/projects/DeXMart/node_modules/@google-cloud/firestore/build/src/reference/query.js:777:35)\n    at /home/codedex/projects/DeXMart/node_modules/@google-cloud/firestore/build/src/reference/query.js:745:43\n    at /home/codedex/projects/DeXMart/node_modules/@google-cloud/firestore/build/src/telemetry/enabled-trace-util.js:110:30\n    at NoopContextManager.with (/home/codedex/projects/DeXMart/node_modules/@opentelemetry/api/src/context/NoopContextManager.ts:20:15)\n    at ContextAPI.with (/home/codedex/projects/DeXMart/node_modules/@opentelemetry/api/src/api/context.ts:68:42)\n    at NoopTracer.startActiveSpan (/home/codedex/projects/DeXMart/node_modules/@opentelemetry/api/src/trace/NoopTracer.ts:87:27)\n    at ProxyTracer.startActiveSpan (/home/codedex/projects/DeXMart/node_modules/@opentelemetry/api/src/trace/ProxyTracer.ts:51:20)\n    at EnabledTraceUtil.startActiveSpan (/home/codedex/projects/DeXMart/node_modules/@google-cloud/firestore/build/src/telemetry/enabled-trace-util.js:102:28)\n    at CollectionReference.get (/home/codedex/projects/DeXMart/node_modules/@google-cloud/firestore/build/src/reference/query.js:744:43)\n    at FirebaseService.getCollection (file:///home/codedex/projects/DeXMart/src/persistence/firebase.ts:1:5169)\n    at MultiTenantService.listTenants (file:///home/codedex/projects/DeXMart/src/services/multiTenantService.ts:1:5759)\n    at ChannelService.resumeActiveChannels (file:///home/codedex/projects/DeXMart/src/services/ChannelService.ts:1:11070)\n    at processTicksAndRejections (node:internal/process/task_queues:104:5)","timestamp":"2026-05-30 15:10:40:1040"}
{"level":"\u001b[32minfo\u001b[39m","message":"\u001b[32m[ChannelService] Successfully queued 0 channels for resumption.\u001b[39m","timestamp":"2026-05-30 15:10:40:1040"}
{"duration":598008960,"level":"\u001b[32minfo\u001b[39m","message":"\u001b[32mPerformance: memory_heap_used = 598008960 bytes\u001b[39m","operation":"memory_heap_used","timestamp":"2026-05-30 15:10:50:1050","unit":"bytes"}
{"duration":885063680,"level":"\u001b[32minfo\u001b[39m","message":"\u001b[32mPerformance: memory_heap_total = 885063680 bytes\u001b[39m","operation":"memory_heap_total","timestamp":"2026-05-30 15:10:50:1050","unit":"bytes"}
{"duration":1008357376,"level":"\u001b[32minfo\u001b[39m","message":"\u001b[32mPerformance: memory_rss = 1008357376 bytes\u001b[39m","operation":"memory_rss","timestamp":"2026-05-30 15:10:50:1050","unit":"bytes"}
{"duration":37290150,"level":"\u001b[32minfo\u001b[39m","message":"\u001b[32mPerformance: memory_external = 37290150 bytes\u001b[39m","operation":"memory_external","timestamp":"2026-05-30 15:10:50:1050","unit":"bytes"}
{"duration":139110281,"level":"\u001b[32minfo\u001b[39m","message":"\u001b[32mPerformance: cpu_user_time = 139110281 microseconds\u001b[39m","operation":"cpu_user_time","timestamp":"2026-05-30 15:10:50:1050","unit":"microseconds"}
{"duration":9624671,"level":"\u001b[32minfo\u001b[39m","message":"\u001b[32mPerformance: cpu_system_time = 9624671 microseconds\u001b[39m","operation":"cpu_system_time","timestamp":"2026-05-30 15:10:50:1050","unit":"microseconds"}
{"duration":782.872279394,"level":"\u001b[32minfo\u001b[39m","message":"\u001b[32mPerformance: process_uptime = 782.872279394 seconds\u001b[39m","operation":"process_uptime","timestamp":"2026-05-30 15:10:50:1050","unit":"seconds"}
{"duration":0.215156,"level":"\u001b[32minfo\u001b[39m","message":"\u001b[32mPerformance: event_loop_lag = 0.215156 milliseconds\u001b[39m","operation":"event_loop_lag","timestamp":"2026-05-30 15:10:50:1050","unit":"milliseconds"}
{"duration":598005952,"level":"\u001b[32minfo\u001b[39m","message":"\u001b[32mPerformance: memory_heap_used = 598005952 bytes\u001b[39m","operation":"memory_heap_used","timestamp":"2026-05-30 15:11:22:1122","unit":"bytes"}
{"duration":886112256,"level":"\u001b[32minfo\u001b[39m","message":"\u001b[32mPerformance: memory_heap_total = 886112256 bytes\u001b[39m","operation":"memory_heap_total","timestamp":"2026-05-30 15:11:22:1122","unit":"bytes"}
{"duration":1008357376,"level":"\u001b[32minfo\u001b[39m","message":"\u001b[32mPerformance: memory_rss = 1008357376 bytes\u001b[39m","operation":"memory_rss","timestamp":"2026-05-30 15:11:22:1122","unit":"bytes"}
{"duration":37325110,"level":"\u001b[32minfo\u001b[39m","message":"\u001b[32mPerformance: memory_external = 37325110 bytes\u001b[39m","operation":"memory_external","timestamp":"2026-05-30 15:11:22:1122","unit":"bytes"}
{"duration":139141164,"level":"\u001b[32minfo\u001b[39m","message":"\u001b[32mPerformance: cpu_user_time = 139141164 microseconds\u001b[39m","operation":"cpu_user_time","timestamp":"2026-05-30 15:11:22:1122","unit":"microseconds"}
{"duration":9644377,"level":"\u001b[32minfo\u001b[39m","message":"\u001b[32mPerformance: cpu_system_time = 9644377 microseconds\u001b[39m","operation":"cpu_system_time","timestamp":"2026-05-30 15:11:22:1122","unit":"microseconds"}
{"duration":812.873628904,"level":"\u001b[32minfo\u001b[39m","message":"\u001b[32mPerformance: process_uptime = 812.873628904 seconds\u001b[39m","operation":"process_uptime","timestamp":"2026-05-30 15:11:22:1122","unit":"seconds"}
{"duration":0.785661,"level":"\u001b[32minfo\u001b[39m","message":"\u001b[32mPerformance: event_loop_lag = 0.785661 milliseconds\u001b[39m","operation":"event_loop_lag","timestamp":"2026-05-30 15:11:22:1122","unit":"milliseconds"}
{"level":"\u001b[32minfo\u001b[39m","message":"\u001b[32m>>> [MASTERMIND] Resuming all active channels...\u001b[39m","timestamp":"2026-05-30 15:11:42:1142"}
{"error":"16 UNAUTHENTICATED: Request had invalid authentication credentials. Expected OAuth 2 access token, login cookie or other valid authentication credential. See https://developers.google.com/identity/sign-in/web/devconsole-project.","level":"\u001b[31merror\u001b[39m","message":"\u001b[31mFirestore getCollection error [tenants] (Tenant: undefined):\u001b[39m","stack":"Error: 16 UNAUTHENTICATED: Request had invalid authentication credentials. Expected OAuth 2 access token, login cookie or other valid authentication credential. See https://developers.google.com/identity/sign-in/web/devconsole-project.\n    at callErrorFromStatus (/home/codedex/projects/DeXMart/node_modules/@grpc/grpc-js/src/call.ts:84:17)\n    at Object.onReceiveStatus (/home/codedex/projects/DeXMart/node_modules/@grpc/grpc-js/src/client.ts:612:51)\n    at Object.onReceiveStatus (/home/codedex/projects/DeXMart/node_modules/@grpc/grpc-js/src/client-interceptors.ts:424:48)\n    at /home/codedex/projects/DeXMart/node_modules/@grpc/grpc-js/src/resolving-call.ts:170:24\n    at processTicksAndRejections (node:internal/process/task_queues:85:11)\nfor call at\n    at ServiceClientImpl.makeServerStreamRequest (/home/codedex/projects/DeXMart/node_modules/@grpc/grpc-js/src/client.ts:595:42)\n    at ServiceClientImpl.<anonymous> (/home/codedex/projects/DeXMart/node_modules/@grpc/grpc-js/src/make-client.ts:189:15)\n    at /home/codedex/projects/DeXMart/node_modules/@google-cloud/firestore/build/src/v1/firestore_client.js:242:33\n    at /home/codedex/projects/DeXMart/node_modules/google-gax/src/streamingCalls/streamingApiCaller.ts:59:19\n    at /home/codedex/projects/DeXMart/node_modules/google-gax/src/normalCalls/timeout.ts:54:13\n    at Object.request (/home/codedex/projects/DeXMart/node_modules/google-gax/src/streamingCalls/streaming.ts:331:28)\n    at makeRequest (/home/codedex/projects/DeXMart/node_modules/retry-request/index.js:159:28)\n    at retryRequest (/home/codedex/projects/DeXMart/node_modules/retry-request/index.js:119:5)\n    at StreamProxy.setStream (/home/codedex/projects/DeXMart/node_modules/google-gax/src/streamingCalls/streaming.ts:322:29)\n    at StreamingApiCaller.call (/home/codedex/projects/DeXMart/node_modules/google-gax/src/streamingCalls/streamingApiCaller.ts:89:12)\n    at /home/codedex/projects/DeXMart/node_modules/google-gax/src/createApiCall.ts:157:26\nCaused by: Error: \n    at QueryUtil._getResponse (/home/codedex/projects/DeXMart/node_modules/@google-cloud/firestore/build/src/reference/query-util.js:44:23)\n    at CollectionReference._getResponse (/home/codedex/projects/DeXMart/node_modules/@google-cloud/firestore/build/src/reference/query.js:784:32)\n    at CollectionReference._get (/home/codedex/projects/DeXMart/node_modules/@google-cloud/firestore/build/src/reference/query.js:777:35)\n    at /home/codedex/projects/DeXMart/node_modules/@google-cloud/firestore/build/src/reference/query.js:745:43\n    at /home/codedex/projects/DeXMart/node_modules/@google-cloud/firestore/build/src/telemetry/enabled-trace-util.js:110:30\n    at NoopContextManager.with (/home/codedex/projects/DeXMart/node_modules/@opentelemetry/api/src/context/NoopContextManager.ts:20:15)\n    at ContextAPI.with (/home/codedex/projects/DeXMart/node_modules/@opentelemetry/api/src/api/context.ts:68:42)\n    at NoopTracer.startActiveSpan (/home/codedex/projects/DeXMart/node_modules/@opentelemetry/api/src/trace/NoopTracer.ts:87:27)\n    at ProxyTracer.startActiveSpan (/home/codedex/projects/DeXMart/node_modules/@opentelemetry/api/src/trace/ProxyTracer.ts:51:20)\n    at EnabledTraceUtil.startActiveSpan (/home/codedex/projects/DeXMart/node_modules/@google-cloud/firestore/build/src/telemetry/enabled-trace-util.js:102:28)\n    at CollectionReference.get (/home/codedex/projects/DeXMart/node_modules/@google-cloud/firestore/build/src/reference/query.js:744:43)\n    at FirebaseService.getCollection (file:///home/codedex/projects/DeXMart/src/persistence/firebase.ts:1:5169)\n    at MultiTenantService.listTenants (file:///home/codedex/projects/DeXMart/src/services/multiTenantService.ts:1:5759)\n    at ChannelService.resumeActiveChannels (file:///home/codedex/projects/DeXMart/src/services/ChannelService.ts:1:11070)\n    at processTicksAndRejections (node:internal/process/task_queues:104:5)","timestamp":"2026-05-30 15:11:43:1143"}
{"error":"16 UNAUTHENTICATED: Request had invalid authentication credentials. Expected OAuth 2 access token, login cookie or other valid authentication credential. See https://developers.google.com/identity/sign-in/web/devconsole-project.","level":"\u001b[31merror\u001b[39m","message":"\u001b[31mMultiTenantService.listTenants error:\u001b[39m","stack":"Error: 16 UNAUTHENTICATED: Request had invalid authentication credentials. Expected OAuth 2 access token, login cookie or other valid authentication credential. See https://developers.google.com/identity/sign-in/web/devconsole-project.\n    at callErrorFromStatus (/home/codedex/projects/DeXMart/node_modules/@grpc/grpc-js/src/call.ts:84:17)\n    at Object.onReceiveStatus (/home/codedex/projects/DeXMart/node_modules/@grpc/grpc-js/src/client.ts:612:51)\n    at Object.onReceiveStatus (/home/codedex/projects/DeXMart/node_modules/@grpc/grpc-js/src/client-interceptors.ts:424:48)\n    at /home/codedex/projects/DeXMart/node_modules/@grpc/grpc-js/src/resolving-call.ts:170:24\n    at processTicksAndRejections (node:internal/process/task_queues:85:11)\nfor call at\n    at ServiceClientImpl.makeServerStreamRequest (/home/codedex/projects/DeXMart/node_modules/@grpc/grpc-js/src/client.ts:595:42)\n    at ServiceClientImpl.<anonymous> (/home/codedex/projects/DeXMart/node_modules/@grpc/grpc-js/src/make-client.ts:189:15)\n    at /home/codedex/projects/DeXMart/node_modules/@google-cloud/firestore/build/src/v1/firestore_client.js:242:33\n    at /home/codedex/projects/DeXMart/node_modules/google-gax/src/streamingCalls/streamingApiCaller.ts:59:19\n    at /home/codedex/projects/DeXMart/node_modules/google-gax/src/normalCalls/timeout.ts:54:13\n    at Object.request (/home/codedex/projects/DeXMart/node_modules/google-gax/src/streamingCalls/streaming.ts:331:28)\n    at makeRequest (/home/codedex/projects/DeXMart/node_modules/retry-request/index.js:159:28)\n    at retryRequest (/home/codedex/projects/DeXMart/node_modules/retry-request/index.js:119:5)\n    at StreamProxy.setStream (/home/codedex/projects/DeXMart/node_modules/google-gax/src/streamingCalls/streaming.ts:322:29)\n    at StreamingApiCaller.call (/home/codedex/projects/DeXMart/node_modules/google-gax/src/streamingCalls/streamingApiCaller.ts:89:12)\n    at /home/codedex/projects/DeXMart/node_modules/google-gax/src/createApiCall.ts:157:26\nCaused by: Error: \n    at QueryUtil._getResponse (/home/codedex/projects/DeXMart/node_modules/@google-cloud/firestore/build/src/reference/query-util.js:44:23)\n    at CollectionReference._getResponse (/home/codedex/projects/DeXMart/node_modules/@google-cloud/firestore/build/src/reference/query.js:784:32)\n    at CollectionReference._get (/home/codedex/projects/DeXMart/node_modules/@google-cloud/firestore/build/src/reference/query.js:777:35)\n    at /home/codedex/projects/DeXMart/node_modules/@google-cloud/firestore/build/src/reference/query.js:745:43\n    at /home/codedex/projects/DeXMart/node_modules/@google-cloud/firestore/build/src/telemetry/enabled-trace-util.js:110:30\n    at NoopContextManager.with (/home/codedex/projects/DeXMart/node_modules/@opentelemetry/api/src/context/NoopContextManager.ts:20:15)\n    at ContextAPI.with (/home/codedex/projects/DeXMart/node_modules/@opentelemetry/api/src/api/context.ts:68:42)\n    at NoopTracer.startActiveSpan (/home/codedex/projects/DeXMart/node_modules/@opentelemetry/api/src/trace/NoopTracer.ts:87:27)\n    at ProxyTracer.startActiveSpan (/home/codedex/projects/DeXMart/node_modules/@opentelemetry/api/src/trace/ProxyTracer.ts:51:20)\n    at EnabledTraceUtil.startActiveSpan (/home/codedex/projects/DeXMart/node_modules/@google-cloud/firestore/build/src/telemetry/enabled-trace-util.js:102:28)\n    at CollectionReference.get (/home/codedex/projects/DeXMart/node_modules/@google-cloud/firestore/build/src/reference/query.js:744:43)\n    at FirebaseService.getCollection (file:///home/codedex/projects/DeXMart/src/persistence/firebase.ts:1:5169)\n    at MultiTenantService.listTenants (file:///home/codedex/projects/DeXMart/src/services/multiTenantService.ts:1:5759)\n    at ChannelService.resumeActiveChannels (file:///home/codedex/projects/DeXMart/src/services/ChannelService.ts:1:11070)\n    at processTicksAndRejections (node:internal/process/task_queues:104:5)","timestamp":"2026-05-30 15:11:43:1143"}
{"level":"\u001b[32minfo\u001b[39m","message":"\u001b[32m[ChannelService] Successfully queued 0 channels for resumption.\u001b[39m","timestamp":"2026-05-30 15:11:43:1143"}
{"duration":598746736,"level":"\u001b[32minfo\u001b[39m","message":"\u001b[32mPerformance: memory_heap_used = 598746736 bytes\u001b[39m","operation":"memory_heap_used","timestamp":"2026-05-30 15:11:55:1155","unit":"bytes"}
{"duration":885325824,"level":"\u001b[32minfo\u001b[39m","message":"\u001b[32mPerformance: memory_heap_total = 885325824 bytes\u001b[39m","operation":"memory_heap_total","timestamp":"2026-05-30 15:11:55:1155","unit":"bytes"}
{"duration":1008357376,"level":"\u001b[32minfo\u001b[39m","message":"\u001b[32mPerformance: memory_rss = 1008357376 bytes\u001b[39m","operation":"memory_rss","timestamp":"2026-05-30 15:11:55:1155","unit":"bytes"}
{"duration":37353527,"level":"\u001b[32minfo\u001b[39m","message":"\u001b[32mPerformance: memory_external = 37353527 bytes\u001b[39m","operation":"memory_external","timestamp":"2026-05-30 15:11:55:1155","unit":"bytes"}
{"duration":139188304,"level":"\u001b[32minfo\u001b[39m","message":"\u001b[32mPerformance: cpu_user_time = 139188304 microseconds\u001b[39m","operation":"cpu_user_time","timestamp":"2026-05-30 15:11:55:1155","unit":"microseconds"}
{"duration":9667560,"level":"\u001b[32minfo\u001b[39m","message":"\u001b[32mPerformance: cpu_system_time = 9667560 microseconds\u001b[39m","operation":"cpu_system_time","timestamp":"2026-05-30 15:11:55:1155","unit":"microseconds"}
{"duration":842.874756642,"level":"\u001b[32minfo\u001b[39m","message":"\u001b[32mPerformance: process_uptime = 842.874756642 seconds\u001b[39m","operation":"process_uptime","timestamp":"2026-05-30 15:11:55:1155","unit":"seconds"}
{"duration":0.190368,"level":"\u001b[32minfo\u001b[39m","message":"\u001b[32mPerformance: event_loop_lag = 0.190368 milliseconds\u001b[39m","operation":"event_loop_lag","timestamp":"2026-05-30 15:11:55:1155","unit":"milliseconds"}
{"duration":598808088,"level":"\u001b[32minfo\u001b[39m","message":"\u001b[32mPerformance: memory_heap_used = 598808088 bytes\u001b[39m","operation":"memory_heap_used","timestamp":"2026-05-30 15:12:28:1228","unit":"bytes"}
{"duration":885325824,"level":"\u001b[32minfo\u001b[39m","message":"\u001b[32mPerformance: memory_heap_total = 885325824 bytes\u001b[39m","operation":"memory_heap_total","timestamp":"2026-05-30 15:12:28:1228","unit":"bytes"}
{"duration":1008488448,"level":"\u001b[32minfo\u001b[39m","message":"\u001b[32mPerformance: memory_rss = 1008488448 bytes\u001b[39m","operation":"memory_rss","timestamp":"2026-05-30 15:12:28:1228","unit":"bytes"}
{"duration":37377487,"level":"\u001b[32minfo\u001b[39m","message":"\u001b[32mPerformance: memory_external = 37377487 bytes\u001b[39m","operation":"memory_external","timestamp":"2026-05-30 15:12:28:1228","unit":"bytes"}
{"duration":139212468,"level":"\u001b[32minfo\u001b[39m","message":"\u001b[32mPerformance: cpu_user_time = 139212468 microseconds\u001b[39m","operation":"cpu_user_time","timestamp":"2026-05-30 15:12:28:1228","unit":"microseconds"}
{"duration":9698420,"level":"\u001b[32minfo\u001b[39m","message":"\u001b[32mPerformance: cpu_system_time = 9698420 microseconds\u001b[39m","operation":"cpu_system_time","timestamp":"2026-05-30 15:12:28:1228","unit":"microseconds"}
{"duration":872.875534373,"level":"\u001b[32minfo\u001b[39m","message":"\u001b[32mPerformance: process_uptime = 872.875534373 seconds\u001b[39m","operation":"process_uptime","timestamp":"2026-05-30 15:12:28:1228","unit":"seconds"}
{"duration":0.227729,"level":"\u001b[32minfo\u001b[39m","message":"\u001b[32mPerformance: event_loop_lag = 0.227729 milliseconds\u001b[39m","operation":"event_loop_lag","timestamp":"2026-05-30 15:12:28:1228","unit":"milliseconds"}
{"level":"\u001b[32minfo\u001b[39m","message":"\u001b[32m>>> [MASTERMIND] Resuming all active channels...\u001b[39m","timestamp":"2026-05-30 15:12:48:1248"}
{"error":"16 UNAUTHENTICATED: Request had invalid authentication credentials. Expected OAuth 2 access token, login cookie or other valid authentication credential. See https://developers.google.com/identity/sign-in/web/devconsole-project.","level":"\u001b[31merror\u001b[39m","message":"\u001b[31mFirestore getCollection error [tenants] (Tenant: undefined):\u001b[39m","stack":"Error: 16 UNAUTHENTICATED: Request had invalid authentication credentials. Expected OAuth 2 access token, login cookie or other valid authentication credential. See https://developers.google.com/identity/sign-in/web/devconsole-project.\n    at callErrorFromStatus (/home/codedex/projects/DeXMart/node_modules/@grpc/grpc-js/src/call.ts:84:17)\n    at Object.onReceiveStatus (/home/codedex/projects/DeXMart/node_modules/@grpc/grpc-js/src/client.ts:612:51)\n    at Object.onReceiveStatus (/home/codedex/projects/DeXMart/node_modules/@grpc/grpc-js/src/client-interceptors.ts:424:48)\n    at /home/codedex/projects/DeXMart/node_modules/@grpc/grpc-js/src/resolving-call.ts:170:24\n    at processTicksAndRejections (node:internal/process/task_queues:85:11)\nfor call at\n    at ServiceClientImpl.makeServerStreamRequest (/home/codedex/projects/DeXMart/node_modules/@grpc/grpc-js/src/client.ts:595:42)\n    at ServiceClientImpl.<anonymous> (/home/codedex/projects/DeXMart/node_modules/@grpc/grpc-js/src/make-client.ts:189:15)\n    at /home/codedex/projects/DeXMart/node_modules/@google-cloud/firestore/build/src/v1/firestore_client.js:242:33\n    at /home/codedex/projects/DeXMart/node_modules/google-gax/src/streamingCalls/streamingApiCaller.ts:59:19\n    at /home/codedex/projects/DeXMart/node_modules/google-gax/src/normalCalls/timeout.ts:54:13\n    at Object.request (/home/codedex/projects/DeXMart/node_modules/google-gax/src/streamingCalls/streaming.ts:331:28)\n    at makeRequest (/home/codedex/projects/DeXMart/node_modules/retry-request/index.js:159:28)\n    at retryRequest (/home/codedex/projects/DeXMart/node_modules/retry-request/index.js:119:5)\n    at StreamProxy.setStream (/home/codedex/projects/DeXMart/node_modules/google-gax/src/streamingCalls/streaming.ts:322:29)\n    at StreamingApiCaller.call (/home/codedex/projects/DeXMart/node_modules/google-gax/src/streamingCalls/streamingApiCaller.ts:89:12)\n    at /home/codedex/projects/DeXMart/node_modules/google-gax/src/createApiCall.ts:157:26\nCaused by: Error: \n    at QueryUtil._getResponse (/home/codedex/projects/DeXMart/node_modules/@google-cloud/firestore/build/src/reference/query-util.js:44:23)\n    at CollectionReference._getResponse (/home/codedex/projects/DeXMart/node_modules/@google-cloud/firestore/build/src/reference/query.js:784:32)\n    at CollectionReference._get (/home/codedex/projects/DeXMart/node_modules/@google-cloud/firestore/build/src/reference/query.js:777:35)\n    at /home/codedex/projects/DeXMart/node_modules/@google-cloud/firestore/build/src/reference/query.js:745:43\n    at /home/codedex/projects/DeXMart/node_modules/@google-cloud/firestore/build/src/telemetry/enabled-trace-util.js:110:30\n    at NoopContextManager.with (/home/codedex/projects/DeXMart/node_modules/@opentelemetry/api/src/context/NoopContextManager.ts:20:15)\n    at ContextAPI.with (/home/codedex/projects/DeXMart/node_modules/@opentelemetry/api/src/api/context.ts:68:42)\n    at NoopTracer.startActiveSpan (/home/codedex/projects/DeXMart/node_modules/@opentelemetry/api/src/trace/NoopTracer.ts:87:27)\n    at ProxyTracer.startActiveSpan (/home/codedex/projects/DeXMart/node_modules/@opentelemetry/api/src/trace/ProxyTracer.ts:51:20)\n    at EnabledTraceUtil.startActiveSpan (/home/codedex/projects/DeXMart/node_modules/@google-cloud/firestore/build/src/telemetry/enabled-trace-util.js:102:28)\n    at CollectionReference.get (/home/codedex/projects/DeXMart/node_modules/@google-cloud/firestore/build/src/reference/query.js:744:43)\n    at FirebaseService.getCollection (file:///home/codedex/projects/DeXMart/src/persistence/firebase.ts:1:5169)\n    at MultiTenantService.listTenants (file:///home/codedex/projects/DeXMart/src/services/multiTenantService.ts:1:5759)\n    at ChannelService.resumeActiveChannels (file:///home/codedex/projects/DeXMart/src/services/ChannelService.ts:1:11070)\n    at processTicksAndRejections (node:internal/process/task_queues:104:5)","timestamp":"2026-05-30 15:12:49:1249"}
{"error":"16 UNAUTHENTICATED: Request had invalid authentication credentials. Expected OAuth 2 access token, login cookie or other valid authentication credential. See https://developers.google.com/identity/sign-in/web/devconsole-project.","level":"\u001b[31merror\u001b[39m","message":"\u001b[31mMultiTenantService.listTenants error:\u001b[39m","stack":"Error: 16 UNAUTHENTICATED: Request had invalid authentication credentials. Expected OAuth 2 access token, login cookie or other valid authentication credential. See https://developers.google.com/identity/sign-in/web/devconsole-project.\n    at callErrorFromStatus (/home/codedex/projects/DeXMart/node_modules/@grpc/grpc-js/src/call.ts:84:17)\n    at Object.onReceiveStatus (/home/codedex/projects/DeXMart/node_modules/@grpc/grpc-js/src/client.ts:612:51)\n    at Object.onReceiveStatus (/home/codedex/projects/DeXMart/node_modules/@grpc/grpc-js/src/client-interceptors.ts:424:48)\n    at /home/codedex/projects/DeXMart/node_modules/@grpc/grpc-js/src/resolving-call.ts:170:24\n    at processTicksAndRejections (node:internal/process/task_queues:85:11)\nfor call at\n    at ServiceClientImpl.makeServerStreamRequest (/home/codedex/projects/DeXMart/node_modules/@grpc/grpc-js/src/client.ts:595:42)\n    at ServiceClientImpl.<anonymous> (/home/codedex/projects/DeXMart/node_modules/@grpc/grpc-js/src/make-client.ts:189:15)\n    at /home/codedex/projects/DeXMart/node_modules/@google-cloud/firestore/build/src/v1/firestore_client.js:242:33\n    at /home/codedex/projects/DeXMart/node_modules/google-gax/src/streamingCalls/streamingApiCaller.ts:59:19\n    at /home/codedex/projects/DeXMart/node_modules/google-gax/src/normalCalls/timeout.ts:54:13\n    at Object.request (/home/codedex/projects/DeXMart/node_modules/google-gax/src/streamingCalls/streaming.ts:331:28)\n    at makeRequest (/home/codedex/projects/DeXMart/node_modules/retry-request/index.js:159:28)\n    at retryRequest (/home/codedex/projects/DeXMart/node_modules/retry-request/index.js:119:5)\n    at StreamProxy.setStream (/home/codedex/projects/DeXMart/node_modules/google-gax/src/streamingCalls/streaming.ts:322:29)\n    at StreamingApiCaller.call (/home/codedex/projects/DeXMart/node_modules/google-gax/src/streamingCalls/streamingApiCaller.ts:89:12)\n    at /home/codedex/projects/DeXMart/node_modules/google-gax/src/createApiCall.ts:157:26\nCaused by: Error: \n    at QueryUtil._getResponse (/home/codedex/projects/DeXMart/node_modules/@google-cloud/firestore/build/src/reference/query-util.js:44:23)\n    at CollectionReference._getResponse (/home/codedex/projects/DeXMart/node_modules/@google-cloud/firestore/build/src/reference/query.js:784:32)\n    at CollectionReference._get (/home/codedex/projects/DeXMart/node_modules/@google-cloud/firestore/build/src/reference/query.js:777:35)\n    at /home/codedex/projects/DeXMart/node_modules/@google-cloud/firestore/build/src/reference/query.js:745:43\n    at /home/codedex/projects/DeXMart/node_modules/@google-cloud/firestore/build/src/telemetry/enabled-trace-util.js:110:30\n    at NoopContextManager.with (/home/codedex/projects/DeXMart/node_modules/@opentelemetry/api/src/context/NoopContextManager.ts:20:15)\n    at ContextAPI.with (/home/codedex/projects/DeXMart/node_modules/@opentelemetry/api/src/api/context.ts:68:42)\n    at NoopTracer.startActiveSpan (/home/codedex/projects/DeXMart/node_modules/@opentelemetry/api/src/trace/NoopTracer.ts:87:27)\n    at ProxyTracer.startActiveSpan (/home/codedex/projects/DeXMart/node_modules/@opentelemetry/api/src/trace/ProxyTracer.ts:51:20)\n    at EnabledTraceUtil.startActiveSpan (/home/codedex/projects/DeXMart/node_modules/@google-cloud/firestore/build/src/telemetry/enabled-trace-util.js:102:28)\n    at CollectionReference.get (/home/codedex/projects/DeXMart/node_modules/@google-cloud/firestore/build/src/reference/query.js:744:43)\n    at FirebaseService.getCollection (file:///home/codedex/projects/DeXMart/src/persistence/firebase.ts:1:5169)\n    at MultiTenantService.listTenants (file:///home/codedex/projects/DeXMart/src/services/multiTenantService.ts:1:5759)\n    at ChannelService.resumeActiveChannels (file:///home/codedex/projects/DeXMart/src/services/ChannelService.ts:1:11070)\n    at processTicksAndRejections (node:internal/process/task_queues:104:5)","timestamp":"2026-05-30 15:12:49:1249"}
{"level":"\u001b[32minfo\u001b[39m","message":"\u001b[32m[ChannelService] Successfully queued 0 channels for resumption.\u001b[39m","timestamp":"2026-05-30 15:12:49:1249"}
{"duration":599483360,"level":"\u001b[32minfo\u001b[39m","message":"\u001b[32mPerformance: memory_heap_used = 599483360 bytes\u001b[39m","operation":"memory_heap_used","timestamp":"2026-05-30 15:13:01:131","unit":"bytes"}
{"duration":886374400,"level":"\u001b[32minfo\u001b[39m","message":"\u001b[32mPerformance: memory_heap_total = 886374400 bytes\u001b[39m","operation":"memory_heap_total","timestamp":"2026-05-30 15:13:01:131","unit":"bytes"}
{"duration":1008488448,"level":"\u001b[32minfo\u001b[39m","message":"\u001b[32mPerformance: memory_rss = 1008488448 bytes\u001b[39m","operation":"memory_rss","timestamp":"2026-05-30 15:13:01:131","unit":"bytes"}
{"duration":37420985,"level":"\u001b[32minfo\u001b[39m","message":"\u001b[32mPerformance: memory_external = 37420985 bytes\u001b[39m","operation":"memory_external","timestamp":"2026-05-30 15:13:01:131","unit":"bytes"}
{"duration":139254332,"level":"\u001b[32minfo\u001b[39m","message":"\u001b[32mPerformance: cpu_user_time = 139254332 microseconds\u001b[39m","operation":"cpu_user_time","timestamp":"2026-05-30 15:13:01:131","unit":"microseconds"}
{"duration":9716744,"level":"\u001b[32minfo\u001b[39m","message":"\u001b[32mPerformance: cpu_system_time = 9716744 microseconds\u001b[39m","operation":"cpu_system_time","timestamp":"2026-05-30 15:13:01:131","unit":"microseconds"}
{"duration":902.875435085,"level":"\u001b[32minfo\u001b[39m","message":"\u001b[32mPerformance: process_uptime = 902.875435085 seconds\u001b[39m","operation":"process_uptime","timestamp":"2026-05-30 15:13:01:131","unit":"seconds"}
{"duration":2.043731,"level":"\u001b[32minfo\u001b[39m","message":"\u001b[32mPerformance: event_loop_lag = 2.043731 milliseconds\u001b[39m","operation":"event_loop_lag","timestamp":"2026-05-30 15:13:01:131","unit":"milliseconds"}
{"duration":599453816,"level":"\u001b[32minfo\u001b[39m","message":"\u001b[32mPerformance: memory_heap_used = 599453816 bytes\u001b[39m","operation":"memory_heap_used","timestamp":"2026-05-30 15:13:34:1334","unit":"bytes"}
{"duration":885325824,"level":"\u001b[32minfo\u001b[39m","message":"\u001b[32mPerformance: memory_heap_total = 885325824 bytes\u001b[39m","operation":"memory_heap_total","timestamp":"2026-05-30 15:13:34:1334","unit":"bytes"}
{"duration":1008488448,"level":"\u001b[32minfo\u001b[39m","message":"\u001b[32mPerformance: memory_rss = 1008488448 bytes\u001b[39m","operation":"memory_rss","timestamp":"2026-05-30 15:13:34:1334","unit":"bytes"}
{"duration":37424450,"level":"\u001b[32minfo\u001b[39m","message":"\u001b[32mPerformance: memory_external = 37424450 bytes\u001b[39m","operation":"memory_external","timestamp":"2026-05-30 15:13:34:1334","unit":"bytes"}
{"duration":139279764,"level":"\u001b[32minfo\u001b[39m","message":"\u001b[32mPerformance: cpu_user_time = 139279764 microseconds\u001b[39m","operation":"cpu_user_time","timestamp":"2026-05-30 15:13:34:1334","unit":"microseconds"}
{"duration":9747390,"level":"\u001b[32minfo\u001b[39m","message":"\u001b[32mPerformance: cpu_system_time = 9747390 microseconds\u001b[39m","operation":"cpu_system_time","timestamp":"2026-05-30 15:13:34:1334","unit":"microseconds"}
{"duration":932.875477436,"level":"\u001b[32minfo\u001b[39m","message":"\u001b[32mPerformance: process_uptime = 932.875477436 seconds\u001b[39m","operation":"process_uptime","timestamp":"2026-05-30 15:13:34:1334","unit":"seconds"}
{"duration":0.182294,"level":"\u001b[32minfo\u001b[39m","message":"\u001b[32mPerformance: event_loop_lag = 0.182294 milliseconds\u001b[39m","operation":"event_loop_lag","timestamp":"2026-05-30 15:13:34:1334","unit":"milliseconds"}
{"level":"\u001b[32minfo\u001b[39m","message":"\u001b[32m>>> [MASTERMIND] Resuming all active channels...\u001b[39m","timestamp":"2026-05-30 15:13:54:1354"}
{"error":"16 UNAUTHENTICATED: Request had invalid authentication credentials. Expected OAuth 2 access token, login cookie or other valid authentication credential. See https://developers.google.com/identity/sign-in/web/devconsole-project.","level":"\u001b[31merror\u001b[39m","message":"\u001b[31mFirestore getCollection error [tenants] (Tenant: undefined):\u001b[39m","stack":"Error: 16 UNAUTHENTICATED: Request had invalid authentication credentials. Expected OAuth 2 access token, login cookie or other valid authentication credential. See https://developers.google.com/identity/sign-in/web/devconsole-project.\n    at callErrorFromStatus (/home/codedex/projects/DeXMart/node_modules/@grpc/grpc-js/src/call.ts:84:17)\n    at Object.onReceiveStatus (/home/codedex/projects/DeXMart/node_modules/@grpc/grpc-js/src/client.ts:612:51)\n    at Object.onReceiveStatus (/home/codedex/projects/DeXMart/node_modules/@grpc/grpc-js/src/client-interceptors.ts:424:48)\n    at /home/codedex/projects/DeXMart/node_modules/@grpc/grpc-js/src/resolving-call.ts:170:24\n    at processTicksAndRejections (node:internal/process/task_queues:85:11)\nfor call at\n    at ServiceClientImpl.makeServerStreamRequest (/home/codedex/projects/DeXMart/node_modules/@grpc/grpc-js/src/client.ts:595:42)\n    at ServiceClientImpl.<anonymous> (/home/codedex/projects/DeXMart/node_modules/@grpc/grpc-js/src/make-client.ts:189:15)\n    at /home/codedex/projects/DeXMart/node_modules/@google-cloud/firestore/build/src/v1/firestore_client.js:242:33\n    at /home/codedex/projects/DeXMart/node_modules/google-gax/src/streamingCalls/streamingApiCaller.ts:59:19\n    at /home/codedex/projects/DeXMart/node_modules/google-gax/src/normalCalls/timeout.ts:54:13\n    at Object.request (/home/codedex/projects/DeXMart/node_modules/google-gax/src/streamingCalls/streaming.ts:331:28)\n    at makeRequest (/home/codedex/projects/DeXMart/node_modules/retry-request/index.js:159:28)\n    at retryRequest (/home/codedex/projects/DeXMart/node_modules/retry-request/index.js:119:5)\n    at StreamProxy.setStream (/home/codedex/projects/DeXMart/node_modules/google-gax/src/streamingCalls/streaming.ts:322:29)\n    at StreamingApiCaller.call (/home/codedex/projects/DeXMart/node_modules/google-gax/src/streamingCalls/streamingApiCaller.ts:89:12)\n    at /home/codedex/projects/DeXMart/node_modules/google-gax/src/createApiCall.ts:157:26\nCaused by: Error: \n    at QueryUtil._getResponse (/home/codedex/projects/DeXMart/node_modules/@google-cloud/firestore/build/src/reference/query-util.js:44:23)\n    at CollectionReference._getResponse (/home/codedex/projects/DeXMart/node_modules/@google-cloud/firestore/build/src/reference/query.js:784:32)\n    at CollectionReference._get (/home/codedex/projects/DeXMart/node_modules/@google-cloud/firestore/build/src/reference/query.js:777:35)\n    at /home/codedex/projects/DeXMart/node_modules/@google-cloud/firestore/build/src/reference/query.js:745:43\n    at /home/codedex/projects/DeXMart/node_modules/@google-cloud/firestore/build/src/telemetry/enabled-trace-util.js:110:30\n    at NoopContextManager.with (/home/codedex/projects/DeXMart/node_modules/@opentelemetry/api/src/context/NoopContextManager.ts:20:15)\n    at ContextAPI.with (/home/codedex/projects/DeXMart/node_modules/@opentelemetry/api/src/api/context.ts:68:42)\n    at NoopTracer.startActiveSpan (/home/codedex/projects/DeXMart/node_modules/@opentelemetry/api/src/trace/NoopTracer.ts:87:27)\n    at ProxyTracer.startActiveSpan (/home/codedex/projects/DeXMart/node_modules/@opentelemetry/api/src/trace/ProxyTracer.ts:51:20)\n    at EnabledTraceUtil.startActiveSpan (/home/codedex/projects/DeXMart/node_modules/@google-cloud/firestore/build/src/telemetry/enabled-trace-util.js:102:28)\n    at CollectionReference.get (/home/codedex/projects/DeXMart/node_modules/@google-cloud/firestore/build/src/reference/query.js:744:43)\n    at FirebaseService.getCollection (file:///home/codedex/projects/DeXMart/src/persistence/firebase.ts:1:5169)\n    at MultiTenantService.listTenants (file:///home/codedex/projects/DeXMart/src/services/multiTenantService.ts:1:5759)\n    at ChannelService.resumeActiveChannels (file:///home/codedex/projects/DeXMart/src/services/ChannelService.ts:1:11070)\n    at processTicksAndRejections (node:internal/process/task_queues:104:5)","timestamp":"2026-05-30 15:13:55:1355"}
{"error":"16 UNAUTHENTICATED: Request had invalid authentication credentials. Expected OAuth 2 access token, login cookie or other valid authentication credential. See https://developers.google.com/identity/sign-in/web/devconsole-project.","level":"\u001b[31merror\u001b[39m","message":"\u001b[31mMultiTenantService.listTenants error:\u001b[39m","stack":"Error: 16 UNAUTHENTICATED: Request had invalid authentication credentials. Expected OAuth 2 access token, login cookie or other valid authentication credential. See https://developers.google.com/identity/sign-in/web/devconsole-project.\n    at callErrorFromStatus (/home/codedex/projects/DeXMart/node_modules/@grpc/grpc-js/src/call.ts:84:17)\n    at Object.onReceiveStatus (/home/codedex/projects/DeXMart/node_modules/@grpc/grpc-js/src/client.ts:612:51)\n    at Object.onReceiveStatus (/home/codedex/projects/DeXMart/node_modules/@grpc/grpc-js/src/client-interceptors.ts:424:48)\n    at /home/codedex/projects/DeXMart/node_modules/@grpc/grpc-js/src/resolving-call.ts:170:24\n    at processTicksAndRejections (node:internal/process/task_queues:85:11)\nfor call at\n    at ServiceClientImpl.makeServerStreamRequest (/home/codedex/projects/DeXMart/node_modules/@grpc/grpc-js/src/client.ts:595:42)\n    at ServiceClientImpl.<anonymous> (/home/codedex/projects/DeXMart/node_modules/@grpc/grpc-js/src/make-client.ts:189:15)\n    at /home/codedex/projects/DeXMart/node_modules/@google-cloud/firestore/build/src/v1/firestore_client.js:242:33\n    at /home/codedex/projects/DeXMart/node_modules/google-gax/src/streamingCalls/streamingApiCaller.ts:59:19\n    at /home/codedex/projects/DeXMart/node_modules/google-gax/src/normalCalls/timeout.ts:54:13\n    at Object.request (/home/codedex/projects/DeXMart/node_modules/google-gax/src/streamingCalls/streaming.ts:331:28)\n    at makeRequest (/home/codedex/projects/DeXMart/node_modules/retry-request/index.js:159:28)\n    at retryRequest (/home/codedex/projects/DeXMart/node_modules/retry-request/index.js:119:5)\n    at StreamProxy.setStream (/home/codedex/projects/DeXMart/node_modules/google-gax/src/streamingCalls/streaming.ts:322:29)\n    at StreamingApiCaller.call (/home/codedex/projects/DeXMart/node_modules/google-gax/src/streamingCalls/streamingApiCaller.ts:89:12)\n    at /home/codedex/projects/DeXMart/node_modules/google-gax/src/createApiCall.ts:157:26\nCaused by: Error: \n    at QueryUtil._getResponse (/home/codedex/projects/DeXMart/node_modules/@google-cloud/firestore/build/src/reference/query-util.js:44:23)\n    at CollectionReference._getResponse (/home/codedex/projects/DeXMart/node_modules/@google-cloud/firestore/build/src/reference/query.js:784:32)\n    at CollectionReference._get (/home/codedex/projects/DeXMart/node_modules/@google-cloud/firestore/build/src/reference/query.js:777:35)\n    at /home/codedex/projects/DeXMart/node_modules/@google-cloud/firestore/build/src/reference/query.js:745:43\n    at /home/codedex/projects/DeXMart/node_modules/@google-cloud/firestore/build/src/telemetry/enabled-trace-util.js:110:30\n    at NoopContextManager.with (/home/codedex/projects/DeXMart/node_modules/@opentelemetry/api/src/context/NoopContextManager.ts:20:15)\n    at ContextAPI.with (/home/codedex/projects/DeXMart/node_modules/@opentelemetry/api/src/api/context.ts:68:42)\n    at NoopTracer.startActiveSpan (/home/codedex/projects/DeXMart/node_modules/@opentelemetry/api/src/trace/NoopTracer.ts:87:27)\n    at ProxyTracer.startActiveSpan (/home/codedex/projects/DeXMart/node_modules/@opentelemetry/api/src/trace/ProxyTracer.ts:51:20)\n    at EnabledTraceUtil.startActiveSpan (/home/codedex/projects/DeXMart/node_modules/@google-cloud/firestore/build/src/telemetry/enabled-trace-util.js:102:28)\n    at CollectionReference.get (/home/codedex/projects/DeXMart/node_modules/@google-cloud/firestore/build/src/reference/query.js:744:43)\n    at FirebaseService.getCollection (file:///home/codedex/projects/DeXMart/src/persistence/firebase.ts:1:5169)\n    at MultiTenantService.listTenants (file:///home/codedex/projects/DeXMart/src/services/multiTenantService.ts:1:5759)\n    at ChannelService.resumeActiveChannels (file:///home/codedex/projects/DeXMart/src/services/ChannelService.ts:1:11070)\n    at processTicksAndRejections (node:internal/process/task_queues:104:5)","timestamp":"2026-05-30 15:13:55:1355"}
{"level":"\u001b[32minfo\u001b[39m","message":"\u001b[32m[ChannelService] Successfully queued 0 channels for resumption.\u001b[39m","timestamp":"2026-05-30 15:13:55:1355"}
{"duration":599627720,"level":"\u001b[32minfo\u001b[39m","message":"\u001b[32mPerformance: memory_heap_used = 599627720 bytes\u001b[39m","operation":"memory_heap_used","timestamp":"2026-05-30 15:14:04:144","unit":"bytes"}
{"duration":886374400,"level":"\u001b[32minfo\u001b[39m","message":"\u001b[32mPerformance: memory_heap_total = 886374400 bytes\u001b[39m","operation":"memory_heap_total","timestamp":"2026-05-30 15:14:04:144","unit":"bytes"}
{"duration":1008488448,"level":"\u001b[32minfo\u001b[39m","message":"\u001b[32mPerformance: memory_rss = 1008488448 bytes\u001b[39m","operation":"memory_rss","timestamp":"2026-05-30 15:14:04:144","unit":"bytes"}
{"duration":37461557,"level":"\u001b[32minfo\u001b[39m","message":"\u001b[32mPerformance: memory_external = 37461557 bytes\u001b[39m","operation":"memory_external","timestamp":"2026-05-30 15:14:04:144","unit":"bytes"}
{"duration":139323644,"level":"\u001b[32minfo\u001b[39m","message":"\u001b[32mPerformance: cpu_user_time = 139323644 microseconds\u001b[39m","operation":"cpu_user_time","timestamp":"2026-05-30 15:14:04:144","unit":"microseconds"}
{"duration":9765860,"level":"\u001b[32minfo\u001b[39m","message":"\u001b[32mPerformance: cpu_system_time = 9765860 microseconds\u001b[39m","operation":"cpu_system_time","timestamp":"2026-05-30 15:14:04:144","unit":"microseconds"}
{"duration":962.876286648,"level":"\u001b[32minfo\u001b[39m","message":"\u001b[32mPerformance: process_uptime = 962.876286648 seconds\u001b[39m","operation":"process_uptime","timestamp":"2026-05-30 15:14:04:144","unit":"seconds"}
{"duration":0.159481,"level":"\u001b[32minfo\u001b[39m","message":"\u001b[32mPerformance: event_loop_lag = 0.159481 milliseconds\u001b[39m","operation":"event_loop_lag","timestamp":"2026-05-30 15:14:04:144","unit":"milliseconds"}
{"duration":600187288,"level":"\u001b[32minfo\u001b[39m","message":"\u001b[32mPerformance: memory_heap_used = 600187288 bytes\u001b[39m","operation":"memory_heap_used","timestamp":"2026-05-30 15:14:37:1437","unit":"bytes"}
{"duration":885325824,"level":"\u001b[32minfo\u001b[39m","message":"\u001b[32mPerformance: memory_heap_total = 885325824 bytes\u001b[39m","operation":"memory_heap_total","timestamp":"2026-05-30 15:14:37:1437","unit":"bytes"}
{"duration":1008488448,"level":"\u001b[32minfo\u001b[39m","message":"\u001b[32mPerformance: memory_rss = 1008488448 bytes\u001b[39m","operation":"memory_rss","timestamp":"2026-05-30 15:14:37:1437","unit":"bytes"}
{"duration":37488179,"level":"\u001b[32minfo\u001b[39m","message":"\u001b[32mPerformance: memory_external = 37488179 bytes\u001b[39m","operation":"memory_external","timestamp":"2026-05-30 15:14:37:1437","unit":"bytes"}
{"duration":139350368,"level":"\u001b[32minfo\u001b[39m","message":"\u001b[32mPerformance: cpu_user_time = 139350368 microseconds\u001b[39m","operation":"cpu_user_time","timestamp":"2026-05-30 15:14:37:1437","unit":"microseconds"}
{"duration":9784053,"level":"\u001b[32minfo\u001b[39m","message":"\u001b[32mPerformance: cpu_system_time = 9784053 microseconds\u001b[39m","operation":"cpu_system_time","timestamp":"2026-05-30 15:14:37:1437","unit":"microseconds"}
{"duration":992.876182776,"level":"\u001b[32minfo\u001b[39m","message":"\u001b[32mPerformance: process_uptime = 992.876182776 seconds\u001b[39m","operation":"process_uptime","timestamp":"2026-05-30 15:14:37:1437","unit":"seconds"}
{"duration":1.334611,"level":"\u001b[32minfo\u001b[39m","message":"\u001b[32mPerformance: event_loop_lag = 1.334611 milliseconds\u001b[39m","operation":"event_loop_lag","timestamp":"2026-05-30 15:14:37:1437","unit":"milliseconds"}
{"level":"\u001b[32minfo\u001b[39m","message":"\u001b[32m>>> [MASTERMIND] Resuming all active channels...\u001b[39m","timestamp":"2026-05-30 15:15:00:150"}
{"error":"16 UNAUTHENTICATED: Request had invalid authentication credentials. Expected OAuth 2 access token, login cookie or other valid authentication credential. See https://developers.google.com/identity/sign-in/web/devconsole-project.","level":"\u001b[31merror\u001b[39m","message":"\u001b[31mFirestore getCollection error [tenants] (Tenant: undefined):\u001b[39m","stack":"Error: 16 UNAUTHENTICATED: Request had invalid authentication credentials. Expected OAuth 2 access token, login cookie or other valid authentication credential. See https://developers.google.com/identity/sign-in/web/devconsole-project.\n    at callErrorFromStatus (/home/codedex/projects/DeXMart/node_modules/@grpc/grpc-js/src/call.ts:84:17)\n    at Object.onReceiveStatus (/home/codedex/projects/DeXMart/node_modules/@grpc/grpc-js/src/client.ts:612:51)\n    at Object.onReceiveStatus (/home/codedex/projects/DeXMart/node_modules/@grpc/grpc-js/src/client-interceptors.ts:424:48)\n    at /home/codedex/projects/DeXMart/node_modules/@grpc/grpc-js/src/resolving-call.ts:170:24\n    at processTicksAndRejections (node:internal/process/task_queues:85:11)\nfor call at\n    at ServiceClientImpl.makeServerStreamRequest (/home/codedex/projects/DeXMart/node_modules/@grpc/grpc-js/src/client.ts:595:42)\n    at ServiceClientImpl.<anonymous> (/home/codedex/projects/DeXMart/node_modules/@grpc/grpc-js/src/make-client.ts:189:15)\n    at /home/codedex/projects/DeXMart/node_modules/@google-cloud/firestore/build/src/v1/firestore_client.js:242:33\n    at /home/codedex/projects/DeXMart/node_modules/google-gax/src/streamingCalls/streamingApiCaller.ts:59:19\n    at /home/codedex/projects/DeXMart/node_modules/google-gax/src/normalCalls/timeout.ts:54:13\n    at Object.request (/home/codedex/projects/DeXMart/node_modules/google-gax/src/streamingCalls/streaming.ts:331:28)\n    at makeRequest (/home/codedex/projects/DeXMart/node_modules/retry-request/index.js:159:28)\n    at retryRequest (/home/codedex/projects/DeXMart/node_modules/retry-request/index.js:119:5)\n    at StreamProxy.setStream (/home/codedex/projects/DeXMart/node_modules/google-gax/src/streamingCalls/streaming.ts:322:29)\n    at StreamingApiCaller.call (/home/codedex/projects/DeXMart/node_modules/google-gax/src/streamingCalls/streamingApiCaller.ts:89:12)\n    at /home/codedex/projects/DeXMart/node_modules/google-gax/src/createApiCall.ts:157:26\nCaused by: Error: \n    at QueryUtil._getResponse (/home/codedex/projects/DeXMart/node_modules/@google-cloud/firestore/build/src/reference/query-util.js:44:23)\n    at CollectionReference._getResponse (/home/codedex/projects/DeXMart/node_modules/@google-cloud/firestore/build/src/reference/query.js:784:32)\n    at CollectionReference._get (/home/codedex/projects/DeXMart/node_modules/@google-cloud/firestore/build/src/reference/query.js:777:35)\n    at /home/codedex/projects/DeXMart/node_modules/@google-cloud/firestore/build/src/reference/query.js:745:43\n    at /home/codedex/projects/DeXMart/node_modules/@google-cloud/firestore/build/src/telemetry/enabled-trace-util.js:110:30\n    at NoopContextManager.with (/home/codedex/projects/DeXMart/node_modules/@opentelemetry/api/src/context/NoopContextManager.ts:20:15)\n    at ContextAPI.with (/home/codedex/projects/DeXMart/node_modules/@opentelemetry/api/src/api/context.ts:68:42)\n    at NoopTracer.startActiveSpan (/home/codedex/projects/DeXMart/node_modules/@opentelemetry/api/src/trace/NoopTracer.ts:87:27)\n    at ProxyTracer.startActiveSpan (/home/codedex/projects/DeXMart/node_modules/@opentelemetry/api/src/trace/ProxyTracer.ts:51:20)\n    at EnabledTraceUtil.startActiveSpan (/home/codedex/projects/DeXMart/node_modules/@google-cloud/firestore/build/src/telemetry/enabled-trace-util.js:102:28)\n    at CollectionReference.get (/home/codedex/projects/DeXMart/node_modules/@google-cloud/firestore/build/src/reference/query.js:744:43)\n    at FirebaseService.getCollection (file:///home/codedex/projects/DeXMart/src/persistence/firebase.ts:1:5169)\n    at MultiTenantService.listTenants (file:///home/codedex/projects/DeXMart/src/services/multiTenantService.ts:1:5759)\n    at ChannelService.resumeActiveChannels (file:///home/codedex/projects/DeXMart/src/services/ChannelService.ts:1:11070)\n    at processTicksAndRejections (node:internal/process/task_queues:104:5)","timestamp":"2026-05-30 15:15:00:150"}
{"error":"16 UNAUTHENTICATED: Request had invalid authentication credentials. Expected OAuth 2 access token, login cookie or other valid authentication credential. See https://developers.google.com/identity/sign-in/web/devconsole-project.","level":"\u001b[31merror\u001b[39m","message":"\u001b[31mMultiTenantService.listTenants error:\u001b[39m","stack":"Error: 16 UNAUTHENTICATED: Request had invalid authentication credentials. Expected OAuth 2 access token, login cookie or other valid authentication credential. See https://developers.google.com/identity/sign-in/web/devconsole-project.\n    at callErrorFromStatus (/home/codedex/projects/DeXMart/node_modules/@grpc/grpc-js/src/call.ts:84:17)\n    at Object.onReceiveStatus (/home/codedex/projects/DeXMart/node_modules/@grpc/grpc-js/src/client.ts:612:51)\n    at Object.onReceiveStatus (/home/codedex/projects/DeXMart/node_modules/@grpc/grpc-js/src/client-interceptors.ts:424:48)\n    at /home/codedex/projects/DeXMart/node_modules/@grpc/grpc-js/src/resolving-call.ts:170:24\n    at processTicksAndRejections (node:internal/process/task_queues:85:11)\nfor call at\n    at ServiceClientImpl.makeServerStreamRequest (/home/codedex/projects/DeXMart/node_modules/@grpc/grpc-js/src/client.ts:595:42)\n    at ServiceClientImpl.<anonymous> (/home/codedex/projects/DeXMart/node_modules/@grpc/grpc-js/src/make-client.ts:189:15)\n    at /home/codedex/projects/DeXMart/node_modules/@google-cloud/firestore/build/src/v1/firestore_client.js:242:33\n    at /home/codedex/projects/DeXMart/node_modules/google-gax/src/streamingCalls/streamingApiCaller.ts:59:19\n    at /home/codedex/projects/DeXMart/node_modules/google-gax/src/normalCalls/timeout.ts:54:13\n    at Object.request (/home/codedex/projects/DeXMart/node_modules/google-gax/src/streamingCalls/streaming.ts:331:28)\n    at makeRequest (/home/codedex/projects/DeXMart/node_modules/retry-request/index.js:159:28)\n    at retryRequest (/home/codedex/projects/DeXMart/node_modules/retry-request/index.js:119:5)\n    at StreamProxy.setStream (/home/codedex/projects/DeXMart/node_modules/google-gax/src/streamingCalls/streaming.ts:322:29)\n    at StreamingApiCaller.call (/home/codedex/projects/DeXMart/node_modules/google-gax/src/streamingCalls/streamingApiCaller.ts:89:12)\n    at /home/codedex/projects/DeXMart/node_modules/google-gax/src/createApiCall.ts:157:26\nCaused by: Error: \n    at QueryUtil._getResponse (/home/codedex/projects/DeXMart/node_modules/@google-cloud/firestore/build/src/reference/query-util.js:44:23)\n    at CollectionReference._getResponse (/home/codedex/projects/DeXMart/node_modules/@google-cloud/firestore/build/src/reference/query.js:784:32)\n    at CollectionReference._get (/home/codedex/projects/DeXMart/node_modules/@google-cloud/firestore/build/src/reference/query.js:777:35)\n    at /home/codedex/projects/DeXMart/node_modules/@google-cloud/firestore/build/src/reference/query.js:745:43\n    at /home/codedex/projects/DeXMart/node_modules/@google-cloud/firestore/build/src/telemetry/enabled-trace-util.js:110:30\n    at NoopContextManager.with (/home/codedex/projects/DeXMart/node_modules/@opentelemetry/api/src/context/NoopContextManager.ts:20:15)\n    at ContextAPI.with (/home/codedex/projects/DeXMart/node_modules/@opentelemetry/api/src/api/context.ts:68:42)\n    at NoopTracer.startActiveSpan (/home/codedex/projects/DeXMart/node_modules/@opentelemetry/api/src/trace/NoopTracer.ts:87:27)\n    at ProxyTracer.startActiveSpan (/home/codedex/projects/DeXMart/node_modules/@opentelemetry/api/src/trace/ProxyTracer.ts:51:20)\n    at EnabledTraceUtil.startActiveSpan (/home/codedex/projects/DeXMart/node_modules/@google-cloud/firestore/build/src/telemetry/enabled-trace-util.js:102:28)\n    at CollectionReference.get (/home/codedex/projects/DeXMart/node_modules/@google-cloud/firestore/build/src/reference/query.js:744:43)\n    at FirebaseService.getCollection (file:///home/codedex/projects/DeXMart/src/persistence/firebase.ts:1:5169)\n    at MultiTenantService.listTenants (file:///home/codedex/projects/DeXMart/src/services/multiTenantService.ts:1:5759)\n    at ChannelService.resumeActiveChannels (file:///home/codedex/projects/DeXMart/src/services/ChannelService.ts:1:11070)\n    at processTicksAndRejections (node:internal/process/task_queues:104:5)","timestamp":"2026-05-30 15:15:00:150"}
{"level":"\u001b[32minfo\u001b[39m","message":"\u001b[32m[ChannelService] Successfully queued 0 channels for resumption.\u001b[39m","timestamp":"2026-05-30 15:15:00:150"}
{"duration":600108696,"level":"\u001b[32minfo\u001b[39m","message":"\u001b[32mPerformance: memory_heap_used = 600108696 bytes\u001b[39m","operation":"memory_heap_used","timestamp":"2026-05-30 15:15:10:1510","unit":"bytes"}
{"duration":885325824,"level":"\u001b[32minfo\u001b[39m","message":"\u001b[32mPerformance: memory_heap_total = 885325824 bytes\u001b[39m","operation":"memory_heap_total","timestamp":"2026-05-30 15:15:10:1510","unit":"bytes"}
{"duration":1008488448,"level":"\u001b[32minfo\u001b[39m","message":"\u001b[32mPerformance: memory_rss = 1008488448 bytes\u001b[39m","operation":"memory_rss","timestamp":"2026-05-30 15:15:10:1510","unit":"bytes"}
{"duration":37523992,"level":"\u001b[32minfo\u001b[39m","message":"\u001b[32mPerformance: memory_external = 37523992 bytes\u001b[39m","operation":"memory_external","timestamp":"2026-05-30 15:15:10:1510","unit":"bytes"}
{"duration":139390739,"level":"\u001b[32minfo\u001b[39m","message":"\u001b[32mPerformance: cpu_user_time = 139390739 microseconds\u001b[39m","operation":"cpu_user_time","timestamp":"2026-05-30 15:15:10:1510","unit":"microseconds"}
{"duration":9805127,"level":"\u001b[32minfo\u001b[39m","message":"\u001b[32mPerformance: cpu_system_time = 9805127 microseconds\u001b[39m","operation":"cpu_system_time","timestamp":"2026-05-30 15:15:10:1510","unit":"microseconds"}
{"duration":1022.877558087,"level":"\u001b[32minfo\u001b[39m","message":"\u001b[32mPerformance: process_uptime = 1022.877558087 seconds\u001b[39m","operation":"process_uptime","timestamp":"2026-05-30 15:15:10:1510","unit":"seconds"}
{"duration":0.15161,"level":"\u001b[32minfo\u001b[39m","message":"\u001b[32mPerformance: event_loop_lag = 0.15161 milliseconds\u001b[39m","operation":"event_loop_lag","timestamp":"2026-05-30 15:15:10:1510","unit":"milliseconds"}
{"duration":644532672,"level":"\u001b[32minfo\u001b[39m","message":"\u001b[32mPerformance: memory_heap_used = 644532672 bytes\u001b[39m","operation":"memory_heap_used","timestamp":"2026-05-30 15:15:45:1545","unit":"bytes"}
{"duration":1019543552,"level":"\u001b[32minfo\u001b[39m","message":"\u001b[32mPerformance: memory_heap_total = 1019543552 bytes\u001b[39m","operation":"memory_heap_total","timestamp":"2026-05-30 15:15:45:1545","unit":"bytes"}
{"duration":1324122112,"level":"\u001b[32minfo\u001b[39m","message":"\u001b[32mPerformance: memory_rss = 1324122112 bytes\u001b[39m","operation":"memory_rss","timestamp":"2026-05-30 15:15:45:1545","unit":"bytes"}
{"duration":37413176,"level":"\u001b[32minfo\u001b[39m","message":"\u001b[32mPerformance: memory_external = 37413176 bytes\u001b[39m","operation":"memory_external","timestamp":"2026-05-30 15:15:45:1545","unit":"bytes"}
{"duration":156767864,"level":"\u001b[32minfo\u001b[39m","message":"\u001b[32mPerformance: cpu_user_time = 156767864 microseconds\u001b[39m","operation":"cpu_user_time","timestamp":"2026-05-30 15:15:45:1545","unit":"microseconds"}
{"duration":11000330,"level":"\u001b[32minfo\u001b[39m","message":"\u001b[32mPerformance: cpu_system_time = 11000330 microseconds\u001b[39m","operation":"cpu_system_time","timestamp":"2026-05-30 15:15:45:1545","unit":"microseconds"}
{"duration":1054.794326127,"level":"\u001b[32minfo\u001b[39m","message":"\u001b[32mPerformance: process_uptime = 1054.794326127 seconds\u001b[39m","operation":"process_uptime","timestamp":"2026-05-30 15:15:45:1545","unit":"seconds"}
{"duration":4.468078,"level":"\u001b[32minfo\u001b[39m","message":"\u001b[32mPerformance: event_loop_lag = 4.468078 milliseconds\u001b[39m","operation":"event_loop_lag","timestamp":"2026-05-30 15:15:45:1545","unit":"milliseconds"}
{"level":"\u001b[32minfo\u001b[39m","message":"\u001b[32m>>> [MASTERMIND] Resuming all active channels...\u001b[39m","timestamp":"2026-05-30 15:16:06:166"}
{"error":"16 UNAUTHENTICATED: Request had invalid authentication credentials. Expected OAuth 2 access token, login cookie or other valid authentication credential. See https://developers.google.com/identity/sign-in/web/devconsole-project.","level":"\u001b[31merror\u001b[39m","message":"\u001b[31mFirestore getCollection error [tenants] (Tenant: undefined):\u001b[39m","stack":"Error: 16 UNAUTHENTICATED: Request had invalid authentication credentials. Expected OAuth 2 access token, login cookie or other valid authentication credential. See https://developers.google.com/identity/sign-in/web/devconsole-project.\n    at callErrorFromStatus (/home/codedex/projects/DeXMart/node_modules/@grpc/grpc-js/src/call.ts:84:17)\n    at Object.onReceiveStatus (/home/codedex/projects/DeXMart/node_modules/@grpc/grpc-js/src/client.ts:612:51)\n    at Object.onReceiveStatus (/home/codedex/projects/DeXMart/node_modules/@grpc/grpc-js/src/client-interceptors.ts:424:48)\n    at /home/codedex/projects/DeXMart/node_modules/@grpc/grpc-js/src/resolving-call.ts:170:24\n    at processTicksAndRejections (node:internal/process/task_queues:85:11)\nfor call at\n    at ServiceClientImpl.makeServerStreamRequest (/home/codedex/projects/DeXMart/node_modules/@grpc/grpc-js/src/client.ts:595:42)\n    at ServiceClientImpl.<anonymous> (/home/codedex/projects/DeXMart/node_modules/@grpc/grpc-js/src/make-client.ts:189:15)\n    at /home/codedex/projects/DeXMart/node_modules/@google-cloud/firestore/build/src/v1/firestore_client.js:242:33\n    at /home/codedex/projects/DeXMart/node_modules/google-gax/src/streamingCalls/streamingApiCaller.ts:59:19\n    at /home/codedex/projects/DeXMart/node_modules/google-gax/src/normalCalls/timeout.ts:54:13\n    at Object.request (/home/codedex/projects/DeXMart/node_modules/google-gax/src/streamingCalls/streaming.ts:331:28)\n    at makeRequest (/home/codedex/projects/DeXMart/node_modules/retry-request/index.js:159:28)\n    at retryRequest (/home/codedex/projects/DeXMart/node_modules/retry-request/index.js:119:5)\n    at StreamProxy.setStream (/home/codedex/projects/DeXMart/node_modules/google-gax/src/streamingCalls/streaming.ts:322:29)\n    at StreamingApiCaller.call (/home/codedex/projects/DeXMart/node_modules/google-gax/src/streamingCalls/streamingApiCaller.ts:89:12)\n    at /home/codedex/projects/DeXMart/node_modules/google-gax/src/createApiCall.ts:157:26\nCaused by: Error: \n    at QueryUtil._getResponse (/home/codedex/projects/DeXMart/node_modules/@google-cloud/firestore/build/src/reference/query-util.js:44:23)\n    at CollectionReference._getResponse (/home/codedex/projects/DeXMart/node_modules/@google-cloud/firestore/build/src/reference/query.js:784:32)\n    at CollectionReference._get (/home/codedex/projects/DeXMart/node_modules/@google-cloud/firestore/build/src/reference/query.js:777:35)\n    at /home/codedex/projects/DeXMart/node_modules/@google-cloud/firestore/build/src/reference/query.js:745:43\n    at /home/codedex/projects/DeXMart/node_modules/@google-cloud/firestore/build/src/telemetry/enabled-trace-util.js:110:30\n    at NoopContextManager.with (/home/codedex/projects/DeXMart/node_modules/@opentelemetry/api/src/context/NoopContextManager.ts:20:15)\n    at ContextAPI.with (/home/codedex/projects/DeXMart/node_modules/@opentelemetry/api/src/api/context.ts:68:42)\n    at NoopTracer.startActiveSpan (/home/codedex/projects/DeXMart/node_modules/@opentelemetry/api/src/trace/NoopTracer.ts:87:27)\n    at ProxyTracer.startActiveSpan (/home/codedex/projects/DeXMart/node_modules/@opentelemetry/api/src/trace/ProxyTracer.ts:51:20)\n    at EnabledTraceUtil.startActiveSpan (/home/codedex/projects/DeXMart/node_modules/@google-cloud/firestore/build/src/telemetry/enabled-trace-util.js:102:28)\n    at CollectionReference.get (/home/codedex/projects/DeXMart/node_modules/@google-cloud/firestore/build/src/reference/query.js:744:43)\n    at FirebaseService.getCollection (file:///home/codedex/projects/DeXMart/src/persistence/firebase.ts:1:5169)\n    at MultiTenantService.listTenants (file:///home/codedex/projects/DeXMart/src/services/multiTenantService.ts:1:5759)\n    at ChannelService.resumeActiveChannels (file:///home/codedex/projects/DeXMart/src/services/ChannelService.ts:1:11070)\n    at processTicksAndRejections (node:internal/process/task_queues:104:5)","timestamp":"2026-05-30 15:16:07:167"}
{"error":"16 UNAUTHENTICATED: Request had invalid authentication credentials. Expected OAuth 2 access token, login cookie or other valid authentication credential. See https://developers.google.com/identity/sign-in/web/devconsole-project.","level":"\u001b[31merror\u001b[39m","message":"\u001b[31mMultiTenantService.listTenants error:\u001b[39m","stack":"Error: 16 UNAUTHENTICATED: Request had invalid authentication credentials. Expected OAuth 2 access token, login cookie or other valid authentication credential. See https://developers.google.com/identity/sign-in/web/devconsole-project.\n    at callErrorFromStatus (/home/codedex/projects/DeXMart/node_modules/@grpc/grpc-js/src/call.ts:84:17)\n    at Object.onReceiveStatus (/home/codedex/projects/DeXMart/node_modules/@grpc/grpc-js/src/client.ts:612:51)\n    at Object.onReceiveStatus (/home/codedex/projects/DeXMart/node_modules/@grpc/grpc-js/src/client-interceptors.ts:424:48)\n    at /home/codedex/projects/DeXMart/node_modules/@grpc/grpc-js/src/resolving-call.ts:170:24\n    at processTicksAndRejections (node:internal/process/task_queues:85:11)\nfor call at\n    at ServiceClientImpl.makeServerStreamRequest (/home/codedex/projects/DeXMart/node_modules/@grpc/grpc-js/src/client.ts:595:42)\n    at ServiceClientImpl.<anonymous> (/home/codedex/projects/DeXMart/node_modules/@grpc/grpc-js/src/make-client.ts:189:15)\n    at /home/codedex/projects/DeXMart/node_modules/@google-cloud/firestore/build/src/v1/firestore_client.js:242:33\n    at /home/codedex/projects/DeXMart/node_modules/google-gax/src/streamingCalls/streamingApiCaller.ts:59:19\n    at /home/codedex/projects/DeXMart/node_modules/google-gax/src/normalCalls/timeout.ts:54:13\n    at Object.request (/home/codedex/projects/DeXMart/node_modules/google-gax/src/streamingCalls/streaming.ts:331:28)\n    at makeRequest (/home/codedex/projects/DeXMart/node_modules/retry-request/index.js:159:28)\n    at retryRequest (/home/codedex/projects/DeXMart/node_modules/retry-request/index.js:119:5)\n    at StreamProxy.setStream (/home/codedex/projects/DeXMart/node_modules/google-gax/src/streamingCalls/streaming.ts:322:29)\n    at StreamingApiCaller.call (/home/codedex/projects/DeXMart/node_modules/google-gax/src/streamingCalls/streamingApiCaller.ts:89:12)\n    at /home/codedex/projects/DeXMart/node_modules/google-gax/src/createApiCall.ts:157:26\nCaused by: Error: \n    at QueryUtil._getResponse (/home/codedex/projects/DeXMart/node_modules/@google-cloud/firestore/build/src/reference/query-util.js:44:23)\n    at CollectionReference._getResponse (/home/codedex/projects/DeXMart/node_modules/@google-cloud/firestore/build/src/reference/query.js:784:32)\n    at CollectionReference._get (/home/codedex/projects/DeXMart/node_modules/@google-cloud/firestore/build/src/reference/query.js:777:35)\n    at /home/codedex/projects/DeXMart/node_modules/@google-cloud/firestore/build/src/reference/query.js:745:43\n    at /home/codedex/projects/DeXMart/node_modules/@google-cloud/firestore/build/src/telemetry/enabled-trace-util.js:110:30\n    at NoopContextManager.with (/home/codedex/projects/DeXMart/node_modules/@opentelemetry/api/src/context/NoopContextManager.ts:20:15)\n    at ContextAPI.with (/home/codedex/projects/DeXMart/node_modules/@opentelemetry/api/src/api/context.ts:68:42)\n    at NoopTracer.startActiveSpan (/home/codedex/projects/DeXMart/node_modules/@opentelemetry/api/src/trace/NoopTracer.ts:87:27)\n    at ProxyTracer.startActiveSpan (/home/codedex/projects/DeXMart/node_modules/@opentelemetry/api/src/trace/ProxyTracer.ts:51:20)\n    at EnabledTraceUtil.startActiveSpan (/home/codedex/projects/DeXMart/node_modules/@google-cloud/firestore/build/src/telemetry/enabled-trace-util.js:102:28)\n    at CollectionReference.get (/home/codedex/projects/DeXMart/node_modules/@google-cloud/firestore/build/src/reference/query.js:744:43)\n    at FirebaseService.getCollection (file:///home/codedex/projects/DeXMart/src/persistence/firebase.ts:1:5169)\n    at MultiTenantService.listTenants (file:///home/codedex/projects/DeXMart/src/services/multiTenantService.ts:1:5759)\n    at ChannelService.resumeActiveChannels (file:///home/codedex/projects/DeXMart/src/services/ChannelService.ts:1:11070)\n    at processTicksAndRejections (node:internal/process/task_queues:104:5)","timestamp":"2026-05-30 15:16:07:167"}
{"level":"\u001b[32minfo\u001b[39m","message":"\u001b[32m[ChannelService] Successfully queued 0 channels for resumption.\u001b[39m","timestamp":"2026-05-30 15:16:07:167"}
{"duration":662827712,"level":"\u001b[32minfo\u001b[39m","message":"\u001b[32mPerformance: memory_heap_used = 662827712 bytes\u001b[39m","operation":"memory_heap_used","timestamp":"2026-05-30 15:16:18:1618","unit":"bytes"}
{"duration":970133504,"level":"\u001b[32minfo\u001b[39m","message":"\u001b[32mPerformance: memory_heap_total = 970133504 bytes\u001b[39m","operation":"memory_heap_total","timestamp":"2026-05-30 15:16:18:1618","unit":"bytes"}
{"duration":1338269696,"level":"\u001b[32minfo\u001b[39m","message":"\u001b[32mPerformance: memory_rss = 1338269696 bytes\u001b[39m","operation":"memory_rss","timestamp":"2026-05-30 15:16:18:1618","unit":"bytes"}
{"duration":38508341,"level":"\u001b[32minfo\u001b[39m","message":"\u001b[32mPerformance: memory_external = 38508341 bytes\u001b[39m","operation":"memory_external","timestamp":"2026-05-30 15:16:18:1618","unit":"bytes"}
{"duration":169623836,"level":"\u001b[32minfo\u001b[39m","message":"\u001b[32mPerformance: cpu_user_time = 169623836 microseconds\u001b[39m","operation":"cpu_user_time","timestamp":"2026-05-30 15:16:18:1618","unit":"microseconds"}
{"duration":12858655,"level":"\u001b[32minfo\u001b[39m","message":"\u001b[32mPerformance: cpu_system_time = 12858655 microseconds\u001b[39m","operation":"cpu_system_time","timestamp":"2026-05-30 15:16:18:1618","unit":"microseconds"}
{"duration":1084.79544079,"level":"\u001b[32minfo\u001b[39m","message":"\u001b[32mPerformance: process_uptime = 1084.79544079 seconds\u001b[39m","operation":"process_uptime","timestamp":"2026-05-30 15:16:18:1618","unit":"seconds"}
{"duration":0.264988,"level":"\u001b[32minfo\u001b[39m","message":"\u001b[32mPerformance: event_loop_lag = 0.264988 milliseconds\u001b[39m","operation":"event_loop_lag","timestamp":"2026-05-30 15:16:18:1618","unit":"milliseconds"}
{"duration":665139064,"level":"\u001b[32minfo\u001b[39m","message":"\u001b[32mPerformance: memory_heap_used = 665139064 bytes\u001b[39m","operation":"memory_heap_used","timestamp":"2026-05-30 15:16:51:1651","unit":"bytes"}
{"duration":970133504,"level":"\u001b[32minfo\u001b[39m","message":"\u001b[32mPerformance: memory_heap_total = 970133504 bytes\u001b[39m","operation":"memory_heap_total","timestamp":"2026-05-30 15:16:51:1651","unit":"bytes"}
{"duration":1338269696,"level":"\u001b[32minfo\u001b[39m","message":"\u001b[32mPerformance: memory_rss = 1338269696 bytes\u001b[39m","operation":"memory_rss","timestamp":"2026-05-30 15:16:51:1651","unit":"bytes"}
{"duration":38604462,"level":"\u001b[32minfo\u001b[39m","message":"\u001b[32mPerformance: memory_external = 38604462 bytes\u001b[39m","operation":"memory_external","timestamp":"2026-05-30 15:16:51:1651","unit":"bytes"}
{"duration":169655674,"level":"\u001b[32minfo\u001b[39m","message":"\u001b[32mPerformance: cpu_user_time = 169655674 microseconds\u001b[39m","operation":"cpu_user_time","timestamp":"2026-05-30 15:16:51:1651","unit":"microseconds"}
{"duration":12881314,"level":"\u001b[32minfo\u001b[39m","message":"\u001b[32mPerformance: cpu_system_time = 12881314 microseconds\u001b[39m","operation":"cpu_system_time","timestamp":"2026-05-30 15:16:51:1651","unit":"microseconds"}
{"duration":1114.797823324,"level":"\u001b[32minfo\u001b[39m","message":"\u001b[32mPerformance: process_uptime = 1114.797823324 seconds\u001b[39m","operation":"process_uptime","timestamp":"2026-05-30 15:16:51:1651","unit":"seconds"}
{"duration":0.322279,"level":"\u001b[32minfo\u001b[39m","message":"\u001b[32mPerformance: event_loop_lag = 0.322279 milliseconds\u001b[39m","operation":"event_loop_lag","timestamp":"2026-05-30 15:16:51:1651","unit":"milliseconds"}
{"level":"\u001b[32minfo\u001b[39m","message":"\u001b[32m>>> [MASTERMIND] Resuming all active channels...\u001b[39m","timestamp":"2026-05-30 15:17:12:1712"}
{"error":"16 UNAUTHENTICATED: Request had invalid authentication credentials. Expected OAuth 2 access token, login cookie or other valid authentication credential. See https://developers.google.com/identity/sign-in/web/devconsole-project.","level":"\u001b[31merror\u001b[39m","message":"\u001b[31mFirestore getCollection error [tenants] (Tenant: undefined):\u001b[39m","stack":"Error: 16 UNAUTHENTICATED: Request had invalid authentication credentials. Expected OAuth 2 access token, login cookie or other valid authentication credential. See https://developers.google.com/identity/sign-in/web/devconsole-project.\n    at callErrorFromStatus (/home/codedex/projects/DeXMart/node_modules/@grpc/grpc-js/src/call.ts:84:17)\n    at Object.onReceiveStatus (/home/codedex/projects/DeXMart/node_modules/@grpc/grpc-js/src/client.ts:612:51)\n    at Object.onReceiveStatus (/home/codedex/projects/DeXMart/node_modules/@grpc/grpc-js/src/client-interceptors.ts:424:48)\n    at /home/codedex/projects/DeXMart/node_modules/@grpc/grpc-js/src/resolving-call.ts:170:24\n    at processTicksAndRejections (node:internal/process/task_queues:85:11)\nfor call at\n    at ServiceClientImpl.makeServerStreamRequest (/home/codedex/projects/DeXMart/node_modules/@grpc/grpc-js/src/client.ts:595:42)\n    at ServiceClientImpl.<anonymous> (/home/codedex/projects/DeXMart/node_modules/@grpc/grpc-js/src/make-client.ts:189:15)\n    at /home/codedex/projects/DeXMart/node_modules/@google-cloud/firestore/build/src/v1/firestore_client.js:242:33\n    at /home/codedex/projects/DeXMart/node_modules/google-gax/src/streamingCalls/streamingApiCaller.ts:59:19\n    at /home/codedex/projects/DeXMart/node_modules/google-gax/src/normalCalls/timeout.ts:54:13\n    at Object.request (/home/codedex/projects/DeXMart/node_modules/google-gax/src/streamingCalls/streaming.ts:331:28)\n    at makeRequest (/home/codedex/projects/DeXMart/node_modules/retry-request/index.js:159:28)\n    at retryRequest (/home/codedex/projects/DeXMart/node_modules/retry-request/index.js:119:5)\n    at StreamProxy.setStream (/home/codedex/projects/DeXMart/node_modules/google-gax/src/streamingCalls/streaming.ts:322:29)\n    at StreamingApiCaller.call (/home/codedex/projects/DeXMart/node_modules/google-gax/src/streamingCalls/streamingApiCaller.ts:89:12)\n    at /home/codedex/projects/DeXMart/node_modules/google-gax/src/createApiCall.ts:157:26\nCaused by: Error: \n    at QueryUtil._getResponse (/home/codedex/projects/DeXMart/node_modules/@google-cloud/firestore/build/src/reference/query-util.js:44:23)\n    at CollectionReference._getResponse (/home/codedex/projects/DeXMart/node_modules/@google-cloud/firestore/build/src/reference/query.js:784:32)\n    at CollectionReference._get (/home/codedex/projects/DeXMart/node_modules/@google-cloud/firestore/build/src/reference/query.js:777:35)\n    at /home/codedex/projects/DeXMart/node_modules/@google-cloud/firestore/build/src/reference/query.js:745:43\n    at /home/codedex/projects/DeXMart/node_modules/@google-cloud/firestore/build/src/telemetry/enabled-trace-util.js:110:30\n    at NoopContextManager.with (/home/codedex/projects/DeXMart/node_modules/@opentelemetry/api/src/context/NoopContextManager.ts:20:15)\n    at ContextAPI.with (/home/codedex/projects/DeXMart/node_modules/@opentelemetry/api/src/api/context.ts:68:42)\n    at NoopTracer.startActiveSpan (/home/codedex/projects/DeXMart/node_modules/@opentelemetry/api/src/trace/NoopTracer.ts:87:27)\n    at ProxyTracer.startActiveSpan (/home/codedex/projects/DeXMart/node_modules/@opentelemetry/api/src/trace/ProxyTracer.ts:51:20)\n    at EnabledTraceUtil.startActiveSpan (/home/codedex/projects/DeXMart/node_modules/@google-cloud/firestore/build/src/telemetry/enabled-trace-util.js:102:28)\n    at CollectionReference.get (/home/codedex/projects/DeXMart/node_modules/@google-cloud/firestore/build/src/reference/query.js:744:43)\n    at FirebaseService.getCollection (file:///home/codedex/projects/DeXMart/src/persistence/firebase.ts:1:5169)\n    at MultiTenantService.listTenants (file:///home/codedex/projects/DeXMart/src/services/multiTenantService.ts:1:5759)\n    at ChannelService.resumeActiveChannels (file:///home/codedex/projects/DeXMart/src/services/ChannelService.ts:1:11070)\n    at processTicksAndRejections (node:internal/process/task_queues:104:5)","timestamp":"2026-05-30 15:17:13:1713"}
{"error":"16 UNAUTHENTICATED: Request had invalid authentication credentials. Expected OAuth 2 access token, login cookie or other valid authentication credential. See https://developers.google.com/identity/sign-in/web/devconsole-project.","level":"\u001b[31merror\u001b[39m","message":"\u001b[31mMultiTenantService.listTenants error:\u001b[39m","stack":"Error: 16 UNAUTHENTICATED: Request had invalid authentication credentials. Expected OAuth 2 access token, login cookie or other valid authentication credential. See https://developers.google.com/identity/sign-in/web/devconsole-project.\n    at callErrorFromStatus (/home/codedex/projects/DeXMart/node_modules/@grpc/grpc-js/src/call.ts:84:17)\n    at Object.onReceiveStatus (/home/codedex/projects/DeXMart/node_modules/@grpc/grpc-js/src/client.ts:612:51)\n    at Object.onReceiveStatus (/home/codedex/projects/DeXMart/node_modules/@grpc/grpc-js/src/client-interceptors.ts:424:48)\n    at /home/codedex/projects/DeXMart/node_modules/@grpc/grpc-js/src/resolving-call.ts:170:24\n    at processTicksAndRejections (node:internal/process/task_queues:85:11)\nfor call at\n    at ServiceClientImpl.makeServerStreamRequest (/home/codedex/projects/DeXMart/node_modules/@grpc/grpc-js/src/client.ts:595:42)\n    at ServiceClientImpl.<anonymous> (/home/codedex/projects/DeXMart/node_modules/@grpc/grpc-js/src/make-client.ts:189:15)\n    at /home/codedex/projects/DeXMart/node_modules/@google-cloud/firestore/build/src/v1/firestore_client.js:242:33\n    at /home/codedex/projects/DeXMart/node_modules/google-gax/src/streamingCalls/streamingApiCaller.ts:59:19\n    at /home/codedex/projects/DeXMart/node_modules/google-gax/src/normalCalls/timeout.ts:54:13\n    at Object.request (/home/codedex/projects/DeXMart/node_modules/google-gax/src/streamingCalls/streaming.ts:331:28)\n    at makeRequest (/home/codedex/projects/DeXMart/node_modules/retry-request/index.js:159:28)\n    at retryRequest (/home/codedex/projects/DeXMart/node_modules/retry-request/index.js:119:5)\n    at StreamProxy.setStream (/home/codedex/projects/DeXMart/node_modules/google-gax/src/streamingCalls/streaming.ts:322:29)\n    at StreamingApiCaller.call (/home/codedex/projects/DeXMart/node_modules/google-gax/src/streamingCalls/streamingApiCaller.ts:89:12)\n    at /home/codedex/projects/DeXMart/node_modules/google-gax/src/createApiCall.ts:157:26\nCaused by: Error: \n    at QueryUtil._getResponse (/home/codedex/projects/DeXMart/node_modules/@google-cloud/firestore/build/src/reference/query-util.js:44:23)\n    at CollectionReference._getResponse (/home/codedex/projects/DeXMart/node_modules/@google-cloud/firestore/build/src/reference/query.js:784:32)\n    at CollectionReference._get (/home/codedex/projects/DeXMart/node_modules/@google-cloud/firestore/build/src/reference/query.js:777:35)\n    at /home/codedex/projects/DeXMart/node_modules/@google-cloud/firestore/build/src/reference/query.js:745:43\n    at /home/codedex/projects/DeXMart/node_modules/@google-cloud/firestore/build/src/telemetry/enabled-trace-util.js:110:30\n    at NoopContextManager.with (/home/codedex/projects/DeXMart/node_modules/@opentelemetry/api/src/context/NoopContextManager.ts:20:15)\n    at ContextAPI.with (/home/codedex/projects/DeXMart/node_modules/@opentelemetry/api/src/api/context.ts:68:42)\n    at NoopTracer.startActiveSpan (/home/codedex/projects/DeXMart/node_modules/@opentelemetry/api/src/trace/NoopTracer.ts:87:27)\n    at ProxyTracer.startActiveSpan (/home/codedex/projects/DeXMart/node_modules/@opentelemetry/api/src/trace/ProxyTracer.ts:51:20)\n    at EnabledTraceUtil.startActiveSpan (/home/codedex/projects/DeXMart/node_modules/@google-cloud/firestore/build/src/telemetry/enabled-trace-util.js:102:28)\n    at CollectionReference.get (/home/codedex/projects/DeXMart/node_modules/@google-cloud/firestore/build/src/reference/query.js:744:43)\n    at FirebaseService.getCollection (file:///home/codedex/projects/DeXMart/src/persistence/firebase.ts:1:5169)\n    at MultiTenantService.listTenants (file:///home/codedex/projects/DeXMart/src/services/multiTenantService.ts:1:5759)\n    at ChannelService.resumeActiveChannels (file:///home/codedex/projects/DeXMart/src/services/ChannelService.ts:1:11070)\n    at processTicksAndRejections (node:internal/process/task_queues:104:5)","timestamp":"2026-05-30 15:17:13:1713"}
{"level":"\u001b[32minfo\u001b[39m","message":"\u001b[32m[ChannelService] Successfully queued 0 channels for resumption.\u001b[39m","timestamp":"2026-05-30 15:17:13:1713"}
{"duration":667743352,"level":"\u001b[32minfo\u001b[39m","message":"\u001b[32mPerformance: memory_heap_used = 667743352 bytes\u001b[39m","operation":"memory_heap_used","timestamp":"2026-05-30 15:17:24:1724","unit":"bytes"}
{"duration":970133504,"level":"\u001b[32minfo\u001b[39m","message":"\u001b[32mPerformance: memory_heap_total = 970133504 bytes\u001b[39m","operation":"memory_heap_total","timestamp":"2026-05-30 15:17:24:1724","unit":"bytes"}
{"duration":1338269696,"level":"\u001b[32minfo\u001b[39m","message":"\u001b[32mPerformance: memory_rss = 1338269696 bytes\u001b[39m","operation":"memory_rss","timestamp":"2026-05-30 15:17:24:1724","unit":"bytes"}
{"duration":38667293,"level":"\u001b[32minfo\u001b[39m","message":"\u001b[32mPerformance: memory_external = 38667293 bytes\u001b[39m","operation":"memory_external","timestamp":"2026-05-30 15:17:24:1724","unit":"bytes"}
{"duration":169700210,"level":"\u001b[32minfo\u001b[39m","message":"\u001b[32mPerformance: cpu_user_time = 169700210 microseconds\u001b[39m","operation":"cpu_user_time","timestamp":"2026-05-30 15:17:24:1724","unit":"microseconds"}
{"duration":12911042,"level":"\u001b[32minfo\u001b[39m","message":"\u001b[32mPerformance: cpu_system_time = 12911042 microseconds\u001b[39m","operation":"cpu_system_time","timestamp":"2026-05-30 15:17:24:1724","unit":"microseconds"}
{"duration":1144.799373685,"level":"\u001b[32minfo\u001b[39m","message":"\u001b[32mPerformance: process_uptime = 1144.799373685 seconds\u001b[39m","operation":"process_uptime","timestamp":"2026-05-30 15:17:24:1724","unit":"seconds"}
{"duration":0.253912,"level":"\u001b[32minfo\u001b[39m","message":"\u001b[32mPerformance: event_loop_lag = 0.253912 milliseconds\u001b[39m","operation":"event_loop_lag","timestamp":"2026-05-30 15:17:24:1724","unit":"milliseconds"}
{"duration":669206368,"level":"\u001b[32minfo\u001b[39m","message":"\u001b[32mPerformance: memory_heap_used = 669206368 bytes\u001b[39m","operation":"memory_heap_used","timestamp":"2026-05-30 15:17:57:1757","unit":"bytes"}
{"duration":970133504,"level":"\u001b[32minfo\u001b[39m","message":"\u001b[32mPerformance: memory_heap_total = 970133504 bytes\u001b[39m","operation":"memory_heap_total","timestamp":"2026-05-30 15:17:57:1757","unit":"bytes"}
{"duration":1338269696,"level":"\u001b[32minfo\u001b[39m","message":"\u001b[32mPerformance: memory_rss = 1338269696 bytes\u001b[39m","operation":"memory_rss","timestamp":"2026-05-30 15:17:57:1757","unit":"bytes"}
{"duration":38703724,"level":"\u001b[32minfo\u001b[39m","message":"\u001b[32mPerformance: memory_external = 38703724 bytes\u001b[39m","operation":"memory_external","timestamp":"2026-05-30 15:17:57:1757","unit":"bytes"}
{"duration":169723937,"level":"\u001b[32minfo\u001b[39m","message":"\u001b[32mPerformance: cpu_user_time = 169723937 microseconds\u001b[39m","operation":"cpu_user_time","timestamp":"2026-05-30 15:17:57:1757","unit":"microseconds"}
{"duration":12937612,"level":"\u001b[32minfo\u001b[39m","message":"\u001b[32mPerformance: cpu_system_time = 12937612 microseconds\u001b[39m","operation":"cpu_system_time","timestamp":"2026-05-30 15:17:57:1757","unit":"microseconds"}
{"duration":1174.800331113,"level":"\u001b[32minfo\u001b[39m","message":"\u001b[32mPerformance: process_uptime = 1174.800331113 seconds\u001b[39m","operation":"process_uptime","timestamp":"2026-05-30 15:17:57:1757","unit":"seconds"}
{"duration":0.215118,"level":"\u001b[32minfo\u001b[39m","message":"\u001b[32mPerformance: event_loop_lag = 0.215118 milliseconds\u001b[39m","operation":"event_loop_lag","timestamp":"2026-05-30 15:17:57:1757","unit":"milliseconds"}
{"level":"\u001b[32minfo\u001b[39m","message":"\u001b[32m>>> [MASTERMIND] Resuming all active channels...\u001b[39m","timestamp":"2026-05-30 15:18:18:1818"}
{"error":"16 UNAUTHENTICATED: Request had invalid authentication credentials. Expected OAuth 2 access token, login cookie or other valid authentication credential. See https://developers.google.com/identity/sign-in/web/devconsole-project.","level":"\u001b[31merror\u001b[39m","message":"\u001b[31mFirestore getCollection error [tenants] (Tenant: undefined):\u001b[39m","stack":"Error: 16 UNAUTHENTICATED: Request had invalid authentication credentials. Expected OAuth 2 access token, login cookie or other valid authentication credential. See https://developers.google.com/identity/sign-in/web/devconsole-project.\n    at callErrorFromStatus (/home/codedex/projects/DeXMart/node_modules/@grpc/grpc-js/src/call.ts:84:17)\n    at Object.onReceiveStatus (/home/codedex/projects/DeXMart/node_modules/@grpc/grpc-js/src/client.ts:612:51)\n    at Object.onReceiveStatus (/home/codedex/projects/DeXMart/node_modules/@grpc/grpc-js/src/client-interceptors.ts:424:48)\n    at /home/codedex/projects/DeXMart/node_modules/@grpc/grpc-js/src/resolving-call.ts:170:24\n    at processTicksAndRejections (node:internal/process/task_queues:85:11)\nfor call at\n    at ServiceClientImpl.makeServerStreamRequest (/home/codedex/projects/DeXMart/node_modules/@grpc/grpc-js/src/client.ts:595:42)\n    at ServiceClientImpl.<anonymous> (/home/codedex/projects/DeXMart/node_modules/@grpc/grpc-js/src/make-client.ts:189:15)\n    at /home/codedex/projects/DeXMart/node_modules/@google-cloud/firestore/build/src/v1/firestore_client.js:242:33\n    at /home/codedex/projects/DeXMart/node_modules/google-gax/src/streamingCalls/streamingApiCaller.ts:59:19\n    at /home/codedex/projects/DeXMart/node_modules/google-gax/src/normalCalls/timeout.ts:54:13\n    at Object.request (/home/codedex/projects/DeXMart/node_modules/google-gax/src/streamingCalls/streaming.ts:331:28)\n    at makeRequest (/home/codedex/projects/DeXMart/node_modules/retry-request/index.js:159:28)\n    at retryRequest (/home/codedex/projects/DeXMart/node_modules/retry-request/index.js:119:5)\n    at StreamProxy.setStream (/home/codedex/projects/DeXMart/node_modules/google-gax/src/streamingCalls/streaming.ts:322:29)\n    at StreamingApiCaller.call (/home/codedex/projects/DeXMart/node_modules/google-gax/src/streamingCalls/streamingApiCaller.ts:89:12)\n    at /home/codedex/projects/DeXMart/node_modules/google-gax/src/createApiCall.ts:157:26\nCaused by: Error: \n    at QueryUtil._getResponse (/home/codedex/projects/DeXMart/node_modules/@google-cloud/firestore/build/src/reference/query-util.js:44:23)\n    at CollectionReference._getResponse (/home/codedex/projects/DeXMart/node_modules/@google-cloud/firestore/build/src/reference/query.js:784:32)\n    at CollectionReference._get (/home/codedex/projects/DeXMart/node_modules/@google-cloud/firestore/build/src/reference/query.js:777:35)\n    at /home/codedex/projects/DeXMart/node_modules/@google-cloud/firestore/build/src/reference/query.js:745:43\n    at /home/codedex/projects/DeXMart/node_modules/@google-cloud/firestore/build/src/telemetry/enabled-trace-util.js:110:30\n    at NoopContextManager.with (/home/codedex/projects/DeXMart/node_modules/@opentelemetry/api/src/context/NoopContextManager.ts:20:15)\n    at ContextAPI.with (/home/codedex/projects/DeXMart/node_modules/@opentelemetry/api/src/api/context.ts:68:42)\n    at NoopTracer.startActiveSpan (/home/codedex/projects/DeXMart/node_modules/@opentelemetry/api/src/trace/NoopTracer.ts:87:27)\n    at ProxyTracer.startActiveSpan (/home/codedex/projects/DeXMart/node_modules/@opentelemetry/api/src/trace/ProxyTracer.ts:51:20)\n    at EnabledTraceUtil.startActiveSpan (/home/codedex/projects/DeXMart/node_modules/@google-cloud/firestore/build/src/telemetry/enabled-trace-util.js:102:28)\n    at CollectionReference.get (/home/codedex/projects/DeXMart/node_modules/@google-cloud/firestore/build/src/reference/query.js:744:43)\n    at FirebaseService.getCollection (file:///home/codedex/projects/DeXMart/src/persistence/firebase.ts:1:5169)\n    at MultiTenantService.listTenants (file:///home/codedex/projects/DeXMart/src/services/multiTenantService.ts:1:5759)\n    at ChannelService.resumeActiveChannels (file:///home/codedex/projects/DeXMart/src/services/ChannelService.ts:1:11070)\n    at processTicksAndRejections (node:internal/process/task_queues:104:5)","timestamp":"2026-05-30 15:18:18:1818"}
{"error":"16 UNAUTHENTICATED: Request had invalid authentication credentials. Expected OAuth 2 access token, login cookie or other valid authentication credential. See https://developers.google.com/identity/sign-in/web/devconsole-project.","level":"\u001b[31merror\u001b[39m","message":"\u001b[31mMultiTenantService.listTenants error:\u001b[39m","stack":"Error: 16 UNAUTHENTICATED: Request had invalid authentication credentials. Expected OAuth 2 access token, login cookie or other valid authentication credential. See https://developers.google.com/identity/sign-in/web/devconsole-project.\n    at callErrorFromStatus (/home/codedex/projects/DeXMart/node_modules/@grpc/grpc-js/src/call.ts:84:17)\n    at Object.onReceiveStatus (/home/codedex/projects/DeXMart/node_modules/@grpc/grpc-js/src/client.ts:612:51)\n    at Object.onReceiveStatus (/home/codedex/projects/DeXMart/node_modules/@grpc/grpc-js/src/client-interceptors.ts:424:48)\n    at /home/codedex/projects/DeXMart/node_modules/@grpc/grpc-js/src/resolving-call.ts:170:24\n    at processTicksAndRejections (node:internal/process/task_queues:85:11)\nfor call at\n    at ServiceClientImpl.makeServerStreamRequest (/home/codedex/projects/DeXMart/node_modules/@grpc/grpc-js/src/client.ts:595:42)\n    at ServiceClientImpl.<anonymous> (/home/codedex/projects/DeXMart/node_modules/@grpc/grpc-js/src/make-client.ts:189:15)\n    at /home/codedex/projects/DeXMart/node_modules/@google-cloud/firestore/build/src/v1/firestore_client.js:242:33\n    at /home/codedex/projects/DeXMart/node_modules/google-gax/src/streamingCalls/streamingApiCaller.ts:59:19\n    at /home/codedex/projects/DeXMart/node_modules/google-gax/src/normalCalls/timeout.ts:54:13\n    at Object.request (/home/codedex/projects/DeXMart/node_modules/google-gax/src/streamingCalls/streaming.ts:331:28)\n    at makeRequest (/home/codedex/projects/DeXMart/node_modules/retry-request/index.js:159:28)\n    at retryRequest (/home/codedex/projects/DeXMart/node_modules/retry-request/index.js:119:5)\n    at StreamProxy.setStream (/home/codedex/projects/DeXMart/node_modules/google-gax/src/streamingCalls/streaming.ts:322:29)\n    at StreamingApiCaller.call (/home/codedex/projects/DeXMart/node_modules/google-gax/src/streamingCalls/streamingApiCaller.ts:89:12)\n    at /home/codedex/projects/DeXMart/node_modules/google-gax/src/createApiCall.ts:157:26\nCaused by: Error: \n    at QueryUtil._getResponse (/home/codedex/projects/DeXMart/node_modules/@google-cloud/firestore/build/src/reference/query-util.js:44:23)\n    at CollectionReference._getResponse (/home/codedex/projects/DeXMart/node_modules/@google-cloud/firestore/build/src/reference/query.js:784:32)\n    at CollectionReference._get (/home/codedex/projects/DeXMart/node_modules/@google-cloud/firestore/build/src/reference/query.js:777:35)\n    at /home/codedex/projects/DeXMart/node_modules/@google-cloud/firestore/build/src/reference/query.js:745:43\n    at /home/codedex/projects/DeXMart/node_modules/@google-cloud/firestore/build/src/telemetry/enabled-trace-util.js:110:30\n    at NoopContextManager.with (/home/codedex/projects/DeXMart/node_modules/@opentelemetry/api/src/context/NoopContextManager.ts:20:15)\n    at ContextAPI.with (/home/codedex/projects/DeXMart/node_modules/@opentelemetry/api/src/api/context.ts:68:42)\n    at NoopTracer.startActiveSpan (/home/codedex/projects/DeXMart/node_modules/@opentelemetry/api/src/trace/NoopTracer.ts:87:27)\n    at ProxyTracer.startActiveSpan (/home/codedex/projects/DeXMart/node_modules/@opentelemetry/api/src/trace/ProxyTracer.ts:51:20)\n    at EnabledTraceUtil.startActiveSpan (/home/codedex/projects/DeXMart/node_modules/@google-cloud/firestore/build/src/telemetry/enabled-trace-util.js:102:28)\n    at CollectionReference.get (/home/codedex/projects/DeXMart/node_modules/@google-cloud/firestore/build/src/reference/query.js:744:43)\n    at FirebaseService.getCollection (file:///home/codedex/projects/DeXMart/src/persistence/firebase.ts:1:5169)\n    at MultiTenantService.listTenants (file:///home/codedex/projects/DeXMart/src/services/multiTenantService.ts:1:5759)\n    at ChannelService.resumeActiveChannels (file:///home/codedex/projects/DeXMart/src/services/ChannelService.ts:1:11070)\n    at processTicksAndRejections (node:internal/process/task_queues:104:5)","timestamp":"2026-05-30 15:18:18:1818"}
{"level":"\u001b[32minfo\u001b[39m","message":"\u001b[32m[ChannelService] Successfully queued 0 channels for resumption.\u001b[39m","timestamp":"2026-05-30 15:18:18:1818"}
{"duration":671965304,"level":"\u001b[32minfo\u001b[39m","message":"\u001b[32mPerformance: memory_heap_used = 671965304 bytes\u001b[39m","operation":"memory_heap_used","timestamp":"2026-05-30 15:18:30:1830","unit":"bytes"}
{"duration":970133504,"level":"\u001b[32minfo\u001b[39m","message":"\u001b[32mPerformance: memory_heap_total = 970133504 bytes\u001b[39m","operation":"memory_heap_total","timestamp":"2026-05-30 15:18:30:1830","unit":"bytes"}
{"duration":1338269696,"level":"\u001b[32minfo\u001b[39m","message":"\u001b[32mPerformance: memory_rss = 1338269696 bytes\u001b[39m","operation":"memory_rss","timestamp":"2026-05-30 15:18:30:1830","unit":"bytes"}
{"duration":38766676,"level":"\u001b[32minfo\u001b[39m","message":"\u001b[32mPerformance: memory_external = 38766676 bytes\u001b[39m","operation":"memory_external","timestamp":"2026-05-30 15:18:30:1830","unit":"bytes"}
{"duration":169751875,"level":"\u001b[32minfo\u001b[39m","message":"\u001b[32mPerformance: cpu_user_time = 169751875 microseconds\u001b[39m","operation":"cpu_user_time","timestamp":"2026-05-30 15:18:30:1830","unit":"microseconds"}
{"duration":12968436,"level":"\u001b[32minfo\u001b[39m","message":"\u001b[32mPerformance: cpu_system_time = 12968436 microseconds\u001b[39m","operation":"cpu_system_time","timestamp":"2026-05-30 15:18:30:1830","unit":"microseconds"}
{"duration":1204.79988479,"level":"\u001b[32minfo\u001b[39m","message":"\u001b[32mPerformance: process_uptime = 1204.79988479 seconds\u001b[39m","operation":"process_uptime","timestamp":"2026-05-30 15:18:30:1830","unit":"seconds"}
{"duration":0.183699,"level":"\u001b[32minfo\u001b[39m","message":"\u001b[32mPerformance: event_loop_lag = 0.183699 milliseconds\u001b[39m","operation":"event_loop_lag","timestamp":"2026-05-30 15:18:30:1830","unit":"milliseconds"}
{"duration":673354112,"level":"\u001b[32minfo\u001b[39m","message":"\u001b[32mPerformance: memory_heap_used = 673354112 bytes\u001b[39m","operation":"memory_heap_used","timestamp":"2026-05-30 15:19:03:193","unit":"bytes"}
{"level":"\u001b[32minfo\u001b[39m","message":"\u001b[32m>>> [MASTERMIND] ABSOLUTE START OF MAIN.TS\u001b[39m","timestamp":"2026-05-30 15:30:10:3010"}
{"level":"\u001b[32minfo\u001b[39m","message":"\u001b[32m>>> [MASTERMIND] Starting main()\u001b[39m","timestamp":"2026-05-30 15:30:10:3010"}
{"level":"\u001b[32minfo\u001b[39m","message":"\u001b[32m🚀 Starting DeXMart...\u001b[39m","timestamp":"2026-05-30 15:30:10:3010"}
{"level":"\u001b[32minfo\u001b[39m","message":"\u001b[32m✅ Environment variables validated via Zod\u001b[39m","timestamp":"2026-05-30 15:30:11:3011"}
{"level":"\u001b[34mdebug\u001b[39m","message":"\u001b[34m🔐 JWT_SECRET loaded (64 chars)\u001b[39m","timestamp":"2026-05-30 15:30:11:3011"}
{"level":"\u001b[32minfo\u001b[39m","message":"\u001b[32m🔗 Constructed internal REDIS_URL from host and port configuration\u001b[39m","timestamp":"2026-05-30 15:30:11:3011"}
{"level":"\u001b[32minfo\u001b[39m","message":"\u001b[32m✅ Configuration validation passed\u001b[39m","timestamp":"2026-05-30 15:30:11:3011"}
{"level":"\u001b[32minfo\u001b[39m","message":"\u001b[32mConfigService initialized as wrapper for ConfigManager\u001b[39m","timestamp":"2026-05-30 15:30:11:3011"}
{"level":"\u001b[34mdebug\u001b[39m","message":"\u001b[34mPerformance monitoring started\u001b[39m","timestamp":"2026-05-30 15:30:11:3011"}
{"level":"\u001b[32minfo\u001b[39m","message":"\u001b[32mAnalytics service initialized\u001b[39m","timestamp":"2026-05-30 15:30:11:3011"}
{"level":"\u001b[32minfo\u001b[39m","message":"\u001b[32m>>> [MASTERMIND] initializeContext() called\u001b[39m","timestamp":"2026-05-30 15:30:11:3011"}
{"level":"\u001b[32minfo\u001b[39m","message":"\u001b[32m>>> [MASTERMIND] Starting fresh initialization\u001b[39m","timestamp":"2026-05-30 15:30:11:3011"}
{"level":"\u001b[32minfo\u001b[39m","message":"\u001b[32m>>> [MASTERMIND] Base context object built.\u001b[39m","timestamp":"2026-05-30 15:30:11:3011"}
{"level":"\u001b[32minfo\u001b[39m","message":"\u001b[32m🔧 Unified Command System initialized\u001b[39m","timestamp":"2026-05-30 15:30:11:3011"}
{"level":"\u001b[32minfo\u001b[39m","message":"\u001b[32mInitializing Command System and loading commands...\u001b[39m","timestamp":"2026-05-30 15:30:11:3011"}
{"level":"\u001b[32minfo\u001b[39m","message":"\u001b[32m🔄 Parallelizing command loading...\u001b[39m","timestamp":"2026-05-30 15:30:11:3011"}
{"level":"\u001b[32minfo\u001b[39m","message":"\u001b[32mBullMQ Queues initialized with unified Redis connection\u001b[39m","timestamp":"2026-05-30 15:30:12:3012"}
{"level":"\u001b[32minfo\u001b[39m","message":"\u001b[32m>>> [MASTERMIND] ABSOLUTE START OF MAIN.TS\u001b[39m","timestamp":"2026-05-30 15:30:11:3011"}
{"level":"\u001b[32minfo\u001b[39m","message":"\u001b[32m>>> [MASTERMIND] Starting main()\u001b[39m","timestamp":"2026-05-30 15:30:11:3011"}
{"level":"\u001b[32minfo\u001b[39m","message":"\u001b[32m🚀 Starting DeXMart...\u001b[39m","timestamp":"2026-05-30 15:30:11:3011"}
{"level":"\u001b[32minfo\u001b[39m","message":"\u001b[32m✅ Environment variables validated via Zod\u001b[39m","timestamp":"2026-05-30 15:30:12:3012"}
{"level":"\u001b[34mdebug\u001b[39m","message":"\u001b[34m🔐 JWT_SECRET loaded (64 chars)\u001b[39m","timestamp":"2026-05-30 15:30:12:3012"}
{"level":"\u001b[32minfo\u001b[39m","message":"\u001b[32m🔗 Constructed internal REDIS_URL from host and port configuration\u001b[39m","timestamp":"2026-05-30 15:30:12:3012"}
{"level":"\u001b[32minfo\u001b[39m","message":"\u001b[32m✅ Configuration validation passed\u001b[39m","timestamp":"2026-05-30 15:30:12:3012"}
{"level":"\u001b[32minfo\u001b[39m","message":"\u001b[32mConfigService initialized as wrapper for ConfigManager\u001b[39m","timestamp":"2026-05-30 15:30:12:3012"}
{"level":"\u001b[34mdebug\u001b[39m","message":"\u001b[34mPerformance monitoring started\u001b[39m","timestamp":"2026-05-30 15:30:12:3012"}
{"level":"\u001b[32minfo\u001b[39m","message":"\u001b[32mAnalytics service initialized\u001b[39m","timestamp":"2026-05-30 15:30:12:3012"}
{"level":"\u001b[32minfo\u001b[39m","message":"\u001b[32m>>> [MASTERMIND] initializeContext() called\u001b[39m","timestamp":"2026-05-30 15:30:12:3012"}
{"level":"\u001b[32minfo\u001b[39m","message":"\u001b[32m>>> [MASTERMIND] Starting fresh initialization\u001b[39m","timestamp":"2026-05-30 15:30:12:3012"}
{"level":"\u001b[32minfo\u001b[39m","message":"\u001b[32m>>> [MASTERMIND] Base context object built.\u001b[39m","timestamp":"2026-05-30 15:30:12:3012"}
{"level":"\u001b[32minfo\u001b[39m","message":"\u001b[32m🔧 Unified Command System initialized\u001b[39m","timestamp":"2026-05-30 15:30:12:3012"}
{"level":"\u001b[32minfo\u001b[39m","message":"\u001b[32mInitializing Command System and loading commands...\u001b[39m","timestamp":"2026-05-30 15:30:12:3012"}
{"level":"\u001b[32minfo\u001b[39m","message":"\u001b[32m🔄 Parallelizing command loading...\u001b[39m","timestamp":"2026-05-30 15:30:12:3012"}
{"level":"\u001b[32minfo\u001b[39m","message":"\u001b[32mBullMQ Queues initialized with unified Redis connection\u001b[39m","timestamp":"2026-05-30 15:30:13:3013"}
{"level":"\u001b[32minfo\u001b[39m","message":"\u001b[32m🎉 High-Speed Load Complete: 93 commands in 664ms\u001b[39m","timestamp":"2026-05-30 15:30:12:3012"}
{"level":"\u001b[32minfo\u001b[39m","message":"\u001b[32m>>> [MASTERMIND] Command loading finished. Getting mock bot...\u001b[39m","timestamp":"2026-05-30 15:30:12:3012"}
{"level":"\u001b[32minfo\u001b[39m","message":"\u001b[32m✅ Global Context initialized successfully\u001b[39m","timestamp":"2026-05-30 15:30:12:3012"}
{"level":"\u001b[32minfo\u001b[39m","message":"\u001b[32m>>> [MASTERMIND] Global Context initialized successfully\u001b[39m","timestamp":"2026-05-30 15:30:12:3012"}
{"level":"\u001b[32minfo\u001b[39m","message":"\u001b[32m>>> [MASTERMIND] Global Context initialized.\u001b[39m","timestamp":"2026-05-30 15:30:12:3012"}
{"level":"\u001b[34mdebug\u001b[39m","message":"\u001b[34mConfigService: Setting config key \"agents.defaults.credentialPrecedence\"\u001b[39m","timestamp":"2026-05-30 15:30:12:3012"}
{"level":"\u001b[32minfo\u001b[39m","message":"\u001b[32m>>> [MASTERMIND] Validating environment variables...\u001b[39m","timestamp":"2026-05-30 15:30:12:3012"}
{"level":"\u001b[32minfo\u001b[39m","message":"\u001b[32m🔍 Validating environment variables...\u001b[39m","timestamp":"2026-05-30 15:30:12:3012"}
{"level":"\u001b[32minfo\u001b[39m","message":"\u001b[32m✅ FIREBASE_SERVICE_ACCOUNT_PATH: service-account.json\u001b[39m","timestamp":"2026-05-30 15:30:12:3012"}
{"level":"\u001b[32minfo\u001b[39m","message":"\u001b[32m✅ FIREBASE_PROJECT_ID: dexmart\u001b[39m","timestamp":"2026-05-30 15:30:12:3012"}
{"level":"\u001b[32minfo\u001b[39m","message":"\u001b[32m✅ GOOGLE_GEMINI_API_KEY: ***[REDACTED]***\u001b[39m","timestamp":"2026-05-30 15:30:12:3012"}
{"level":"\u001b[32minfo\u001b[39m","message":"\u001b[32m✅ PORT: 3001\u001b[39m","timestamp":"2026-05-30 15:30:12:3012"}
{"level":"\u001b[32minfo\u001b[39m","message":"\u001b[32m✅ NODE_ENV: development\u001b[39m","timestamp":"2026-05-30 15:30:12:3012"}
{"level":"\u001b[32minfo\u001b[39m","message":"\u001b[32m✅ JWT_SECRET: ***[REDACTED]***\u001b[39m","timestamp":"2026-05-30 15:30:12:3012"}
{"level":"\u001b[32minfo\u001b[39m","message":"\u001b[32m✅ RATE_LIMIT_AI_REQ: 10\u001b[39m","timestamp":"2026-05-30 15:30:12:3012"}
{"level":"\u001b[32minfo\u001b[39m","message":"\u001b[32m✅ USE_BAILEYS_DIRECT: false\u001b[39m","timestamp":"2026-05-30 15:30:12:3012"}
{"level":"\u001b[32minfo\u001b[39m","message":"\u001b[32m✅ Environment validation passed!\u001b[39m","timestamp":"2026-05-30 15:30:12:3012"}
{"level":"\u001b[32minfo\u001b[39m","message":"\u001b[32m>>> [MASTERMIND] Environment validation passed.\u001b[39m","timestamp":"2026-05-30 15:30:12:3012"}
{"level":"\u001b[32minfo\u001b[39m","message":"\u001b[32m>>> [MASTERMIND] Initializing Job Registry...\u001b[39m","timestamp":"2026-05-30 15:30:12:3012"}
{"level":"\u001b[32minfo\u001b[39m","message":"\u001b[32mBullMQ Job Queue Service initialized\u001b[39m","timestamp":"2026-05-30 15:30:12:3012"}
{"level":"\u001b[32minfo\u001b[39m","message":"\u001b[32m[ApiKeyManager] Initialized Universal Manager with 12 keys (Semantic Cache Enabled)\u001b[39m","timestamp":"2026-05-30 15:30:12:3012"}
{"level":"\u001b[32minfo\u001b[39m","message":"\u001b[32mAIUtilityService initialized with 12 API keys (12 healthy)\u001b[39m","timestamp":"2026-05-30 15:30:12:3012"}
{"level":"\u001b[32minfo\u001b[39m","message":"\u001b[32mInitializing job queues...\u001b[39m","timestamp":"2026-05-30 15:30:12:3012"}
{"level":"\u001b[32minfo\u001b[39m","message":"\u001b[32mQueue 'ai-processing' created successfully\u001b[39m","timestamp":"2026-05-30 15:30:12:3012"}
{"level":"\u001b[32minfo\u001b[39m","message":"\u001b[32mQueue 'media-processing' created successfully\u001b[39m","timestamp":"2026-05-30 15:30:12:3012"}
{"level":"\u001b[32minfo\u001b[39m","message":"\u001b[32mQueue 'notification' created successfully\u001b[39m","timestamp":"2026-05-30 15:30:12:3012"}
{"level":"\u001b[32minfo\u001b[39m","message":"\u001b[32mQueue 'analytics' created successfully\u001b[39m","timestamp":"2026-05-30 15:30:12:3012"}
{"level":"\u001b[32minfo\u001b[39m","message":"\u001b[32mQueue 'cleanup' created successfully\u001b[39m","timestamp":"2026-05-30 15:30:12:3012"}
{"level":"\u001b[32minfo\u001b[39m","message":"\u001b[32mQueue 'whatsapp-outbound' created successfully\u001b[39m","timestamp":"2026-05-30 15:30:12:3012"}
{"level":"\u001b[32minfo\u001b[39m","message":"\u001b[32mQueue 'group-sync' created successfully\u001b[39m","timestamp":"2026-05-30 15:30:12:3012"}
{"level":"\u001b[32minfo\u001b[39m","message":"\u001b[32mAll job queues initialized successfully\u001b[39m","timestamp":"2026-05-30 15:30:12:3012"}
{"level":"\u001b[32minfo\u001b[39m","message":"\u001b[32mRegistering job processors...\u001b[39m","timestamp":"2026-05-30 15:30:12:3012"}
{"level":"\u001b[32minfo\u001b[39m","message":"\u001b[32mRegistered BullMQ worker for queue 'ai-processing'\u001b[39m","timestamp":"2026-05-30 15:30:12:3012"}
{"level":"\u001b[32minfo\u001b[39m","message":"\u001b[32mRegistered BullMQ worker for queue 'media-processing'\u001b[39m","timestamp":"2026-05-30 15:30:12:3012"}
{"level":"\u001b[32minfo\u001b[39m","message":"\u001b[32mStatsAggregatorJob initialized\u001b[39m","timestamp":"2026-05-30 15:30:12:3012"}
{"level":"\u001b[32minfo\u001b[39m","message":"\u001b[32mInitializing WhatsApp Outbound Worker (Anti-Ban enabled)...\u001b[39m","timestamp":"2026-05-30 15:30:12:3012"}
{"level":"\u001b[32minfo\u001b[39m","message":"\u001b[32mRegistered BullMQ worker for queue 'whatsapp-outbound'\u001b[39m","timestamp":"2026-05-30 15:30:12:3012"}
{"level":"\u001b[32minfo\u001b[39m","message":"\u001b[32m[GroupSyncWorker] Initializing Group Sync Worker...\u001b[39m","timestamp":"2026-05-30 15:30:12:3012"}
{"level":"\u001b[32minfo\u001b[39m","message":"\u001b[32mRegistered BullMQ worker for queue 'group-sync'\u001b[39m","timestamp":"2026-05-30 15:30:12:3012"}
{"level":"\u001b[32minfo\u001b[39m","message":"\u001b[32m[GroupSyncWorker] Group Sync Worker registered and listening\u001b[39m","timestamp":"2026-05-30 15:30:12:3012"}
{"level":"\u001b[32minfo\u001b[39m","message":"\u001b[32mInitializing Anti-Ban Resume Worker (Interval: 20000ms)...\u001b[39m","timestamp":"2026-05-30 15:30:12:3012"}
{"level":"\u001b[32minfo\u001b[39m","message":"\u001b[32mAll job processors registered successfully\u001b[39m","timestamp":"2026-05-30 15:30:12:3012"}
{"level":"\u001b[32minfo\u001b[39m","message":"\u001b[32m>>> [MASTERMIND] Initializing Campaign Worker...\u001b[39m","timestamp":"2026-05-30 15:30:12:3012"}
{"level":"\u001b[32minfo\u001b[39m","message":"\u001b[32mCampaignWorker initialized with Omnichannel Adapter + Anti-Ban Engine\u001b[39m","timestamp":"2026-05-30 15:30:12:3012"}
{"level":"\u001b[32minfo\u001b[39m","message":"\u001b[32m>>> [MASTERMIND] Campaign Worker call finished.\u001b[39m","timestamp":"2026-05-30 15:30:12:3012"}
{"level":"\u001b[32minfo\u001b[39m","message":"\u001b[32mQueueService initialized: campaigns\u001b[39m","timestamp":"2026-05-30 15:30:12:3012"}
{"level":"\u001b[32minfo\u001b[39m","message":"\u001b[32m>>> [MASTERMIND] USE_SERVER is true. Initializing MultiTenantApp...\u001b[39m","timestamp":"2026-05-30 15:30:13:3013"}
{"level":"\u001b[32minfo\u001b[39m","message":"\u001b[32mInitializing Multi-tenant DeXMart SaaS Platform...\u001b[39m","timestamp":"2026-05-30 15:30:13:3013"}
{"level":"\u001b[32minfo\u001b[39m","message":"\u001b[32m>>> [MASTERMIND] Setting up server middleware...\u001b[39m","timestamp":"2026-05-30 15:30:13:3013"}
{"level":"\u001b[32minfo\u001b[39m","message":"\u001b[32m>>> [MASTERMIND] Setting up server routes...\u001b[39m","timestamp":"2026-05-30 15:30:13:3013"}
{"level":"\u001b[32minfo\u001b[39m","message":"\u001b[32m>>> [MASTERMIND] Initializing Analytics Service...\u001b[39m","timestamp":"2026-05-30 15:30:13:3013"}
{"level":"\u001b[32minfo\u001b[39m","message":"\u001b[32mWebSocket server started on port 3002\u001b[39m","timestamp":"2026-05-30 15:30:13:3013"}
{"level":"\u001b[32minfo\u001b[39m","message":"\u001b[32m>>> [MASTERMIND] Enterprise Analytics Gateway online at port 3002\u001b[39m","timestamp":"2026-05-30 15:30:13:3013"}
{"level":"\u001b[32minfo\u001b[39m","message":"\u001b[32m>>> [MASTERMIND] Initializing Unified WebSockets...\u001b[39m","timestamp":"2026-05-30 15:30:13:3013"}
{"level":"\u001b[32minfo\u001b[39m","message":"\u001b[32mUnified Socket Service initialized\u001b[39m","timestamp":"2026-05-30 15:30:13:3013"}
{"level":"\u001b[32minfo\u001b[39m","message":"\u001b[32m>>> [MASTERMIND] Initializing additional services...\u001b[39m","timestamp":"2026-05-30 15:30:13:3013"}
{"level":"\u001b[32minfo\u001b[39m","message":"\u001b[32m>>> [MASTERMIND] Starting active tenant bots...\u001b[39m","timestamp":"2026-05-30 15:30:13:3013"}
{"level":"\u001b[32minfo\u001b[39m","message":"\u001b[32mStarting active tenant channels...\u001b[39m","timestamp":"2026-05-30 15:30:13:3013"}
{"level":"\u001b[32minfo\u001b[39m","message":"\u001b[32m>>> [MASTERMIND] Resuming all active channels...\u001b[39m","timestamp":"2026-05-30 15:30:13:3013"}
{"level":"\u001b[32minfo\u001b[39m","message":"\u001b[32mFirebase Config: path=service-account.json, projectId=dexmart, hasEmail=false, hasKey=false\u001b[39m","timestamp":"2026-05-30 15:30:13:3013"}
{"level":"\u001b[32minfo\u001b[39m","message":"\u001b[32mLoading service account from: service-account.json\u001b[39m","timestamp":"2026-05-30 15:30:13:3013"}
{"level":"\u001b[32minfo\u001b[39m","message":"\u001b[32mUsing service account for project: dexmart\u001b[39m","timestamp":"2026-05-30 15:30:13:3013"}
{"level":"\u001b[32minfo\u001b[39m","message":"\u001b[32mInitializing Firebase Admin...\u001b[39m","timestamp":"2026-05-30 15:30:13:3013"}
{"level":"\u001b[32minfo\u001b[39m","message":"\u001b[32m🔥 Firebase Admin Initialized (Project: dexmart)\u001b[39m","timestamp":"2026-05-30 15:30:13:3013"}
{"level":"\u001b[32minfo\u001b[39m","message":"\u001b[32m✅ Redis connected successfully\u001b[39m","timestamp":"2026-05-30 15:30:13:3013"}
{"level":"\u001b[32minfo\u001b[39m","message":"\u001b[32m✅ Redis Connected - Switching to distributed cache\u001b[39m","timestamp":"2026-05-30 15:30:13:3013"}
{"level":"\u001b[34mdebug\u001b[39m","message":"\u001b[34mMedia processing directories ensured\u001b[39m","timestamp":"2026-05-30 15:30:13:3013"}
{"error":"16 UNAUTHENTICATED: Request had invalid authentication credentials. Expected OAuth 2 access token, login cookie or other valid authentication credential. See https://developers.google.com/identity/sign-in/web/devconsole-project.","level":"\u001b[31merror\u001b[39m","message":"\u001b[31mFirestore getCollection error [tenants] (Tenant: undefined):\u001b[39m","stack":"Error: 16 UNAUTHENTICATED: Request had invalid authentication credentials. Expected OAuth 2 access token, login cookie or other valid authentication credential. See https://developers.google.com/identity/sign-in/web/devconsole-project.\n    at callErrorFromStatus (/home/codedex/projects/DeXMart/node_modules/@grpc/grpc-js/src/call.ts:84:17)\n    at Object.onReceiveStatus (/home/codedex/projects/DeXMart/node_modules/@grpc/grpc-js/src/client.ts:612:51)\n    at Object.onReceiveStatus (/home/codedex/projects/DeXMart/node_modules/@grpc/grpc-js/src/client-interceptors.ts:424:48)\n    at <anonymous> (/home/codedex/projects/DeXMart/node_modules/@grpc/grpc-js/src/resolving-call.ts:170:24)\n    at process.processTicksAndRejections (node:internal/process/task_queues:85:11)\nfor call at\n    at ServiceClientImpl.makeServerStreamRequest (/home/codedex/projects/DeXMart/node_modules/@grpc/grpc-js/src/client.ts:595:42)\n    at ServiceClientImpl.<anonymous> (/home/codedex/projects/DeXMart/node_modules/@grpc/grpc-js/src/make-client.ts:189:15)\n    at /home/codedex/projects/DeXMart/node_modules/@google-cloud/firestore/build/src/v1/firestore_client.js:242:33\n    at <anonymous> (/home/codedex/projects/DeXMart/node_modules/google-gax/src/streamingCalls/streamingApiCaller.ts:59:19)\n    at <anonymous> (/home/codedex/projects/DeXMart/node_modules/google-gax/src/normalCalls/timeout.ts:54:13)\n    at Object.request (/home/codedex/projects/DeXMart/node_modules/google-gax/src/streamingCalls/streaming.ts:331:28)\n    at makeRequest (/home/codedex/projects/DeXMart/node_modules/retry-request/index.js:159:28)\n    at retryRequest (/home/codedex/projects/DeXMart/node_modules/retry-request/index.js:119:5)\n    at StreamProxy.setStream (/home/codedex/projects/DeXMart/node_modules/google-gax/src/streamingCalls/streaming.ts:322:29)\n    at StreamingApiCaller.call (/home/codedex/projects/DeXMart/node_modules/google-gax/src/streamingCalls/streamingApiCaller.ts:89:12)\nCaused by: Error\n    at QueryUtil._getResponse (/home/codedex/projects/DeXMart/node_modules/@google-cloud/firestore/build/src/reference/query-util.js:44:23)\n    at CollectionReference._getResponse (/home/codedex/projects/DeXMart/node_modules/@google-cloud/firestore/build/src/reference/query.js:784:32)\n    at CollectionReference._get (/home/codedex/projects/DeXMart/node_modules/@google-cloud/firestore/build/src/reference/query.js:777:35)\n    at /home/codedex/projects/DeXMart/node_modules/@google-cloud/firestore/build/src/reference/query.js:745:43\n    at /home/codedex/projects/DeXMart/node_modules/@google-cloud/firestore/build/src/telemetry/enabled-trace-util.js:110:30\n    at NoopContextManager.with (/home/codedex/projects/DeXMart/node_modules/@opentelemetry/api/src/context/NoopContextManager.ts:20:15)\n    at ContextAPI.with (/home/codedex/projects/DeXMart/node_modules/@opentelemetry/api/src/api/context.ts:68:42)\n    at NoopTracer.startActiveSpan (/home/codedex/projects/DeXMart/node_modules/@opentelemetry/api/src/trace/NoopTracer.ts:87:27)\n    at ProxyTracer.startActiveSpan (/home/codedex/projects/DeXMart/node_modules/@opentelemetry/api/src/trace/ProxyTracer.ts:51:20)\n    at EnabledTraceUtil.startActiveSpan (/home/codedex/projects/DeXMart/node_modules/@google-cloud/firestore/build/src/telemetry/enabled-trace-util.js:102:28)","timestamp":"2026-05-30 15:30:14:3014"}
{"error":"16 UNAUTHENTICATED: Request had invalid authentication credentials. Expected OAuth 2 access token, login cookie or other valid authentication credential. See https://developers.google.com/identity/sign-in/web/devconsole-project.","level":"\u001b[31merror\u001b[39m","message":"\u001b[31mMultiTenantService.listTenants error:\u001b[39m","stack":"Error: 16 UNAUTHENTICATED: Request had invalid authentication credentials. Expected OAuth 2 access token, login cookie or other valid authentication credential. See https://developers.google.com/identity/sign-in/web/devconsole-project.\n    at callErrorFromStatus (/home/codedex/projects/DeXMart/node_modules/@grpc/grpc-js/src/call.ts:84:17)\n    at Object.onReceiveStatus (/home/codedex/projects/DeXMart/node_modules/@grpc/grpc-js/src/client.ts:612:51)\n    at Object.onReceiveStatus (/home/codedex/projects/DeXMart/node_modules/@grpc/grpc-js/src/client-interceptors.ts:424:48)\n    at <anonymous> (/home/codedex/projects/DeXMart/node_modules/@grpc/grpc-js/src/resolving-call.ts:170:24)\n    at process.processTicksAndRejections (node:internal/process/task_queues:85:11)\nfor call at\n    at ServiceClientImpl.makeServerStreamRequest (/home/codedex/projects/DeXMart/node_modules/@grpc/grpc-js/src/client.ts:595:42)\n    at ServiceClientImpl.<anonymous> (/home/codedex/projects/DeXMart/node_modules/@grpc/grpc-js/src/make-client.ts:189:15)\n    at /home/codedex/projects/DeXMart/node_modules/@google-cloud/firestore/build/src/v1/firestore_client.js:242:33\n    at <anonymous> (/home/codedex/projects/DeXMart/node_modules/google-gax/src/streamingCalls/streamingApiCaller.ts:59:19)\n    at <anonymous> (/home/codedex/projects/DeXMart/node_modules/google-gax/src/normalCalls/timeout.ts:54:13)\n    at Object.request (/home/codedex/projects/DeXMart/node_modules/google-gax/src/streamingCalls/streaming.ts:331:28)\n    at makeRequest (/home/codedex/projects/DeXMart/node_modules/retry-request/index.js:159:28)\n    at retryRequest (/home/codedex/projects/DeXMart/node_modules/retry-request/index.js:119:5)\n    at StreamProxy.setStream (/home/codedex/projects/DeXMart/node_modules/google-gax/src/streamingCalls/streaming.ts:322:29)\n    at StreamingApiCaller.call (/home/codedex/projects/DeXMart/node_modules/google-gax/src/streamingCalls/streamingApiCaller.ts:89:12)\nCaused by: Error\n    at QueryUtil._getResponse (/home/codedex/projects/DeXMart/node_modules/@google-cloud/firestore/build/src/reference/query-util.js:44:23)\n    at CollectionReference._getResponse (/home/codedex/projects/DeXMart/node_modules/@google-cloud/firestore/build/src/reference/query.js:784:32)\n    at CollectionReference._get (/home/codedex/projects/DeXMart/node_modules/@google-cloud/firestore/build/src/reference/query.js:777:35)\n    at /home/codedex/projects/DeXMart/node_modules/@google-cloud/firestore/build/src/reference/query.js:745:43\n    at /home/codedex/projects/DeXMart/node_modules/@google-cloud/firestore/build/src/telemetry/enabled-trace-util.js:110:30\n    at NoopContextManager.with (/home/codedex/projects/DeXMart/node_modules/@opentelemetry/api/src/context/NoopContextManager.ts:20:15)\n    at ContextAPI.with (/home/codedex/projects/DeXMart/node_modules/@opentelemetry/api/src/api/context.ts:68:42)\n    at NoopTracer.startActiveSpan (/home/codedex/projects/DeXMart/node_modules/@opentelemetry/api/src/trace/NoopTracer.ts:87:27)\n    at ProxyTracer.startActiveSpan (/home/codedex/projects/DeXMart/node_modules/@opentelemetry/api/src/trace/ProxyTracer.ts:51:20)\n    at EnabledTraceUtil.startActiveSpan (/home/codedex/projects/DeXMart/node_modules/@google-cloud/firestore/build/src/telemetry/enabled-trace-util.js:102:28)","timestamp":"2026-05-30 15:30:14:3014"}
{"level":"\u001b[32minfo\u001b[39m","message":"\u001b[32m[ChannelService] Successfully queued 0 channels for resumption.\u001b[39m","timestamp":"2026-05-30 15:30:14:3014"}
{"level":"\u001b[32minfo\u001b[39m","message":"\u001b[32mMulti-tenant app initialized successfully\u001b[39m","timestamp":"2026-05-30 15:30:14:3014"}
{"level":"\u001b[32minfo\u001b[39m","message":"\u001b[32m>>> [MASTERMIND] MultiTenantApp initialized.\u001b[39m","timestamp":"2026-05-30 15:30:14:3014"}
{"level":"\u001b[32minfo\u001b[39m","message":"\u001b[32m>>> [MASTERMIND] Attempting to listen on port 3001...\u001b[39m","timestamp":"2026-05-30 15:30:14:3014"}
{"level":"\u001b[32minfo\u001b[39m","message":"\u001b[32m>>> [MASTERMIND] MultiTenantApp started.\u001b[39m","timestamp":"2026-05-30 15:30:14:3014"}
{"level":"\u001b[32minfo\u001b[39m","message":"\u001b[32m>>> [MASTERMIND] Starting OpenClaw Gateway Server...\u001b[39m","timestamp":"2026-05-30 15:30:14:3014"}
{"level":"\u001b[32minfo\u001b[39m","message":"\u001b[32m>>> [MASTERMIND] Multi-tenant DeXMart server running on port 3001\u001b[39m","timestamp":"2026-05-30 15:30:17:3017"}
{"level":"\u001b[32minfo\u001b[39m","message":"\u001b[32m>>> [MASTERMIND] ABSOLUTE START OF MAIN.TS\u001b[39m","timestamp":"2026-05-30 15:31:18:3118"}
{"level":"\u001b[32minfo\u001b[39m","message":"\u001b[32m>>> [MASTERMIND] Starting main()\u001b[39m","timestamp":"2026-05-30 15:31:18:3118"}
{"level":"\u001b[32minfo\u001b[39m","message":"\u001b[32m🚀 Starting DeXMart...\u001b[39m","timestamp":"2026-05-30 15:31:18:3118"}
{"level":"\u001b[32minfo\u001b[39m","message":"\u001b[32m✅ Environment variables validated via Zod\u001b[39m","timestamp":"2026-05-30 15:31:19:3119"}
{"level":"\u001b[34mdebug\u001b[39m","message":"\u001b[34m🔐 JWT_SECRET loaded (64 chars)\u001b[39m","timestamp":"2026-05-30 15:31:19:3119"}
{"level":"\u001b[32minfo\u001b[39m","message":"\u001b[32m🔗 Constructed internal REDIS_URL from host and port configuration\u001b[39m","timestamp":"2026-05-30 15:31:19:3119"}
{"level":"\u001b[32minfo\u001b[39m","message":"\u001b[32m✅ Configuration validation passed\u001b[39m","timestamp":"2026-05-30 15:31:19:3119"}
{"level":"\u001b[32minfo\u001b[39m","message":"\u001b[32mConfigService initialized as wrapper for ConfigManager\u001b[39m","timestamp":"2026-05-30 15:31:19:3119"}
{"level":"\u001b[34mdebug\u001b[39m","message":"\u001b[34mPerformance monitoring started\u001b[39m","timestamp":"2026-05-30 15:31:19:3119"}
{"level":"\u001b[32minfo\u001b[39m","message":"\u001b[32mAnalytics service initialized\u001b[39m","timestamp":"2026-05-30 15:31:19:3119"}
{"level":"\u001b[32minfo\u001b[39m","message":"\u001b[32m>>> [MASTERMIND] initializeContext() called\u001b[39m","timestamp":"2026-05-30 15:31:19:3119"}
{"level":"\u001b[32minfo\u001b[39m","message":"\u001b[32m>>> [MASTERMIND] Starting fresh initialization\u001b[39m","timestamp":"2026-05-30 15:31:19:3119"}
{"level":"\u001b[32minfo\u001b[39m","message":"\u001b[32m>>> [MASTERMIND] Base context object built.\u001b[39m","timestamp":"2026-05-30 15:31:19:3119"}
{"level":"\u001b[32minfo\u001b[39m","message":"\u001b[32m🔧 Unified Command System initialized\u001b[39m","timestamp":"2026-05-30 15:31:19:3119"}
{"level":"\u001b[32minfo\u001b[39m","message":"\u001b[32mInitializing Command System and loading commands...\u001b[39m","timestamp":"2026-05-30 15:31:19:3119"}
{"level":"\u001b[32minfo\u001b[39m","message":"\u001b[32m🔄 Parallelizing command loading...\u001b[39m","timestamp":"2026-05-30 15:31:19:3119"}
{"level":"\u001b[32minfo\u001b[39m","message":"\u001b[32mBullMQ Queues initialized with unified Redis connection\u001b[39m","timestamp":"2026-05-30 15:31:20:3120"}
{"level":"\u001b[32minfo\u001b[39m","message":"\u001b[32m🎉 High-Speed Load Complete: 93 commands in 563ms\u001b[39m","timestamp":"2026-05-30 15:31:20:3120"}
{"level":"\u001b[32minfo\u001b[39m","message":"\u001b[32m>>> [MASTERMIND] Command loading finished. Getting mock bot...\u001b[39m","timestamp":"2026-05-30 15:31:20:3120"}
{"level":"\u001b[32minfo\u001b[39m","message":"\u001b[32m✅ Global Context initialized successfully\u001b[39m","timestamp":"2026-05-30 15:31:20:3120"}
{"level":"\u001b[32minfo\u001b[39m","message":"\u001b[32m>>> [MASTERMIND] Global Context initialized successfully\u001b[39m","timestamp":"2026-05-30 15:31:20:3120"}
{"level":"\u001b[32minfo\u001b[39m","message":"\u001b[32m>>> [MASTERMIND] Global Context initialized.\u001b[39m","timestamp":"2026-05-30 15:31:20:3120"}
{"level":"\u001b[34mdebug\u001b[39m","message":"\u001b[34mConfigService: Setting config key \"agents.defaults.credentialPrecedence\"\u001b[39m","timestamp":"2026-05-30 15:31:20:3120"}
{"level":"\u001b[32minfo\u001b[39m","message":"\u001b[32m>>> [MASTERMIND] Validating environment variables...\u001b[39m","timestamp":"2026-05-30 15:31:20:3120"}
{"level":"\u001b[32minfo\u001b[39m","message":"\u001b[32m🔍 Validating environment variables...\u001b[39m","timestamp":"2026-05-30 15:31:20:3120"}
{"level":"\u001b[32minfo\u001b[39m","message":"\u001b[32m✅ FIREBASE_SERVICE_ACCOUNT_PATH: service-account.json\u001b[39m","timestamp":"2026-05-30 15:31:20:3120"}
{"level":"\u001b[32minfo\u001b[39m","message":"\u001b[32m✅ FIREBASE_PROJECT_ID: dexmart\u001b[39m","timestamp":"2026-05-30 15:31:20:3120"}
{"level":"\u001b[32minfo\u001b[39m","message":"\u001b[32m✅ GOOGLE_GEMINI_API_KEY: ***[REDACTED]***\u001b[39m","timestamp":"2026-05-30 15:31:20:3120"}
{"level":"\u001b[32minfo\u001b[39m","message":"\u001b[32m✅ PORT: 3001\u001b[39m","timestamp":"2026-05-30 15:31:20:3120"}
{"level":"\u001b[32minfo\u001b[39m","message":"\u001b[32m✅ NODE_ENV: development\u001b[39m","timestamp":"2026-05-30 15:31:20:3120"}
{"level":"\u001b[32minfo\u001b[39m","message":"\u001b[32m✅ JWT_SECRET: ***[REDACTED]***\u001b[39m","timestamp":"2026-05-30 15:31:20:3120"}
{"level":"\u001b[32minfo\u001b[39m","message":"\u001b[32m✅ RATE_LIMIT_AI_REQ: 10\u001b[39m","timestamp":"2026-05-30 15:31:20:3120"}
{"level":"\u001b[32minfo\u001b[39m","message":"\u001b[32m✅ USE_BAILEYS_DIRECT: false\u001b[39m","timestamp":"2026-05-30 15:31:20:3120"}
{"level":"\u001b[32minfo\u001b[39m","message":"\u001b[32m✅ Environment validation passed!\u001b[39m","timestamp":"2026-05-30 15:31:20:3120"}
{"level":"\u001b[32minfo\u001b[39m","message":"\u001b[32m>>> [MASTERMIND] Environment validation passed.\u001b[39m","timestamp":"2026-05-30 15:31:20:3120"}
{"level":"\u001b[32minfo\u001b[39m","message":"\u001b[32m>>> [MASTERMIND] Initializing Job Registry...\u001b[39m","timestamp":"2026-05-30 15:31:20:3120"}
{"level":"\u001b[32minfo\u001b[39m","message":"\u001b[32mBullMQ Job Queue Service initialized\u001b[39m","timestamp":"2026-05-30 15:31:20:3120"}
{"level":"\u001b[32minfo\u001b[39m","message":"\u001b[32m[ApiKeyManager] Initialized Universal Manager with 12 keys (Semantic Cache Enabled)\u001b[39m","timestamp":"2026-05-30 15:31:20:3120"}
{"level":"\u001b[32minfo\u001b[39m","message":"\u001b[32mAIUtilityService initialized with 12 API keys (12 healthy)\u001b[39m","timestamp":"2026-05-30 15:31:20:3120"}
{"level":"\u001b[32minfo\u001b[39m","message":"\u001b[32mInitializing job queues...\u001b[39m","timestamp":"2026-05-30 15:31:20:3120"}
{"level":"\u001b[32minfo\u001b[39m","message":"\u001b[32mQueue 'ai-processing' created successfully\u001b[39m","timestamp":"2026-05-30 15:31:20:3120"}
{"level":"\u001b[32minfo\u001b[39m","message":"\u001b[32mQueue 'media-processing' created successfully\u001b[39m","timestamp":"2026-05-30 15:31:20:3120"}
{"level":"\u001b[32minfo\u001b[39m","message":"\u001b[32mQueue 'notification' created successfully\u001b[39m","timestamp":"2026-05-30 15:31:20:3120"}
{"level":"\u001b[32minfo\u001b[39m","message":"\u001b[32mQueue 'analytics' created successfully\u001b[39m","timestamp":"2026-05-30 15:31:20:3120"}
{"level":"\u001b[32minfo\u001b[39m","message":"\u001b[32mQueue 'cleanup' created successfully\u001b[39m","timestamp":"2026-05-30 15:31:20:3120"}
{"level":"\u001b[32minfo\u001b[39m","message":"\u001b[32mQueue 'whatsapp-outbound' created successfully\u001b[39m","timestamp":"2026-05-30 15:31:20:3120"}
{"level":"\u001b[32minfo\u001b[39m","message":"\u001b[32mQueue 'group-sync' created successfully\u001b[39m","timestamp":"2026-05-30 15:31:20:3120"}
{"level":"\u001b[32minfo\u001b[39m","message":"\u001b[32mAll job queues initialized successfully\u001b[39m","timestamp":"2026-05-30 15:31:20:3120"}
{"level":"\u001b[32minfo\u001b[39m","message":"\u001b[32mRegistering job processors...\u001b[39m","timestamp":"2026-05-30 15:31:20:3120"}
{"level":"\u001b[32minfo\u001b[39m","message":"\u001b[32mRegistered BullMQ worker for queue 'ai-processing'\u001b[39m","timestamp":"2026-05-30 15:31:20:3120"}
{"level":"\u001b[32minfo\u001b[39m","message":"\u001b[32mRegistered BullMQ worker for queue 'media-processing'\u001b[39m","timestamp":"2026-05-30 15:31:20:3120"}
{"level":"\u001b[32minfo\u001b[39m","message":"\u001b[32mStatsAggregatorJob initialized\u001b[39m","timestamp":"2026-05-30 15:31:20:3120"}
{"level":"\u001b[32minfo\u001b[39m","message":"\u001b[32mInitializing WhatsApp Outbound Worker (Anti-Ban enabled)...\u001b[39m","timestamp":"2026-05-30 15:31:20:3120"}
{"level":"\u001b[32minfo\u001b[39m","message":"\u001b[32mRegistered BullMQ worker for queue 'whatsapp-outbound'\u001b[39m","timestamp":"2026-05-30 15:31:20:3120"}
{"level":"\u001b[32minfo\u001b[39m","message":"\u001b[32m[GroupSyncWorker] Initializing Group Sync Worker...\u001b[39m","timestamp":"2026-05-30 15:31:20:3120"}
{"level":"\u001b[32minfo\u001b[39m","message":"\u001b[32mRegistered BullMQ worker for queue 'group-sync'\u001b[39m","timestamp":"2026-05-30 15:31:20:3120"}
{"level":"\u001b[32minfo\u001b[39m","message":"\u001b[32m[GroupSyncWorker] Group Sync Worker registered and listening\u001b[39m","timestamp":"2026-05-30 15:31:20:3120"}
{"level":"\u001b[32minfo\u001b[39m","message":"\u001b[32mInitializing Anti-Ban Resume Worker (Interval: 20000ms)...\u001b[39m","timestamp":"2026-05-30 15:31:20:3120"}
{"level":"\u001b[32minfo\u001b[39m","message":"\u001b[32mAll job processors registered successfully\u001b[39m","timestamp":"2026-05-30 15:31:20:3120"}
{"level":"\u001b[32minfo\u001b[39m","message":"\u001b[32m>>> [MASTERMIND] Initializing Campaign Worker...\u001b[39m","timestamp":"2026-05-30 15:31:20:3120"}
{"level":"\u001b[32minfo\u001b[39m","message":"\u001b[32mCampaignWorker initialized with Omnichannel Adapter + Anti-Ban Engine\u001b[39m","timestamp":"2026-05-30 15:31:20:3120"}
{"level":"\u001b[32minfo\u001b[39m","message":"\u001b[32m>>> [MASTERMIND] Campaign Worker call finished.\u001b[39m","timestamp":"2026-05-30 15:31:20:3120"}
{"level":"\u001b[32minfo\u001b[39m","message":"\u001b[32mQueueService initialized: campaigns\u001b[39m","timestamp":"2026-05-30 15:31:20:3120"}
{"level":"\u001b[32minfo\u001b[39m","message":"\u001b[32m>>> [MASTERMIND] USE_SERVER is true. Initializing MultiTenantApp...\u001b[39m","timestamp":"2026-05-30 15:31:21:3121"}
{"level":"\u001b[32minfo\u001b[39m","message":"\u001b[32mInitializing Multi-tenant DeXMart SaaS Platform...\u001b[39m","timestamp":"2026-05-30 15:31:21:3121"}
{"level":"\u001b[32minfo\u001b[39m","message":"\u001b[32m>>> [MASTERMIND] Setting up server middleware...\u001b[39m","timestamp":"2026-05-30 15:31:21:3121"}
{"level":"\u001b[32minfo\u001b[39m","message":"\u001b[32m>>> [MASTERMIND] Setting up server routes...\u001b[39m","timestamp":"2026-05-30 15:31:21:3121"}
{"level":"\u001b[32minfo\u001b[39m","message":"\u001b[32m>>> [MASTERMIND] Initializing Analytics Service...\u001b[39m","timestamp":"2026-05-30 15:31:21:3121"}
{"level":"\u001b[32minfo\u001b[39m","message":"\u001b[32mWebSocket server started on port 3002\u001b[39m","timestamp":"2026-05-30 15:31:21:3121"}
{"level":"\u001b[32minfo\u001b[39m","message":"\u001b[32m>>> [MASTERMIND] Enterprise Analytics Gateway online at port 3002\u001b[39m","timestamp":"2026-05-30 15:31:21:3121"}
{"level":"\u001b[32minfo\u001b[39m","message":"\u001b[32m>>> [MASTERMIND] Initializing Unified WebSockets...\u001b[39m","timestamp":"2026-05-30 15:31:21:3121"}
{"level":"\u001b[32minfo\u001b[39m","message":"\u001b[32mUnified Socket Service initialized\u001b[39m","timestamp":"2026-05-30 15:31:21:3121"}
{"level":"\u001b[32minfo\u001b[39m","message":"\u001b[32m>>> [MASTERMIND] Initializing additional services...\u001b[39m","timestamp":"2026-05-30 15:31:21:3121"}
{"level":"\u001b[32minfo\u001b[39m","message":"\u001b[32m>>> [MASTERMIND] Starting active tenant bots...\u001b[39m","timestamp":"2026-05-30 15:31:21:3121"}
{"level":"\u001b[32minfo\u001b[39m","message":"\u001b[32mStarting active tenant channels...\u001b[39m","timestamp":"2026-05-30 15:31:21:3121"}
{"level":"\u001b[32minfo\u001b[39m","message":"\u001b[32m>>> [MASTERMIND] Resuming all active channels...\u001b[39m","timestamp":"2026-05-30 15:31:21:3121"}
{"level":"\u001b[32minfo\u001b[39m","message":"\u001b[32mFirebase Config: path=service-account.json, projectId=dexmart, hasEmail=false, hasKey=false\u001b[39m","timestamp":"2026-05-30 15:31:21:3121"}
{"level":"\u001b[32minfo\u001b[39m","message":"\u001b[32mLoading service account from: service-account.json\u001b[39m","timestamp":"2026-05-30 15:31:21:3121"}
{"level":"\u001b[32minfo\u001b[39m","message":"\u001b[32mUsing service account for project: dexmart\u001b[39m","timestamp":"2026-05-30 15:31:21:3121"}
{"level":"\u001b[32minfo\u001b[39m","message":"\u001b[32mInitializing Firebase Admin...\u001b[39m","timestamp":"2026-05-30 15:31:21:3121"}
{"level":"\u001b[32minfo\u001b[39m","message":"\u001b[32m🔥 Firebase Admin Initialized (Project: dexmart)\u001b[39m","timestamp":"2026-05-30 15:31:21:3121"}
{"level":"\u001b[32minfo\u001b[39m","message":"\u001b[32m✅ Redis connected successfully\u001b[39m","timestamp":"2026-05-30 15:31:21:3121"}
{"level":"\u001b[32minfo\u001b[39m","message":"\u001b[32m✅ Redis Connected - Switching to distributed cache\u001b[39m","timestamp":"2026-05-30 15:31:21:3121"}
{"level":"\u001b[34mdebug\u001b[39m","message":"\u001b[34mMedia processing directories ensured\u001b[39m","timestamp":"2026-05-30 15:31:21:3121"}
{"error":"16 UNAUTHENTICATED: Request had invalid authentication credentials. Expected OAuth 2 access token, login cookie or other valid authentication credential. See https://developers.google.com/identity/sign-in/web/devconsole-project.","level":"\u001b[31merror\u001b[39m","message":"\u001b[31mFirestore getCollection error [tenants] (Tenant: undefined):\u001b[39m","stack":"Error: 16 UNAUTHENTICATED: Request had invalid authentication credentials. Expected OAuth 2 access token, login cookie or other valid authentication credential. See https://developers.google.com/identity/sign-in/web/devconsole-project.\n    at callErrorFromStatus (/home/codedex/projects/DeXMart/node_modules/@grpc/grpc-js/src/call.ts:84:17)\n    at Object.onReceiveStatus (/home/codedex/projects/DeXMart/node_modules/@grpc/grpc-js/src/client.ts:612:51)\n    at Object.onReceiveStatus (/home/codedex/projects/DeXMart/node_modules/@grpc/grpc-js/src/client-interceptors.ts:424:48)\n    at <anonymous> (/home/codedex/projects/DeXMart/node_modules/@grpc/grpc-js/src/resolving-call.ts:170:24)\n    at process.processTicksAndRejections (node:internal/process/task_queues:85:11)\nfor call at\n    at ServiceClientImpl.makeServerStreamRequest (/home/codedex/projects/DeXMart/node_modules/@grpc/grpc-js/src/client.ts:595:42)\n    at ServiceClientImpl.<anonymous> (/home/codedex/projects/DeXMart/node_modules/@grpc/grpc-js/src/make-client.ts:189:15)\n    at /home/codedex/projects/DeXMart/node_modules/@google-cloud/firestore/build/src/v1/firestore_client.js:242:33\n    at <anonymous> (/home/codedex/projects/DeXMart/node_modules/google-gax/src/streamingCalls/streamingApiCaller.ts:59:19)\n    at <anonymous> (/home/codedex/projects/DeXMart/node_modules/google-gax/src/normalCalls/timeout.ts:54:13)\n    at Object.request (/home/codedex/projects/DeXMart/node_modules/google-gax/src/streamingCalls/streaming.ts:331:28)\n    at makeRequest (/home/codedex/projects/DeXMart/node_modules/retry-request/index.js:159:28)\n    at retryRequest (/home/codedex/projects/DeXMart/node_modules/retry-request/index.js:119:5)\n    at StreamProxy.setStream (/home/codedex/projects/DeXMart/node_modules/google-gax/src/streamingCalls/streaming.ts:322:29)\n    at StreamingApiCaller.call (/home/codedex/projects/DeXMart/node_modules/google-gax/src/streamingCalls/streamingApiCaller.ts:89:12)\nCaused by: Error\n    at QueryUtil._getResponse (/home/codedex/projects/DeXMart/node_modules/@google-cloud/firestore/build/src/reference/query-util.js:44:23)\n    at CollectionReference._getResponse (/home/codedex/projects/DeXMart/node_modules/@google-cloud/firestore/build/src/reference/query.js:784:32)\n    at CollectionReference._get (/home/codedex/projects/DeXMart/node_modules/@google-cloud/firestore/build/src/reference/query.js:777:35)\n    at /home/codedex/projects/DeXMart/node_modules/@google-cloud/firestore/build/src/reference/query.js:745:43\n    at /home/codedex/projects/DeXMart/node_modules/@google-cloud/firestore/build/src/telemetry/enabled-trace-util.js:110:30\n    at NoopContextManager.with (/home/codedex/projects/DeXMart/node_modules/@opentelemetry/api/src/context/NoopContextManager.ts:20:15)\n    at ContextAPI.with (/home/codedex/projects/DeXMart/node_modules/@opentelemetry/api/src/api/context.ts:68:42)\n    at NoopTracer.startActiveSpan (/home/codedex/projects/DeXMart/node_modules/@opentelemetry/api/src/trace/NoopTracer.ts:87:27)\n    at ProxyTracer.startActiveSpan (/home/codedex/projects/DeXMart/node_modules/@opentelemetry/api/src/trace/ProxyTracer.ts:51:20)\n    at EnabledTraceUtil.startActiveSpan (/home/codedex/projects/DeXMart/node_modules/@google-cloud/firestore/build/src/telemetry/enabled-trace-util.js:102:28)","timestamp":"2026-05-30 15:31:22:3122"}
{"error":"16 UNAUTHENTICATED: Request had invalid authentication credentials. Expected OAuth 2 access token, login cookie or other valid authentication credential. See https://developers.google.com/identity/sign-in/web/devconsole-project.","level":"\u001b[31merror\u001b[39m","message":"\u001b[31mMultiTenantService.listTenants error:\u001b[39m","stack":"Error: 16 UNAUTHENTICATED: Request had invalid authentication credentials. Expected OAuth 2 access token, login cookie or other valid authentication credential. See https://developers.google.com/identity/sign-in/web/devconsole-project.\n    at callErrorFromStatus (/home/codedex/projects/DeXMart/node_modules/@grpc/grpc-js/src/call.ts:84:17)\n    at Object.onReceiveStatus (/home/codedex/projects/DeXMart/node_modules/@grpc/grpc-js/src/client.ts:612:51)\n    at Object.onReceiveStatus (/home/codedex/projects/DeXMart/node_modules/@grpc/grpc-js/src/client-interceptors.ts:424:48)\n    at <anonymous> (/home/codedex/projects/DeXMart/node_modules/@grpc/grpc-js/src/resolving-call.ts:170:24)\n    at process.processTicksAndRejections (node:internal/process/task_queues:85:11)\nfor call at\n    at ServiceClientImpl.makeServerStreamRequest (/home/codedex/projects/DeXMart/node_modules/@grpc/grpc-js/src/client.ts:595:42)\n    at ServiceClientImpl.<anonymous> (/home/codedex/projects/DeXMart/node_modules/@grpc/grpc-js/src/make-client.ts:189:15)\n    at /home/codedex/projects/DeXMart/node_modules/@google-cloud/firestore/build/src/v1/firestore_client.js:242:33\n    at <anonymous> (/home/codedex/projects/DeXMart/node_modules/google-gax/src/streamingCalls/streamingApiCaller.ts:59:19)\n    at <anonymous> (/home/codedex/projects/DeXMart/node_modules/google-gax/src/normalCalls/timeout.ts:54:13)\n    at Object.request (/home/codedex/projects/DeXMart/node_modules/google-gax/src/streamingCalls/streaming.ts:331:28)\n    at makeRequest (/home/codedex/projects/DeXMart/node_modules/retry-request/index.js:159:28)\n    at retryRequest (/home/codedex/projects/DeXMart/node_modules/retry-request/index.js:119:5)\n    at StreamProxy.setStream (/home/codedex/projects/DeXMart/node_modules/google-gax/src/streamingCalls/streaming.ts:322:29)\n    at StreamingApiCaller.call (/home/codedex/projects/DeXMart/node_modules/google-gax/src/streamingCalls/streamingApiCaller.ts:89:12)\nCaused by: Error\n    at QueryUtil._getResponse (/home/codedex/projects/DeXMart/node_modules/@google-cloud/firestore/build/src/reference/query-util.js:44:23)\n    at CollectionReference._getResponse (/home/codedex/projects/DeXMart/node_modules/@google-cloud/firestore/build/src/reference/query.js:784:32)\n    at CollectionReference._get (/home/codedex/projects/DeXMart/node_modules/@google-cloud/firestore/build/src/reference/query.js:777:35)\n    at /home/codedex/projects/DeXMart/node_modules/@google-cloud/firestore/build/src/reference/query.js:745:43\n    at /home/codedex/projects/DeXMart/node_modules/@google-cloud/firestore/build/src/telemetry/enabled-trace-util.js:110:30\n    at NoopContextManager.with (/home/codedex/projects/DeXMart/node_modules/@opentelemetry/api/src/context/NoopContextManager.ts:20:15)\n    at ContextAPI.with (/home/codedex/projects/DeXMart/node_modules/@opentelemetry/api/src/api/context.ts:68:42)\n    at NoopTracer.startActiveSpan (/home/codedex/projects/DeXMart/node_modules/@opentelemetry/api/src/trace/NoopTracer.ts:87:27)\n    at ProxyTracer.startActiveSpan (/home/codedex/projects/DeXMart/node_modules/@opentelemetry/api/src/trace/ProxyTracer.ts:51:20)\n    at EnabledTraceUtil.startActiveSpan (/home/codedex/projects/DeXMart/node_modules/@google-cloud/firestore/build/src/telemetry/enabled-trace-util.js:102:28)","timestamp":"2026-05-30 15:31:22:3122"}
{"level":"\u001b[32minfo\u001b[39m","message":"\u001b[32m[ChannelService] Successfully queued 0 channels for resumption.\u001b[39m","timestamp":"2026-05-30 15:31:22:3122"}
{"level":"\u001b[32minfo\u001b[39m","message":"\u001b[32mMulti-tenant app initialized successfully\u001b[39m","timestamp":"2026-05-30 15:31:22:3122"}
{"level":"\u001b[32minfo\u001b[39m","message":"\u001b[32m>>> [MASTERMIND] MultiTenantApp initialized.\u001b[39m","timestamp":"2026-05-30 15:31:22:3122"}
{"level":"\u001b[32minfo\u001b[39m","message":"\u001b[32m>>> [MASTERMIND] Attempting to listen on port 3001...\u001b[39m","timestamp":"2026-05-30 15:31:22:3122"}
{"level":"\u001b[32minfo\u001b[39m","message":"\u001b[32m>>> [MASTERMIND] MultiTenantApp started.\u001b[39m","timestamp":"2026-05-30 15:31:22:3122"}
{"level":"\u001b[32minfo\u001b[39m","message":"\u001b[32m>>> [MASTERMIND] Starting OpenClaw Gateway Server...\u001b[39m","timestamp":"2026-05-30 15:31:22:3122"}
{"level":"\u001b[32minfo\u001b[39m","message":"\u001b[32m>>> [MASTERMIND] Multi-tenant DeXMart server running on port 3001\u001b[39m","timestamp":"2026-05-30 15:31:25:3125"}
{"heapUsed":820,"level":"\u001b[33mwarn\u001b[39m","message":"\u001b[33mHigh memory usage detected\u001b[39m","rss":1701,"threshold":1536,"timestamp":"2026-05-30 15:32:24:3224"}
{"duration":859830328,"level":"\u001b[32minfo\u001b[39m","message":"\u001b[32mPerformance: memory_heap_used = 859830328 bytes\u001b[39m","operation":"memory_heap_used","timestamp":"2026-05-30 15:32:24:3224","unit":"bytes"}
{"duration":1405763584,"level":"\u001b[32minfo\u001b[39m","message":"\u001b[32mPerformance: memory_heap_total = 1405763584 bytes\u001b[39m","operation":"memory_heap_total","timestamp":"2026-05-30 15:32:24:3224","unit":"bytes"}
{"duration":1784164352,"level":"\u001b[32minfo\u001b[39m","message":"\u001b[32mPerformance: memory_rss = 1784164352 bytes\u001b[39m","operation":"memory_rss","timestamp":"2026-05-30 15:32:24:3224","unit":"bytes"}
{"duration":36884375,"level":"\u001b[32minfo\u001b[39m","message":"\u001b[32mPerformance: memory_external = 36884375 bytes\u001b[39m","operation":"memory_external","timestamp":"2026-05-30 15:32:24:3224","unit":"bytes"}
{"duration":75032049,"level":"\u001b[32minfo\u001b[39m","message":"\u001b[32mPerformance: cpu_user_time = 75032049 microseconds\u001b[39m","operation":"cpu_user_time","timestamp":"2026-05-30 15:32:24:3224","unit":"microseconds"}
{"duration":6318170,"level":"\u001b[32minfo\u001b[39m","message":"\u001b[32mPerformance: cpu_system_time = 6318170 microseconds\u001b[39m","operation":"cpu_system_time","timestamp":"2026-05-30 15:32:24:3224","unit":"microseconds"}
{"duration":60.024672358,"level":"\u001b[32minfo\u001b[39m","message":"\u001b[32mPerformance: process_uptime = 60.024672358 seconds\u001b[39m","operation":"process_uptime","timestamp":"2026-05-30 15:32:24:3224","unit":"seconds"}
{"duration":2.813255,"level":"\u001b[32minfo\u001b[39m","message":"\u001b[32mPerformance: event_loop_lag = 2.813255 milliseconds\u001b[39m","operation":"event_loop_lag","timestamp":"2026-05-30 15:32:24:3224","unit":"milliseconds"}
{"level":"\u001b[32minfo\u001b[39m","message":"\u001b[32m>>> [MASTERMIND] OpenClaw Gateway Server online at port 19001\u001b[39m","timestamp":"2026-05-30 15:32:37:3237"}
{"level":"\u001b[32minfo\u001b[39m","message":"\u001b[32m>>> [MASTERMIND] Starting ChannelService watchdog (interval: 60000ms)\u001b[39m","timestamp":"2026-05-30 15:32:37:3237"}
{"level":"\u001b[32minfo\u001b[39m","message":"\u001b[32m[EventListener] Starting agent event listener\u001b[39m","timestamp":"2026-05-30 15:32:37:3237"}
{"level":"\u001b[32minfo\u001b[39m","message":"\u001b[32m✨ DeXMart is ready!\u001b[39m","timestamp":"2026-05-30 15:32:37:3237"}
{"heapUsed":963,"level":"\u001b[33mwarn\u001b[39m","message":"\u001b[33mHigh memory usage detected\u001b[39m","rss":1781,"threshold":1536,"timestamp":"2026-05-30 15:32:37:3237"}
{"heapUsed":966,"level":"\u001b[33mwarn\u001b[39m","message":"\u001b[33mHigh memory usage detected\u001b[39m","rss":1781,"threshold":1536,"timestamp":"2026-05-30 15:32:47:3247"}
{"duration":518779352,"level":"\u001b[32minfo\u001b[39m","message":"\u001b[32mPerformance: memory_heap_used = 518779352 bytes\u001b[39m","operation":"memory_heap_used","timestamp":"2026-05-30 15:32:56:3256","unit":"bytes"}
{"duration":589496320,"level":"\u001b[32minfo\u001b[39m","message":"\u001b[32mPerformance: memory_heap_total = 589496320 bytes\u001b[39m","operation":"memory_heap_total","timestamp":"2026-05-30 15:32:56:3256","unit":"bytes"}
{"duration":749686784,"level":"\u001b[32minfo\u001b[39m","message":"\u001b[32mPerformance: memory_rss = 749686784 bytes\u001b[39m","operation":"memory_rss","timestamp":"2026-05-30 15:32:56:3256","unit":"bytes"}
{"duration":36839868,"level":"\u001b[32minfo\u001b[39m","message":"\u001b[32mPerformance: memory_external = 36839868 bytes\u001b[39m","operation":"memory_external","timestamp":"2026-05-30 15:32:56:3256","unit":"bytes"}
{"duration":92327844,"level":"\u001b[32minfo\u001b[39m","message":"\u001b[32mPerformance: cpu_user_time = 92327844 microseconds\u001b[39m","operation":"cpu_user_time","timestamp":"2026-05-30 15:32:56:3256","unit":"microseconds"}
{"duration":7780043,"level":"\u001b[32minfo\u001b[39m","message":"\u001b[32mPerformance: cpu_system_time = 7780043 microseconds\u001b[39m","operation":"cpu_system_time","timestamp":"2026-05-30 15:32:56:3256","unit":"microseconds"}
{"duration":90.025360966,"level":"\u001b[32minfo\u001b[39m","message":"\u001b[32mPerformance: process_uptime = 90.025360966 seconds\u001b[39m","operation":"process_uptime","timestamp":"2026-05-30 15:32:56:3256","unit":"seconds"}
{"duration":0.35118,"level":"\u001b[32minfo\u001b[39m","message":"\u001b[32mPerformance: event_loop_lag = 0.35118 milliseconds\u001b[39m","operation":"event_loop_lag","timestamp":"2026-05-30 15:32:56:3256","unit":"milliseconds"}
{"duration":518756984,"level":"\u001b[32minfo\u001b[39m","message":"\u001b[32mPerformance: memory_heap_used = 518756984 bytes\u001b[39m","operation":"memory_heap_used","timestamp":"2026-05-30 15:33:26:3326","unit":"bytes"}
{"duration":589496320,"level":"\u001b[32minfo\u001b[39m","message":"\u001b[32mPerformance: memory_heap_total = 589496320 bytes\u001b[39m","operation":"memory_heap_total","timestamp":"2026-05-30 15:33:26:3326","unit":"bytes"}
{"duration":750997504,"level":"\u001b[32minfo\u001b[39m","message":"\u001b[32mPerformance: memory_rss = 750997504 bytes\u001b[39m","operation":"memory_rss","timestamp":"2026-05-30 15:33:26:3326","unit":"bytes"}
{"duration":36848606,"level":"\u001b[32minfo\u001b[39m","message":"\u001b[32mPerformance: memory_external = 36848606 bytes\u001b[39m","operation":"memory_external","timestamp":"2026-05-30 15:33:26:3326","unit":"bytes"}
{"duration":92373024,"level":"\u001b[32minfo\u001b[39m","message":"\u001b[32mPerformance: cpu_user_time = 92373024 microseconds\u001b[39m","operation":"cpu_user_time","timestamp":"2026-05-30 15:33:26:3326","unit":"microseconds"}
{"duration":7790390,"level":"\u001b[32minfo\u001b[39m","message":"\u001b[32mPerformance: cpu_system_time = 7790390 microseconds\u001b[39m","operation":"cpu_system_time","timestamp":"2026-05-30 15:33:26:3326","unit":"microseconds"}
{"duration":120.025290348,"level":"\u001b[32minfo\u001b[39m","message":"\u001b[32mPerformance: process_uptime = 120.025290348 seconds\u001b[39m","operation":"process_uptime","timestamp":"2026-05-30 15:33:26:3326","unit":"seconds"}
{"duration":0.415055,"level":"\u001b[32minfo\u001b[39m","message":"\u001b[32mPerformance: event_loop_lag = 0.415055 milliseconds\u001b[39m","operation":"event_loop_lag","timestamp":"2026-05-30 15:33:26:3326","unit":"milliseconds"}
{"level":"\u001b[32minfo\u001b[39m","message":"\u001b[32m>>> [MASTERMIND] Resuming all active channels...\u001b[39m","timestamp":"2026-05-30 15:33:43:3343"}
{"error":"16 UNAUTHENTICATED: Request had invalid authentication credentials. Expected OAuth 2 access token, login cookie or other valid authentication credential. See https://developers.google.com/identity/sign-in/web/devconsole-project.","level":"\u001b[31merror\u001b[39m","message":"\u001b[31mFirestore getCollection error [tenants] (Tenant: undefined):\u001b[39m","stack":"Error: 16 UNAUTHENTICATED: Request had invalid authentication credentials. Expected OAuth 2 access token, login cookie or other valid authentication credential. See https://developers.google.com/identity/sign-in/web/devconsole-project.\n    at callErrorFromStatus (/home/codedex/projects/DeXMart/node_modules/@grpc/grpc-js/src/call.ts:84:17)\n    at Object.onReceiveStatus (/home/codedex/projects/DeXMart/node_modules/@grpc/grpc-js/src/client.ts:612:51)\n    at Object.onReceiveStatus (/home/codedex/projects/DeXMart/node_modules/@grpc/grpc-js/src/client-interceptors.ts:424:48)\n    at /home/codedex/projects/DeXMart/node_modules/@grpc/grpc-js/src/resolving-call.ts:170:24\n    at processTicksAndRejections (node:internal/process/task_queues:85:11)\nfor call at\n    at ServiceClientImpl.makeServerStreamRequest (/home/codedex/projects/DeXMart/node_modules/@grpc/grpc-js/src/client.ts:595:42)\n    at ServiceClientImpl.<anonymous> (/home/codedex/projects/DeXMart/node_modules/@grpc/grpc-js/src/make-client.ts:189:15)\n    at /home/codedex/projects/DeXMart/node_modules/@google-cloud/firestore/build/src/v1/firestore_client.js:242:33\n    at /home/codedex/projects/DeXMart/node_modules/google-gax/src/streamingCalls/streamingApiCaller.ts:59:19\n    at /home/codedex/projects/DeXMart/node_modules/google-gax/src/normalCalls/timeout.ts:54:13\n    at Object.request (/home/codedex/projects/DeXMart/node_modules/google-gax/src/streamingCalls/streaming.ts:331:28)\n    at makeRequest (/home/codedex/projects/DeXMart/node_modules/retry-request/index.js:159:28)\n    at retryRequest (/home/codedex/projects/DeXMart/node_modules/retry-request/index.js:119:5)\n    at StreamProxy.setStream (/home/codedex/projects/DeXMart/node_modules/google-gax/src/streamingCalls/streaming.ts:322:29)\n    at StreamingApiCaller.call (/home/codedex/projects/DeXMart/node_modules/google-gax/src/streamingCalls/streamingApiCaller.ts:89:12)\nCaused by: Error: \n    at QueryUtil._getResponse (/home/codedex/projects/DeXMart/node_modules/@google-cloud/firestore/build/src/reference/query-util.js:44:23)\n    at CollectionReference._getResponse (/home/codedex/projects/DeXMart/node_modules/@google-cloud/firestore/build/src/reference/query.js:784:32)\n    at CollectionReference._get (/home/codedex/projects/DeXMart/node_modules/@google-cloud/firestore/build/src/reference/query.js:777:35)\n    at /home/codedex/projects/DeXMart/node_modules/@google-cloud/firestore/build/src/reference/query.js:745:43\n    at /home/codedex/projects/DeXMart/node_modules/@google-cloud/firestore/build/src/telemetry/enabled-trace-util.js:110:30\n    at NoopContextManager.with (/home/codedex/projects/DeXMart/node_modules/@opentelemetry/api/src/context/NoopContextManager.ts:20:15)\n    at ContextAPI.with (/home/codedex/projects/DeXMart/node_modules/@opentelemetry/api/src/api/context.ts:68:42)\n    at NoopTracer.startActiveSpan (/home/codedex/projects/DeXMart/node_modules/@opentelemetry/api/src/trace/NoopTracer.ts:87:27)\n    at ProxyTracer.startActiveSpan (/home/codedex/projects/DeXMart/node_modules/@opentelemetry/api/src/trace/ProxyTracer.ts:51:20)\n    at EnabledTraceUtil.startActiveSpan (/home/codedex/projects/DeXMart/node_modules/@google-cloud/firestore/build/src/telemetry/enabled-trace-util.js:102:28)","timestamp":"2026-05-30 15:33:43:3343"}
{"error":"16 UNAUTHENTICATED: Request had invalid authentication credentials. Expected OAuth 2 access token, login cookie or other valid authentication credential. See https://developers.google.com/identity/sign-in/web/devconsole-project.","level":"\u001b[31merror\u001b[39m","message":"\u001b[31mMultiTenantService.listTenants error:\u001b[39m","stack":"Error: 16 UNAUTHENTICATED: Request had invalid authentication credentials. Expected OAuth 2 access token, login cookie or other valid authentication credential. See https://developers.google.com/identity/sign-in/web/devconsole-project.\n    at callErrorFromStatus (/home/codedex/projects/DeXMart/node_modules/@grpc/grpc-js/src/call.ts:84:17)\n    at Object.onReceiveStatus (/home/codedex/projects/DeXMart/node_modules/@grpc/grpc-js/src/client.ts:612:51)\n    at Object.onReceiveStatus (/home/codedex/projects/DeXMart/node_modules/@grpc/grpc-js/src/client-interceptors.ts:424:48)\n    at /home/codedex/projects/DeXMart/node_modules/@grpc/grpc-js/src/resolving-call.ts:170:24\n    at processTicksAndRejections (node:internal/process/task_queues:85:11)\nfor call at\n    at ServiceClientImpl.makeServerStreamRequest (/home/codedex/projects/DeXMart/node_modules/@grpc/grpc-js/src/client.ts:595:42)\n    at ServiceClientImpl.<anonymous> (/home/codedex/projects/DeXMart/node_modules/@grpc/grpc-js/src/make-client.ts:189:15)\n    at /home/codedex/projects/DeXMart/node_modules/@google-cloud/firestore/build/src/v1/firestore_client.js:242:33\n    at /home/codedex/projects/DeXMart/node_modules/google-gax/src/streamingCalls/streamingApiCaller.ts:59:19\n    at /home/codedex/projects/DeXMart/node_modules/google-gax/src/normalCalls/timeout.ts:54:13\n    at Object.request (/home/codedex/projects/DeXMart/node_modules/google-gax/src/streamingCalls/streaming.ts:331:28)\n    at makeRequest (/home/codedex/projects/DeXMart/node_modules/retry-request/index.js:159:28)\n    at retryRequest (/home/codedex/projects/DeXMart/node_modules/retry-request/index.js:119:5)\n    at StreamProxy.setStream (/home/codedex/projects/DeXMart/node_modules/google-gax/src/streamingCalls/streaming.ts:322:29)\n    at StreamingApiCaller.call (/home/codedex/projects/DeXMart/node_modules/google-gax/src/streamingCalls/streamingApiCaller.ts:89:12)\nCaused by: Error: \n    at QueryUtil._getResponse (/home/codedex/projects/DeXMart/node_modules/@google-cloud/firestore/build/src/reference/query-util.js:44:23)\n    at CollectionReference._getResponse (/home/codedex/projects/DeXMart/node_modules/@google-cloud/firestore/build/src/reference/query.js:784:32)\n    at CollectionReference._get (/home/codedex/projects/DeXMart/node_modules/@google-cloud/firestore/build/src/reference/query.js:777:35)\n    at /home/codedex/projects/DeXMart/node_modules/@google-cloud/firestore/build/src/reference/query.js:745:43\n    at /home/codedex/projects/DeXMart/node_modules/@google-cloud/firestore/build/src/telemetry/enabled-trace-util.js:110:30\n    at NoopContextManager.with (/home/codedex/projects/DeXMart/node_modules/@opentelemetry/api/src/context/NoopContextManager.ts:20:15)\n    at ContextAPI.with (/home/codedex/projects/DeXMart/node_modules/@opentelemetry/api/src/api/context.ts:68:42)\n    at NoopTracer.startActiveSpan (/home/codedex/projects/DeXMart/node_modules/@opentelemetry/api/src/trace/NoopTracer.ts:87:27)\n    at ProxyTracer.startActiveSpan (/home/codedex/projects/DeXMart/node_modules/@opentelemetry/api/src/trace/ProxyTracer.ts:51:20)\n    at EnabledTraceUtil.startActiveSpan (/home/codedex/projects/DeXMart/node_modules/@google-cloud/firestore/build/src/telemetry/enabled-trace-util.js:102:28)","timestamp":"2026-05-30 15:33:43:3343"}
{"level":"\u001b[32minfo\u001b[39m","message":"\u001b[32m[ChannelService] Successfully queued 0 channels for resumption.\u001b[39m","timestamp":"2026-05-30 15:33:43:3343"}
{"duration":521138024,"level":"\u001b[32minfo\u001b[39m","message":"\u001b[32mPerformance: memory_heap_used = 521138024 bytes\u001b[39m","operation":"memory_heap_used","timestamp":"2026-05-30 15:33:59:3359","unit":"bytes"}
{"duration":589758464,"level":"\u001b[32minfo\u001b[39m","message":"\u001b[32mPerformance: memory_heap_total = 589758464 bytes\u001b[39m","operation":"memory_heap_total","timestamp":"2026-05-30 15:33:59:3359","unit":"bytes"}
{"duration":754274304,"level":"\u001b[32minfo\u001b[39m","message":"\u001b[32mPerformance: memory_rss = 754274304 bytes\u001b[39m","operation":"memory_rss","timestamp":"2026-05-30 15:33:59:3359","unit":"bytes"}
{"duration":36864757,"level":"\u001b[32minfo\u001b[39m","message":"\u001b[32mPerformance: memory_external = 36864757 bytes\u001b[39m","operation":"memory_external","timestamp":"2026-05-30 15:33:59:3359","unit":"bytes"}
{"duration":92467192,"level":"\u001b[32minfo\u001b[39m","message":"\u001b[32mPerformance: cpu_user_time = 92467192 microseconds\u001b[39m","operation":"cpu_user_time","timestamp":"2026-05-30 15:33:59:3359","unit":"microseconds"}
{"duration":7808214,"level":"\u001b[32minfo\u001b[39m","message":"\u001b[32mPerformance: cpu_system_time = 7808214 microseconds\u001b[39m","operation":"cpu_system_time","timestamp":"2026-05-30 15:33:59:3359","unit":"microseconds"}
{"duration":150.026539733,"level":"\u001b[32minfo\u001b[39m","message":"\u001b[32mPerformance: process_uptime = 150.026539733 seconds\u001b[39m","operation":"process_uptime","timestamp":"2026-05-30 15:33:59:3359","unit":"seconds"}
{"duration":0.400453,"level":"\u001b[32minfo\u001b[39m","message":"\u001b[32mPerformance: event_loop_lag = 0.400453 milliseconds\u001b[39m","operation":"event_loop_lag","timestamp":"2026-05-30 15:33:59:3359","unit":"milliseconds"}
{"duration":521912848,"level":"\u001b[32minfo\u001b[39m","message":"\u001b[32mPerformance: memory_heap_used = 521912848 bytes\u001b[39m","operation":"memory_heap_used","timestamp":"2026-05-30 15:34:32:3432","unit":"bytes"}
{"duration":590807040,"level":"\u001b[32minfo\u001b[39m","message":"\u001b[32mPerformance: memory_heap_total = 590807040 bytes\u001b[39m","operation":"memory_heap_total","timestamp":"2026-05-30 15:34:32:3432","unit":"bytes"}
{"duration":754274304,"level":"\u001b[32minfo\u001b[39m","message":"\u001b[32mPerformance: memory_rss = 754274304 bytes\u001b[39m","operation":"memory_rss","timestamp":"2026-05-30 15:34:32:3432","unit":"bytes"}
{"duration":36891926,"level":"\u001b[32minfo\u001b[39m","message":"\u001b[32mPerformance: memory_external = 36891926 bytes\u001b[39m","operation":"memory_external","timestamp":"2026-05-30 15:34:32:3432","unit":"bytes"}
{"duration":92499572,"level":"\u001b[32minfo\u001b[39m","message":"\u001b[32mPerformance: cpu_user_time = 92499572 microseconds\u001b[39m","operation":"cpu_user_time","timestamp":"2026-05-30 15:34:32:3432","unit":"microseconds"}
{"duration":7826702,"level":"\u001b[32minfo\u001b[39m","message":"\u001b[32mPerformance: cpu_system_time = 7826702 microseconds\u001b[39m","operation":"cpu_system_time","timestamp":"2026-05-30 15:34:32:3432","unit":"microseconds"}
{"duration":180.026751891,"level":"\u001b[32minfo\u001b[39m","message":"\u001b[32mPerformance: process_uptime = 180.026751891 seconds\u001b[39m","operation":"process_uptime","timestamp":"2026-05-30 15:34:32:3432","unit":"seconds"}
{"duration":1.329871,"level":"\u001b[32minfo\u001b[39m","message":"\u001b[32mPerformance: event_loop_lag = 1.329871 milliseconds\u001b[39m","operation":"event_loop_lag","timestamp":"2026-05-30 15:34:32:3432","unit":"milliseconds"}
{"level":"\u001b[32minfo\u001b[39m","message":"\u001b[32m>>> [MASTERMIND] Resuming all active channels...\u001b[39m","timestamp":"2026-05-30 15:34:49:3449"}
{"error":"16 UNAUTHENTICATED: Request had invalid authentication credentials. Expected OAuth 2 access token, login cookie or other valid authentication credential. See https://developers.google.com/identity/sign-in/web/devconsole-project.","level":"\u001b[31merror\u001b[39m","message":"\u001b[31mFirestore getCollection error [tenants] (Tenant: undefined):\u001b[39m","stack":"Error: 16 UNAUTHENTICATED: Request had invalid authentication credentials. Expected OAuth 2 access token, login cookie or other valid authentication credential. See https://developers.google.com/identity/sign-in/web/devconsole-project.\n    at callErrorFromStatus (/home/codedex/projects/DeXMart/node_modules/@grpc/grpc-js/src/call.ts:84:17)\n    at Object.onReceiveStatus (/home/codedex/projects/DeXMart/node_modules/@grpc/grpc-js/src/client.ts:612:51)\n    at Object.onReceiveStatus (/home/codedex/projects/DeXMart/node_modules/@grpc/grpc-js/src/client-interceptors.ts:424:48)\n    at /home/codedex/projects/DeXMart/node_modules/@grpc/grpc-js/src/resolving-call.ts:170:24\n    at processTicksAndRejections (node:internal/process/task_queues:85:11)\nfor call at\n    at ServiceClientImpl.makeServerStreamRequest (/home/codedex/projects/DeXMart/node_modules/@grpc/grpc-js/src/client.ts:595:42)\n    at ServiceClientImpl.<anonymous> (/home/codedex/projects/DeXMart/node_modules/@grpc/grpc-js/src/make-client.ts:189:15)\n    at /home/codedex/projects/DeXMart/node_modules/@google-cloud/firestore/build/src/v1/firestore_client.js:242:33\n    at /home/codedex/projects/DeXMart/node_modules/google-gax/src/streamingCalls/streamingApiCaller.ts:59:19\n    at /home/codedex/projects/DeXMart/node_modules/google-gax/src/normalCalls/timeout.ts:54:13\n    at Object.request (/home/codedex/projects/DeXMart/node_modules/google-gax/src/streamingCalls/streaming.ts:331:28)\n    at makeRequest (/home/codedex/projects/DeXMart/node_modules/retry-request/index.js:159:28)\n    at retryRequest (/home/codedex/projects/DeXMart/node_modules/retry-request/index.js:119:5)\n    at StreamProxy.setStream (/home/codedex/projects/DeXMart/node_modules/google-gax/src/streamingCalls/streaming.ts:322:29)\n    at StreamingApiCaller.call (/home/codedex/projects/DeXMart/node_modules/google-gax/src/streamingCalls/streamingApiCaller.ts:89:12)\nCaused by: Error: \n    at QueryUtil._getResponse (/home/codedex/projects/DeXMart/node_modules/@google-cloud/firestore/build/src/reference/query-util.js:44:23)\n    at CollectionReference._getResponse (/home/codedex/projects/DeXMart/node_modules/@google-cloud/firestore/build/src/reference/query.js:784:32)\n    at CollectionReference._get (/home/codedex/projects/DeXMart/node_modules/@google-cloud/firestore/build/src/reference/query.js:777:35)\n    at /home/codedex/projects/DeXMart/node_modules/@google-cloud/firestore/build/src/reference/query.js:745:43\n    at /home/codedex/projects/DeXMart/node_modules/@google-cloud/firestore/build/src/telemetry/enabled-trace-util.js:110:30\n    at NoopContextManager.with (/home/codedex/projects/DeXMart/node_modules/@opentelemetry/api/src/context/NoopContextManager.ts:20:15)\n    at ContextAPI.with (/home/codedex/projects/DeXMart/node_modules/@opentelemetry/api/src/api/context.ts:68:42)\n    at NoopTracer.startActiveSpan (/home/codedex/projects/DeXMart/node_modules/@opentelemetry/api/src/trace/NoopTracer.ts:87:27)\n    at ProxyTracer.startActiveSpan (/home/codedex/projects/DeXMart/node_modules/@opentelemetry/api/src/trace/ProxyTracer.ts:51:20)\n    at EnabledTraceUtil.startActiveSpan (/home/codedex/projects/DeXMart/node_modules/@google-cloud/firestore/build/src/telemetry/enabled-trace-util.js:102:28)","timestamp":"2026-05-30 15:34:49:3449"}
{"error":"16 UNAUTHENTICATED: Request had invalid authentication credentials. Expected OAuth 2 access token, login cookie or other valid authentication credential. See https://developers.google.com/identity/sign-in/web/devconsole-project.","level":"\u001b[31merror\u001b[39m","message":"\u001b[31mMultiTenantService.listTenants error:\u001b[39m","stack":"Error: 16 UNAUTHENTICATED: Request had invalid authentication credentials. Expected OAuth 2 access token, login cookie or other valid authentication credential. See https://developers.google.com/identity/sign-in/web/devconsole-project.\n    at callErrorFromStatus (/home/codedex/projects/DeXMart/node_modules/@grpc/grpc-js/src/call.ts:84:17)\n    at Object.onReceiveStatus (/home/codedex/projects/DeXMart/node_modules/@grpc/grpc-js/src/client.ts:612:51)\n    at Object.onReceiveStatus (/home/codedex/projects/DeXMart/node_modules/@grpc/grpc-js/src/client-interceptors.ts:424:48)\n    at /home/codedex/projects/DeXMart/node_modules/@grpc/grpc-js/src/resolving-call.ts:170:24\n    at processTicksAndRejections (node:internal/process/task_queues:85:11)\nfor call at\n    at ServiceClientImpl.makeServerStreamRequest (/home/codedex/projects/DeXMart/node_modules/@grpc/grpc-js/src/client.ts:595:42)\n    at ServiceClientImpl.<anonymous> (/home/codedex/projects/DeXMart/node_modules/@grpc/grpc-js/src/make-client.ts:189:15)\n    at /home/codedex/projects/DeXMart/node_modules/@google-cloud/firestore/build/src/v1/firestore_client.js:242:33\n    at /home/codedex/projects/DeXMart/node_modules/google-gax/src/streamingCalls/streamingApiCaller.ts:59:19\n    at /home/codedex/projects/DeXMart/node_modules/google-gax/src/normalCalls/timeout.ts:54:13\n    at Object.request (/home/codedex/projects/DeXMart/node_modules/google-gax/src/streamingCalls/streaming.ts:331:28)\n    at makeRequest (/home/codedex/projects/DeXMart/node_modules/retry-request/index.js:159:28)\n    at retryRequest (/home/codedex/projects/DeXMart/node_modules/retry-request/index.js:119:5)\n    at StreamProxy.setStream (/home/codedex/projects/DeXMart/node_modules/google-gax/src/streamingCalls/streaming.ts:322:29)\n    at StreamingApiCaller.call (/home/codedex/projects/DeXMart/node_modules/google-gax/src/streamingCalls/streamingApiCaller.ts:89:12)\nCaused by: Error: \n    at QueryUtil._getResponse (/home/codedex/projects/DeXMart/node_modules/@google-cloud/firestore/build/src/reference/query-util.js:44:23)\n    at CollectionReference._getResponse (/home/codedex/projects/DeXMart/node_modules/@google-cloud/firestore/build/src/reference/query.js:784:32)\n    at CollectionReference._get (/home/codedex/projects/DeXMart/node_modules/@google-cloud/firestore/build/src/reference/query.js:777:35)\n    at /home/codedex/projects/DeXMart/node_modules/@google-cloud/firestore/build/src/reference/query.js:745:43\n    at /home/codedex/projects/DeXMart/node_modules/@google-cloud/firestore/build/src/telemetry/enabled-trace-util.js:110:30\n    at NoopContextManager.with (/home/codedex/projects/DeXMart/node_modules/@opentelemetry/api/src/context/NoopContextManager.ts:20:15)\n    at ContextAPI.with (/home/codedex/projects/DeXMart/node_modules/@opentelemetry/api/src/api/context.ts:68:42)\n    at NoopTracer.startActiveSpan (/home/codedex/projects/DeXMart/node_modules/@opentelemetry/api/src/trace/NoopTracer.ts:87:27)\n    at ProxyTracer.startActiveSpan (/home/codedex/projects/DeXMart/node_modules/@opentelemetry/api/src/trace/ProxyTracer.ts:51:20)\n    at EnabledTraceUtil.startActiveSpan (/home/codedex/projects/DeXMart/node_modules/@google-cloud/firestore/build/src/telemetry/enabled-trace-util.js:102:28)","timestamp":"2026-05-30 15:34:49:3449"}
{"level":"\u001b[32minfo\u001b[39m","message":"\u001b[32m[ChannelService] Successfully queued 0 channels for resumption.\u001b[39m","timestamp":"2026-05-30 15:34:49:3449"}
{"duration":522325792,"level":"\u001b[32minfo\u001b[39m","message":"\u001b[32mPerformance: memory_heap_used = 522325792 bytes\u001b[39m","operation":"memory_heap_used","timestamp":"2026-05-30 15:35:05:355","unit":"bytes"}
{"duration":591331328,"level":"\u001b[32minfo\u001b[39m","message":"\u001b[32mPerformance: memory_heap_total = 591331328 bytes\u001b[39m","operation":"memory_heap_total","timestamp":"2026-05-30 15:35:05:355","unit":"bytes"}
{"duration":754667520,"level":"\u001b[32minfo\u001b[39m","message":"\u001b[32mPerformance: memory_rss = 754667520 bytes\u001b[39m","operation":"memory_rss","timestamp":"2026-05-30 15:35:05:355","unit":"bytes"}
{"duration":36882254,"level":"\u001b[32minfo\u001b[39m","message":"\u001b[32mPerformance: memory_external = 36882254 bytes\u001b[39m","operation":"memory_external","timestamp":"2026-05-30 15:35:05:355","unit":"bytes"}
{"duration":92550661,"level":"\u001b[32minfo\u001b[39m","message":"\u001b[32mPerformance: cpu_user_time = 92550661 microseconds\u001b[39m","operation":"cpu_user_time","timestamp":"2026-05-30 15:35:05:355","unit":"microseconds"}
{"duration":7842386,"level":"\u001b[32minfo\u001b[39m","message":"\u001b[32mPerformance: cpu_system_time = 7842386 microseconds\u001b[39m","operation":"cpu_system_time","timestamp":"2026-05-30 15:35:05:355","unit":"microseconds"}
{"duration":210.027276727,"level":"\u001b[32minfo\u001b[39m","message":"\u001b[32mPerformance: process_uptime = 210.027276727 seconds\u001b[39m","operation":"process_uptime","timestamp":"2026-05-30 15:35:05:355","unit":"seconds"}
{"duration":0.363304,"level":"\u001b[32minfo\u001b[39m","message":"\u001b[32mPerformance: event_loop_lag = 0.363304 milliseconds\u001b[39m","operation":"event_loop_lag","timestamp":"2026-05-30 15:35:05:355","unit":"milliseconds"}
{"duration":522455568,"level":"\u001b[32minfo\u001b[39m","message":"\u001b[32mPerformance: memory_heap_used = 522455568 bytes\u001b[39m","operation":"memory_heap_used","timestamp":"2026-05-30 15:35:38:3538","unit":"bytes"}
{"duration":590282752,"level":"\u001b[32minfo\u001b[39m","message":"\u001b[32mPerformance: memory_heap_total = 590282752 bytes\u001b[39m","operation":"memory_heap_total","timestamp":"2026-05-30 15:35:38:3538","unit":"bytes"}
{"duration":754667520,"level":"\u001b[32minfo\u001b[39m","message":"\u001b[32mPerformance: memory_rss = 754667520 bytes\u001b[39m","operation":"memory_rss","timestamp":"2026-05-30 15:35:38:3538","unit":"bytes"}
{"duration":36898532,"level":"\u001b[32minfo\u001b[39m","message":"\u001b[32mPerformance: memory_external = 36898532 bytes\u001b[39m","operation":"memory_external","timestamp":"2026-05-30 15:35:38:3538","unit":"bytes"}
{"duration":92589755,"level":"\u001b[32minfo\u001b[39m","message":"\u001b[32mPerformance: cpu_user_time = 92589755 microseconds\u001b[39m","operation":"cpu_user_time","timestamp":"2026-05-30 15:35:38:3538","unit":"microseconds"}
{"duration":7855119,"level":"\u001b[32minfo\u001b[39m","message":"\u001b[32mPerformance: cpu_system_time = 7855119 microseconds\u001b[39m","operation":"cpu_system_time","timestamp":"2026-05-30 15:35:38:3538","unit":"microseconds"}
{"duration":240.028502024,"level":"\u001b[32minfo\u001b[39m","message":"\u001b[32mPerformance: process_uptime = 240.028502024 seconds\u001b[39m","operation":"process_uptime","timestamp":"2026-05-30 15:35:38:3538","unit":"seconds"}
{"duration":0.308255,"level":"\u001b[32minfo\u001b[39m","message":"\u001b[32mPerformance: event_loop_lag = 0.308255 milliseconds\u001b[39m","operation":"event_loop_lag","timestamp":"2026-05-30 15:35:38:3538","unit":"milliseconds"}
{"level":"\u001b[32minfo\u001b[39m","message":"\u001b[32m>>> [MASTERMIND] Resuming all active channels...\u001b[39m","timestamp":"2026-05-30 15:35:55:3555"}
{"error":"16 UNAUTHENTICATED: Request had invalid authentication credentials. Expected OAuth 2 access token, login cookie or other valid authentication credential. See https://developers.google.com/identity/sign-in/web/devconsole-project.","level":"\u001b[31merror\u001b[39m","message":"\u001b[31mFirestore getCollection error [tenants] (Tenant: undefined):\u001b[39m","stack":"Error: 16 UNAUTHENTICATED: Request had invalid authentication credentials. Expected OAuth 2 access token, login cookie or other valid authentication credential. See https://developers.google.com/identity/sign-in/web/devconsole-project.\n    at callErrorFromStatus (/home/codedex/projects/DeXMart/node_modules/@grpc/grpc-js/src/call.ts:84:17)\n    at Object.onReceiveStatus (/home/codedex/projects/DeXMart/node_modules/@grpc/grpc-js/src/client.ts:612:51)\n    at Object.onReceiveStatus (/home/codedex/projects/DeXMart/node_modules/@grpc/grpc-js/src/client-interceptors.ts:424:48)\n    at /home/codedex/projects/DeXMart/node_modules/@grpc/grpc-js/src/resolving-call.ts:170:24\n    at processTicksAndRejections (node:internal/process/task_queues:85:11)\nfor call at\n    at ServiceClientImpl.makeServerStreamRequest (/home/codedex/projects/DeXMart/node_modules/@grpc/grpc-js/src/client.ts:595:42)\n    at ServiceClientImpl.<anonymous> (/home/codedex/projects/DeXMart/node_modules/@grpc/grpc-js/src/make-client.ts:189:15)\n    at /home/codedex/projects/DeXMart/node_modules/@google-cloud/firestore/build/src/v1/firestore_client.js:242:33\n    at /home/codedex/projects/DeXMart/node_modules/google-gax/src/streamingCalls/streamingApiCaller.ts:59:19\n    at /home/codedex/projects/DeXMart/node_modules/google-gax/src/normalCalls/timeout.ts:54:13\n    at Object.request (/home/codedex/projects/DeXMart/node_modules/google-gax/src/streamingCalls/streaming.ts:331:28)\n    at makeRequest (/home/codedex/projects/DeXMart/node_modules/retry-request/index.js:159:28)\n    at retryRequest (/home/codedex/projects/DeXMart/node_modules/retry-request/index.js:119:5)\n    at StreamProxy.setStream (/home/codedex/projects/DeXMart/node_modules/google-gax/src/streamingCalls/streaming.ts:322:29)\n    at StreamingApiCaller.call (/home/codedex/projects/DeXMart/node_modules/google-gax/src/streamingCalls/streamingApiCaller.ts:89:12)\nCaused by: Error: \n    at QueryUtil._getResponse (/home/codedex/projects/DeXMart/node_modules/@google-cloud/firestore/build/src/reference/query-util.js:44:23)\n    at CollectionReference._getResponse (/home/codedex/projects/DeXMart/node_modules/@google-cloud/firestore/build/src/reference/query.js:784:32)\n    at CollectionReference._get (/home/codedex/projects/DeXMart/node_modules/@google-cloud/firestore/build/src/reference/query.js:777:35)\n    at /home/codedex/projects/DeXMart/node_modules/@google-cloud/firestore/build/src/reference/query.js:745:43\n    at /home/codedex/projects/DeXMart/node_modules/@google-cloud/firestore/build/src/telemetry/enabled-trace-util.js:110:30\n    at NoopContextManager.with (/home/codedex/projects/DeXMart/node_modules/@opentelemetry/api/src/context/NoopContextManager.ts:20:15)\n    at ContextAPI.with (/home/codedex/projects/DeXMart/node_modules/@opentelemetry/api/src/api/context.ts:68:42)\n    at NoopTracer.startActiveSpan (/home/codedex/projects/DeXMart/node_modules/@opentelemetry/api/src/trace/NoopTracer.ts:87:27)\n    at ProxyTracer.startActiveSpan (/home/codedex/projects/DeXMart/node_modules/@opentelemetry/api/src/trace/ProxyTracer.ts:51:20)\n    at EnabledTraceUtil.startActiveSpan (/home/codedex/projects/DeXMart/node_modules/@google-cloud/firestore/build/src/telemetry/enabled-trace-util.js:102:28)","timestamp":"2026-05-30 15:35:55:3555"}
{"error":"16 UNAUTHENTICATED: Request had invalid authentication credentials. Expected OAuth 2 access token, login cookie or other valid authentication credential. See https://developers.google.com/identity/sign-in/web/devconsole-project.","level":"\u001b[31merror\u001b[39m","message":"\u001b[31mMultiTenantService.listTenants error:\u001b[39m","stack":"Error: 16 UNAUTHENTICATED: Request had invalid authentication credentials. Expected OAuth 2 access token, login cookie or other valid authentication credential. See https://developers.google.com/identity/sign-in/web/devconsole-project.\n    at callErrorFromStatus (/home/codedex/projects/DeXMart/node_modules/@grpc/grpc-js/src/call.ts:84:17)\n    at Object.onReceiveStatus (/home/codedex/projects/DeXMart/node_modules/@grpc/grpc-js/src/client.ts:612:51)\n    at Object.onReceiveStatus (/home/codedex/projects/DeXMart/node_modules/@grpc/grpc-js/src/client-interceptors.ts:424:48)\n    at /home/codedex/projects/DeXMart/node_modules/@grpc/grpc-js/src/resolving-call.ts:170:24\n    at processTicksAndRejections (node:internal/process/task_queues:85:11)\nfor call at\n    at ServiceClientImpl.makeServerStreamRequest (/home/codedex/projects/DeXMart/node_modules/@grpc/grpc-js/src/client.ts:595:42)\n    at ServiceClientImpl.<anonymous> (/home/codedex/projects/DeXMart/node_modules/@grpc/grpc-js/src/make-client.ts:189:15)\n    at /home/codedex/projects/DeXMart/node_modules/@google-cloud/firestore/build/src/v1/firestore_client.js:242:33\n    at /home/codedex/projects/DeXMart/node_modules/google-gax/src/streamingCalls/streamingApiCaller.ts:59:19\n    at /home/codedex/projects/DeXMart/node_modules/google-gax/src/normalCalls/timeout.ts:54:13\n    at Object.request (/home/codedex/projects/DeXMart/node_modules/google-gax/src/streamingCalls/streaming.ts:331:28)\n    at makeRequest (/home/codedex/projects/DeXMart/node_modules/retry-request/index.js:159:28)\n    at retryRequest (/home/codedex/projects/DeXMart/node_modules/retry-request/index.js:119:5)\n    at StreamProxy.setStream (/home/codedex/projects/DeXMart/node_modules/google-gax/src/streamingCalls/streaming.ts:322:29)\n    at StreamingApiCaller.call (/home/codedex/projects/DeXMart/node_modules/google-gax/src/streamingCalls/streamingApiCaller.ts:89:12)\nCaused by: Error: \n    at QueryUtil._getResponse (/home/codedex/projects/DeXMart/node_modules/@google-cloud/firestore/build/src/reference/query-util.js:44:23)\n    at CollectionReference._getResponse (/home/codedex/projects/DeXMart/node_modules/@google-cloud/firestore/build/src/reference/query.js:784:32)\n    at CollectionReference._get (/home/codedex/projects/DeXMart/node_modules/@google-cloud/firestore/build/src/reference/query.js:777:35)\n    at /home/codedex/projects/DeXMart/node_modules/@google-cloud/firestore/build/src/reference/query.js:745:43\n    at /home/codedex/projects/DeXMart/node_modules/@google-cloud/firestore/build/src/telemetry/enabled-trace-util.js:110:30\n    at NoopContextManager.with (/home/codedex/projects/DeXMart/node_modules/@opentelemetry/api/src/context/NoopContextManager.ts:20:15)\n    at ContextAPI.with (/home/codedex/projects/DeXMart/node_modules/@opentelemetry/api/src/api/context.ts:68:42)\n    at NoopTracer.startActiveSpan (/home/codedex/projects/DeXMart/node_modules/@opentelemetry/api/src/trace/NoopTracer.ts:87:27)\n    at ProxyTracer.startActiveSpan (/home/codedex/projects/DeXMart/node_modules/@opentelemetry/api/src/trace/ProxyTracer.ts:51:20)\n    at EnabledTraceUtil.startActiveSpan (/home/codedex/projects/DeXMart/node_modules/@google-cloud/firestore/build/src/telemetry/enabled-trace-util.js:102:28)","timestamp":"2026-05-30 15:35:55:3555"}
{"level":"\u001b[32minfo\u001b[39m","message":"\u001b[32m[ChannelService] Successfully queued 0 channels for resumption.\u001b[39m","timestamp":"2026-05-30 15:35:55:3555"}
{"duration":523443824,"level":"\u001b[32minfo\u001b[39m","message":"\u001b[32mPerformance: memory_heap_used = 523443824 bytes\u001b[39m","operation":"memory_heap_used","timestamp":"2026-05-30 15:36:11:3611","unit":"bytes"}
{"duration":593428480,"level":"\u001b[32minfo\u001b[39m","message":"\u001b[32mPerformance: memory_heap_total = 593428480 bytes\u001b[39m","operation":"memory_heap_total","timestamp":"2026-05-30 15:36:11:3611","unit":"bytes"}
{"duration":754667520,"level":"\u001b[32minfo\u001b[39m","message":"\u001b[32mPerformance: memory_rss = 754667520 bytes\u001b[39m","operation":"memory_rss","timestamp":"2026-05-30 15:36:11:3611","unit":"bytes"}
{"duration":36924470,"level":"\u001b[32minfo\u001b[39m","message":"\u001b[32mPerformance: memory_external = 36924470 bytes\u001b[39m","operation":"memory_external","timestamp":"2026-05-30 15:36:11:3611","unit":"bytes"}
{"duration":92630403,"level":"\u001b[32minfo\u001b[39m","message":"\u001b[32mPerformance: cpu_user_time = 92630403 microseconds\u001b[39m","operation":"cpu_user_time","timestamp":"2026-05-30 15:36:11:3611","unit":"microseconds"}
{"duration":7873392,"level":"\u001b[32minfo\u001b[39m","message":"\u001b[32mPerformance: cpu_system_time = 7873392 microseconds\u001b[39m","operation":"cpu_system_time","timestamp":"2026-05-30 15:36:11:3611","unit":"microseconds"}
{"duration":270.026976445,"level":"\u001b[32minfo\u001b[39m","message":"\u001b[32mPerformance: process_uptime = 270.026976445 seconds\u001b[39m","operation":"process_uptime","timestamp":"2026-05-30 15:36:11:3611","unit":"seconds"}
{"duration":0.245417,"level":"\u001b[32minfo\u001b[39m","message":"\u001b[32mPerformance: event_loop_lag = 0.245417 milliseconds\u001b[39m","operation":"event_loop_lag","timestamp":"2026-05-30 15:36:11:3611","unit":"milliseconds"}
{"level":"\u001b[32minfo\u001b[39m","message":"\u001b[32m✅ Environment variables validated via Zod\u001b[39m","timestamp":"2026-05-30 15:36:12:3612"}
{"level":"\u001b[33mwarn\u001b[39m","message":"\u001b[33m⚠️ JWT_SECRET is missing or using default value! Tokens will be signed with an insecure key.\u001b[39m","timestamp":"2026-05-30 15:36:12:3612"}
{"level":"\u001b[32minfo\u001b[39m","message":"\u001b[32m🔗 Constructed internal REDIS_URL from host and port configuration\u001b[39m","timestamp":"2026-05-30 15:36:12:3612"}
{"level":"\u001b[32minfo\u001b[39m","message":"\u001b[32m✅ Configuration validation passed\u001b[39m","timestamp":"2026-05-30 15:36:12:3612"}
{"level":"\u001b[32minfo\u001b[39m","message":"\u001b[32mConfigService initialized as wrapper for ConfigManager\u001b[39m","timestamp":"2026-05-30 15:36:12:3612"}
{"level":"\u001b[32minfo\u001b[39m","message":"\u001b[32mFirebase Config: path=service-account.json, projectId=undefined, hasEmail=false, hasKey=false\u001b[39m","timestamp":"2026-05-30 15:36:12:3612"}
{"level":"\u001b[32minfo\u001b[39m","message":"\u001b[32mLoading service account from: service-account.json\u001b[39m","timestamp":"2026-05-30 15:36:12:3612"}
{"level":"\u001b[32minfo\u001b[39m","message":"\u001b[32mUsing service account for project: dexmart\u001b[39m","timestamp":"2026-05-30 15:36:12:3612"}
{"level":"\u001b[32minfo\u001b[39m","message":"\u001b[32mInitializing Firebase Admin...\u001b[39m","timestamp":"2026-05-30 15:36:12:3612"}
{"level":"\u001b[32minfo\u001b[39m","message":"\u001b[32m🔥 Firebase Admin Initialized (Project: dexmart)\u001b[39m","timestamp":"2026-05-30 15:36:12:3612"}
{"duration":523595544,"level":"\u001b[32minfo\u001b[39m","message":"\u001b[32mPerformance: memory_heap_used = 523595544 bytes\u001b[39m","operation":"memory_heap_used","timestamp":"2026-05-30 15:36:44:3644","unit":"bytes"}
{"duration":590282752,"level":"\u001b[32minfo\u001b[39m","message":"\u001b[32mPerformance: memory_heap_total = 590282752 bytes\u001b[39m","operation":"memory_heap_total","timestamp":"2026-05-30 15:36:44:3644","unit":"bytes"}
{"duration":754798592,"level":"\u001b[32minfo\u001b[39m","message":"\u001b[32mPerformance: memory_rss = 754798592 bytes\u001b[39m","operation":"memory_rss","timestamp":"2026-05-30 15:36:44:3644","unit":"bytes"}
{"duration":36916247,"level":"\u001b[32minfo\u001b[39m","message":"\u001b[32mPerformance: memory_external = 36916247 bytes\u001b[39m","operation":"memory_external","timestamp":"2026-05-30 15:36:44:3644","unit":"bytes"}
{"duration":92642781,"level":"\u001b[32minfo\u001b[39m","message":"\u001b[32mPerformance: cpu_user_time = 92642781 microseconds\u001b[39m","operation":"cpu_user_time","timestamp":"2026-05-30 15:36:44:3644","unit":"microseconds"}
{"duration":7907080,"level":"\u001b[32minfo\u001b[39m","message":"\u001b[32mPerformance: cpu_system_time = 7907080 microseconds\u001b[39m","operation":"cpu_system_time","timestamp":"2026-05-30 15:36:44:3644","unit":"microseconds"}
{"duration":300.027679551,"level":"\u001b[32minfo\u001b[39m","message":"\u001b[32mPerformance: process_uptime = 300.027679551 seconds\u001b[39m","operation":"process_uptime","timestamp":"2026-05-30 15:36:44:3644","unit":"seconds"}
{"duration":0.284955,"level":"\u001b[32minfo\u001b[39m","message":"\u001b[32mPerformance: event_loop_lag = 0.284955 milliseconds\u001b[39m","operation":"event_loop_lag","timestamp":"2026-05-30 15:36:44:3644","unit":"milliseconds"}
{"level":"\u001b[32minfo\u001b[39m","message":"\u001b[32m>>> [MASTERMIND] Resuming all active channels...\u001b[39m","timestamp":"2026-05-30 15:36:58:3658"}
{"error":"16 UNAUTHENTICATED: Request had invalid authentication credentials. Expected OAuth 2 access token, login cookie or other valid authentication credential. See https://developers.google.com/identity/sign-in/web/devconsole-project.","level":"\u001b[31merror\u001b[39m","message":"\u001b[31mFirestore getCollection error [tenants] (Tenant: undefined):\u001b[39m","stack":"Error: 16 UNAUTHENTICATED: Request had invalid authentication credentials. Expected OAuth 2 access token, login cookie or other valid authentication credential. See https://developers.google.com/identity/sign-in/web/devconsole-project.\n    at callErrorFromStatus (/home/codedex/projects/DeXMart/node_modules/@grpc/grpc-js/src/call.ts:84:17)\n    at Object.onReceiveStatus (/home/codedex/projects/DeXMart/node_modules/@grpc/grpc-js/src/client.ts:612:51)\n    at Object.onReceiveStatus (/home/codedex/projects/DeXMart/node_modules/@grpc/grpc-js/src/client-interceptors.ts:424:48)\n    at /home/codedex/projects/DeXMart/node_modules/@grpc/grpc-js/src/resolving-call.ts:170:24\n    at processTicksAndRejections (node:internal/process/task_queues:85:11)\nfor call at\n    at ServiceClientImpl.makeServerStreamRequest (/home/codedex/projects/DeXMart/node_modules/@grpc/grpc-js/src/client.ts:595:42)\n    at ServiceClientImpl.<anonymous> (/home/codedex/projects/DeXMart/node_modules/@grpc/grpc-js/src/make-client.ts:189:15)\n    at /home/codedex/projects/DeXMart/node_modules/@google-cloud/firestore/build/src/v1/firestore_client.js:242:33\n    at /home/codedex/projects/DeXMart/node_modules/google-gax/src/streamingCalls/streamingApiCaller.ts:59:19\n    at /home/codedex/projects/DeXMart/node_modules/google-gax/src/normalCalls/timeout.ts:54:13\n    at Object.request (/home/codedex/projects/DeXMart/node_modules/google-gax/src/streamingCalls/streaming.ts:331:28)\n    at makeRequest (/home/codedex/projects/DeXMart/node_modules/retry-request/index.js:159:28)\n    at retryRequest (/home/codedex/projects/DeXMart/node_modules/retry-request/index.js:119:5)\n    at StreamProxy.setStream (/home/codedex/projects/DeXMart/node_modules/google-gax/src/streamingCalls/streaming.ts:322:29)\n    at StreamingApiCaller.call (/home/codedex/projects/DeXMart/node_modules/google-gax/src/streamingCalls/streamingApiCaller.ts:89:12)\nCaused by: Error: \n    at QueryUtil._getResponse (/home/codedex/projects/DeXMart/node_modules/@google-cloud/firestore/build/src/reference/query-util.js:44:23)\n    at CollectionReference._getResponse (/home/codedex/projects/DeXMart/node_modules/@google-cloud/firestore/build/src/reference/query.js:784:32)\n    at CollectionReference._get (/home/codedex/projects/DeXMart/node_modules/@google-cloud/firestore/build/src/reference/query.js:777:35)\n    at /home/codedex/projects/DeXMart/node_modules/@google-cloud/firestore/build/src/reference/query.js:745:43\n    at /home/codedex/projects/DeXMart/node_modules/@google-cloud/firestore/build/src/telemetry/enabled-trace-util.js:110:30\n    at NoopContextManager.with (/home/codedex/projects/DeXMart/node_modules/@opentelemetry/api/src/context/NoopContextManager.ts:20:15)\n    at ContextAPI.with (/home/codedex/projects/DeXMart/node_modules/@opentelemetry/api/src/api/context.ts:68:42)\n    at NoopTracer.startActiveSpan (/home/codedex/projects/DeXMart/node_modules/@opentelemetry/api/src/trace/NoopTracer.ts:87:27)\n    at ProxyTracer.startActiveSpan (/home/codedex/projects/DeXMart/node_modules/@opentelemetry/api/src/trace/ProxyTracer.ts:51:20)\n    at EnabledTraceUtil.startActiveSpan (/home/codedex/projects/DeXMart/node_modules/@google-cloud/firestore/build/src/telemetry/enabled-trace-util.js:102:28)","timestamp":"2026-05-30 15:36:58:3658"}
{"error":"16 UNAUTHENTICATED: Request had invalid authentication credentials. Expected OAuth 2 access token, login cookie or other valid authentication credential. See https://developers.google.com/identity/sign-in/web/devconsole-project.","level":"\u001b[31merror\u001b[39m","message":"\u001b[31mMultiTenantService.listTenants error:\u001b[39m","stack":"Error: 16 UNAUTHENTICATED: Request had invalid authentication credentials. Expected OAuth 2 access token, login cookie or other valid authentication credential. See https://developers.google.com/identity/sign-in/web/devconsole-project.\n    at callErrorFromStatus (/home/codedex/projects/DeXMart/node_modules/@grpc/grpc-js/src/call.ts:84:17)\n    at Object.onReceiveStatus (/home/codedex/projects/DeXMart/node_modules/@grpc/grpc-js/src/client.ts:612:51)\n    at Object.onReceiveStatus (/home/codedex/projects/DeXMart/node_modules/@grpc/grpc-js/src/client-interceptors.ts:424:48)\n    at /home/codedex/projects/DeXMart/node_modules/@grpc/grpc-js/src/resolving-call.ts:170:24\n    at processTicksAndRejections (node:internal/process/task_queues:85:11)\nfor call at\n    at ServiceClientImpl.makeServerStreamRequest (/home/codedex/projects/DeXMart/node_modules/@grpc/grpc-js/src/client.ts:595:42)\n    at ServiceClientImpl.<anonymous> (/home/codedex/projects/DeXMart/node_modules/@grpc/grpc-js/src/make-client.ts:189:15)\n    at /home/codedex/projects/DeXMart/node_modules/@google-cloud/firestore/build/src/v1/firestore_client.js:242:33\n    at /home/codedex/projects/DeXMart/node_modules/google-gax/src/streamingCalls/streamingApiCaller.ts:59:19\n    at /home/codedex/projects/DeXMart/node_modules/google-gax/src/normalCalls/timeout.ts:54:13\n    at Object.request (/home/codedex/projects/DeXMart/node_modules/google-gax/src/streamingCalls/streaming.ts:331:28)\n    at makeRequest (/home/codedex/projects/DeXMart/node_modules/retry-request/index.js:159:28)\n    at retryRequest (/home/codedex/projects/DeXMart/node_modules/retry-request/index.js:119:5)\n    at StreamProxy.setStream (/home/codedex/projects/DeXMart/node_modules/google-gax/src/streamingCalls/streaming.ts:322:29)\n    at StreamingApiCaller.call (/home/codedex/projects/DeXMart/node_modules/google-gax/src/streamingCalls/streamingApiCaller.ts:89:12)\nCaused by: Error: \n    at QueryUtil._getResponse (/home/codedex/projects/DeXMart/node_modules/@google-cloud/firestore/build/src/reference/query-util.js:44:23)\n    at CollectionReference._getResponse (/home/codedex/projects/DeXMart/node_modules/@google-cloud/firestore/build/src/reference/query.js:784:32)\n    at CollectionReference._get (/home/codedex/projects/DeXMart/node_modules/@google-cloud/firestore/build/src/reference/query.js:777:35)\n    at /home/codedex/projects/DeXMart/node_modules/@google-cloud/firestore/build/src/reference/query.js:745:43\n    at /home/codedex/projects/DeXMart/node_modules/@google-cloud/firestore/build/src/telemetry/enabled-trace-util.js:110:30\n    at NoopContextManager.with (/home/codedex/projects/DeXMart/node_modules/@opentelemetry/api/src/context/NoopContextManager.ts:20:15)\n    at ContextAPI.with (/home/codedex/projects/DeXMart/node_modules/@opentelemetry/api/src/api/context.ts:68:42)\n    at NoopTracer.startActiveSpan (/home/codedex/projects/DeXMart/node_modules/@opentelemetry/api/src/trace/NoopTracer.ts:87:27)\n    at ProxyTracer.startActiveSpan (/home/codedex/projects/DeXMart/node_modules/@opentelemetry/api/src/trace/ProxyTracer.ts:51:20)\n    at EnabledTraceUtil.startActiveSpan (/home/codedex/projects/DeXMart/node_modules/@google-cloud/firestore/build/src/telemetry/enabled-trace-util.js:102:28)","timestamp":"2026-05-30 15:36:58:3658"}
{"level":"\u001b[32minfo\u001b[39m","message":"\u001b[32m[ChannelService] Successfully queued 0 channels for resumption.\u001b[39m","timestamp":"2026-05-30 15:36:58:3658"}
{"duration":524156552,"level":"\u001b[32minfo\u001b[39m","message":"\u001b[32mPerformance: memory_heap_used = 524156552 bytes\u001b[39m","operation":"memory_heap_used","timestamp":"2026-05-30 15:37:17:3717","unit":"bytes"}
{"duration":590544896,"level":"\u001b[32minfo\u001b[39m","message":"\u001b[32mPerformance: memory_heap_total = 590544896 bytes\u001b[39m","operation":"memory_heap_total","timestamp":"2026-05-30 15:37:17:3717","unit":"bytes"}
{"duration":755060736,"level":"\u001b[32minfo\u001b[39m","message":"\u001b[32mPerformance: memory_rss = 755060736 bytes\u001b[39m","operation":"memory_rss","timestamp":"2026-05-30 15:37:17:3717","unit":"bytes"}
{"duration":36915924,"level":"\u001b[32minfo\u001b[39m","message":"\u001b[32mPerformance: memory_external = 36915924 bytes\u001b[39m","operation":"memory_external","timestamp":"2026-05-30 15:37:17:3717","unit":"bytes"}
{"duration":92672793,"level":"\u001b[32minfo\u001b[39m","message":"\u001b[32mPerformance: cpu_user_time = 92672793 microseconds\u001b[39m","operation":"cpu_user_time","timestamp":"2026-05-30 15:37:17:3717","unit":"microseconds"}
{"duration":7937881,"level":"\u001b[32minfo\u001b[39m","message":"\u001b[32mPerformance: cpu_system_time = 7937881 microseconds\u001b[39m","operation":"cpu_system_time","timestamp":"2026-05-30 15:37:17:3717","unit":"microseconds"}
{"duration":330.027830375,"level":"\u001b[32minfo\u001b[39m","message":"\u001b[32mPerformance: process_uptime = 330.027830375 seconds\u001b[39m","operation":"process_uptime","timestamp":"2026-05-30 15:37:17:3717","unit":"seconds"}
{"duration":0.297325,"level":"\u001b[32minfo\u001b[39m","message":"\u001b[32mPerformance: event_loop_lag = 0.297325 milliseconds\u001b[39m","operation":"event_loop_lag","timestamp":"2026-05-30 15:37:17:3717","unit":"milliseconds"}
{"duration":524177664,"level":"\u001b[32minfo\u001b[39m","message":"\u001b[32mPerformance: memory_heap_used = 524177664 bytes\u001b[39m","operation":"memory_heap_used","timestamp":"2026-05-30 15:37:50:3750","unit":"bytes"}
{"duration":590544896,"level":"\u001b[32minfo\u001b[39m","message":"\u001b[32mPerformance: memory_heap_total = 590544896 bytes\u001b[39m","operation":"memory_heap_total","timestamp":"2026-05-30 15:37:50:3750","unit":"bytes"}
{"duration":755060736,"level":"\u001b[32minfo\u001b[39m","message":"\u001b[32mPerformance: memory_rss = 755060736 bytes\u001b[39m","operation":"memory_rss","timestamp":"2026-05-30 15:37:50:3750","unit":"bytes"}
{"duration":36948406,"level":"\u001b[32minfo\u001b[39m","message":"\u001b[32mPerformance: memory_external = 36948406 bytes\u001b[39m","operation":"memory_external","timestamp":"2026-05-30 15:37:50:3750","unit":"bytes"}
{"duration":92700013,"level":"\u001b[32minfo\u001b[39m","message":"\u001b[32mPerformance: cpu_user_time = 92700013 microseconds\u001b[39m","operation":"cpu_user_time","timestamp":"2026-05-30 15:37:50:3750","unit":"microseconds"}
{"duration":7957955,"level":"\u001b[32minfo\u001b[39m","message":"\u001b[32mPerformance: cpu_system_time = 7957955 microseconds\u001b[39m","operation":"cpu_system_time","timestamp":"2026-05-30 15:37:50:3750","unit":"microseconds"}
{"duration":360.029342341,"level":"\u001b[32minfo\u001b[39m","message":"\u001b[32mPerformance: process_uptime = 360.029342341 seconds\u001b[39m","operation":"process_uptime","timestamp":"2026-05-30 15:37:50:3750","unit":"seconds"}
{"duration":0.267229,"level":"\u001b[32minfo\u001b[39m","message":"\u001b[32mPerformance: event_loop_lag = 0.267229 milliseconds\u001b[39m","operation":"event_loop_lag","timestamp":"2026-05-30 15:37:50:3750","unit":"milliseconds"}
{"level":"\u001b[32minfo\u001b[39m","message":"\u001b[32m>>> [MASTERMIND] Resuming all active channels...\u001b[39m","timestamp":"2026-05-30 15:38:04:384"}
{"error":"16 UNAUTHENTICATED: Request had invalid authentication credentials. Expected OAuth 2 access token, login cookie or other valid authentication credential. See https://developers.google.com/identity/sign-in/web/devconsole-project.","level":"\u001b[31merror\u001b[39m","message":"\u001b[31mFirestore getCollection error [tenants] (Tenant: undefined):\u001b[39m","stack":"Error: 16 UNAUTHENTICATED: Request had invalid authentication credentials. Expected OAuth 2 access token, login cookie or other valid authentication credential. See https://developers.google.com/identity/sign-in/web/devconsole-project.\n    at callErrorFromStatus (/home/codedex/projects/DeXMart/node_modules/@grpc/grpc-js/src/call.ts:84:17)\n    at Object.onReceiveStatus (/home/codedex/projects/DeXMart/node_modules/@grpc/grpc-js/src/client.ts:612:51)\n    at Object.onReceiveStatus (/home/codedex/projects/DeXMart/node_modules/@grpc/grpc-js/src/client-interceptors.ts:424:48)\n    at /home/codedex/projects/DeXMart/node_modules/@grpc/grpc-js/src/resolving-call.ts:170:24\n    at processTicksAndRejections (node:internal/process/task_queues:85:11)\nfor call at\n    at ServiceClientImpl.makeServerStreamRequest (/home/codedex/projects/DeXMart/node_modules/@grpc/grpc-js/src/client.ts:595:42)\n    at ServiceClientImpl.<anonymous> (/home/codedex/projects/DeXMart/node_modules/@grpc/grpc-js/src/make-client.ts:189:15)\n    at /home/codedex/projects/DeXMart/node_modules/@google-cloud/firestore/build/src/v1/firestore_client.js:242:33\n    at /home/codedex/projects/DeXMart/node_modules/google-gax/src/streamingCalls/streamingApiCaller.ts:59:19\n    at /home/codedex/projects/DeXMart/node_modules/google-gax/src/normalCalls/timeout.ts:54:13\n    at Object.request (/home/codedex/projects/DeXMart/node_modules/google-gax/src/streamingCalls/streaming.ts:331:28)\n    at makeRequest (/home/codedex/projects/DeXMart/node_modules/retry-request/index.js:159:28)\n    at retryRequest (/home/codedex/projects/DeXMart/node_modules/retry-request/index.js:119:5)\n    at StreamProxy.setStream (/home/codedex/projects/DeXMart/node_modules/google-gax/src/streamingCalls/streaming.ts:322:29)\n    at StreamingApiCaller.call (/home/codedex/projects/DeXMart/node_modules/google-gax/src/streamingCalls/streamingApiCaller.ts:89:12)\nCaused by: Error: \n    at QueryUtil._getResponse (/home/codedex/projects/DeXMart/node_modules/@google-cloud/firestore/build/src/reference/query-util.js:44:23)\n    at CollectionReference._getResponse (/home/codedex/projects/DeXMart/node_modules/@google-cloud/firestore/build/src/reference/query.js:784:32)\n    at CollectionReference._get (/home/codedex/projects/DeXMart/node_modules/@google-cloud/firestore/build/src/reference/query.js:777:35)\n    at /home/codedex/projects/DeXMart/node_modules/@google-cloud/firestore/build/src/reference/query.js:745:43\n    at /home/codedex/projects/DeXMart/node_modules/@google-cloud/firestore/build/src/telemetry/enabled-trace-util.js:110:30\n    at NoopContextManager.with (/home/codedex/projects/DeXMart/node_modules/@opentelemetry/api/src/context/NoopContextManager.ts:20:15)\n    at ContextAPI.with (/home/codedex/projects/DeXMart/node_modules/@opentelemetry/api/src/api/context.ts:68:42)\n    at NoopTracer.startActiveSpan (/home/codedex/projects/DeXMart/node_modules/@opentelemetry/api/src/trace/NoopTracer.ts:87:27)\n    at ProxyTracer.startActiveSpan (/home/codedex/projects/DeXMart/node_modules/@opentelemetry/api/src/trace/ProxyTracer.ts:51:20)\n    at EnabledTraceUtil.startActiveSpan (/home/codedex/projects/DeXMart/node_modules/@google-cloud/firestore/build/src/telemetry/enabled-trace-util.js:102:28)","timestamp":"2026-05-30 15:38:04:384"}
{"error":"16 UNAUTHENTICATED: Request had invalid authentication credentials. Expected OAuth 2 access token, login cookie or other valid authentication credential. See https://developers.google.com/identity/sign-in/web/devconsole-project.","level":"\u001b[31merror\u001b[39m","message":"\u001b[31mMultiTenantService.listTenants error:\u001b[39m","stack":"Error: 16 UNAUTHENTICATED: Request had invalid authentication credentials. Expected OAuth 2 access token, login cookie or other valid authentication credential. See https://developers.google.com/identity/sign-in/web/devconsole-project.\n    at callErrorFromStatus (/home/codedex/projects/DeXMart/node_modules/@grpc/grpc-js/src/call.ts:84:17)\n    at Object.onReceiveStatus (/home/codedex/projects/DeXMart/node_modules/@grpc/grpc-js/src/client.ts:612:51)\n    at Object.onReceiveStatus (/home/codedex/projects/DeXMart/node_modules/@grpc/grpc-js/src/client-interceptors.ts:424:48)\n    at /home/codedex/projects/DeXMart/node_modules/@grpc/grpc-js/src/resolving-call.ts:170:24\n    at processTicksAndRejections (node:internal/process/task_queues:85:11)\nfor call at\n    at ServiceClientImpl.makeServerStreamRequest (/home/codedex/projects/DeXMart/node_modules/@grpc/grpc-js/src/client.ts:595:42)\n    at ServiceClientImpl.<anonymous> (/home/codedex/projects/DeXMart/node_modules/@grpc/grpc-js/src/make-client.ts:189:15)\n    at /home/codedex/projects/DeXMart/node_modules/@google-cloud/firestore/build/src/v1/firestore_client.js:242:33\n    at /home/codedex/projects/DeXMart/node_modules/google-gax/src/streamingCalls/streamingApiCaller.ts:59:19\n    at /home/codedex/projects/DeXMart/node_modules/google-gax/src/normalCalls/timeout.ts:54:13\n    at Object.request (/home/codedex/projects/DeXMart/node_modules/google-gax/src/streamingCalls/streaming.ts:331:28)\n    at makeRequest (/home/codedex/projects/DeXMart/node_modules/retry-request/index.js:159:28)\n    at retryRequest (/home/codedex/projects/DeXMart/node_modules/retry-request/index.js:119:5)\n    at StreamProxy.setStream (/home/codedex/projects/DeXMart/node_modules/google-gax/src/streamingCalls/streaming.ts:322:29)\n    at StreamingApiCaller.call (/home/codedex/projects/DeXMart/node_modules/google-gax/src/streamingCalls/streamingApiCaller.ts:89:12)\nCaused by: Error: \n    at QueryUtil._getResponse (/home/codedex/projects/DeXMart/node_modules/@google-cloud/firestore/build/src/reference/query-util.js:44:23)\n    at CollectionReference._getResponse (/home/codedex/projects/DeXMart/node_modules/@google-cloud/firestore/build/src/reference/query.js:784:32)\n    at CollectionReference._get (/home/codedex/projects/DeXMart/node_modules/@google-cloud/firestore/build/src/reference/query.js:777:35)\n    at /home/codedex/projects/DeXMart/node_modules/@google-cloud/firestore/build/src/reference/query.js:745:43\n    at /home/codedex/projects/DeXMart/node_modules/@google-cloud/firestore/build/src/telemetry/enabled-trace-util.js:110:30\n    at NoopContextManager.with (/home/codedex/projects/DeXMart/node_modules/@opentelemetry/api/src/context/NoopContextManager.ts:20:15)\n    at ContextAPI.with (/home/codedex/projects/DeXMart/node_modules/@opentelemetry/api/src/api/context.ts:68:42)\n    at NoopTracer.startActiveSpan (/home/codedex/projects/DeXMart/node_modules/@opentelemetry/api/src/trace/NoopTracer.ts:87:27)\n    at ProxyTracer.startActiveSpan (/home/codedex/projects/DeXMart/node_modules/@opentelemetry/api/src/trace/ProxyTracer.ts:51:20)\n    at EnabledTraceUtil.startActiveSpan (/home/codedex/projects/DeXMart/node_modules/@google-cloud/firestore/build/src/telemetry/enabled-trace-util.js:102:28)","timestamp":"2026-05-30 15:38:04:384"}
{"level":"\u001b[32minfo\u001b[39m","message":"\u001b[32m[ChannelService] Successfully queued 0 channels for resumption.\u001b[39m","timestamp":"2026-05-30 15:38:04:384"}
{"duration":524889920,"level":"\u001b[32minfo\u001b[39m","message":"\u001b[32mPerformance: memory_heap_used = 524889920 bytes\u001b[39m","operation":"memory_heap_used","timestamp":"2026-05-30 15:38:23:3823","unit":"bytes"}
{"duration":591069184,"level":"\u001b[32minfo\u001b[39m","message":"\u001b[32mPerformance: memory_heap_total = 591069184 bytes\u001b[39m","operation":"memory_heap_total","timestamp":"2026-05-30 15:38:23:3823","unit":"bytes"}
{"duration":755322880,"level":"\u001b[32minfo\u001b[39m","message":"\u001b[32mPerformance: memory_rss = 755322880 bytes\u001b[39m","operation":"memory_rss","timestamp":"2026-05-30 15:38:23:3823","unit":"bytes"}
{"duration":36997193,"level":"\u001b[32minfo\u001b[39m","message":"\u001b[32mPerformance: memory_external = 36997193 bytes\u001b[39m","operation":"memory_external","timestamp":"2026-05-30 15:38:23:3823","unit":"bytes"}
{"duration":92740593,"level":"\u001b[32minfo\u001b[39m","message":"\u001b[32mPerformance: cpu_user_time = 92740593 microseconds\u001b[39m","operation":"cpu_user_time","timestamp":"2026-05-30 15:38:23:3823","unit":"microseconds"}
{"duration":7977450,"level":"\u001b[32minfo\u001b[39m","message":"\u001b[32mPerformance: cpu_system_time = 7977450 microseconds\u001b[39m","operation":"cpu_system_time","timestamp":"2026-05-30 15:38:23:3823","unit":"microseconds"}
{"duration":390.028760026,"level":"\u001b[32minfo\u001b[39m","message":"\u001b[32mPerformance: process_uptime = 390.028760026 seconds\u001b[39m","operation":"process_uptime","timestamp":"2026-05-30 15:38:23:3823","unit":"seconds"}
{"duration":0.192186,"level":"\u001b[32minfo\u001b[39m","message":"\u001b[32mPerformance: event_loop_lag = 0.192186 milliseconds\u001b[39m","operation":"event_loop_lag","timestamp":"2026-05-30 15:38:23:3823","unit":"milliseconds"}
{"duration":525503960,"level":"\u001b[32minfo\u001b[39m","message":"\u001b[32mPerformance: memory_heap_used = 525503960 bytes\u001b[39m","operation":"memory_heap_used","timestamp":"2026-05-30 15:38:56:3856","unit":"bytes"}
{"duration":591069184,"level":"\u001b[32minfo\u001b[39m","message":"\u001b[32mPerformance: memory_heap_total = 591069184 bytes\u001b[39m","operation":"memory_heap_total","timestamp":"2026-05-30 15:38:56:3856","unit":"bytes"}
{"duration":755322880,"level":"\u001b[32minfo\u001b[39m","message":"\u001b[32mPerformance: memory_rss = 755322880 bytes\u001b[39m","operation":"memory_rss","timestamp":"2026-05-30 15:38:56:3856","unit":"bytes"}
{"duration":37023815,"level":"\u001b[32minfo\u001b[39m","message":"\u001b[32mPerformance: memory_external = 37023815 bytes\u001b[39m","operation":"memory_external","timestamp":"2026-05-30 15:38:56:3856","unit":"bytes"}
{"duration":92761723,"level":"\u001b[32minfo\u001b[39m","message":"\u001b[32mPerformance: cpu_user_time = 92761723 microseconds\u001b[39m","operation":"cpu_user_time","timestamp":"2026-05-30 15:38:56:3856","unit":"microseconds"}
{"duration":7990513,"level":"\u001b[32minfo\u001b[39m","message":"\u001b[32mPerformance: cpu_system_time = 7990513 microseconds\u001b[39m","operation":"cpu_system_time","timestamp":"2026-05-30 15:38:56:3856","unit":"microseconds"}
{"duration":420.029889977,"level":"\u001b[32minfo\u001b[39m","message":"\u001b[32mPerformance: process_uptime = 420.029889977 seconds\u001b[39m","operation":"process_uptime","timestamp":"2026-05-30 15:38:56:3856","unit":"seconds"}
{"duration":0.347581,"level":"\u001b[32minfo\u001b[39m","message":"\u001b[32mPerformance: event_loop_lag = 0.347581 milliseconds\u001b[39m","operation":"event_loop_lag","timestamp":"2026-05-30 15:38:56:3856","unit":"milliseconds"}
{"level":"\u001b[32minfo\u001b[39m","message":"\u001b[32m>>> [MASTERMIND] Resuming all active channels...\u001b[39m","timestamp":"2026-05-30 15:39:09:399"}
{"error":"16 UNAUTHENTICATED: Request had invalid authentication credentials. Expected OAuth 2 access token, login cookie or other valid authentication credential. See https://developers.google.com/identity/sign-in/web/devconsole-project.","level":"\u001b[31merror\u001b[39m","message":"\u001b[31mFirestore getCollection error [tenants] (Tenant: undefined):\u001b[39m","stack":"Error: 16 UNAUTHENTICATED: Request had invalid authentication credentials. Expected OAuth 2 access token, login cookie or other valid authentication credential. See https://developers.google.com/identity/sign-in/web/devconsole-project.\n    at callErrorFromStatus (/home/codedex/projects/DeXMart/node_modules/@grpc/grpc-js/src/call.ts:84:17)\n    at Object.onReceiveStatus (/home/codedex/projects/DeXMart/node_modules/@grpc/grpc-js/src/client.ts:612:51)\n    at Object.onReceiveStatus (/home/codedex/projects/DeXMart/node_modules/@grpc/grpc-js/src/client-interceptors.ts:424:48)\n    at /home/codedex/projects/DeXMart/node_modules/@grpc/grpc-js/src/resolving-call.ts:170:24\n    at processTicksAndRejections (node:internal/process/task_queues:85:11)\nfor call at\n    at ServiceClientImpl.makeServerStreamRequest (/home/codedex/projects/DeXMart/node_modules/@grpc/grpc-js/src/client.ts:595:42)\n    at ServiceClientImpl.<anonymous> (/home/codedex/projects/DeXMart/node_modules/@grpc/grpc-js/src/make-client.ts:189:15)\n    at /home/codedex/projects/DeXMart/node_modules/@google-cloud/firestore/build/src/v1/firestore_client.js:242:33\n    at /home/codedex/projects/DeXMart/node_modules/google-gax/src/streamingCalls/streamingApiCaller.ts:59:19\n    at /home/codedex/projects/DeXMart/node_modules/google-gax/src/normalCalls/timeout.ts:54:13\n    at Object.request (/home/codedex/projects/DeXMart/node_modules/google-gax/src/streamingCalls/streaming.ts:331:28)\n    at makeRequest (/home/codedex/projects/DeXMart/node_modules/retry-request/index.js:159:28)\n    at retryRequest (/home/codedex/projects/DeXMart/node_modules/retry-request/index.js:119:5)\n    at StreamProxy.setStream (/home/codedex/projects/DeXMart/node_modules/google-gax/src/streamingCalls/streaming.ts:322:29)\n    at StreamingApiCaller.call (/home/codedex/projects/DeXMart/node_modules/google-gax/src/streamingCalls/streamingApiCaller.ts:89:12)\nCaused by: Error: \n    at QueryUtil._getResponse (/home/codedex/projects/DeXMart/node_modules/@google-cloud/firestore/build/src/reference/query-util.js:44:23)\n    at CollectionReference._getResponse (/home/codedex/projects/DeXMart/node_modules/@google-cloud/firestore/build/src/reference/query.js:784:32)\n    at CollectionReference._get (/home/codedex/projects/DeXMart/node_modules/@google-cloud/firestore/build/src/reference/query.js:777:35)\n    at /home/codedex/projects/DeXMart/node_modules/@google-cloud/firestore/build/src/reference/query.js:745:43\n    at /home/codedex/projects/DeXMart/node_modules/@google-cloud/firestore/build/src/telemetry/enabled-trace-util.js:110:30\n    at NoopContextManager.with (/home/codedex/projects/DeXMart/node_modules/@opentelemetry/api/src/context/NoopContextManager.ts:20:15)\n    at ContextAPI.with (/home/codedex/projects/DeXMart/node_modules/@opentelemetry/api/src/api/context.ts:68:42)\n    at NoopTracer.startActiveSpan (/home/codedex/projects/DeXMart/node_modules/@opentelemetry/api/src/trace/NoopTracer.ts:87:27)\n    at ProxyTracer.startActiveSpan (/home/codedex/projects/DeXMart/node_modules/@opentelemetry/api/src/trace/ProxyTracer.ts:51:20)\n    at EnabledTraceUtil.startActiveSpan (/home/codedex/projects/DeXMart/node_modules/@google-cloud/firestore/build/src/telemetry/enabled-trace-util.js:102:28)","timestamp":"2026-05-30 15:39:10:3910"}
{"error":"16 UNAUTHENTICATED: Request had invalid authentication credentials. Expected OAuth 2 access token, login cookie or other valid authentication credential. See https://developers.google.com/identity/sign-in/web/devconsole-project.","level":"\u001b[31merror\u001b[39m","message":"\u001b[31mMultiTenantService.listTenants error:\u001b[39m","stack":"Error: 16 UNAUTHENTICATED: Request had invalid authentication credentials. Expected OAuth 2 access token, login cookie or other valid authentication credential. See https://developers.google.com/identity/sign-in/web/devconsole-project.\n    at callErrorFromStatus (/home/codedex/projects/DeXMart/node_modules/@grpc/grpc-js/src/call.ts:84:17)\n    at Object.onReceiveStatus (/home/codedex/projects/DeXMart/node_modules/@grpc/grpc-js/src/client.ts:612:51)\n    at Object.onReceiveStatus (/home/codedex/projects/DeXMart/node_modules/@grpc/grpc-js/src/client-interceptors.ts:424:48)\n    at /home/codedex/projects/DeXMart/node_modules/@grpc/grpc-js/src/resolving-call.ts:170:24\n    at processTicksAndRejections (node:internal/process/task_queues:85:11)\nfor call at\n    at ServiceClientImpl.makeServerStreamRequest (/home/codedex/projects/DeXMart/node_modules/@grpc/grpc-js/src/client.ts:595:42)\n    at ServiceClientImpl.<anonymous> (/home/codedex/projects/DeXMart/node_modules/@grpc/grpc-js/src/make-client.ts:189:15)\n    at /home/codedex/projects/DeXMart/node_modules/@google-cloud/firestore/build/src/v1/firestore_client.js:242:33\n    at /home/codedex/projects/DeXMart/node_modules/google-gax/src/streamingCalls/streamingApiCaller.ts:59:19\n    at /home/codedex/projects/DeXMart/node_modules/google-gax/src/normalCalls/timeout.ts:54:13\n    at Object.request (/home/codedex/projects/DeXMart/node_modules/google-gax/src/streamingCalls/streaming.ts:331:28)\n    at makeRequest (/home/codedex/projects/DeXMart/node_modules/retry-request/index.js:159:28)\n    at retryRequest (/home/codedex/projects/DeXMart/node_modules/retry-request/index.js:119:5)\n    at StreamProxy.setStream (/home/codedex/projects/DeXMart/node_modules/google-gax/src/streamingCalls/streaming.ts:322:29)\n    at StreamingApiCaller.call (/home/codedex/projects/DeXMart/node_modules/google-gax/src/streamingCalls/streamingApiCaller.ts:89:12)\nCaused by: Error: \n    at QueryUtil._getResponse (/home/codedex/projects/DeXMart/node_modules/@google-cloud/firestore/build/src/reference/query-util.js:44:23)\n    at CollectionReference._getResponse (/home/codedex/projects/DeXMart/node_modules/@google-cloud/firestore/build/src/reference/query.js:784:32)\n    at CollectionReference._get (/home/codedex/projects/DeXMart/node_modules/@google-cloud/firestore/build/src/reference/query.js:777:35)\n    at /home/codedex/projects/DeXMart/node_modules/@google-cloud/firestore/build/src/reference/query.js:745:43\n    at /home/codedex/projects/DeXMart/node_modules/@google-cloud/firestore/build/src/telemetry/enabled-trace-util.js:110:30\n    at NoopContextManager.with (/home/codedex/projects/DeXMart/node_modules/@opentelemetry/api/src/context/NoopContextManager.ts:20:15)\n    at ContextAPI.with (/home/codedex/projects/DeXMart/node_modules/@opentelemetry/api/src/api/context.ts:68:42)\n    at NoopTracer.startActiveSpan (/home/codedex/projects/DeXMart/node_modules/@opentelemetry/api/src/trace/NoopTracer.ts:87:27)\n    at ProxyTracer.startActiveSpan (/home/codedex/projects/DeXMart/node_modules/@opentelemetry/api/src/trace/ProxyTracer.ts:51:20)\n    at EnabledTraceUtil.startActiveSpan (/home/codedex/projects/DeXMart/node_modules/@google-cloud/firestore/build/src/telemetry/enabled-trace-util.js:102:28)","timestamp":"2026-05-30 15:39:10:3910"}
{"level":"\u001b[32minfo\u001b[39m","message":"\u001b[32m[ChannelService] Successfully queued 0 channels for resumption.\u001b[39m","timestamp":"2026-05-30 15:39:10:3910"}
{"duration":526062008,"level":"\u001b[32minfo\u001b[39m","message":"\u001b[32mPerformance: memory_heap_used = 526062008 bytes\u001b[39m","operation":"memory_heap_used","timestamp":"2026-05-30 15:39:29:3929","unit":"bytes"}
{"duration":592379904,"level":"\u001b[32minfo\u001b[39m","message":"\u001b[32mPerformance: memory_heap_total = 592379904 bytes\u001b[39m","operation":"memory_heap_total","timestamp":"2026-05-30 15:39:29:3929","unit":"bytes"}
{"duration":755585024,"level":"\u001b[32minfo\u001b[39m","message":"\u001b[32mPerformance: memory_rss = 755585024 bytes\u001b[39m","operation":"memory_rss","timestamp":"2026-05-30 15:39:29:3929","unit":"bytes"}
{"duration":37072664,"level":"\u001b[32minfo\u001b[39m","message":"\u001b[32mPerformance: memory_external = 37072664 bytes\u001b[39m","operation":"memory_external","timestamp":"2026-05-30 15:39:29:3929","unit":"bytes"}
{"duration":92804930,"level":"\u001b[32minfo\u001b[39m","message":"\u001b[32mPerformance: cpu_user_time = 92804930 microseconds\u001b[39m","operation":"cpu_user_time","timestamp":"2026-05-30 15:39:29:3929","unit":"microseconds"}
{"duration":8004740,"level":"\u001b[32minfo\u001b[39m","message":"\u001b[32mPerformance: cpu_system_time = 8004740 microseconds\u001b[39m","operation":"cpu_system_time","timestamp":"2026-05-30 15:39:29:3929","unit":"microseconds"}
{"duration":450.030314464,"level":"\u001b[32minfo\u001b[39m","message":"\u001b[32mPerformance: process_uptime = 450.030314464 seconds\u001b[39m","operation":"process_uptime","timestamp":"2026-05-30 15:39:29:3929","unit":"seconds"}
{"duration":0.383186,"level":"\u001b[32minfo\u001b[39m","message":"\u001b[32mPerformance: event_loop_lag = 0.383186 milliseconds\u001b[39m","operation":"event_loop_lag","timestamp":"2026-05-30 15:39:29:3929","unit":"milliseconds"}
{"duration":526046960,"level":"\u001b[32minfo\u001b[39m","message":"\u001b[32mPerformance: memory_heap_used = 526046960 bytes\u001b[39m","operation":"memory_heap_used","timestamp":"2026-05-30 15:40:02:402","unit":"bytes"}
{"duration":591331328,"level":"\u001b[32minfo\u001b[39m","message":"\u001b[32mPerformance: memory_heap_total = 591331328 bytes\u001b[39m","operation":"memory_heap_total","timestamp":"2026-05-30 15:40:02:402","unit":"bytes"}
{"duration":755716096,"level":"\u001b[32minfo\u001b[39m","message":"\u001b[32mPerformance: memory_rss = 755716096 bytes\u001b[39m","operation":"memory_rss","timestamp":"2026-05-30 15:40:02:402","unit":"bytes"}
{"duration":37088792,"level":"\u001b[32minfo\u001b[39m","message":"\u001b[32mPerformance: memory_external = 37088792 bytes\u001b[39m","operation":"memory_external","timestamp":"2026-05-30 15:40:02:402","unit":"bytes"}
{"duration":92838056,"level":"\u001b[32minfo\u001b[39m","message":"\u001b[32mPerformance: cpu_user_time = 92838056 microseconds\u001b[39m","operation":"cpu_user_time","timestamp":"2026-05-30 15:40:02:402","unit":"microseconds"}
{"duration":8014449,"level":"\u001b[32minfo\u001b[39m","message":"\u001b[32mPerformance: cpu_system_time = 8014449 microseconds\u001b[39m","operation":"cpu_system_time","timestamp":"2026-05-30 15:40:02:402","unit":"microseconds"}
{"duration":480.031656386,"level":"\u001b[32minfo\u001b[39m","message":"\u001b[32mPerformance: process_uptime = 480.031656386 seconds\u001b[39m","operation":"process_uptime","timestamp":"2026-05-30 15:40:02:402","unit":"seconds"}
{"duration":0.237289,"level":"\u001b[32minfo\u001b[39m","message":"\u001b[32mPerformance: event_loop_lag = 0.237289 milliseconds\u001b[39m","operation":"event_loop_lag","timestamp":"2026-05-30 15:40:02:402","unit":"milliseconds"}
{"level":"\u001b[32minfo\u001b[39m","message":"\u001b[32m>>> [MASTERMIND] Resuming all active channels...\u001b[39m","timestamp":"2026-05-30 15:40:15:4015"}
{"error":"16 UNAUTHENTICATED: Request had invalid authentication credentials. Expected OAuth 2 access token, login cookie or other valid authentication credential. See https://developers.google.com/identity/sign-in/web/devconsole-project.","level":"\u001b[31merror\u001b[39m","message":"\u001b[31mFirestore getCollection error [tenants] (Tenant: undefined):\u001b[39m","stack":"Error: 16 UNAUTHENTICATED: Request had invalid authentication credentials. Expected OAuth 2 access token, login cookie or other valid authentication credential. See https://developers.google.com/identity/sign-in/web/devconsole-project.\n    at callErrorFromStatus (/home/codedex/projects/DeXMart/node_modules/@grpc/grpc-js/src/call.ts:84:17)\n    at Object.onReceiveStatus (/home/codedex/projects/DeXMart/node_modules/@grpc/grpc-js/src/client.ts:612:51)\n    at Object.onReceiveStatus (/home/codedex/projects/DeXMart/node_modules/@grpc/grpc-js/src/client-interceptors.ts:424:48)\n    at /home/codedex/projects/DeXMart/node_modules/@grpc/grpc-js/src/resolving-call.ts:170:24\n    at processTicksAndRejections (node:internal/process/task_queues:85:11)\nfor call at\n    at ServiceClientImpl.makeServerStreamRequest (/home/codedex/projects/DeXMart/node_modules/@grpc/grpc-js/src/client.ts:595:42)\n    at ServiceClientImpl.<anonymous> (/home/codedex/projects/DeXMart/node_modules/@grpc/grpc-js/src/make-client.ts:189:15)\n    at /home/codedex/projects/DeXMart/node_modules/@google-cloud/firestore/build/src/v1/firestore_client.js:242:33\n    at /home/codedex/projects/DeXMart/node_modules/google-gax/src/streamingCalls/streamingApiCaller.ts:59:19\n    at /home/codedex/projects/DeXMart/node_modules/google-gax/src/normalCalls/timeout.ts:54:13\n    at Object.request (/home/codedex/projects/DeXMart/node_modules/google-gax/src/streamingCalls/streaming.ts:331:28)\n    at makeRequest (/home/codedex/projects/DeXMart/node_modules/retry-request/index.js:159:28)\n    at retryRequest (/home/codedex/projects/DeXMart/node_modules/retry-request/index.js:119:5)\n    at StreamProxy.setStream (/home/codedex/projects/DeXMart/node_modules/google-gax/src/streamingCalls/streaming.ts:322:29)\n    at StreamingApiCaller.call (/home/codedex/projects/DeXMart/node_modules/google-gax/src/streamingCalls/streamingApiCaller.ts:89:12)\nCaused by: Error: \n    at QueryUtil._getResponse (/home/codedex/projects/DeXMart/node_modules/@google-cloud/firestore/build/src/reference/query-util.js:44:23)\n    at CollectionReference._getResponse (/home/codedex/projects/DeXMart/node_modules/@google-cloud/firestore/build/src/reference/query.js:784:32)\n    at CollectionReference._get (/home/codedex/projects/DeXMart/node_modules/@google-cloud/firestore/build/src/reference/query.js:777:35)\n    at /home/codedex/projects/DeXMart/node_modules/@google-cloud/firestore/build/src/reference/query.js:745:43\n    at /home/codedex/projects/DeXMart/node_modules/@google-cloud/firestore/build/src/telemetry/enabled-trace-util.js:110:30\n    at NoopContextManager.with (/home/codedex/projects/DeXMart/node_modules/@opentelemetry/api/src/context/NoopContextManager.ts:20:15)\n    at ContextAPI.with (/home/codedex/projects/DeXMart/node_modules/@opentelemetry/api/src/api/context.ts:68:42)\n    at NoopTracer.startActiveSpan (/home/codedex/projects/DeXMart/node_modules/@opentelemetry/api/src/trace/NoopTracer.ts:87:27)\n    at ProxyTracer.startActiveSpan (/home/codedex/projects/DeXMart/node_modules/@opentelemetry/api/src/trace/ProxyTracer.ts:51:20)\n    at EnabledTraceUtil.startActiveSpan (/home/codedex/projects/DeXMart/node_modules/@google-cloud/firestore/build/src/telemetry/enabled-trace-util.js:102:28)","timestamp":"2026-05-30 15:40:16:4016"}
{"error":"16 UNAUTHENTICATED: Request had invalid authentication credentials. Expected OAuth 2 access token, login cookie or other valid authentication credential. See https://developers.google.com/identity/sign-in/web/devconsole-project.","level":"\u001b[31merror\u001b[39m","message":"\u001b[31mMultiTenantService.listTenants error:\u001b[39m","stack":"Error: 16 UNAUTHENTICATED: Request had invalid authentication credentials. Expected OAuth 2 access token, login cookie or other valid authentication credential. See https://developers.google.com/identity/sign-in/web/devconsole-project.\n    at callErrorFromStatus (/home/codedex/projects/DeXMart/node_modules/@grpc/grpc-js/src/call.ts:84:17)\n    at Object.onReceiveStatus (/home/codedex/projects/DeXMart/node_modules/@grpc/grpc-js/src/client.ts:612:51)\n    at Object.onReceiveStatus (/home/codedex/projects/DeXMart/node_modules/@grpc/grpc-js/src/client-interceptors.ts:424:48)\n    at /home/codedex/projects/DeXMart/node_modules/@grpc/grpc-js/src/resolving-call.ts:170:24\n    at processTicksAndRejections (node:internal/process/task_queues:85:11)\nfor call at\n    at ServiceClientImpl.makeServerStreamRequest (/home/codedex/projects/DeXMart/node_modules/@grpc/grpc-js/src/client.ts:595:42)\n    at ServiceClientImpl.<anonymous> (/home/codedex/projects/DeXMart/node_modules/@grpc/grpc-js/src/make-client.ts:189:15)\n    at /home/codedex/projects/DeXMart/node_modules/@google-cloud/firestore/build/src/v1/firestore_client.js:242:33\n    at /home/codedex/projects/DeXMart/node_modules/google-gax/src/streamingCalls/streamingApiCaller.ts:59:19\n    at /home/codedex/projects/DeXMart/node_modules/google-gax/src/normalCalls/timeout.ts:54:13\n    at Object.request (/home/codedex/projects/DeXMart/node_modules/google-gax/src/streamingCalls/streaming.ts:331:28)\n    at makeRequest (/home/codedex/projects/DeXMart/node_modules/retry-request/index.js:159:28)\n    at retryRequest (/home/codedex/projects/DeXMart/node_modules/retry-request/index.js:119:5)\n    at StreamProxy.setStream (/home/codedex/projects/DeXMart/node_modules/google-gax/src/streamingCalls/streaming.ts:322:29)\n    at StreamingApiCaller.call (/home/codedex/projects/DeXMart/node_modules/google-gax/src/streamingCalls/streamingApiCaller.ts:89:12)\nCaused by: Error: \n    at QueryUtil._getResponse (/home/codedex/projects/DeXMart/node_modules/@google-cloud/firestore/build/src/reference/query-util.js:44:23)\n    at CollectionReference._getResponse (/home/codedex/projects/DeXMart/node_modules/@google-cloud/firestore/build/src/reference/query.js:784:32)\n    at CollectionReference._get (/home/codedex/projects/DeXMart/node_modules/@google-cloud/firestore/build/src/reference/query.js:777:35)\n    at /home/codedex/projects/DeXMart/node_modules/@google-cloud/firestore/build/src/reference/query.js:745:43\n    at /home/codedex/projects/DeXMart/node_modules/@google-cloud/firestore/build/src/telemetry/enabled-trace-util.js:110:30\n    at NoopContextManager.with (/home/codedex/projects/DeXMart/node_modules/@opentelemetry/api/src/context/NoopContextManager.ts:20:15)\n    at ContextAPI.with (/home/codedex/projects/DeXMart/node_modules/@opentelemetry/api/src/api/context.ts:68:42)\n    at NoopTracer.startActiveSpan (/home/codedex/projects/DeXMart/node_modules/@opentelemetry/api/src/trace/NoopTracer.ts:87:27)\n    at ProxyTracer.startActiveSpan (/home/codedex/projects/DeXMart/node_modules/@opentelemetry/api/src/trace/ProxyTracer.ts:51:20)\n    at EnabledTraceUtil.startActiveSpan (/home/codedex/projects/DeXMart/node_modules/@google-cloud/firestore/build/src/telemetry/enabled-trace-util.js:102:28)","timestamp":"2026-05-30 15:40:16:4016"}
{"level":"\u001b[32minfo\u001b[39m","message":"\u001b[32m[ChannelService] Successfully queued 0 channels for resumption.\u001b[39m","timestamp":"2026-05-30 15:40:16:4016"}
{"duration":527219792,"level":"\u001b[32minfo\u001b[39m","message":"\u001b[32mPerformance: memory_heap_used = 527219792 bytes\u001b[39m","operation":"memory_heap_used","timestamp":"2026-05-30 15:40:35:4035","unit":"bytes"}
{"duration":594477056,"level":"\u001b[32minfo\u001b[39m","message":"\u001b[32mPerformance: memory_heap_total = 594477056 bytes\u001b[39m","operation":"memory_heap_total","timestamp":"2026-05-30 15:40:35:4035","unit":"bytes"}
{"duration":755978240,"level":"\u001b[32minfo\u001b[39m","message":"\u001b[32mPerformance: memory_rss = 755978240 bytes\u001b[39m","operation":"memory_rss","timestamp":"2026-05-30 15:40:35:4035","unit":"bytes"}
{"duration":37155842,"level":"\u001b[32minfo\u001b[39m","message":"\u001b[32mPerformance: memory_external = 37155842 bytes\u001b[39m","operation":"memory_external","timestamp":"2026-05-30 15:40:35:4035","unit":"bytes"}
{"duration":92879955,"level":"\u001b[32minfo\u001b[39m","message":"\u001b[32mPerformance: cpu_user_time = 92879955 microseconds\u001b[39m","operation":"cpu_user_time","timestamp":"2026-05-30 15:40:35:4035","unit":"microseconds"}
{"duration":8032553,"level":"\u001b[32minfo\u001b[39m","message":"\u001b[32mPerformance: cpu_system_time = 8032553 microseconds\u001b[39m","operation":"cpu_system_time","timestamp":"2026-05-30 15:40:35:4035","unit":"microseconds"}
{"duration":510.031906513,"level":"\u001b[32minfo\u001b[39m","message":"\u001b[32mPerformance: process_uptime = 510.031906513 seconds\u001b[39m","operation":"process_uptime","timestamp":"2026-05-30 15:40:35:4035","unit":"seconds"}
{"duration":0.211922,"level":"\u001b[32minfo\u001b[39m","message":"\u001b[32mPerformance: event_loop_lag = 0.211922 milliseconds\u001b[39m","operation":"event_loop_lag","timestamp":"2026-05-30 15:40:35:4035","unit":"milliseconds"}
{"duration":527122136,"level":"\u001b[32minfo\u001b[39m","message":"\u001b[32mPerformance: memory_heap_used = 527122136 bytes\u001b[39m","operation":"memory_heap_used","timestamp":"2026-05-30 15:41:05:415","unit":"bytes"}
{"duration":591331328,"level":"\u001b[32minfo\u001b[39m","message":"\u001b[32mPerformance: memory_heap_total = 591331328 bytes\u001b[39m","operation":"memory_heap_total","timestamp":"2026-05-30 15:41:05:415","unit":"bytes"}
{"duration":755978240,"level":"\u001b[32minfo\u001b[39m","message":"\u001b[32mPerformance: memory_rss = 755978240 bytes\u001b[39m","operation":"memory_rss","timestamp":"2026-05-30 15:41:05:415","unit":"bytes"}
{"duration":37180117,"level":"\u001b[32minfo\u001b[39m","message":"\u001b[32mPerformance: memory_external = 37180117 bytes\u001b[39m","operation":"memory_external","timestamp":"2026-05-30 15:41:05:415","unit":"bytes"}
{"duration":92900408,"level":"\u001b[32minfo\u001b[39m","message":"\u001b[32mPerformance: cpu_user_time = 92900408 microseconds\u001b[39m","operation":"cpu_user_time","timestamp":"2026-05-30 15:41:05:415","unit":"microseconds"}
{"duration":8048204,"level":"\u001b[32minfo\u001b[39m","message":"\u001b[32mPerformance: cpu_system_time = 8048204 microseconds\u001b[39m","operation":"cpu_system_time","timestamp":"2026-05-30 15:41:05:415","unit":"microseconds"}
{"duration":540.03312792,"level":"\u001b[32minfo\u001b[39m","message":"\u001b[32mPerformance: process_uptime = 540.03312792 seconds\u001b[39m","operation":"process_uptime","timestamp":"2026-05-30 15:41:05:415","unit":"seconds"}
{"duration":0.298602,"level":"\u001b[32minfo\u001b[39m","message":"\u001b[32mPerformance: event_loop_lag = 0.298602 milliseconds\u001b[39m","operation":"event_loop_lag","timestamp":"2026-05-30 15:41:05:415","unit":"milliseconds"}
{"level":"\u001b[32minfo\u001b[39m","message":"\u001b[32m>>> [MASTERMIND] Resuming all active channels...\u001b[39m","timestamp":"2026-05-30 15:41:21:4121"}
{"error":"16 UNAUTHENTICATED: Request had invalid authentication credentials. Expected OAuth 2 access token, login cookie or other valid authentication credential. See https://developers.google.com/identity/sign-in/web/devconsole-project.","level":"\u001b[31merror\u001b[39m","message":"\u001b[31mFirestore getCollection error [tenants] (Tenant: undefined):\u001b[39m","stack":"Error: 16 UNAUTHENTICATED: Request had invalid authentication credentials. Expected OAuth 2 access token, login cookie or other valid authentication credential. See https://developers.google.com/identity/sign-in/web/devconsole-project.\n    at callErrorFromStatus (/home/codedex/projects/DeXMart/node_modules/@grpc/grpc-js/src/call.ts:84:17)\n    at Object.onReceiveStatus (/home/codedex/projects/DeXMart/node_modules/@grpc/grpc-js/src/client.ts:612:51)\n    at Object.onReceiveStatus (/home/codedex/projects/DeXMart/node_modules/@grpc/grpc-js/src/client-interceptors.ts:424:48)\n    at /home/codedex/projects/DeXMart/node_modules/@grpc/grpc-js/src/resolving-call.ts:170:24\n    at processTicksAndRejections (node:internal/process/task_queues:85:11)\nfor call at\n    at ServiceClientImpl.makeServerStreamRequest (/home/codedex/projects/DeXMart/node_modules/@grpc/grpc-js/src/client.ts:595:42)\n    at ServiceClientImpl.<anonymous> (/home/codedex/projects/DeXMart/node_modules/@grpc/grpc-js/src/make-client.ts:189:15)\n    at /home/codedex/projects/DeXMart/node_modules/@google-cloud/firestore/build/src/v1/firestore_client.js:242:33\n    at /home/codedex/projects/DeXMart/node_modules/google-gax/src/streamingCalls/streamingApiCaller.ts:59:19\n    at /home/codedex/projects/DeXMart/node_modules/google-gax/src/normalCalls/timeout.ts:54:13\n    at Object.request (/home/codedex/projects/DeXMart/node_modules/google-gax/src/streamingCalls/streaming.ts:331:28)\n    at makeRequest (/home/codedex/projects/DeXMart/node_modules/retry-request/index.js:159:28)\n    at retryRequest (/home/codedex/projects/DeXMart/node_modules/retry-request/index.js:119:5)\n    at StreamProxy.setStream (/home/codedex/projects/DeXMart/node_modules/google-gax/src/streamingCalls/streaming.ts:322:29)\n    at StreamingApiCaller.call (/home/codedex/projects/DeXMart/node_modules/google-gax/src/streamingCalls/streamingApiCaller.ts:89:12)\nCaused by: Error: \n    at QueryUtil._getResponse (/home/codedex/projects/DeXMart/node_modules/@google-cloud/firestore/build/src/reference/query-util.js:44:23)\n    at CollectionReference._getResponse (/home/codedex/projects/DeXMart/node_modules/@google-cloud/firestore/build/src/reference/query.js:784:32)\n    at CollectionReference._get (/home/codedex/projects/DeXMart/node_modules/@google-cloud/firestore/build/src/reference/query.js:777:35)\n    at /home/codedex/projects/DeXMart/node_modules/@google-cloud/firestore/build/src/reference/query.js:745:43\n    at /home/codedex/projects/DeXMart/node_modules/@google-cloud/firestore/build/src/telemetry/enabled-trace-util.js:110:30\n    at NoopContextManager.with (/home/codedex/projects/DeXMart/node_modules/@opentelemetry/api/src/context/NoopContextManager.ts:20:15)\n    at ContextAPI.with (/home/codedex/projects/DeXMart/node_modules/@opentelemetry/api/src/api/context.ts:68:42)\n    at NoopTracer.startActiveSpan (/home/codedex/projects/DeXMart/node_modules/@opentelemetry/api/src/trace/NoopTracer.ts:87:27)\n    at ProxyTracer.startActiveSpan (/home/codedex/projects/DeXMart/node_modules/@opentelemetry/api/src/trace/ProxyTracer.ts:51:20)\n    at EnabledTraceUtil.startActiveSpan (/home/codedex/projects/DeXMart/node_modules/@google-cloud/firestore/build/src/telemetry/enabled-trace-util.js:102:28)","timestamp":"2026-05-30 15:41:21:4121"}
{"error":"16 UNAUTHENTICATED: Request had invalid authentication credentials. Expected OAuth 2 access token, login cookie or other valid authentication credential. See https://developers.google.com/identity/sign-in/web/devconsole-project.","level":"\u001b[31merror\u001b[39m","message":"\u001b[31mMultiTenantService.listTenants error:\u001b[39m","stack":"Error: 16 UNAUTHENTICATED: Request had invalid authentication credentials. Expected OAuth 2 access token, login cookie or other valid authentication credential. See https://developers.google.com/identity/sign-in/web/devconsole-project.\n    at callErrorFromStatus (/home/codedex/projects/DeXMart/node_modules/@grpc/grpc-js/src/call.ts:84:17)\n    at Object.onReceiveStatus (/home/codedex/projects/DeXMart/node_modules/@grpc/grpc-js/src/client.ts:612:51)\n    at Object.onReceiveStatus (/home/codedex/projects/DeXMart/node_modules/@grpc/grpc-js/src/client-interceptors.ts:424:48)\n    at /home/codedex/projects/DeXMart/node_modules/@grpc/grpc-js/src/resolving-call.ts:170:24\n    at processTicksAndRejections (node:internal/process/task_queues:85:11)\nfor call at\n    at ServiceClientImpl.makeServerStreamRequest (/home/codedex/projects/DeXMart/node_modules/@grpc/grpc-js/src/client.ts:595:42)\n    at ServiceClientImpl.<anonymous> (/home/codedex/projects/DeXMart/node_modules/@grpc/grpc-js/src/make-client.ts:189:15)\n    at /home/codedex/projects/DeXMart/node_modules/@google-cloud/firestore/build/src/v1/firestore_client.js:242:33\n    at /home/codedex/projects/DeXMart/node_modules/google-gax/src/streamingCalls/streamingApiCaller.ts:59:19\n    at /home/codedex/projects/DeXMart/node_modules/google-gax/src/normalCalls/timeout.ts:54:13\n    at Object.request (/home/codedex/projects/DeXMart/node_modules/google-gax/src/streamingCalls/streaming.ts:331:28)\n    at makeRequest (/home/codedex/projects/DeXMart/node_modules/retry-request/index.js:159:28)\n    at retryRequest (/home/codedex/projects/DeXMart/node_modules/retry-request/index.js:119:5)\n    at StreamProxy.setStream (/home/codedex/projects/DeXMart/node_modules/google-gax/src/streamingCalls/streaming.ts:322:29)\n    at StreamingApiCaller.call (/home/codedex/projects/DeXMart/node_modules/google-gax/src/streamingCalls/streamingApiCaller.ts:89:12)\nCaused by: Error: \n    at QueryUtil._getResponse (/home/codedex/projects/DeXMart/node_modules/@google-cloud/firestore/build/src/reference/query-util.js:44:23)\n    at CollectionReference._getResponse (/home/codedex/projects/DeXMart/node_modules/@google-cloud/firestore/build/src/reference/query.js:784:32)\n    at CollectionReference._get (/home/codedex/projects/DeXMart/node_modules/@google-cloud/firestore/build/src/reference/query.js:777:35)\n    at /home/codedex/projects/DeXMart/node_modules/@google-cloud/firestore/build/src/reference/query.js:745:43\n    at /home/codedex/projects/DeXMart/node_modules/@google-cloud/firestore/build/src/telemetry/enabled-trace-util.js:110:30\n    at NoopContextManager.with (/home/codedex/projects/DeXMart/node_modules/@opentelemetry/api/src/context/NoopContextManager.ts:20:15)\n    at ContextAPI.with (/home/codedex/projects/DeXMart/node_modules/@opentelemetry/api/src/api/context.ts:68:42)\n    at NoopTracer.startActiveSpan (/home/codedex/projects/DeXMart/node_modules/@opentelemetry/api/src/trace/NoopTracer.ts:87:27)\n    at ProxyTracer.startActiveSpan (/home/codedex/projects/DeXMart/node_modules/@opentelemetry/api/src/trace/ProxyTracer.ts:51:20)\n    at EnabledTraceUtil.startActiveSpan (/home/codedex/projects/DeXMart/node_modules/@google-cloud/firestore/build/src/telemetry/enabled-trace-util.js:102:28)","timestamp":"2026-05-30 15:41:21:4121"}
{"level":"\u001b[32minfo\u001b[39m","message":"\u001b[32m[ChannelService] Successfully queued 0 channels for resumption.\u001b[39m","timestamp":"2026-05-30 15:41:21:4121"}
{"duration":528001208,"level":"\u001b[32minfo\u001b[39m","message":"\u001b[32mPerformance: memory_heap_used = 528001208 bytes\u001b[39m","operation":"memory_heap_used","timestamp":"2026-05-30 15:41:38:4138","unit":"bytes"}
{"duration":591855616,"level":"\u001b[32minfo\u001b[39m","message":"\u001b[32mPerformance: memory_heap_total = 591855616 bytes\u001b[39m","operation":"memory_heap_total","timestamp":"2026-05-30 15:41:38:4138","unit":"bytes"}
{"duration":756371456,"level":"\u001b[32minfo\u001b[39m","message":"\u001b[32mPerformance: memory_rss = 756371456 bytes\u001b[39m","operation":"memory_rss","timestamp":"2026-05-30 15:41:38:4138","unit":"bytes"}
{"duration":37220776,"level":"\u001b[32minfo\u001b[39m","message":"\u001b[32mPerformance: memory_external = 37220776 bytes\u001b[39m","operation":"memory_external","timestamp":"2026-05-30 15:41:38:4138","unit":"bytes"}
{"duration":92939221,"level":"\u001b[32minfo\u001b[39m","message":"\u001b[32mPerformance: cpu_user_time = 92939221 microseconds\u001b[39m","operation":"cpu_user_time","timestamp":"2026-05-30 15:41:38:4138","unit":"microseconds"}
{"duration":8069149,"level":"\u001b[32minfo\u001b[39m","message":"\u001b[32mPerformance: cpu_system_time = 8069149 microseconds\u001b[39m","operation":"cpu_system_time","timestamp":"2026-05-30 15:41:38:4138","unit":"microseconds"}
{"duration":570.033090107,"level":"\u001b[32minfo\u001b[39m","message":"\u001b[32mPerformance: process_uptime = 570.033090107 seconds\u001b[39m","operation":"process_uptime","timestamp":"2026-05-30 15:41:38:4138","unit":"seconds"}
{"duration":0.25078,"level":"\u001b[32minfo\u001b[39m","message":"\u001b[32mPerformance: event_loop_lag = 0.25078 milliseconds\u001b[39m","operation":"event_loop_lag","timestamp":"2026-05-30 15:41:38:4138","unit":"milliseconds"}
{"level":"\u001b[32minfo\u001b[39m","message":"\u001b[32m✅ Environment variables validated via Zod\u001b[39m","timestamp":"2026-05-30 15:41:54:4154"}
{"level":"\u001b[33mwarn\u001b[39m","message":"\u001b[33m⚠️ JWT_SECRET is missing or using default value! Tokens will be signed with an insecure key.\u001b[39m","timestamp":"2026-05-30 15:41:54:4154"}
{"level":"\u001b[32minfo\u001b[39m","message":"\u001b[32m🔗 Constructed internal REDIS_URL from host and port configuration\u001b[39m","timestamp":"2026-05-30 15:41:54:4154"}
{"level":"\u001b[32minfo\u001b[39m","message":"\u001b[32m✅ Configuration validation passed\u001b[39m","timestamp":"2026-05-30 15:41:54:4154"}
{"level":"\u001b[32minfo\u001b[39m","message":"\u001b[32mConfigService initialized as wrapper for ConfigManager\u001b[39m","timestamp":"2026-05-30 15:41:54:4154"}
{"level":"\u001b[32minfo\u001b[39m","message":"\u001b[32mFirebase Config: path=service-account.json, projectId=undefined, hasEmail=false, hasKey=false\u001b[39m","timestamp":"2026-05-30 15:41:54:4154"}
{"level":"\u001b[32minfo\u001b[39m","message":"\u001b[32mLoading service account from: service-account.json\u001b[39m","timestamp":"2026-05-30 15:41:54:4154"}
{"level":"\u001b[32minfo\u001b[39m","message":"\u001b[32mUsing service account for project: dexmart\u001b[39m","timestamp":"2026-05-30 15:41:54:4154"}
{"level":"\u001b[32minfo\u001b[39m","message":"\u001b[32mInitializing Firebase Admin...\u001b[39m","timestamp":"2026-05-30 15:41:54:4154"}
{"level":"\u001b[32minfo\u001b[39m","message":"\u001b[32m🔥 Firebase Admin Initialized (Project: dexmart)\u001b[39m","timestamp":"2026-05-30 15:41:54:4154"}
{"duration":527937288,"level":"\u001b[32minfo\u001b[39m","message":"\u001b[32mPerformance: memory_heap_used = 527937288 bytes\u001b[39m","operation":"memory_heap_used","timestamp":"2026-05-30 15:42:11:4211","unit":"bytes"}
{"duration":591855616,"level":"\u001b[32minfo\u001b[39m","message":"\u001b[32mPerformance: memory_heap_total = 591855616 bytes\u001b[39m","operation":"memory_heap_total","timestamp":"2026-05-30 15:42:11:4211","unit":"bytes"}
{"duration":756371456,"level":"\u001b[32minfo\u001b[39m","message":"\u001b[32mPerformance: memory_rss = 756371456 bytes\u001b[39m","operation":"memory_rss","timestamp":"2026-05-30 15:42:11:4211","unit":"bytes"}
{"duration":37236642,"level":"\u001b[32minfo\u001b[39m","message":"\u001b[32mPerformance: memory_external = 37236642 bytes\u001b[39m","operation":"memory_external","timestamp":"2026-05-30 15:42:11:4211","unit":"bytes"}
{"duration":92969053,"level":"\u001b[32minfo\u001b[39m","message":"\u001b[32mPerformance: cpu_user_time = 92969053 microseconds\u001b[39m","operation":"cpu_user_time","timestamp":"2026-05-30 15:42:11:4211","unit":"microseconds"}
{"duration":8081220,"level":"\u001b[32minfo\u001b[39m","message":"\u001b[32mPerformance: cpu_system_time = 8081220 microseconds\u001b[39m","operation":"cpu_system_time","timestamp":"2026-05-30 15:42:11:4211","unit":"microseconds"}
{"duration":600.033770652,"level":"\u001b[32minfo\u001b[39m","message":"\u001b[32mPerformance: process_uptime = 600.033770652 seconds\u001b[39m","operation":"process_uptime","timestamp":"2026-05-30 15:42:11:4211","unit":"seconds"}
{"duration":0.249935,"level":"\u001b[32minfo\u001b[39m","message":"\u001b[32mPerformance: event_loop_lag = 0.249935 milliseconds\u001b[39m","operation":"event_loop_lag","timestamp":"2026-05-30 15:42:11:4211","unit":"milliseconds"}
{"level":"\u001b[32minfo\u001b[39m","message":"\u001b[32m>>> [MASTERMIND] Resuming all active channels...\u001b[39m","timestamp":"2026-05-30 15:42:27:4227"}
{"error":"16 UNAUTHENTICATED: Request had invalid authentication credentials. Expected OAuth 2 access token, login cookie or other valid authentication credential. See https://developers.google.com/identity/sign-in/web/devconsole-project.","level":"\u001b[31merror\u001b[39m","message":"\u001b[31mFirestore getCollection error [tenants] (Tenant: undefined):\u001b[39m","stack":"Error: 16 UNAUTHENTICATED: Request had invalid authentication credentials. Expected OAuth 2 access token, login cookie or other valid authentication credential. See https://developers.google.com/identity/sign-in/web/devconsole-project.\n    at callErrorFromStatus (/home/codedex/projects/DeXMart/node_modules/@grpc/grpc-js/src/call.ts:84:17)\n    at Object.onReceiveStatus (/home/codedex/projects/DeXMart/node_modules/@grpc/grpc-js/src/client.ts:612:51)\n    at Object.onReceiveStatus (/home/codedex/projects/DeXMart/node_modules/@grpc/grpc-js/src/client-interceptors.ts:424:48)\n    at /home/codedex/projects/DeXMart/node_modules/@grpc/grpc-js/src/resolving-call.ts:170:24\n    at processTicksAndRejections (node:internal/process/task_queues:85:11)\nfor call at\n    at ServiceClientImpl.makeServerStreamRequest (/home/codedex/projects/DeXMart/node_modules/@grpc/grpc-js/src/client.ts:595:42)\n    at ServiceClientImpl.<anonymous> (/home/codedex/projects/DeXMart/node_modules/@grpc/grpc-js/src/make-client.ts:189:15)\n    at /home/codedex/projects/DeXMart/node_modules/@google-cloud/firestore/build/src/v1/firestore_client.js:242:33\n    at /home/codedex/projects/DeXMart/node_modules/google-gax/src/streamingCalls/streamingApiCaller.ts:59:19\n    at /home/codedex/projects/DeXMart/node_modules/google-gax/src/normalCalls/timeout.ts:54:13\n    at Object.request (/home/codedex/projects/DeXMart/node_modules/google-gax/src/streamingCalls/streaming.ts:331:28)\n    at makeRequest (/home/codedex/projects/DeXMart/node_modules/retry-request/index.js:159:28)\n    at retryRequest (/home/codedex/projects/DeXMart/node_modules/retry-request/index.js:119:5)\n    at StreamProxy.setStream (/home/codedex/projects/DeXMart/node_modules/google-gax/src/streamingCalls/streaming.ts:322:29)\n    at StreamingApiCaller.call (/home/codedex/projects/DeXMart/node_modules/google-gax/src/streamingCalls/streamingApiCaller.ts:89:12)\nCaused by: Error: \n    at QueryUtil._getResponse (/home/codedex/projects/DeXMart/node_modules/@google-cloud/firestore/build/src/reference/query-util.js:44:23)\n    at CollectionReference._getResponse (/home/codedex/projects/DeXMart/node_modules/@google-cloud/firestore/build/src/reference/query.js:784:32)\n    at CollectionReference._get (/home/codedex/projects/DeXMart/node_modules/@google-cloud/firestore/build/src/reference/query.js:777:35)\n    at /home/codedex/projects/DeXMart/node_modules/@google-cloud/firestore/build/src/reference/query.js:745:43\n    at /home/codedex/projects/DeXMart/node_modules/@google-cloud/firestore/build/src/telemetry/enabled-trace-util.js:110:30\n    at NoopContextManager.with (/home/codedex/projects/DeXMart/node_modules/@opentelemetry/api/src/context/NoopContextManager.ts:20:15)\n    at ContextAPI.with (/home/codedex/projects/DeXMart/node_modules/@opentelemetry/api/src/api/context.ts:68:42)\n    at NoopTracer.startActiveSpan (/home/codedex/projects/DeXMart/node_modules/@opentelemetry/api/src/trace/NoopTracer.ts:87:27)\n    at ProxyTracer.startActiveSpan (/home/codedex/projects/DeXMart/node_modules/@opentelemetry/api/src/trace/ProxyTracer.ts:51:20)\n    at EnabledTraceUtil.startActiveSpan (/home/codedex/projects/DeXMart/node_modules/@google-cloud/firestore/build/src/telemetry/enabled-trace-util.js:102:28)","timestamp":"2026-05-30 15:42:27:4227"}
{"error":"16 UNAUTHENTICATED: Request had invalid authentication credentials. Expected OAuth 2 access token, login cookie or other valid authentication credential. See https://developers.google.com/identity/sign-in/web/devconsole-project.","level":"\u001b[31merror\u001b[39m","message":"\u001b[31mMultiTenantService.listTenants error:\u001b[39m","stack":"Error: 16 UNAUTHENTICATED: Request had invalid authentication credentials. Expected OAuth 2 access token, login cookie or other valid authentication credential. See https://developers.google.com/identity/sign-in/web/devconsole-project.\n    at callErrorFromStatus (/home/codedex/projects/DeXMart/node_modules/@grpc/grpc-js/src/call.ts:84:17)\n    at Object.onReceiveStatus (/home/codedex/projects/DeXMart/node_modules/@grpc/grpc-js/src/client.ts:612:51)\n    at Object.onReceiveStatus (/home/codedex/projects/DeXMart/node_modules/@grpc/grpc-js/src/client-interceptors.ts:424:48)\n    at /home/codedex/projects/DeXMart/node_modules/@grpc/grpc-js/src/resolving-call.ts:170:24\n    at processTicksAndRejections (node:internal/process/task_queues:85:11)\nfor call at\n    at ServiceClientImpl.makeServerStreamRequest (/home/codedex/projects/DeXMart/node_modules/@grpc/grpc-js/src/client.ts:595:42)\n    at ServiceClientImpl.<anonymous> (/home/codedex/projects/DeXMart/node_modules/@grpc/grpc-js/src/make-client.ts:189:15)\n    at /home/codedex/projects/DeXMart/node_modules/@google-cloud/firestore/build/src/v1/firestore_client.js:242:33\n    at /home/codedex/projects/DeXMart/node_modules/google-gax/src/streamingCalls/streamingApiCaller.ts:59:19\n    at /home/codedex/projects/DeXMart/node_modules/google-gax/src/normalCalls/timeout.ts:54:13\n    at Object.request (/home/codedex/projects/DeXMart/node_modules/google-gax/src/streamingCalls/streaming.ts:331:28)\n    at makeRequest (/home/codedex/projects/DeXMart/node_modules/retry-request/index.js:159:28)\n    at retryRequest (/home/codedex/projects/DeXMart/node_modules/retry-request/index.js:119:5)\n    at StreamProxy.setStream (/home/codedex/projects/DeXMart/node_modules/google-gax/src/streamingCalls/streaming.ts:322:29)\n    at StreamingApiCaller.call (/home/codedex/projects/DeXMart/node_modules/google-gax/src/streamingCalls/streamingApiCaller.ts:89:12)\nCaused by: Error: \n    at QueryUtil._getResponse (/home/codedex/projects/DeXMart/node_modules/@google-cloud/firestore/build/src/reference/query-util.js:44:23)\n    at CollectionReference._getResponse (/home/codedex/projects/DeXMart/node_modules/@google-cloud/firestore/build/src/reference/query.js:784:32)\n    at CollectionReference._get (/home/codedex/projects/DeXMart/node_modules/@google-cloud/firestore/build/src/reference/query.js:777:35)\n    at /home/codedex/projects/DeXMart/node_modules/@google-cloud/firestore/build/src/reference/query.js:745:43\n    at /home/codedex/projects/DeXMart/node_modules/@google-cloud/firestore/build/src/telemetry/enabled-trace-util.js:110:30\n    at NoopContextManager.with (/home/codedex/projects/DeXMart/node_modules/@opentelemetry/api/src/context/NoopContextManager.ts:20:15)\n    at ContextAPI.with (/home/codedex/projects/DeXMart/node_modules/@opentelemetry/api/src/api/context.ts:68:42)\n    at NoopTracer.startActiveSpan (/home/codedex/projects/DeXMart/node_modules/@opentelemetry/api/src/trace/NoopTracer.ts:87:27)\n    at ProxyTracer.startActiveSpan (/home/codedex/projects/DeXMart/node_modules/@opentelemetry/api/src/trace/ProxyTracer.ts:51:20)\n    at EnabledTraceUtil.startActiveSpan (/home/codedex/projects/DeXMart/node_modules/@google-cloud/firestore/build/src/telemetry/enabled-trace-util.js:102:28)","timestamp":"2026-05-30 15:42:27:4227"}
{"level":"\u001b[32minfo\u001b[39m","message":"\u001b[32m[ChannelService] Successfully queued 0 channels for resumption.\u001b[39m","timestamp":"2026-05-30 15:42:27:4227"}
{"duration":529057136,"level":"\u001b[32minfo\u001b[39m","message":"\u001b[32mPerformance: memory_heap_used = 529057136 bytes\u001b[39m","operation":"memory_heap_used","timestamp":"2026-05-30 15:42:43:4243","unit":"bytes"}
{"duration":592117760,"level":"\u001b[32minfo\u001b[39m","message":"\u001b[32mPerformance: memory_heap_total = 592117760 bytes\u001b[39m","operation":"memory_heap_total","timestamp":"2026-05-30 15:42:43:4243","unit":"bytes"}
{"duration":756502528,"level":"\u001b[32minfo\u001b[39m","message":"\u001b[32mPerformance: memory_rss = 756502528 bytes\u001b[39m","operation":"memory_rss","timestamp":"2026-05-30 15:42:43:4243","unit":"bytes"}
{"duration":37279466,"level":"\u001b[32minfo\u001b[39m","message":"\u001b[32mPerformance: memory_external = 37279466 bytes\u001b[39m","operation":"memory_external","timestamp":"2026-05-30 15:42:43:4243","unit":"bytes"}
{"duration":93017551,"level":"\u001b[32minfo\u001b[39m","message":"\u001b[32mPerformance: cpu_user_time = 93017551 microseconds\u001b[39m","operation":"cpu_user_time","timestamp":"2026-05-30 15:42:43:4243","unit":"microseconds"}
{"duration":8092179,"level":"\u001b[32minfo\u001b[39m","message":"\u001b[32mPerformance: cpu_system_time = 8092179 microseconds\u001b[39m","operation":"cpu_system_time","timestamp":"2026-05-30 15:42:43:4243","unit":"microseconds"}
{"duration":630.033701716,"level":"\u001b[32minfo\u001b[39m","message":"\u001b[32mPerformance: process_uptime = 630.033701716 seconds\u001b[39m","operation":"process_uptime","timestamp":"2026-05-30 15:42:43:4243","unit":"seconds"}
{"duration":0.462905,"level":"\u001b[32minfo\u001b[39m","message":"\u001b[32mPerformance: event_loop_lag = 0.462905 milliseconds\u001b[39m","operation":"event_loop_lag","timestamp":"2026-05-30 15:42:43:4243","unit":"milliseconds"}
{"duration":529150432,"level":"\u001b[32minfo\u001b[39m","message":"\u001b[32mPerformance: memory_heap_used = 529150432 bytes\u001b[39m","operation":"memory_heap_used","timestamp":"2026-05-30 15:43:16:4316","unit":"bytes"}
{"duration":592117760,"level":"\u001b[32minfo\u001b[39m","message":"\u001b[32mPerformance: memory_heap_total = 592117760 bytes\u001b[39m","operation":"memory_heap_total","timestamp":"2026-05-30 15:43:16:4316","unit":"bytes"}
{"duration":756502528,"level":"\u001b[32minfo\u001b[39m","message":"\u001b[32mPerformance: memory_rss = 756502528 bytes\u001b[39m","operation":"memory_rss","timestamp":"2026-05-30 15:43:16:4316","unit":"bytes"}
{"duration":37312113,"level":"\u001b[32minfo\u001b[39m","message":"\u001b[32mPerformance: memory_external = 37312113 bytes\u001b[39m","operation":"memory_external","timestamp":"2026-05-30 15:43:16:4316","unit":"bytes"}
{"duration":93050843,"level":"\u001b[32minfo\u001b[39m","message":"\u001b[32mPerformance: cpu_user_time = 93050843 microseconds\u001b[39m","operation":"cpu_user_time","timestamp":"2026-05-30 15:43:16:4316","unit":"microseconds"}
{"duration":8102606,"level":"\u001b[32minfo\u001b[39m","message":"\u001b[32mPerformance: cpu_system_time = 8102606 microseconds\u001b[39m","operation":"cpu_system_time","timestamp":"2026-05-30 15:43:16:4316","unit":"microseconds"}
{"duration":660.034868084,"level":"\u001b[32minfo\u001b[39m","message":"\u001b[32mPerformance: process_uptime = 660.034868084 seconds\u001b[39m","operation":"process_uptime","timestamp":"2026-05-30 15:43:16:4316","unit":"seconds"}
{"duration":0.292742,"level":"\u001b[32minfo\u001b[39m","message":"\u001b[32mPerformance: event_loop_lag = 0.292742 milliseconds\u001b[39m","operation":"event_loop_lag","timestamp":"2026-05-30 15:43:16:4316","unit":"milliseconds"}
{"level":"\u001b[32minfo\u001b[39m","message":"\u001b[32m>>> [MASTERMIND] Resuming all active channels...\u001b[39m","timestamp":"2026-05-30 15:43:33:4333"}
{"error":"16 UNAUTHENTICATED: Request had invalid authentication credentials. Expected OAuth 2 access token, login cookie or other valid authentication credential. See https://developers.google.com/identity/sign-in/web/devconsole-project.","level":"\u001b[31merror\u001b[39m","message":"\u001b[31mFirestore getCollection error [tenants] (Tenant: undefined):\u001b[39m","stack":"Error: 16 UNAUTHENTICATED: Request had invalid authentication credentials. Expected OAuth 2 access token, login cookie or other valid authentication credential. See https://developers.google.com/identity/sign-in/web/devconsole-project.\n    at callErrorFromStatus (/home/codedex/projects/DeXMart/node_modules/@grpc/grpc-js/src/call.ts:84:17)\n    at Object.onReceiveStatus (/home/codedex/projects/DeXMart/node_modules/@grpc/grpc-js/src/client.ts:612:51)\n    at Object.onReceiveStatus (/home/codedex/projects/DeXMart/node_modules/@grpc/grpc-js/src/client-interceptors.ts:424:48)\n    at /home/codedex/projects/DeXMart/node_modules/@grpc/grpc-js/src/resolving-call.ts:170:24\n    at processTicksAndRejections (node:internal/process/task_queues:85:11)\nfor call at\n    at ServiceClientImpl.makeServerStreamRequest (/home/codedex/projects/DeXMart/node_modules/@grpc/grpc-js/src/client.ts:595:42)\n    at ServiceClientImpl.<anonymous> (/home/codedex/projects/DeXMart/node_modules/@grpc/grpc-js/src/make-client.ts:189:15)\n    at /home/codedex/projects/DeXMart/node_modules/@google-cloud/firestore/build/src/v1/firestore_client.js:242:33\n    at /home/codedex/projects/DeXMart/node_modules/google-gax/src/streamingCalls/streamingApiCaller.ts:59:19\n    at /home/codedex/projects/DeXMart/node_modules/google-gax/src/normalCalls/timeout.ts:54:13\n    at Object.request (/home/codedex/projects/DeXMart/node_modules/google-gax/src/streamingCalls/streaming.ts:331:28)\n    at makeRequest (/home/codedex/projects/DeXMart/node_modules/retry-request/index.js:159:28)\n    at retryRequest (/home/codedex/projects/DeXMart/node_modules/retry-request/index.js:119:5)\n    at StreamProxy.setStream (/home/codedex/projects/DeXMart/node_modules/google-gax/src/streamingCalls/streaming.ts:322:29)\n    at StreamingApiCaller.call (/home/codedex/projects/DeXMart/node_modules/google-gax/src/streamingCalls/streamingApiCaller.ts:89:12)\nCaused by: Error: \n    at QueryUtil._getResponse (/home/codedex/projects/DeXMart/node_modules/@google-cloud/firestore/build/src/reference/query-util.js:44:23)\n    at CollectionReference._getResponse (/home/codedex/projects/DeXMart/node_modules/@google-cloud/firestore/build/src/reference/query.js:784:32)\n    at CollectionReference._get (/home/codedex/projects/DeXMart/node_modules/@google-cloud/firestore/build/src/reference/query.js:777:35)\n    at /home/codedex/projects/DeXMart/node_modules/@google-cloud/firestore/build/src/reference/query.js:745:43\n    at /home/codedex/projects/DeXMart/node_modules/@google-cloud/firestore/build/src/telemetry/enabled-trace-util.js:110:30\n    at NoopContextManager.with (/home/codedex/projects/DeXMart/node_modules/@opentelemetry/api/src/context/NoopContextManager.ts:20:15)\n    at ContextAPI.with (/home/codedex/projects/DeXMart/node_modules/@opentelemetry/api/src/api/context.ts:68:42)\n    at NoopTracer.startActiveSpan (/home/codedex/projects/DeXMart/node_modules/@opentelemetry/api/src/trace/NoopTracer.ts:87:27)\n    at ProxyTracer.startActiveSpan (/home/codedex/projects/DeXMart/node_modules/@opentelemetry/api/src/trace/ProxyTracer.ts:51:20)\n    at EnabledTraceUtil.startActiveSpan (/home/codedex/projects/DeXMart/node_modules/@google-cloud/firestore/build/src/telemetry/enabled-trace-util.js:102:28)","timestamp":"2026-05-30 15:43:33:4333"}
{"error":"16 UNAUTHENTICATED: Request had invalid authentication credentials. Expected OAuth 2 access token, login cookie or other valid authentication credential. See https://developers.google.com/identity/sign-in/web/devconsole-project.","level":"\u001b[31merror\u001b[39m","message":"\u001b[31mMultiTenantService.listTenants error:\u001b[39m","stack":"Error: 16 UNAUTHENTICATED: Request had invalid authentication credentials. Expected OAuth 2 access token, login cookie or other valid authentication credential. See https://developers.google.com/identity/sign-in/web/devconsole-project.\n    at callErrorFromStatus (/home/codedex/projects/DeXMart/node_modules/@grpc/grpc-js/src/call.ts:84:17)\n    at Object.onReceiveStatus (/home/codedex/projects/DeXMart/node_modules/@grpc/grpc-js/src/client.ts:612:51)\n    at Object.onReceiveStatus (/home/codedex/projects/DeXMart/node_modules/@grpc/grpc-js/src/client-interceptors.ts:424:48)\n    at /home/codedex/projects/DeXMart/node_modules/@grpc/grpc-js/src/resolving-call.ts:170:24\n    at processTicksAndRejections (node:internal/process/task_queues:85:11)\nfor call at\n    at ServiceClientImpl.makeServerStreamRequest (/home/codedex/projects/DeXMart/node_modules/@grpc/grpc-js/src/client.ts:595:42)\n    at ServiceClientImpl.<anonymous> (/home/codedex/projects/DeXMart/node_modules/@grpc/grpc-js/src/make-client.ts:189:15)\n    at /home/codedex/projects/DeXMart/node_modules/@google-cloud/firestore/build/src/v1/firestore_client.js:242:33\n    at /home/codedex/projects/DeXMart/node_modules/google-gax/src/streamingCalls/streamingApiCaller.ts:59:19\n    at /home/codedex/projects/DeXMart/node_modules/google-gax/src/normalCalls/timeout.ts:54:13\n    at Object.request (/home/codedex/projects/DeXMart/node_modules/google-gax/src/streamingCalls/streaming.ts:331:28)\n    at makeRequest (/home/codedex/projects/DeXMart/node_modules/retry-request/index.js:159:28)\n    at retryRequest (/home/codedex/projects/DeXMart/node_modules/retry-request/index.js:119:5)\n    at StreamProxy.setStream (/home/codedex/projects/DeXMart/node_modules/google-gax/src/streamingCalls/streaming.ts:322:29)\n    at StreamingApiCaller.call (/home/codedex/projects/DeXMart/node_modules/google-gax/src/streamingCalls/streamingApiCaller.ts:89:12)\nCaused by: Error: \n    at QueryUtil._getResponse (/home/codedex/projects/DeXMart/node_modules/@google-cloud/firestore/build/src/reference/query-util.js:44:23)\n    at CollectionReference._getResponse (/home/codedex/projects/DeXMart/node_modules/@google-cloud/firestore/build/src/reference/query.js:784:32)\n    at CollectionReference._get (/home/codedex/projects/DeXMart/node_modules/@google-cloud/firestore/build/src/reference/query.js:777:35)\n    at /home/codedex/projects/DeXMart/node_modules/@google-cloud/firestore/build/src/reference/query.js:745:43\n    at /home/codedex/projects/DeXMart/node_modules/@google-cloud/firestore/build/src/telemetry/enabled-trace-util.js:110:30\n    at NoopContextManager.with (/home/codedex/projects/DeXMart/node_modules/@opentelemetry/api/src/context/NoopContextManager.ts:20:15)\n    at ContextAPI.with (/home/codedex/projects/DeXMart/node_modules/@opentelemetry/api/src/api/context.ts:68:42)\n    at NoopTracer.startActiveSpan (/home/codedex/projects/DeXMart/node_modules/@opentelemetry/api/src/trace/NoopTracer.ts:87:27)\n    at ProxyTracer.startActiveSpan (/home/codedex/projects/DeXMart/node_modules/@opentelemetry/api/src/trace/ProxyTracer.ts:51:20)\n    at EnabledTraceUtil.startActiveSpan (/home/codedex/projects/DeXMart/node_modules/@google-cloud/firestore/build/src/telemetry/enabled-trace-util.js:102:28)","timestamp":"2026-05-30 15:43:33:4333"}
{"level":"\u001b[32minfo\u001b[39m","message":"\u001b[32m[ChannelService] Successfully queued 0 channels for resumption.\u001b[39m","timestamp":"2026-05-30 15:43:33:4333"}
{"duration":529988184,"level":"\u001b[32minfo\u001b[39m","message":"\u001b[32mPerformance: memory_heap_used = 529988184 bytes\u001b[39m","operation":"memory_heap_used","timestamp":"2026-05-30 15:43:49:4349","unit":"bytes"}
{"duration":593428480,"level":"\u001b[32minfo\u001b[39m","message":"\u001b[32mPerformance: memory_heap_total = 593428480 bytes\u001b[39m","operation":"memory_heap_total","timestamp":"2026-05-30 15:43:49:4349","unit":"bytes"}
{"duration":756502528,"level":"\u001b[32minfo\u001b[39m","message":"\u001b[32mPerformance: memory_rss = 756502528 bytes\u001b[39m","operation":"memory_rss","timestamp":"2026-05-30 15:43:49:4349","unit":"bytes"}
{"duration":37353687,"level":"\u001b[32minfo\u001b[39m","message":"\u001b[32mPerformance: memory_external = 37353687 bytes\u001b[39m","operation":"memory_external","timestamp":"2026-05-30 15:43:49:4349","unit":"bytes"}
{"duration":93101845,"level":"\u001b[32minfo\u001b[39m","message":"\u001b[32mPerformance: cpu_user_time = 93101845 microseconds\u001b[39m","operation":"cpu_user_time","timestamp":"2026-05-30 15:43:49:4349","unit":"microseconds"}
{"duration":8113372,"level":"\u001b[32minfo\u001b[39m","message":"\u001b[32mPerformance: cpu_system_time = 8113372 microseconds\u001b[39m","operation":"cpu_system_time","timestamp":"2026-05-30 15:43:49:4349","unit":"microseconds"}
{"duration":690.035333896,"level":"\u001b[32minfo\u001b[39m","message":"\u001b[32mPerformance: process_uptime = 690.035333896 seconds\u001b[39m","operation":"process_uptime","timestamp":"2026-05-30 15:43:49:4349","unit":"seconds"}
{"duration":2.169957,"level":"\u001b[32minfo\u001b[39m","message":"\u001b[32mPerformance: event_loop_lag = 2.169957 milliseconds\u001b[39m","operation":"event_loop_lag","timestamp":"2026-05-30 15:43:49:4349","unit":"milliseconds"}
{"level":"\u001b[32minfo\u001b[39m","message":"\u001b[32m✅ Environment variables validated via Zod\u001b[39m","timestamp":"2026-05-30 15:44:12:4412"}
{"level":"\u001b[33mwarn\u001b[39m","message":"\u001b[33m⚠️ JWT_SECRET is missing or using default value! Tokens will be signed with an insecure key.\u001b[39m","timestamp":"2026-05-30 15:44:12:4412"}
{"level":"\u001b[32minfo\u001b[39m","message":"\u001b[32m🔗 Constructed internal REDIS_URL from host and port configuration\u001b[39m","timestamp":"2026-05-30 15:44:12:4412"}
{"level":"\u001b[32minfo\u001b[39m","message":"\u001b[32m✅ Configuration validation passed\u001b[39m","timestamp":"2026-05-30 15:44:12:4412"}
{"level":"\u001b[32minfo\u001b[39m","message":"\u001b[32mConfigService initialized as wrapper for ConfigManager\u001b[39m","timestamp":"2026-05-30 15:44:12:4412"}
{"level":"\u001b[32minfo\u001b[39m","message":"\u001b[32mFirebase Config: path=service-account.json, projectId=undefined, hasEmail=false, hasKey=false\u001b[39m","timestamp":"2026-05-30 15:44:12:4412"}
{"level":"\u001b[32minfo\u001b[39m","message":"\u001b[32mLoading service account from: service-account.json\u001b[39m","timestamp":"2026-05-30 15:44:12:4412"}
{"level":"\u001b[32minfo\u001b[39m","message":"\u001b[32mUsing service account for project: dexmart\u001b[39m","timestamp":"2026-05-30 15:44:12:4412"}
{"level":"\u001b[32minfo\u001b[39m","message":"\u001b[32mInitializing Firebase Admin...\u001b[39m","timestamp":"2026-05-30 15:44:12:4412"}
{"level":"\u001b[32minfo\u001b[39m","message":"\u001b[32m🔥 Firebase Admin Initialized (Project: dexmart)\u001b[39m","timestamp":"2026-05-30 15:44:12:4412"}
{"duration":530043976,"level":"\u001b[32minfo\u001b[39m","message":"\u001b[32mPerformance: memory_heap_used = 530043976 bytes\u001b[39m","operation":"memory_heap_used","timestamp":"2026-05-30 15:44:22:4422","unit":"bytes"}
{"duration":592379904,"level":"\u001b[32minfo\u001b[39m","message":"\u001b[32mPerformance: memory_heap_total = 592379904 bytes\u001b[39m","operation":"memory_heap_total","timestamp":"2026-05-30 15:44:22:4422","unit":"bytes"}
{"duration":756502528,"level":"\u001b[32minfo\u001b[39m","message":"\u001b[32mPerformance: memory_rss = 756502528 bytes\u001b[39m","operation":"memory_rss","timestamp":"2026-05-30 15:44:22:4422","unit":"bytes"}
{"duration":37378212,"level":"\u001b[32minfo\u001b[39m","message":"\u001b[32mPerformance: memory_external = 37378212 bytes\u001b[39m","operation":"memory_external","timestamp":"2026-05-30 15:44:22:4422","unit":"bytes"}
{"duration":93131757,"level":"\u001b[32minfo\u001b[39m","message":"\u001b[32mPerformance: cpu_user_time = 93131757 microseconds\u001b[39m","operation":"cpu_user_time","timestamp":"2026-05-30 15:44:22:4422","unit":"microseconds"}
{"duration":8128674,"level":"\u001b[32minfo\u001b[39m","message":"\u001b[32mPerformance: cpu_system_time = 8128674 microseconds\u001b[39m","operation":"cpu_system_time","timestamp":"2026-05-30 15:44:22:4422","unit":"microseconds"}
{"duration":720.036592645,"level":"\u001b[32minfo\u001b[39m","message":"\u001b[32mPerformance: process_uptime = 720.036592645 seconds\u001b[39m","operation":"process_uptime","timestamp":"2026-05-30 15:44:22:4422","unit":"seconds"}
{"duration":0.380661,"level":"\u001b[32minfo\u001b[39m","message":"\u001b[32mPerformance: event_loop_lag = 0.380661 milliseconds\u001b[39m","operation":"event_loop_lag","timestamp":"2026-05-30 15:44:22:4422","unit":"milliseconds"}
{"level":"\u001b[32minfo\u001b[39m","message":"\u001b[32m✅ Environment variables validated via Zod\u001b[39m","timestamp":"2026-05-30 15:44:26:4426"}
{"level":"\u001b[33mwarn\u001b[39m","message":"\u001b[33m⚠️ JWT_SECRET is missing or using default value! Tokens will be signed with an insecure key.\u001b[39m","timestamp":"2026-05-30 15:44:26:4426"}
{"level":"\u001b[32minfo\u001b[39m","message":"\u001b[32m🔗 Constructed internal REDIS_URL from host and port configuration\u001b[39m","timestamp":"2026-05-30 15:44:26:4426"}
{"level":"\u001b[32minfo\u001b[39m","message":"\u001b[32m✅ Configuration validation passed\u001b[39m","timestamp":"2026-05-30 15:44:26:4426"}
{"level":"\u001b[32minfo\u001b[39m","message":"\u001b[32mConfigService initialized as wrapper for ConfigManager\u001b[39m","timestamp":"2026-05-30 15:44:26:4426"}
{"level":"\u001b[32minfo\u001b[39m","message":"\u001b[32mFirebase Config: path=service-account.json, projectId=undefined, hasEmail=false, hasKey=false\u001b[39m","timestamp":"2026-05-30 15:44:26:4426"}
{"level":"\u001b[32minfo\u001b[39m","message":"\u001b[32mLoading service account from: service-account.json\u001b[39m","timestamp":"2026-05-30 15:44:26:4426"}
{"level":"\u001b[32minfo\u001b[39m","message":"\u001b[32mUsing service account for project: dexmart\u001b[39m","timestamp":"2026-05-30 15:44:26:4426"}
{"level":"\u001b[32minfo\u001b[39m","message":"\u001b[32mInitializing Firebase Admin...\u001b[39m","timestamp":"2026-05-30 15:44:26:4426"}
{"level":"\u001b[32minfo\u001b[39m","message":"\u001b[32m🔥 Firebase Admin Initialized (Project: dexmart)\u001b[39m","timestamp":"2026-05-30 15:44:26:4426"}
{"level":"\u001b[32minfo\u001b[39m","message":"\u001b[32m>>> [MASTERMIND] Resuming all active channels...\u001b[39m","timestamp":"2026-05-30 15:44:36:4436"}
{"error":"16 UNAUTHENTICATED: Request had invalid authentication credentials. Expected OAuth 2 access token, login cookie or other valid authentication credential. See https://developers.google.com/identity/sign-in/web/devconsole-project.","level":"\u001b[31merror\u001b[39m","message":"\u001b[31mFirestore getCollection error [tenants] (Tenant: undefined):\u001b[39m","stack":"Error: 16 UNAUTHENTICATED: Request had invalid authentication credentials. Expected OAuth 2 access token, login cookie or other valid authentication credential. See https://developers.google.com/identity/sign-in/web/devconsole-project.\n    at callErrorFromStatus (/home/codedex/projects/DeXMart/node_modules/@grpc/grpc-js/src/call.ts:84:17)\n    at Object.onReceiveStatus (/home/codedex/projects/DeXMart/node_modules/@grpc/grpc-js/src/client.ts:612:51)\n    at Object.onReceiveStatus (/home/codedex/projects/DeXMart/node_modules/@grpc/grpc-js/src/client-interceptors.ts:424:48)\n    at /home/codedex/projects/DeXMart/node_modules/@grpc/grpc-js/src/resolving-call.ts:170:24\n    at processTicksAndRejections (node:internal/process/task_queues:85:11)\nfor call at\n    at ServiceClientImpl.makeServerStreamRequest (/home/codedex/projects/DeXMart/node_modules/@grpc/grpc-js/src/client.ts:595:42)\n    at ServiceClientImpl.<anonymous> (/home/codedex/projects/DeXMart/node_modules/@grpc/grpc-js/src/make-client.ts:189:15)\n    at /home/codedex/projects/DeXMart/node_modules/@google-cloud/firestore/build/src/v1/firestore_client.js:242:33\n    at /home/codedex/projects/DeXMart/node_modules/google-gax/src/streamingCalls/streamingApiCaller.ts:59:19\n    at /home/codedex/projects/DeXMart/node_modules/google-gax/src/normalCalls/timeout.ts:54:13\n    at Object.request (/home/codedex/projects/DeXMart/node_modules/google-gax/src/streamingCalls/streaming.ts:331:28)\n    at makeRequest (/home/codedex/projects/DeXMart/node_modules/retry-request/index.js:159:28)\n    at retryRequest (/home/codedex/projects/DeXMart/node_modules/retry-request/index.js:119:5)\n    at StreamProxy.setStream (/home/codedex/projects/DeXMart/node_modules/google-gax/src/streamingCalls/streaming.ts:322:29)\n    at StreamingApiCaller.call (/home/codedex/projects/DeXMart/node_modules/google-gax/src/streamingCalls/streamingApiCaller.ts:89:12)\nCaused by: Error: \n    at QueryUtil._getResponse (/home/codedex/projects/DeXMart/node_modules/@google-cloud/firestore/build/src/reference/query-util.js:44:23)\n    at CollectionReference._getResponse (/home/codedex/projects/DeXMart/node_modules/@google-cloud/firestore/build/src/reference/query.js:784:32)\n    at CollectionReference._get (/home/codedex/projects/DeXMart/node_modules/@google-cloud/firestore/build/src/reference/query.js:777:35)\n    at /home/codedex/projects/DeXMart/node_modules/@google-cloud/firestore/build/src/reference/query.js:745:43\n    at /home/codedex/projects/DeXMart/node_modules/@google-cloud/firestore/build/src/telemetry/enabled-trace-util.js:110:30\n    at NoopContextManager.with (/home/codedex/projects/DeXMart/node_modules/@opentelemetry/api/src/context/NoopContextManager.ts:20:15)\n    at ContextAPI.with (/home/codedex/projects/DeXMart/node_modules/@opentelemetry/api/src/api/context.ts:68:42)\n    at NoopTracer.startActiveSpan (/home/codedex/projects/DeXMart/node_modules/@opentelemetry/api/src/trace/NoopTracer.ts:87:27)\n    at ProxyTracer.startActiveSpan (/home/codedex/projects/DeXMart/node_modules/@opentelemetry/api/src/trace/ProxyTracer.ts:51:20)\n    at EnabledTraceUtil.startActiveSpan (/home/codedex/projects/DeXMart/node_modules/@google-cloud/firestore/build/src/telemetry/enabled-trace-util.js:102:28)","timestamp":"2026-05-30 15:44:36:4436"}
{"error":"16 UNAUTHENTICATED: Request had invalid authentication credentials. Expected OAuth 2 access token, login cookie or other valid authentication credential. See https://developers.google.com/identity/sign-in/web/devconsole-project.","level":"\u001b[31merror\u001b[39m","message":"\u001b[31mMultiTenantService.listTenants error:\u001b[39m","stack":"Error: 16 UNAUTHENTICATED: Request had invalid authentication credentials. Expected OAuth 2 access token, login cookie or other valid authentication credential. See https://developers.google.com/identity/sign-in/web/devconsole-project.\n    at callErrorFromStatus (/home/codedex/projects/DeXMart/node_modules/@grpc/grpc-js/src/call.ts:84:17)\n    at Object.onReceiveStatus (/home/codedex/projects/DeXMart/node_modules/@grpc/grpc-js/src/client.ts:612:51)\n    at Object.onReceiveStatus (/home/codedex/projects/DeXMart/node_modules/@grpc/grpc-js/src/client-interceptors.ts:424:48)\n    at /home/codedex/projects/DeXMart/node_modules/@grpc/grpc-js/src/resolving-call.ts:170:24\n    at processTicksAndRejections (node:internal/process/task_queues:85:11)\nfor call at\n    at ServiceClientImpl.makeServerStreamRequest (/home/codedex/projects/DeXMart/node_modules/@grpc/grpc-js/src/client.ts:595:42)\n    at ServiceClientImpl.<anonymous> (/home/codedex/projects/DeXMart/node_modules/@grpc/grpc-js/src/make-client.ts:189:15)\n    at /home/codedex/projects/DeXMart/node_modules/@google-cloud/firestore/build/src/v1/firestore_client.js:242:33\n    at /home/codedex/projects/DeXMart/node_modules/google-gax/src/streamingCalls/streamingApiCaller.ts:59:19\n    at /home/codedex/projects/DeXMart/node_modules/google-gax/src/normalCalls/timeout.ts:54:13\n    at Object.request (/home/codedex/projects/DeXMart/node_modules/google-gax/src/streamingCalls/streaming.ts:331:28)\n    at makeRequest (/home/codedex/projects/DeXMart/node_modules/retry-request/index.js:159:28)\n    at retryRequest (/home/codedex/projects/DeXMart/node_modules/retry-request/index.js:119:5)\n    at StreamProxy.setStream (/home/codedex/projects/DeXMart/node_modules/google-gax/src/streamingCalls/streaming.ts:322:29)\n    at StreamingApiCaller.call (/home/codedex/projects/DeXMart/node_modules/google-gax/src/streamingCalls/streamingApiCaller.ts:89:12)\nCaused by: Error: \n    at QueryUtil._getResponse (/home/codedex/projects/DeXMart/node_modules/@google-cloud/firestore/build/src/reference/query-util.js:44:23)\n    at CollectionReference._getResponse (/home/codedex/projects/DeXMart/node_modules/@google-cloud/firestore/build/src/reference/query.js:784:32)\n    at CollectionReference._get (/home/codedex/projects/DeXMart/node_modules/@google-cloud/firestore/build/src/reference/query.js:777:35)\n    at /home/codedex/projects/DeXMart/node_modules/@google-cloud/firestore/build/src/reference/query.js:745:43\n    at /home/codedex/projects/DeXMart/node_modules/@google-cloud/firestore/build/src/telemetry/enabled-trace-util.js:110:30\n    at NoopContextManager.with (/home/codedex/projects/DeXMart/node_modules/@opentelemetry/api/src/context/NoopContextManager.ts:20:15)\n    at ContextAPI.with (/home/codedex/projects/DeXMart/node_modules/@opentelemetry/api/src/api/context.ts:68:42)\n    at NoopTracer.startActiveSpan (/home/codedex/projects/DeXMart/node_modules/@opentelemetry/api/src/trace/NoopTracer.ts:87:27)\n    at ProxyTracer.startActiveSpan (/home/codedex/projects/DeXMart/node_modules/@opentelemetry/api/src/trace/ProxyTracer.ts:51:20)\n    at EnabledTraceUtil.startActiveSpan (/home/codedex/projects/DeXMart/node_modules/@google-cloud/firestore/build/src/telemetry/enabled-trace-util.js:102:28)","timestamp":"2026-05-30 15:44:36:4436"}
{"level":"\u001b[32minfo\u001b[39m","message":"\u001b[32m[ChannelService] Successfully queued 0 channels for resumption.\u001b[39m","timestamp":"2026-05-30 15:44:36:4436"}
{"duration":530546984,"level":"\u001b[32minfo\u001b[39m","message":"\u001b[32mPerformance: memory_heap_used = 530546984 bytes\u001b[39m","operation":"memory_heap_used","timestamp":"2026-05-30 15:44:55:4455","unit":"bytes"}
{"duration":592642048,"level":"\u001b[32minfo\u001b[39m","message":"\u001b[32mPerformance: memory_heap_total = 592642048 bytes\u001b[39m","operation":"memory_heap_total","timestamp":"2026-05-30 15:44:55:4455","unit":"bytes"}
{"duration":756764672,"level":"\u001b[32minfo\u001b[39m","message":"\u001b[32mPerformance: memory_rss = 756764672 bytes\u001b[39m","operation":"memory_rss","timestamp":"2026-05-30 15:44:55:4455","unit":"bytes"}
{"duration":37426763,"level":"\u001b[32minfo\u001b[39m","message":"\u001b[32mPerformance: memory_external = 37426763 bytes\u001b[39m","operation":"memory_external","timestamp":"2026-05-30 15:44:55:4455","unit":"bytes"}
{"duration":93176233,"level":"\u001b[32minfo\u001b[39m","message":"\u001b[32mPerformance: cpu_user_time = 93176233 microseconds\u001b[39m","operation":"cpu_user_time","timestamp":"2026-05-30 15:44:55:4455","unit":"microseconds"}
{"duration":8138148,"level":"\u001b[32minfo\u001b[39m","message":"\u001b[32mPerformance: cpu_system_time = 8138148 microseconds\u001b[39m","operation":"cpu_system_time","timestamp":"2026-05-30 15:44:55:4455","unit":"microseconds"}
{"duration":750.03613772,"level":"\u001b[32minfo\u001b[39m","message":"\u001b[32mPerformance: process_uptime = 750.03613772 seconds\u001b[39m","operation":"process_uptime","timestamp":"2026-05-30 15:44:55:4455","unit":"seconds"}
{"duration":0.224045,"level":"\u001b[32minfo\u001b[39m","message":"\u001b[32mPerformance: event_loop_lag = 0.224045 milliseconds\u001b[39m","operation":"event_loop_lag","timestamp":"2026-05-30 15:44:55:4455","unit":"milliseconds"}
{"level":"\u001b[32minfo\u001b[39m","message":"\u001b[32m✅ Environment variables validated via Zod\u001b[39m","timestamp":"2026-05-30 15:45:04:454"}
{"level":"\u001b[33mwarn\u001b[39m","message":"\u001b[33m⚠️ JWT_SECRET is missing or using default value! Tokens will be signed with an insecure key.\u001b[39m","timestamp":"2026-05-30 15:45:04:454"}
{"level":"\u001b[32minfo\u001b[39m","message":"\u001b[32m🔗 Constructed internal REDIS_URL from host and port configuration\u001b[39m","timestamp":"2026-05-30 15:45:04:454"}
{"level":"\u001b[32minfo\u001b[39m","message":"\u001b[32m✅ Configuration validation passed\u001b[39m","timestamp":"2026-05-30 15:45:04:454"}
{"level":"\u001b[32minfo\u001b[39m","message":"\u001b[32mConfigService initialized as wrapper for ConfigManager\u001b[39m","timestamp":"2026-05-30 15:45:04:454"}
{"level":"\u001b[32minfo\u001b[39m","message":"\u001b[32mFirebase Config: path=service-account.json, projectId=undefined, hasEmail=false, hasKey=false\u001b[39m","timestamp":"2026-05-30 15:45:04:454"}
{"level":"\u001b[32minfo\u001b[39m","message":"\u001b[32mLoading service account from: service-account.json\u001b[39m","timestamp":"2026-05-30 15:45:04:454"}
{"level":"\u001b[32minfo\u001b[39m","message":"\u001b[32mUsing service account for project: dexmart\u001b[39m","timestamp":"2026-05-30 15:45:04:454"}
{"level":"\u001b[32minfo\u001b[39m","message":"\u001b[32mInitializing Firebase Admin...\u001b[39m","timestamp":"2026-05-30 15:45:04:454"}
{"level":"\u001b[32minfo\u001b[39m","message":"\u001b[32m🔥 Firebase Admin Initialized (Project: dexmart)\u001b[39m","timestamp":"2026-05-30 15:45:04:454"}
{"duration":530535736,"level":"\u001b[32minfo\u001b[39m","message":"\u001b[32mPerformance: memory_heap_used = 530535736 bytes\u001b[39m","operation":"memory_heap_used","timestamp":"2026-05-30 15:45:28:4528","unit":"bytes"}
{"duration":593690624,"level":"\u001b[32minfo\u001b[39m","message":"\u001b[32mPerformance: memory_heap_total = 593690624 bytes\u001b[39m","operation":"memory_heap_total","timestamp":"2026-05-30 15:45:28:4528","unit":"bytes"}
{"duration":756764672,"level":"\u001b[32minfo\u001b[39m","message":"\u001b[32mPerformance: memory_rss = 756764672 bytes\u001b[39m","operation":"memory_rss","timestamp":"2026-05-30 15:45:28:4528","unit":"bytes"}
{"duration":37426445,"level":"\u001b[32minfo\u001b[39m","message":"\u001b[32mPerformance: memory_external = 37426445 bytes\u001b[39m","operation":"memory_external","timestamp":"2026-05-30 15:45:28:4528","unit":"bytes"}
{"duration":93202901,"level":"\u001b[32minfo\u001b[39m","message":"\u001b[32mPerformance: cpu_user_time = 93202901 microseconds\u001b[39m","operation":"cpu_user_time","timestamp":"2026-05-30 15:45:28:4528","unit":"microseconds"}
{"duration":8151423,"level":"\u001b[32minfo\u001b[39m","message":"\u001b[32mPerformance: cpu_system_time = 8151423 microseconds\u001b[39m","operation":"cpu_system_time","timestamp":"2026-05-30 15:45:28:4528","unit":"microseconds"}
{"duration":780.037893468,"level":"\u001b[32minfo\u001b[39m","message":"\u001b[32mPerformance: process_uptime = 780.037893468 seconds\u001b[39m","operation":"process_uptime","timestamp":"2026-05-30 15:45:28:4528","unit":"seconds"}
{"duration":0.203858,"level":"\u001b[32minfo\u001b[39m","message":"\u001b[32mPerformance: event_loop_lag = 0.203858 milliseconds\u001b[39m","operation":"event_loop_lag","timestamp":"2026-05-30 15:45:28:4528","unit":"milliseconds"}
{"level":"\u001b[32minfo\u001b[39m","message":"\u001b[32m>>> [MASTERMIND] Resuming all active channels...\u001b[39m","timestamp":"2026-05-30 15:45:42:4542"}
{"error":"16 UNAUTHENTICATED: Request had invalid authentication credentials. Expected OAuth 2 access token, login cookie or other valid authentication credential. See https://developers.google.com/identity/sign-in/web/devconsole-project.","level":"\u001b[31merror\u001b[39m","message":"\u001b[31mFirestore getCollection error [tenants] (Tenant: undefined):\u001b[39m","stack":"Error: 16 UNAUTHENTICATED: Request had invalid authentication credentials. Expected OAuth 2 access token, login cookie or other valid authentication credential. See https://developers.google.com/identity/sign-in/web/devconsole-project.\n    at callErrorFromStatus (/home/codedex/projects/DeXMart/node_modules/@grpc/grpc-js/src/call.ts:84:17)\n    at Object.onReceiveStatus (/home/codedex/projects/DeXMart/node_modules/@grpc/grpc-js/src/client.ts:612:51)\n    at Object.onReceiveStatus (/home/codedex/projects/DeXMart/node_modules/@grpc/grpc-js/src/client-interceptors.ts:424:48)\n    at /home/codedex/projects/DeXMart/node_modules/@grpc/grpc-js/src/resolving-call.ts:170:24\n    at processTicksAndRejections (node:internal/process/task_queues:85:11)\nfor call at\n    at ServiceClientImpl.makeServerStreamRequest (/home/codedex/projects/DeXMart/node_modules/@grpc/grpc-js/src/client.ts:595:42)\n    at ServiceClientImpl.<anonymous> (/home/codedex/projects/DeXMart/node_modules/@grpc/grpc-js/src/make-client.ts:189:15)\n    at /home/codedex/projects/DeXMart/node_modules/@google-cloud/firestore/build/src/v1/firestore_client.js:242:33\n    at /home/codedex/projects/DeXMart/node_modules/google-gax/src/streamingCalls/streamingApiCaller.ts:59:19\n    at /home/codedex/projects/DeXMart/node_modules/google-gax/src/normalCalls/timeout.ts:54:13\n    at Object.request (/home/codedex/projects/DeXMart/node_modules/google-gax/src/streamingCalls/streaming.ts:331:28)\n    at makeRequest (/home/codedex/projects/DeXMart/node_modules/retry-request/index.js:159:28)\n    at retryRequest (/home/codedex/projects/DeXMart/node_modules/retry-request/index.js:119:5)\n    at StreamProxy.setStream (/home/codedex/projects/DeXMart/node_modules/google-gax/src/streamingCalls/streaming.ts:322:29)\n    at StreamingApiCaller.call (/home/codedex/projects/DeXMart/node_modules/google-gax/src/streamingCalls/streamingApiCaller.ts:89:12)\nCaused by: Error: \n    at QueryUtil._getResponse (/home/codedex/projects/DeXMart/node_modules/@google-cloud/firestore/build/src/reference/query-util.js:44:23)\n    at CollectionReference._getResponse (/home/codedex/projects/DeXMart/node_modules/@google-cloud/firestore/build/src/reference/query.js:784:32)\n    at CollectionReference._get (/home/codedex/projects/DeXMart/node_modules/@google-cloud/firestore/build/src/reference/query.js:777:35)\n    at /home/codedex/projects/DeXMart/node_modules/@google-cloud/firestore/build/src/reference/query.js:745:43\n    at /home/codedex/projects/DeXMart/node_modules/@google-cloud/firestore/build/src/telemetry/enabled-trace-util.js:110:30\n    at NoopContextManager.with (/home/codedex/projects/DeXMart/node_modules/@opentelemetry/api/src/context/NoopContextManager.ts:20:15)\n    at ContextAPI.with (/home/codedex/projects/DeXMart/node_modules/@opentelemetry/api/src/api/context.ts:68:42)\n    at NoopTracer.startActiveSpan (/home/codedex/projects/DeXMart/node_modules/@opentelemetry/api/src/trace/NoopTracer.ts:87:27)\n    at ProxyTracer.startActiveSpan (/home/codedex/projects/DeXMart/node_modules/@opentelemetry/api/src/trace/ProxyTracer.ts:51:20)\n    at EnabledTraceUtil.startActiveSpan (/home/codedex/projects/DeXMart/node_modules/@google-cloud/firestore/build/src/telemetry/enabled-trace-util.js:102:28)","timestamp":"2026-05-30 15:45:42:4542"}
{"error":"16 UNAUTHENTICATED: Request had invalid authentication credentials. Expected OAuth 2 access token, login cookie or other valid authentication credential. See https://developers.google.com/identity/sign-in/web/devconsole-project.","level":"\u001b[31merror\u001b[39m","message":"\u001b[31mMultiTenantService.listTenants error:\u001b[39m","stack":"Error: 16 UNAUTHENTICATED: Request had invalid authentication credentials. Expected OAuth 2 access token, login cookie or other valid authentication credential. See https://developers.google.com/identity/sign-in/web/devconsole-project.\n    at callErrorFromStatus (/home/codedex/projects/DeXMart/node_modules/@grpc/grpc-js/src/call.ts:84:17)\n    at Object.onReceiveStatus (/home/codedex/projects/DeXMart/node_modules/@grpc/grpc-js/src/client.ts:612:51)\n    at Object.onReceiveStatus (/home/codedex/projects/DeXMart/node_modules/@grpc/grpc-js/src/client-interceptors.ts:424:48)\n    at /home/codedex/projects/DeXMart/node_modules/@grpc/grpc-js/src/resolving-call.ts:170:24\n    at processTicksAndRejections (node:internal/process/task_queues:85:11)\nfor call at\n    at ServiceClientImpl.makeServerStreamRequest (/home/codedex/projects/DeXMart/node_modules/@grpc/grpc-js/src/client.ts:595:42)\n    at ServiceClientImpl.<anonymous> (/home/codedex/projects/DeXMart/node_modules/@grpc/grpc-js/src/make-client.ts:189:15)\n    at /home/codedex/projects/DeXMart/node_modules/@google-cloud/firestore/build/src/v1/firestore_client.js:242:33\n    at /home/codedex/projects/DeXMart/node_modules/google-gax/src/streamingCalls/streamingApiCaller.ts:59:19\n    at /home/codedex/projects/DeXMart/node_modules/google-gax/src/normalCalls/timeout.ts:54:13\n    at Object.request (/home/codedex/projects/DeXMart/node_modules/google-gax/src/streamingCalls/streaming.ts:331:28)\n    at makeRequest (/home/codedex/projects/DeXMart/node_modules/retry-request/index.js:159:28)\n    at retryRequest (/home/codedex/projects/DeXMart/node_modules/retry-request/index.js:119:5)\n    at StreamProxy.setStream (/home/codedex/projects/DeXMart/node_modules/google-gax/src/streamingCalls/streaming.ts:322:29)\n    at StreamingApiCaller.call (/home/codedex/projects/DeXMart/node_modules/google-gax/src/streamingCalls/streamingApiCaller.ts:89:12)\nCaused by: Error: \n    at QueryUtil._getResponse (/home/codedex/projects/DeXMart/node_modules/@google-cloud/firestore/build/src/reference/query-util.js:44:23)\n    at CollectionReference._getResponse (/home/codedex/projects/DeXMart/node_modules/@google-cloud/firestore/build/src/reference/query.js:784:32)\n    at CollectionReference._get (/home/codedex/projects/DeXMart/node_modules/@google-cloud/firestore/build/src/reference/query.js:777:35)\n    at /home/codedex/projects/DeXMart/node_modules/@google-cloud/firestore/build/src/reference/query.js:745:43\n    at /home/codedex/projects/DeXMart/node_modules/@google-cloud/firestore/build/src/telemetry/enabled-trace-util.js:110:30\n    at NoopContextManager.with (/home/codedex/projects/DeXMart/node_modules/@opentelemetry/api/src/context/NoopContextManager.ts:20:15)\n    at ContextAPI.with (/home/codedex/projects/DeXMart/node_modules/@opentelemetry/api/src/api/context.ts:68:42)\n    at NoopTracer.startActiveSpan (/home/codedex/projects/DeXMart/node_modules/@opentelemetry/api/src/trace/NoopTracer.ts:87:27)\n    at ProxyTracer.startActiveSpan (/home/codedex/projects/DeXMart/node_modules/@opentelemetry/api/src/trace/ProxyTracer.ts:51:20)\n    at EnabledTraceUtil.startActiveSpan (/home/codedex/projects/DeXMart/node_modules/@google-cloud/firestore/build/src/telemetry/enabled-trace-util.js:102:28)","timestamp":"2026-05-30 15:45:42:4542"}
{"level":"\u001b[32minfo\u001b[39m","message":"\u001b[32m[ChannelService] Successfully queued 0 channels for resumption.\u001b[39m","timestamp":"2026-05-30 15:45:42:4542"}
{"duration":531612272,"level":"\u001b[32minfo\u001b[39m","message":"\u001b[32mPerformance: memory_heap_used = 531612272 bytes\u001b[39m","operation":"memory_heap_used","timestamp":"2026-05-30 15:46:01:461","unit":"bytes"}
{"duration":593690624,"level":"\u001b[32minfo\u001b[39m","message":"\u001b[32mPerformance: memory_heap_total = 593690624 bytes\u001b[39m","operation":"memory_heap_total","timestamp":"2026-05-30 15:46:01:461","unit":"bytes"}
{"duration":756895744,"level":"\u001b[32minfo\u001b[39m","message":"\u001b[32mPerformance: memory_rss = 756895744 bytes\u001b[39m","operation":"memory_rss","timestamp":"2026-05-30 15:46:01:461","unit":"bytes"}
{"duration":37477341,"level":"\u001b[32minfo\u001b[39m","message":"\u001b[32mPerformance: memory_external = 37477341 bytes\u001b[39m","operation":"memory_external","timestamp":"2026-05-30 15:46:01:461","unit":"bytes"}
{"duration":93238462,"level":"\u001b[32minfo\u001b[39m","message":"\u001b[32mPerformance: cpu_user_time = 93238462 microseconds\u001b[39m","operation":"cpu_user_time","timestamp":"2026-05-30 15:46:01:461","unit":"microseconds"}
{"duration":8169748,"level":"\u001b[32minfo\u001b[39m","message":"\u001b[32mPerformance: cpu_system_time = 8169748 microseconds\u001b[39m","operation":"cpu_system_time","timestamp":"2026-05-30 15:46:01:461","unit":"microseconds"}
{"duration":810.037861992,"level":"\u001b[32minfo\u001b[39m","message":"\u001b[32mPerformance: process_uptime = 810.037861992 seconds\u001b[39m","operation":"process_uptime","timestamp":"2026-05-30 15:46:01:461","unit":"seconds"}
{"duration":0.292889,"level":"\u001b[32minfo\u001b[39m","message":"\u001b[32mPerformance: event_loop_lag = 0.292889 milliseconds\u001b[39m","operation":"event_loop_lag","timestamp":"2026-05-30 15:46:01:461","unit":"milliseconds"}
{"duration":531441944,"level":"\u001b[32minfo\u001b[39m","message":"\u001b[32mPerformance: memory_heap_used = 531441944 bytes\u001b[39m","operation":"memory_heap_used","timestamp":"2026-05-30 15:46:34:4634","unit":"bytes"}
{"duration":592642048,"level":"\u001b[32minfo\u001b[39m","message":"\u001b[32mPerformance: memory_heap_total = 592642048 bytes\u001b[39m","operation":"memory_heap_total","timestamp":"2026-05-30 15:46:34:4634","unit":"bytes"}
{"duration":756895744,"level":"\u001b[32minfo\u001b[39m","message":"\u001b[32mPerformance: memory_rss = 756895744 bytes\u001b[39m","operation":"memory_rss","timestamp":"2026-05-30 15:46:34:4634","unit":"bytes"}
{"duration":37492562,"level":"\u001b[32minfo\u001b[39m","message":"\u001b[32mPerformance: memory_external = 37492562 bytes\u001b[39m","operation":"memory_external","timestamp":"2026-05-30 15:46:34:4634","unit":"bytes"}
{"duration":93260007,"level":"\u001b[32minfo\u001b[39m","message":"\u001b[32mPerformance: cpu_user_time = 93260007 microseconds\u001b[39m","operation":"cpu_user_time","timestamp":"2026-05-30 15:46:34:4634","unit":"microseconds"}
{"duration":8183621,"level":"\u001b[32minfo\u001b[39m","message":"\u001b[32mPerformance: cpu_system_time = 8183621 microseconds\u001b[39m","operation":"cpu_system_time","timestamp":"2026-05-30 15:46:34:4634","unit":"microseconds"}
{"duration":840.037475364,"level":"\u001b[32minfo\u001b[39m","message":"\u001b[32mPerformance: process_uptime = 840.037475364 seconds\u001b[39m","operation":"process_uptime","timestamp":"2026-05-30 15:46:34:4634","unit":"seconds"}
{"duration":0.244021,"level":"\u001b[32minfo\u001b[39m","message":"\u001b[32mPerformance: event_loop_lag = 0.244021 milliseconds\u001b[39m","operation":"event_loop_lag","timestamp":"2026-05-30 15:46:34:4634","unit":"milliseconds"}
{"level":"\u001b[32minfo\u001b[39m","message":"\u001b[32m>>> [MASTERMIND] Resuming all active channels...\u001b[39m","timestamp":"2026-05-30 15:46:48:4648"}
{"error":"16 UNAUTHENTICATED: Request had invalid authentication credentials. Expected OAuth 2 access token, login cookie or other valid authentication credential. See https://developers.google.com/identity/sign-in/web/devconsole-project.","level":"\u001b[31merror\u001b[39m","message":"\u001b[31mFirestore getCollection error [tenants] (Tenant: undefined):\u001b[39m","stack":"Error: 16 UNAUTHENTICATED: Request had invalid authentication credentials. Expected OAuth 2 access token, login cookie or other valid authentication credential. See https://developers.google.com/identity/sign-in/web/devconsole-project.\n    at callErrorFromStatus (/home/codedex/projects/DeXMart/node_modules/@grpc/grpc-js/src/call.ts:84:17)\n    at Object.onReceiveStatus (/home/codedex/projects/DeXMart/node_modules/@grpc/grpc-js/src/client.ts:612:51)\n    at Object.onReceiveStatus (/home/codedex/projects/DeXMart/node_modules/@grpc/grpc-js/src/client-interceptors.ts:424:48)\n    at /home/codedex/projects/DeXMart/node_modules/@grpc/grpc-js/src/resolving-call.ts:170:24\n    at processTicksAndRejections (node:internal/process/task_queues:85:11)\nfor call at\n    at ServiceClientImpl.makeServerStreamRequest (/home/codedex/projects/DeXMart/node_modules/@grpc/grpc-js/src/client.ts:595:42)\n    at ServiceClientImpl.<anonymous> (/home/codedex/projects/DeXMart/node_modules/@grpc/grpc-js/src/make-client.ts:189:15)\n    at /home/codedex/projects/DeXMart/node_modules/@google-cloud/firestore/build/src/v1/firestore_client.js:242:33\n    at /home/codedex/projects/DeXMart/node_modules/google-gax/src/streamingCalls/streamingApiCaller.ts:59:19\n    at /home/codedex/projects/DeXMart/node_modules/google-gax/src/normalCalls/timeout.ts:54:13\n    at Object.request (/home/codedex/projects/DeXMart/node_modules/google-gax/src/streamingCalls/streaming.ts:331:28)\n    at makeRequest (/home/codedex/projects/DeXMart/node_modules/retry-request/index.js:159:28)\n    at retryRequest (/home/codedex/projects/DeXMart/node_modules/retry-request/index.js:119:5)\n    at StreamProxy.setStream (/home/codedex/projects/DeXMart/node_modules/google-gax/src/streamingCalls/streaming.ts:322:29)\n    at StreamingApiCaller.call (/home/codedex/projects/DeXMart/node_modules/google-gax/src/streamingCalls/streamingApiCaller.ts:89:12)\nCaused by: Error: \n    at QueryUtil._getResponse (/home/codedex/projects/DeXMart/node_modules/@google-cloud/firestore/build/src/reference/query-util.js:44:23)\n    at CollectionReference._getResponse (/home/codedex/projects/DeXMart/node_modules/@google-cloud/firestore/build/src/reference/query.js:784:32)\n    at CollectionReference._get (/home/codedex/projects/DeXMart/node_modules/@google-cloud/firestore/build/src/reference/query.js:777:35)\n    at /home/codedex/projects/DeXMart/node_modules/@google-cloud/firestore/build/src/reference/query.js:745:43\n    at /home/codedex/projects/DeXMart/node_modules/@google-cloud/firestore/build/src/telemetry/enabled-trace-util.js:110:30\n    at NoopContextManager.with (/home/codedex/projects/DeXMart/node_modules/@opentelemetry/api/src/context/NoopContextManager.ts:20:15)\n    at ContextAPI.with (/home/codedex/projects/DeXMart/node_modules/@opentelemetry/api/src/api/context.ts:68:42)\n    at NoopTracer.startActiveSpan (/home/codedex/projects/DeXMart/node_modules/@opentelemetry/api/src/trace/NoopTracer.ts:87:27)\n    at ProxyTracer.startActiveSpan (/home/codedex/projects/DeXMart/node_modules/@opentelemetry/api/src/trace/ProxyTracer.ts:51:20)\n    at EnabledTraceUtil.startActiveSpan (/home/codedex/projects/DeXMart/node_modules/@google-cloud/firestore/build/src/telemetry/enabled-trace-util.js:102:28)","timestamp":"2026-05-30 15:46:48:4648"}
{"error":"16 UNAUTHENTICATED: Request had invalid authentication credentials. Expected OAuth 2 access token, login cookie or other valid authentication credential. See https://developers.google.com/identity/sign-in/web/devconsole-project.","level":"\u001b[31merror\u001b[39m","message":"\u001b[31mMultiTenantService.listTenants error:\u001b[39m","stack":"Error: 16 UNAUTHENTICATED: Request had invalid authentication credentials. Expected OAuth 2 access token, login cookie or other valid authentication credential. See https://developers.google.com/identity/sign-in/web/devconsole-project.\n    at callErrorFromStatus (/home/codedex/projects/DeXMart/node_modules/@grpc/grpc-js/src/call.ts:84:17)\n    at Object.onReceiveStatus (/home/codedex/projects/DeXMart/node_modules/@grpc/grpc-js/src/client.ts:612:51)\n    at Object.onReceiveStatus (/home/codedex/projects/DeXMart/node_modules/@grpc/grpc-js/src/client-interceptors.ts:424:48)\n    at /home/codedex/projects/DeXMart/node_modules/@grpc/grpc-js/src/resolving-call.ts:170:24\n    at processTicksAndRejections (node:internal/process/task_queues:85:11)\nfor call at\n    at ServiceClientImpl.makeServerStreamRequest (/home/codedex/projects/DeXMart/node_modules/@grpc/grpc-js/src/client.ts:595:42)\n    at ServiceClientImpl.<anonymous> (/home/codedex/projects/DeXMart/node_modules/@grpc/grpc-js/src/make-client.ts:189:15)\n    at /home/codedex/projects/DeXMart/node_modules/@google-cloud/firestore/build/src/v1/firestore_client.js:242:33\n    at /home/codedex/projects/DeXMart/node_modules/google-gax/src/streamingCalls/streamingApiCaller.ts:59:19\n    at /home/codedex/projects/DeXMart/node_modules/google-gax/src/normalCalls/timeout.ts:54:13\n    at Object.request (/home/codedex/projects/DeXMart/node_modules/google-gax/src/streamingCalls/streaming.ts:331:28)\n    at makeRequest (/home/codedex/projects/DeXMart/node_modules/retry-request/index.js:159:28)\n    at retryRequest (/home/codedex/projects/DeXMart/node_modules/retry-request/index.js:119:5)\n    at StreamProxy.setStream (/home/codedex/projects/DeXMart/node_modules/google-gax/src/streamingCalls/streaming.ts:322:29)\n    at StreamingApiCaller.call (/home/codedex/projects/DeXMart/node_modules/google-gax/src/streamingCalls/streamingApiCaller.ts:89:12)\nCaused by: Error: \n    at QueryUtil._getResponse (/home/codedex/projects/DeXMart/node_modules/@google-cloud/firestore/build/src/reference/query-util.js:44:23)\n    at CollectionReference._getResponse (/home/codedex/projects/DeXMart/node_modules/@google-cloud/firestore/build/src/reference/query.js:784:32)\n    at CollectionReference._get (/home/codedex/projects/DeXMart/node_modules/@google-cloud/firestore/build/src/reference/query.js:777:35)\n    at /home/codedex/projects/DeXMart/node_modules/@google-cloud/firestore/build/src/reference/query.js:745:43\n    at /home/codedex/projects/DeXMart/node_modules/@google-cloud/firestore/build/src/telemetry/enabled-trace-util.js:110:30\n    at NoopContextManager.with (/home/codedex/projects/DeXMart/node_modules/@opentelemetry/api/src/context/NoopContextManager.ts:20:15)\n    at ContextAPI.with (/home/codedex/projects/DeXMart/node_modules/@opentelemetry/api/src/api/context.ts:68:42)\n    at NoopTracer.startActiveSpan (/home/codedex/projects/DeXMart/node_modules/@opentelemetry/api/src/trace/NoopTracer.ts:87:27)\n    at ProxyTracer.startActiveSpan (/home/codedex/projects/DeXMart/node_modules/@opentelemetry/api/src/trace/ProxyTracer.ts:51:20)\n    at EnabledTraceUtil.startActiveSpan (/home/codedex/projects/DeXMart/node_modules/@google-cloud/firestore/build/src/telemetry/enabled-trace-util.js:102:28)","timestamp":"2026-05-30 15:46:48:4648"}
{"level":"\u001b[32minfo\u001b[39m","message":"\u001b[32m[ChannelService] Successfully queued 0 channels for resumption.\u001b[39m","timestamp":"2026-05-30 15:46:48:4648"}
{"duration":532520864,"level":"\u001b[32minfo\u001b[39m","message":"\u001b[32mPerformance: memory_heap_used = 532520864 bytes\u001b[39m","operation":"memory_heap_used","timestamp":"2026-05-30 15:47:07:477","unit":"bytes"}
{"duration":592904192,"level":"\u001b[32minfo\u001b[39m","message":"\u001b[32mPerformance: memory_heap_total = 592904192 bytes\u001b[39m","operation":"memory_heap_total","timestamp":"2026-05-30 15:47:07:477","unit":"bytes"}
{"duration":756895744,"level":"\u001b[32minfo\u001b[39m","message":"\u001b[32mPerformance: memory_rss = 756895744 bytes\u001b[39m","operation":"memory_rss","timestamp":"2026-05-30 15:47:07:477","unit":"bytes"}
{"duration":37551800,"level":"\u001b[32minfo\u001b[39m","message":"\u001b[32mPerformance: memory_external = 37551800 bytes\u001b[39m","operation":"memory_external","timestamp":"2026-05-30 15:47:07:477","unit":"bytes"}
{"duration":93298260,"level":"\u001b[32minfo\u001b[39m","message":"\u001b[32mPerformance: cpu_user_time = 93298260 microseconds\u001b[39m","operation":"cpu_user_time","timestamp":"2026-05-30 15:47:07:477","unit":"microseconds"}
{"duration":8193065,"level":"\u001b[32minfo\u001b[39m","message":"\u001b[32mPerformance: cpu_system_time = 8193065 microseconds\u001b[39m","operation":"cpu_system_time","timestamp":"2026-05-30 15:47:07:477","unit":"microseconds"}
{"duration":870.037713333,"level":"\u001b[32minfo\u001b[39m","message":"\u001b[32mPerformance: process_uptime = 870.037713333 seconds\u001b[39m","operation":"process_uptime","timestamp":"2026-05-30 15:47:07:477","unit":"seconds"}
{"duration":1.516125,"level":"\u001b[32minfo\u001b[39m","message":"\u001b[32mPerformance: event_loop_lag = 1.516125 milliseconds\u001b[39m","operation":"event_loop_lag","timestamp":"2026-05-30 15:47:07:477","unit":"milliseconds"}
{"duration":532432688,"level":"\u001b[32minfo\u001b[39m","message":"\u001b[32mPerformance: memory_heap_used = 532432688 bytes\u001b[39m","operation":"memory_heap_used","timestamp":"2026-05-30 15:47:40:4740","unit":"bytes"}
{"duration":592904192,"level":"\u001b[32minfo\u001b[39m","message":"\u001b[32mPerformance: memory_heap_total = 592904192 bytes\u001b[39m","operation":"memory_heap_total","timestamp":"2026-05-30 15:47:40:4740","unit":"bytes"}
{"duration":756895744,"level":"\u001b[32minfo\u001b[39m","message":"\u001b[32mPerformance: memory_rss = 756895744 bytes\u001b[39m","operation":"memory_rss","timestamp":"2026-05-30 15:47:40:4740","unit":"bytes"}
{"duration":37567283,"level":"\u001b[32minfo\u001b[39m","message":"\u001b[32mPerformance: memory_external = 37567283 bytes\u001b[39m","operation":"memory_external","timestamp":"2026-05-30 15:47:40:4740","unit":"bytes"}
{"duration":93329109,"level":"\u001b[32minfo\u001b[39m","message":"\u001b[32mPerformance: cpu_user_time = 93329109 microseconds\u001b[39m","operation":"cpu_user_time","timestamp":"2026-05-30 15:47:40:4740","unit":"microseconds"}
{"duration":8198211,"level":"\u001b[32minfo\u001b[39m","message":"\u001b[32mPerformance: cpu_system_time = 8198211 microseconds\u001b[39m","operation":"cpu_system_time","timestamp":"2026-05-30 15:47:40:4740","unit":"microseconds"}
{"duration":900.038357535,"level":"\u001b[32minfo\u001b[39m","message":"\u001b[32mPerformance: process_uptime = 900.038357535 seconds\u001b[39m","operation":"process_uptime","timestamp":"2026-05-30 15:47:40:4740","unit":"seconds"}
{"duration":0.281069,"level":"\u001b[32minfo\u001b[39m","message":"\u001b[32mPerformance: event_loop_lag = 0.281069 milliseconds\u001b[39m","operation":"event_loop_lag","timestamp":"2026-05-30 15:47:40:4740","unit":"milliseconds"}
{"level":"\u001b[32minfo\u001b[39m","message":"\u001b[32m>>> [MASTERMIND] Resuming all active channels...\u001b[39m","timestamp":"2026-05-30 15:47:53:4753"}
{"error":"16 UNAUTHENTICATED: Request had invalid authentication credentials. Expected OAuth 2 access token, login cookie or other valid authentication credential. See https://developers.google.com/identity/sign-in/web/devconsole-project.","level":"\u001b[31merror\u001b[39m","message":"\u001b[31mFirestore getCollection error [tenants] (Tenant: undefined):\u001b[39m","stack":"Error: 16 UNAUTHENTICATED: Request had invalid authentication credentials. Expected OAuth 2 access token, login cookie or other valid authentication credential. See https://developers.google.com/identity/sign-in/web/devconsole-project.\n    at callErrorFromStatus (/home/codedex/projects/DeXMart/node_modules/@grpc/grpc-js/src/call.ts:84:17)\n    at Object.onReceiveStatus (/home/codedex/projects/DeXMart/node_modules/@grpc/grpc-js/src/client.ts:612:51)\n    at Object.onReceiveStatus (/home/codedex/projects/DeXMart/node_modules/@grpc/grpc-js/src/client-interceptors.ts:424:48)\n    at /home/codedex/projects/DeXMart/node_modules/@grpc/grpc-js/src/resolving-call.ts:170:24\n    at processTicksAndRejections (node:internal/process/task_queues:85:11)\nfor call at\n    at ServiceClientImpl.makeServerStreamRequest (/home/codedex/projects/DeXMart/node_modules/@grpc/grpc-js/src/client.ts:595:42)\n    at ServiceClientImpl.<anonymous> (/home/codedex/projects/DeXMart/node_modules/@grpc/grpc-js/src/make-client.ts:189:15)\n    at /home/codedex/projects/DeXMart/node_modules/@google-cloud/firestore/build/src/v1/firestore_client.js:242:33\n    at /home/codedex/projects/DeXMart/node_modules/google-gax/src/streamingCalls/streamingApiCaller.ts:59:19\n    at /home/codedex/projects/DeXMart/node_modules/google-gax/src/normalCalls/timeout.ts:54:13\n    at Object.request (/home/codedex/projects/DeXMart/node_modules/google-gax/src/streamingCalls/streaming.ts:331:28)\n    at makeRequest (/home/codedex/projects/DeXMart/node_modules/retry-request/index.js:159:28)\n    at retryRequest (/home/codedex/projects/DeXMart/node_modules/retry-request/index.js:119:5)\n    at StreamProxy.setStream (/home/codedex/projects/DeXMart/node_modules/google-gax/src/streamingCalls/streaming.ts:322:29)\n    at StreamingApiCaller.call (/home/codedex/projects/DeXMart/node_modules/google-gax/src/streamingCalls/streamingApiCaller.ts:89:12)\nCaused by: Error: \n    at QueryUtil._getResponse (/home/codedex/projects/DeXMart/node_modules/@google-cloud/firestore/build/src/reference/query-util.js:44:23)\n    at CollectionReference._getResponse (/home/codedex/projects/DeXMart/node_modules/@google-cloud/firestore/build/src/reference/query.js:784:32)\n    at CollectionReference._get (/home/codedex/projects/DeXMart/node_modules/@google-cloud/firestore/build/src/reference/query.js:777:35)\n    at /home/codedex/projects/DeXMart/node_modules/@google-cloud/firestore/build/src/reference/query.js:745:43\n    at /home/codedex/projects/DeXMart/node_modules/@google-cloud/firestore/build/src/telemetry/enabled-trace-util.js:110:30\n    at NoopContextManager.with (/home/codedex/projects/DeXMart/node_modules/@opentelemetry/api/src/context/NoopContextManager.ts:20:15)\n    at ContextAPI.with (/home/codedex/projects/DeXMart/node_modules/@opentelemetry/api/src/api/context.ts:68:42)\n    at NoopTracer.startActiveSpan (/home/codedex/projects/DeXMart/node_modules/@opentelemetry/api/src/trace/NoopTracer.ts:87:27)\n    at ProxyTracer.startActiveSpan (/home/codedex/projects/DeXMart/node_modules/@opentelemetry/api/src/trace/ProxyTracer.ts:51:20)\n    at EnabledTraceUtil.startActiveSpan (/home/codedex/projects/DeXMart/node_modules/@google-cloud/firestore/build/src/telemetry/enabled-trace-util.js:102:28)","timestamp":"2026-05-30 15:47:54:4754"}
{"error":"16 UNAUTHENTICATED: Request had invalid authentication credentials. Expected OAuth 2 access token, login cookie or other valid authentication credential. See https://developers.google.com/identity/sign-in/web/devconsole-project.","level":"\u001b[31merror\u001b[39m","message":"\u001b[31mMultiTenantService.listTenants error:\u001b[39m","stack":"Error: 16 UNAUTHENTICATED: Request had invalid authentication credentials. Expected OAuth 2 access token, login cookie or other valid authentication credential. See https://developers.google.com/identity/sign-in/web/devconsole-project.\n    at callErrorFromStatus (/home/codedex/projects/DeXMart/node_modules/@grpc/grpc-js/src/call.ts:84:17)\n    at Object.onReceiveStatus (/home/codedex/projects/DeXMart/node_modules/@grpc/grpc-js/src/client.ts:612:51)\n    at Object.onReceiveStatus (/home/codedex/projects/DeXMart/node_modules/@grpc/grpc-js/src/client-interceptors.ts:424:48)\n    at /home/codedex/projects/DeXMart/node_modules/@grpc/grpc-js/src/resolving-call.ts:170:24\n    at processTicksAndRejections (node:internal/process/task_queues:85:11)\nfor call at\n    at ServiceClientImpl.makeServerStreamRequest (/home/codedex/projects/DeXMart/node_modules/@grpc/grpc-js/src/client.ts:595:42)\n    at ServiceClientImpl.<anonymous> (/home/codedex/projects/DeXMart/node_modules/@grpc/grpc-js/src/make-client.ts:189:15)\n    at /home/codedex/projects/DeXMart/node_modules/@google-cloud/firestore/build/src/v1/firestore_client.js:242:33\n    at /home/codedex/projects/DeXMart/node_modules/google-gax/src/streamingCalls/streamingApiCaller.ts:59:19\n    at /home/codedex/projects/DeXMart/node_modules/google-gax/src/normalCalls/timeout.ts:54:13\n    at Object.request (/home/codedex/projects/DeXMart/node_modules/google-gax/src/streamingCalls/streaming.ts:331:28)\n    at makeRequest (/home/codedex/projects/DeXMart/node_modules/retry-request/index.js:159:28)\n    at retryRequest (/home/codedex/projects/DeXMart/node_modules/retry-request/index.js:119:5)\n    at StreamProxy.setStream (/home/codedex/projects/DeXMart/node_modules/google-gax/src/streamingCalls/streaming.ts:322:29)\n    at StreamingApiCaller.call (/home/codedex/projects/DeXMart/node_modules/google-gax/src/streamingCalls/streamingApiCaller.ts:89:12)\nCaused by: Error: \n    at QueryUtil._getResponse (/home/codedex/projects/DeXMart/node_modules/@google-cloud/firestore/build/src/reference/query-util.js:44:23)\n    at CollectionReference._getResponse (/home/codedex/projects/DeXMart/node_modules/@google-cloud/firestore/build/src/reference/query.js:784:32)\n    at CollectionReference._get (/home/codedex/projects/DeXMart/node_modules/@google-cloud/firestore/build/src/reference/query.js:777:35)\n    at /home/codedex/projects/DeXMart/node_modules/@google-cloud/firestore/build/src/reference/query.js:745:43\n    at /home/codedex/projects/DeXMart/node_modules/@google-cloud/firestore/build/src/telemetry/enabled-trace-util.js:110:30\n    at NoopContextManager.with (/home/codedex/projects/DeXMart/node_modules/@opentelemetry/api/src/context/NoopContextManager.ts:20:15)\n    at ContextAPI.with (/home/codedex/projects/DeXMart/node_modules/@opentelemetry/api/src/api/context.ts:68:42)\n    at NoopTracer.startActiveSpan (/home/codedex/projects/DeXMart/node_modules/@opentelemetry/api/src/trace/NoopTracer.ts:87:27)\n    at ProxyTracer.startActiveSpan (/home/codedex/projects/DeXMart/node_modules/@opentelemetry/api/src/trace/ProxyTracer.ts:51:20)\n    at EnabledTraceUtil.startActiveSpan (/home/codedex/projects/DeXMart/node_modules/@google-cloud/firestore/build/src/telemetry/enabled-trace-util.js:102:28)","timestamp":"2026-05-30 15:47:54:4754"}
{"level":"\u001b[32minfo\u001b[39m","message":"\u001b[32m[ChannelService] Successfully queued 0 channels for resumption.\u001b[39m","timestamp":"2026-05-30 15:47:54:4754"}
{"duration":533366192,"level":"\u001b[32minfo\u001b[39m","message":"\u001b[32mPerformance: memory_heap_used = 533366192 bytes\u001b[39m","operation":"memory_heap_used","timestamp":"2026-05-30 15:48:13:4813","unit":"bytes"}
{"duration":594214912,"level":"\u001b[32minfo\u001b[39m","message":"\u001b[32mPerformance: memory_heap_total = 594214912 bytes\u001b[39m","operation":"memory_heap_total","timestamp":"2026-05-30 15:48:13:4813","unit":"bytes"}
{"duration":756895744,"level":"\u001b[32minfo\u001b[39m","message":"\u001b[32mPerformance: memory_rss = 756895744 bytes\u001b[39m","operation":"memory_rss","timestamp":"2026-05-30 15:48:13:4813","unit":"bytes"}
{"duration":37626021,"level":"\u001b[32minfo\u001b[39m","message":"\u001b[32mPerformance: memory_external = 37626021 bytes\u001b[39m","operation":"memory_external","timestamp":"2026-05-30 15:48:13:4813","unit":"bytes"}
{"duration":93360502,"level":"\u001b[32minfo\u001b[39m","message":"\u001b[32mPerformance: cpu_user_time = 93360502 microseconds\u001b[39m","operation":"cpu_user_time","timestamp":"2026-05-30 15:48:13:4813","unit":"microseconds"}
{"duration":8212185,"level":"\u001b[32minfo\u001b[39m","message":"\u001b[32mPerformance: cpu_system_time = 8212185 microseconds\u001b[39m","operation":"cpu_system_time","timestamp":"2026-05-30 15:48:13:4813","unit":"microseconds"}
{"duration":930.038825173,"level":"\u001b[32minfo\u001b[39m","message":"\u001b[32mPerformance: process_uptime = 930.038825173 seconds\u001b[39m","operation":"process_uptime","timestamp":"2026-05-30 15:48:13:4813","unit":"seconds"}
{"duration":1.449862,"level":"\u001b[32minfo\u001b[39m","message":"\u001b[32mPerformance: event_loop_lag = 1.449862 milliseconds\u001b[39m","operation":"event_loop_lag","timestamp":"2026-05-30 15:48:13:4813","unit":"milliseconds"}
{"duration":533217016,"level":"\u001b[32minfo\u001b[39m","message":"\u001b[32mPerformance: memory_heap_used = 533217016 bytes\u001b[39m","operation":"memory_heap_used","timestamp":"2026-05-30 15:48:43:4843","unit":"bytes"}
{"duration":593166336,"level":"\u001b[32minfo\u001b[39m","message":"\u001b[32mPerformance: memory_heap_total = 593166336 bytes\u001b[39m","operation":"memory_heap_total","timestamp":"2026-05-30 15:48:43:4843","unit":"bytes"}
{"duration":756895744,"level":"\u001b[32minfo\u001b[39m","message":"\u001b[32mPerformance: memory_rss = 756895744 bytes\u001b[39m","operation":"memory_rss","timestamp":"2026-05-30 15:48:43:4843","unit":"bytes"}
{"duration":37649666,"level":"\u001b[32minfo\u001b[39m","message":"\u001b[32mPerformance: memory_external = 37649666 bytes\u001b[39m","operation":"memory_external","timestamp":"2026-05-30 15:48:43:4843","unit":"bytes"}
{"duration":93375607,"level":"\u001b[32minfo\u001b[39m","message":"\u001b[32mPerformance: cpu_user_time = 93375607 microseconds\u001b[39m","operation":"cpu_user_time","timestamp":"2026-05-30 15:48:43:4843","unit":"microseconds"}
{"duration":8229877,"level":"\u001b[32minfo\u001b[39m","message":"\u001b[32mPerformance: cpu_system_time = 8229877 microseconds\u001b[39m","operation":"cpu_system_time","timestamp":"2026-05-30 15:48:43:4843","unit":"microseconds"}
{"duration":960.038653769,"level":"\u001b[32minfo\u001b[39m","message":"\u001b[32mPerformance: process_uptime = 960.038653769 seconds\u001b[39m","operation":"process_uptime","timestamp":"2026-05-30 15:48:43:4843","unit":"seconds"}
{"duration":0.326715,"level":"\u001b[32minfo\u001b[39m","message":"\u001b[32mPerformance: event_loop_lag = 0.326715 milliseconds\u001b[39m","operation":"event_loop_lag","timestamp":"2026-05-30 15:48:43:4843","unit":"milliseconds"}
{"level":"\u001b[32minfo\u001b[39m","message":"\u001b[32m>>> [MASTERMIND] Resuming all active channels...\u001b[39m","timestamp":"2026-05-30 15:48:59:4859"}
{"error":"16 UNAUTHENTICATED: Request had invalid authentication credentials. Expected OAuth 2 access token, login cookie or other valid authentication credential. See https://developers.google.com/identity/sign-in/web/devconsole-project.","level":"\u001b[31merror\u001b[39m","message":"\u001b[31mFirestore getCollection error [tenants] (Tenant: undefined):\u001b[39m","stack":"Error: 16 UNAUTHENTICATED: Request had invalid authentication credentials. Expected OAuth 2 access token, login cookie or other valid authentication credential. See https://developers.google.com/identity/sign-in/web/devconsole-project.\n    at callErrorFromStatus (/home/codedex/projects/DeXMart/node_modules/@grpc/grpc-js/src/call.ts:84:17)\n    at Object.onReceiveStatus (/home/codedex/projects/DeXMart/node_modules/@grpc/grpc-js/src/client.ts:612:51)\n    at Object.onReceiveStatus (/home/codedex/projects/DeXMart/node_modules/@grpc/grpc-js/src/client-interceptors.ts:424:48)\n    at /home/codedex/projects/DeXMart/node_modules/@grpc/grpc-js/src/resolving-call.ts:170:24\n    at processTicksAndRejections (node:internal/process/task_queues:85:11)\nfor call at\n    at ServiceClientImpl.makeServerStreamRequest (/home/codedex/projects/DeXMart/node_modules/@grpc/grpc-js/src/client.ts:595:42)\n    at ServiceClientImpl.<anonymous> (/home/codedex/projects/DeXMart/node_modules/@grpc/grpc-js/src/make-client.ts:189:15)\n    at /home/codedex/projects/DeXMart/node_modules/@google-cloud/firestore/build/src/v1/firestore_client.js:242:33\n    at /home/codedex/projects/DeXMart/node_modules/google-gax/src/streamingCalls/streamingApiCaller.ts:59:19\n    at /home/codedex/projects/DeXMart/node_modules/google-gax/src/normalCalls/timeout.ts:54:13\n    at Object.request (/home/codedex/projects/DeXMart/node_modules/google-gax/src/streamingCalls/streaming.ts:331:28)\n    at makeRequest (/home/codedex/projects/DeXMart/node_modules/retry-request/index.js:159:28)\n    at retryRequest (/home/codedex/projects/DeXMart/node_modules/retry-request/index.js:119:5)\n    at StreamProxy.setStream (/home/codedex/projects/DeXMart/node_modules/google-gax/src/streamingCalls/streaming.ts:322:29)\n    at StreamingApiCaller.call (/home/codedex/projects/DeXMart/node_modules/google-gax/src/streamingCalls/streamingApiCaller.ts:89:12)\nCaused by: Error: \n    at QueryUtil._getResponse (/home/codedex/projects/DeXMart/node_modules/@google-cloud/firestore/build/src/reference/query-util.js:44:23)\n    at CollectionReference._getResponse (/home/codedex/projects/DeXMart/node_modules/@google-cloud/firestore/build/src/reference/query.js:784:32)\n    at CollectionReference._get (/home/codedex/projects/DeXMart/node_modules/@google-cloud/firestore/build/src/reference/query.js:777:35)\n    at /home/codedex/projects/DeXMart/node_modules/@google-cloud/firestore/build/src/reference/query.js:745:43\n    at /home/codedex/projects/DeXMart/node_modules/@google-cloud/firestore/build/src/telemetry/enabled-trace-util.js:110:30\n    at NoopContextManager.with (/home/codedex/projects/DeXMart/node_modules/@opentelemetry/api/src/context/NoopContextManager.ts:20:15)\n    at ContextAPI.with (/home/codedex/projects/DeXMart/node_modules/@opentelemetry/api/src/api/context.ts:68:42)\n    at NoopTracer.startActiveSpan (/home/codedex/projects/DeXMart/node_modules/@opentelemetry/api/src/trace/NoopTracer.ts:87:27)\n    at ProxyTracer.startActiveSpan (/home/codedex/projects/DeXMart/node_modules/@opentelemetry/api/src/trace/ProxyTracer.ts:51:20)\n    at EnabledTraceUtil.startActiveSpan (/home/codedex/projects/DeXMart/node_modules/@google-cloud/firestore/build/src/telemetry/enabled-trace-util.js:102:28)","timestamp":"2026-05-30 15:49:00:490"}
{"error":"16 UNAUTHENTICATED: Request had invalid authentication credentials. Expected OAuth 2 access token, login cookie or other valid authentication credential. See https://developers.google.com/identity/sign-in/web/devconsole-project.","level":"\u001b[31merror\u001b[39m","message":"\u001b[31mMultiTenantService.listTenants error:\u001b[39m","stack":"Error: 16 UNAUTHENTICATED: Request had invalid authentication credentials. Expected OAuth 2 access token, login cookie or other valid authentication credential. See https://developers.google.com/identity/sign-in/web/devconsole-project.\n    at callErrorFromStatus (/home/codedex/projects/DeXMart/node_modules/@grpc/grpc-js/src/call.ts:84:17)\n    at Object.onReceiveStatus (/home/codedex/projects/DeXMart/node_modules/@grpc/grpc-js/src/client.ts:612:51)\n    at Object.onReceiveStatus (/home/codedex/projects/DeXMart/node_modules/@grpc/grpc-js/src/client-interceptors.ts:424:48)\n    at /home/codedex/projects/DeXMart/node_modules/@grpc/grpc-js/src/resolving-call.ts:170:24\n    at processTicksAndRejections (node:internal/process/task_queues:85:11)\nfor call at\n    at ServiceClientImpl.makeServerStreamRequest (/home/codedex/projects/DeXMart/node_modules/@grpc/grpc-js/src/client.ts:595:42)\n    at ServiceClientImpl.<anonymous> (/home/codedex/projects/DeXMart/node_modules/@grpc/grpc-js/src/make-client.ts:189:15)\n    at /home/codedex/projects/DeXMart/node_modules/@google-cloud/firestore/build/src/v1/firestore_client.js:242:33\n    at /home/codedex/projects/DeXMart/node_modules/google-gax/src/streamingCalls/streamingApiCaller.ts:59:19\n    at /home/codedex/projects/DeXMart/node_modules/google-gax/src/normalCalls/timeout.ts:54:13\n    at Object.request (/home/codedex/projects/DeXMart/node_modules/google-gax/src/streamingCalls/streaming.ts:331:28)\n    at makeRequest (/home/codedex/projects/DeXMart/node_modules/retry-request/index.js:159:28)\n    at retryRequest (/home/codedex/projects/DeXMart/node_modules/retry-request/index.js:119:5)\n    at StreamProxy.setStream (/home/codedex/projects/DeXMart/node_modules/google-gax/src/streamingCalls/streaming.ts:322:29)\n    at StreamingApiCaller.call (/home/codedex/projects/DeXMart/node_modules/google-gax/src/streamingCalls/streamingApiCaller.ts:89:12)\nCaused by: Error: \n    at QueryUtil._getResponse (/home/codedex/projects/DeXMart/node_modules/@google-cloud/firestore/build/src/reference/query-util.js:44:23)\n    at CollectionReference._getResponse (/home/codedex/projects/DeXMart/node_modules/@google-cloud/firestore/build/src/reference/query.js:784:32)\n    at CollectionReference._get (/home/codedex/projects/DeXMart/node_modules/@google-cloud/firestore/build/src/reference/query.js:777:35)\n    at /home/codedex/projects/DeXMart/node_modules/@google-cloud/firestore/build/src/reference/query.js:745:43\n    at /home/codedex/projects/DeXMart/node_modules/@google-cloud/firestore/build/src/telemetry/enabled-trace-util.js:110:30\n    at NoopContextManager.with (/home/codedex/projects/DeXMart/node_modules/@opentelemetry/api/src/context/NoopContextManager.ts:20:15)\n    at ContextAPI.with (/home/codedex/projects/DeXMart/node_modules/@opentelemetry/api/src/api/context.ts:68:42)\n    at NoopTracer.startActiveSpan (/home/codedex/projects/DeXMart/node_modules/@opentelemetry/api/src/trace/NoopTracer.ts:87:27)\n    at ProxyTracer.startActiveSpan (/home/codedex/projects/DeXMart/node_modules/@opentelemetry/api/src/trace/ProxyTracer.ts:51:20)\n    at EnabledTraceUtil.startActiveSpan (/home/codedex/projects/DeXMart/node_modules/@google-cloud/firestore/build/src/telemetry/enabled-trace-util.js:102:28)","timestamp":"2026-05-30 15:49:00:490"}
{"level":"\u001b[32minfo\u001b[39m","message":"\u001b[32m[ChannelService] Successfully queued 0 channels for resumption.\u001b[39m","timestamp":"2026-05-30 15:49:00:490"}
{"duration":534145232,"level":"\u001b[32minfo\u001b[39m","message":"\u001b[32mPerformance: memory_heap_used = 534145232 bytes\u001b[39m","operation":"memory_heap_used","timestamp":"2026-05-30 15:49:16:4916","unit":"bytes"}
{"duration":594477056,"level":"\u001b[32minfo\u001b[39m","message":"\u001b[32mPerformance: memory_heap_total = 594477056 bytes\u001b[39m","operation":"memory_heap_total","timestamp":"2026-05-30 15:49:16:4916","unit":"bytes"}
{"duration":757157888,"level":"\u001b[32minfo\u001b[39m","message":"\u001b[32mPerformance: memory_rss = 757157888 bytes\u001b[39m","operation":"memory_rss","timestamp":"2026-05-30 15:49:16:4916","unit":"bytes"}
{"duration":37700062,"level":"\u001b[32minfo\u001b[39m","message":"\u001b[32mPerformance: memory_external = 37700062 bytes\u001b[39m","operation":"memory_external","timestamp":"2026-05-30 15:49:16:4916","unit":"bytes"}
{"duration":93410958,"level":"\u001b[32minfo\u001b[39m","message":"\u001b[32mPerformance: cpu_user_time = 93410958 microseconds\u001b[39m","operation":"cpu_user_time","timestamp":"2026-05-30 15:49:16:4916","unit":"microseconds"}
{"duration":8253077,"level":"\u001b[32minfo\u001b[39m","message":"\u001b[32mPerformance: cpu_system_time = 8253077 microseconds\u001b[39m","operation":"cpu_system_time","timestamp":"2026-05-30 15:49:16:4916","unit":"microseconds"}
{"duration":990.03915767,"level":"\u001b[32minfo\u001b[39m","message":"\u001b[32mPerformance: process_uptime = 990.03915767 seconds\u001b[39m","operation":"process_uptime","timestamp":"2026-05-30 15:49:16:4916","unit":"seconds"}
{"duration":0.236646,"level":"\u001b[32minfo\u001b[39m","message":"\u001b[32mPerformance: event_loop_lag = 0.236646 milliseconds\u001b[39m","operation":"event_loop_lag","timestamp":"2026-05-30 15:49:16:4916","unit":"milliseconds"}
{"duration":534191520,"level":"\u001b[32minfo\u001b[39m","message":"\u001b[32mPerformance: memory_heap_used = 534191520 bytes\u001b[39m","operation":"memory_heap_used","timestamp":"2026-05-30 15:49:49:4949","unit":"bytes"}
{"duration":593428480,"level":"\u001b[32minfo\u001b[39m","message":"\u001b[32mPerformance: memory_heap_total = 593428480 bytes\u001b[39m","operation":"memory_heap_total","timestamp":"2026-05-30 15:49:49:4949","unit":"bytes"}
{"duration":757420032,"level":"\u001b[32minfo\u001b[39m","message":"\u001b[32mPerformance: memory_rss = 757420032 bytes\u001b[39m","operation":"memory_rss","timestamp":"2026-05-30 15:49:49:4949","unit":"bytes"}
{"duration":37724287,"level":"\u001b[32minfo\u001b[39m","message":"\u001b[32mPerformance: memory_external = 37724287 bytes\u001b[39m","operation":"memory_external","timestamp":"2026-05-30 15:49:49:4949","unit":"bytes"}
{"duration":93443722,"level":"\u001b[32minfo\u001b[39m","message":"\u001b[32mPerformance: cpu_user_time = 93443722 microseconds\u001b[39m","operation":"cpu_user_time","timestamp":"2026-05-30 15:49:49:4949","unit":"microseconds"}
{"duration":8266309,"level":"\u001b[32minfo\u001b[39m","message":"\u001b[32mPerformance: cpu_system_time = 8266309 microseconds\u001b[39m","operation":"cpu_system_time","timestamp":"2026-05-30 15:49:49:4949","unit":"microseconds"}
{"duration":1020.038474894,"level":"\u001b[32minfo\u001b[39m","message":"\u001b[32mPerformance: process_uptime = 1020.038474894 seconds\u001b[39m","operation":"process_uptime","timestamp":"2026-05-30 15:49:49:4949","unit":"seconds"}
{"duration":0.223081,"level":"\u001b[32minfo\u001b[39m","message":"\u001b[32mPerformance: event_loop_lag = 0.223081 milliseconds\u001b[39m","operation":"event_loop_lag","timestamp":"2026-05-30 15:49:49:4949","unit":"milliseconds"}
{"level":"\u001b[32minfo\u001b[39m","message":"\u001b[32m>>> [MASTERMIND] Resuming all active channels...\u001b[39m","timestamp":"2026-05-30 15:50:05:505"}
{"error":"16 UNAUTHENTICATED: Request had invalid authentication credentials. Expected OAuth 2 access token, login cookie or other valid authentication credential. See https://developers.google.com/identity/sign-in/web/devconsole-project.","level":"\u001b[31merror\u001b[39m","message":"\u001b[31mFirestore getCollection error [tenants] (Tenant: undefined):\u001b[39m","stack":"Error: 16 UNAUTHENTICATED: Request had invalid authentication credentials. Expected OAuth 2 access token, login cookie or other valid authentication credential. See https://developers.google.com/identity/sign-in/web/devconsole-project.\n    at callErrorFromStatus (/home/codedex/projects/DeXMart/node_modules/@grpc/grpc-js/src/call.ts:84:17)\n    at Object.onReceiveStatus (/home/codedex/projects/DeXMart/node_modules/@grpc/grpc-js/src/client.ts:612:51)\n    at Object.onReceiveStatus (/home/codedex/projects/DeXMart/node_modules/@grpc/grpc-js/src/client-interceptors.ts:424:48)\n    at /home/codedex/projects/DeXMart/node_modules/@grpc/grpc-js/src/resolving-call.ts:170:24\n    at processTicksAndRejections (node:internal/process/task_queues:85:11)\nfor call at\n    at ServiceClientImpl.makeServerStreamRequest (/home/codedex/projects/DeXMart/node_modules/@grpc/grpc-js/src/client.ts:595:42)\n    at ServiceClientImpl.<anonymous> (/home/codedex/projects/DeXMart/node_modules/@grpc/grpc-js/src/make-client.ts:189:15)\n    at /home/codedex/projects/DeXMart/node_modules/@google-cloud/firestore/build/src/v1/firestore_client.js:242:33\n    at /home/codedex/projects/DeXMart/node_modules/google-gax/src/streamingCalls/streamingApiCaller.ts:59:19\n    at /home/codedex/projects/DeXMart/node_modules/google-gax/src/normalCalls/timeout.ts:54:13\n    at Object.request (/home/codedex/projects/DeXMart/node_modules/google-gax/src/streamingCalls/streaming.ts:331:28)\n    at makeRequest (/home/codedex/projects/DeXMart/node_modules/retry-request/index.js:159:28)\n    at retryRequest (/home/codedex/projects/DeXMart/node_modules/retry-request/index.js:119:5)\n    at StreamProxy.setStream (/home/codedex/projects/DeXMart/node_modules/google-gax/src/streamingCalls/streaming.ts:322:29)\n    at StreamingApiCaller.call (/home/codedex/projects/DeXMart/node_modules/google-gax/src/streamingCalls/streamingApiCaller.ts:89:12)\nCaused by: Error: \n    at QueryUtil._getResponse (/home/codedex/projects/DeXMart/node_modules/@google-cloud/firestore/build/src/reference/query-util.js:44:23)\n    at CollectionReference._getResponse (/home/codedex/projects/DeXMart/node_modules/@google-cloud/firestore/build/src/reference/query.js:784:32)\n    at CollectionReference._get (/home/codedex/projects/DeXMart/node_modules/@google-cloud/firestore/build/src/reference/query.js:777:35)\n    at /home/codedex/projects/DeXMart/node_modules/@google-cloud/firestore/build/src/reference/query.js:745:43\n    at /home/codedex/projects/DeXMart/node_modules/@google-cloud/firestore/build/src/telemetry/enabled-trace-util.js:110:30\n    at NoopContextManager.with (/home/codedex/projects/DeXMart/node_modules/@opentelemetry/api/src/context/NoopContextManager.ts:20:15)\n    at ContextAPI.with (/home/codedex/projects/DeXMart/node_modules/@opentelemetry/api/src/api/context.ts:68:42)\n    at NoopTracer.startActiveSpan (/home/codedex/projects/DeXMart/node_modules/@opentelemetry/api/src/trace/NoopTracer.ts:87:27)\n    at ProxyTracer.startActiveSpan (/home/codedex/projects/DeXMart/node_modules/@opentelemetry/api/src/trace/ProxyTracer.ts:51:20)\n    at EnabledTraceUtil.startActiveSpan (/home/codedex/projects/DeXMart/node_modules/@google-cloud/firestore/build/src/telemetry/enabled-trace-util.js:102:28)","timestamp":"2026-05-30 15:50:05:505"}
{"error":"16 UNAUTHENTICATED: Request had invalid authentication credentials. Expected OAuth 2 access token, login cookie or other valid authentication credential. See https://developers.google.com/identity/sign-in/web/devconsole-project.","level":"\u001b[31merror\u001b[39m","message":"\u001b[31mMultiTenantService.listTenants error:\u001b[39m","stack":"Error: 16 UNAUTHENTICATED: Request had invalid authentication credentials. Expected OAuth 2 access token, login cookie or other valid authentication credential. See https://developers.google.com/identity/sign-in/web/devconsole-project.\n    at callErrorFromStatus (/home/codedex/projects/DeXMart/node_modules/@grpc/grpc-js/src/call.ts:84:17)\n    at Object.onReceiveStatus (/home/codedex/projects/DeXMart/node_modules/@grpc/grpc-js/src/client.ts:612:51)\n    at Object.onReceiveStatus (/home/codedex/projects/DeXMart/node_modules/@grpc/grpc-js/src/client-interceptors.ts:424:48)\n    at /home/codedex/projects/DeXMart/node_modules/@grpc/grpc-js/src/resolving-call.ts:170:24\n    at processTicksAndRejections (node:internal/process/task_queues:85:11)\nfor call at\n    at ServiceClientImpl.makeServerStreamRequest (/home/codedex/projects/DeXMart/node_modules/@grpc/grpc-js/src/client.ts:595:42)\n    at ServiceClientImpl.<anonymous> (/home/codedex/projects/DeXMart/node_modules/@grpc/grpc-js/src/make-client.ts:189:15)\n    at /home/codedex/projects/DeXMart/node_modules/@google-cloud/firestore/build/src/v1/firestore_client.js:242:33\n    at /home/codedex/projects/DeXMart/node_modules/google-gax/src/streamingCalls/streamingApiCaller.ts:59:19\n    at /home/codedex/projects/DeXMart/node_modules/google-gax/src/normalCalls/timeout.ts:54:13\n    at Object.request (/home/codedex/projects/DeXMart/node_modules/google-gax/src/streamingCalls/streaming.ts:331:28)\n    at makeRequest (/home/codedex/projects/DeXMart/node_modules/retry-request/index.js:159:28)\n    at retryRequest (/home/codedex/projects/DeXMart/node_modules/retry-request/index.js:119:5)\n    at StreamProxy.setStream (/home/codedex/projects/DeXMart/node_modules/google-gax/src/streamingCalls/streaming.ts:322:29)\n    at StreamingApiCaller.call (/home/codedex/projects/DeXMart/node_modules/google-gax/src/streamingCalls/streamingApiCaller.ts:89:12)\nCaused by: Error: \n    at QueryUtil._getResponse (/home/codedex/projects/DeXMart/node_modules/@google-cloud/firestore/build/src/reference/query-util.js:44:23)\n    at CollectionReference._getResponse (/home/codedex/projects/DeXMart/node_modules/@google-cloud/firestore/build/src/reference/query.js:784:32)\n    at CollectionReference._get (/home/codedex/projects/DeXMart/node_modules/@google-cloud/firestore/build/src/reference/query.js:777:35)\n    at /home/codedex/projects/DeXMart/node_modules/@google-cloud/firestore/build/src/reference/query.js:745:43\n    at /home/codedex/projects/DeXMart/node_modules/@google-cloud/firestore/build/src/telemetry/enabled-trace-util.js:110:30\n    at NoopContextManager.with (/home/codedex/projects/DeXMart/node_modules/@opentelemetry/api/src/context/NoopContextManager.ts:20:15)\n    at ContextAPI.with (/home/codedex/projects/DeXMart/node_modules/@opentelemetry/api/src/api/context.ts:68:42)\n    at NoopTracer.startActiveSpan (/home/codedex/projects/DeXMart/node_modules/@opentelemetry/api/src/trace/NoopTracer.ts:87:27)\n    at ProxyTracer.startActiveSpan (/home/codedex/projects/DeXMart/node_modules/@opentelemetry/api/src/trace/ProxyTracer.ts:51:20)\n    at EnabledTraceUtil.startActiveSpan (/home/codedex/projects/DeXMart/node_modules/@google-cloud/firestore/build/src/telemetry/enabled-trace-util.js:102:28)","timestamp":"2026-05-30 15:50:05:505"}
{"level":"\u001b[32minfo\u001b[39m","message":"\u001b[32m[ChannelService] Successfully queued 0 channels for resumption.\u001b[39m","timestamp":"2026-05-30 15:50:05:505"}
{"duration":534526264,"level":"\u001b[32minfo\u001b[39m","message":"\u001b[32mPerformance: memory_heap_used = 534526264 bytes\u001b[39m","operation":"memory_heap_used","timestamp":"2026-05-30 15:50:22:5022","unit":"bytes"}
{"duration":593690624,"level":"\u001b[32minfo\u001b[39m","message":"\u001b[32mPerformance: memory_heap_total = 593690624 bytes\u001b[39m","operation":"memory_heap_total","timestamp":"2026-05-30 15:50:22:5022","unit":"bytes"}
{"duration":757682176,"level":"\u001b[32minfo\u001b[39m","message":"\u001b[32mPerformance: memory_rss = 757682176 bytes\u001b[39m","operation":"memory_rss","timestamp":"2026-05-30 15:50:22:5022","unit":"bytes"}
{"duration":37766061,"level":"\u001b[32minfo\u001b[39m","message":"\u001b[32mPerformance: memory_external = 37766061 bytes\u001b[39m","operation":"memory_external","timestamp":"2026-05-30 15:50:22:5022","unit":"bytes"}
{"duration":93474460,"level":"\u001b[32minfo\u001b[39m","message":"\u001b[32mPerformance: cpu_user_time = 93474460 microseconds\u001b[39m","operation":"cpu_user_time","timestamp":"2026-05-30 15:50:22:5022","unit":"microseconds"}
{"duration":8287146,"level":"\u001b[32minfo\u001b[39m","message":"\u001b[32mPerformance: cpu_system_time = 8287146 microseconds\u001b[39m","operation":"cpu_system_time","timestamp":"2026-05-30 15:50:22:5022","unit":"microseconds"}
{"duration":1050.039720745,"level":"\u001b[32minfo\u001b[39m","message":"\u001b[32mPerformance: process_uptime = 1050.039720745 seconds\u001b[39m","operation":"process_uptime","timestamp":"2026-05-30 15:50:22:5022","unit":"seconds"}
{"duration":0.191414,"level":"\u001b[32minfo\u001b[39m","message":"\u001b[32mPerformance: event_loop_lag = 0.191414 milliseconds\u001b[39m","operation":"event_loop_lag","timestamp":"2026-05-30 15:50:22:5022","unit":"milliseconds"}
{"duration":535096032,"level":"\u001b[32minfo\u001b[39m","message":"\u001b[32mPerformance: memory_heap_used = 535096032 bytes\u001b[39m","operation":"memory_heap_used","timestamp":"2026-05-30 15:50:54:5054","unit":"bytes"}
{"duration":593690624,"level":"\u001b[32minfo\u001b[39m","message":"\u001b[32mPerformance: memory_heap_total = 593690624 bytes\u001b[39m","operation":"memory_heap_total","timestamp":"2026-05-30 15:50:54:5054","unit":"bytes"}
{"duration":757682176,"level":"\u001b[32minfo\u001b[39m","message":"\u001b[32mPerformance: memory_rss = 757682176 bytes\u001b[39m","operation":"memory_rss","timestamp":"2026-05-30 15:50:54:5054","unit":"bytes"}
{"duration":37798828,"level":"\u001b[32minfo\u001b[39m","message":"\u001b[32mPerformance: memory_external = 37798828 bytes\u001b[39m","operation":"memory_external","timestamp":"2026-05-30 15:50:54:5054","unit":"bytes"}
{"duration":93496012,"level":"\u001b[32minfo\u001b[39m","message":"\u001b[32mPerformance: cpu_user_time = 93496012 microseconds\u001b[39m","operation":"cpu_user_time","timestamp":"2026-05-30 15:50:54:5054","unit":"microseconds"}
{"duration":8298746,"level":"\u001b[32minfo\u001b[39m","message":"\u001b[32mPerformance: cpu_system_time = 8298746 microseconds\u001b[39m","operation":"cpu_system_time","timestamp":"2026-05-30 15:50:54:5054","unit":"microseconds"}
{"duration":1080.040444048,"level":"\u001b[32minfo\u001b[39m","message":"\u001b[32mPerformance: process_uptime = 1080.040444048 seconds\u001b[39m","operation":"process_uptime","timestamp":"2026-05-30 15:50:54:5054","unit":"seconds"}
{"duration":0.212088,"level":"\u001b[32minfo\u001b[39m","message":"\u001b[32mPerformance: event_loop_lag = 0.212088 milliseconds\u001b[39m","operation":"event_loop_lag","timestamp":"2026-05-30 15:50:54:5054","unit":"milliseconds"}
{"level":"\u001b[32minfo\u001b[39m","message":"\u001b[32m>>> [MASTERMIND] Resuming all active channels...\u001b[39m","timestamp":"2026-05-30 15:51:11:5111"}
{"error":"16 UNAUTHENTICATED: Request had invalid authentication credentials. Expected OAuth 2 access token, login cookie or other valid authentication credential. See https://developers.google.com/identity/sign-in/web/devconsole-project.","level":"\u001b[31merror\u001b[39m","message":"\u001b[31mFirestore getCollection error [tenants] (Tenant: undefined):\u001b[39m","stack":"Error: 16 UNAUTHENTICATED: Request had invalid authentication credentials. Expected OAuth 2 access token, login cookie or other valid authentication credential. See https://developers.google.com/identity/sign-in/web/devconsole-project.\n    at callErrorFromStatus (/home/codedex/projects/DeXMart/node_modules/@grpc/grpc-js/src/call.ts:84:17)\n    at Object.onReceiveStatus (/home/codedex/projects/DeXMart/node_modules/@grpc/grpc-js/src/client.ts:612:51)\n    at Object.onReceiveStatus (/home/codedex/projects/DeXMart/node_modules/@grpc/grpc-js/src/client-interceptors.ts:424:48)\n    at /home/codedex/projects/DeXMart/node_modules/@grpc/grpc-js/src/resolving-call.ts:170:24\n    at processTicksAndRejections (node:internal/process/task_queues:85:11)\nfor call at\n    at ServiceClientImpl.makeServerStreamRequest (/home/codedex/projects/DeXMart/node_modules/@grpc/grpc-js/src/client.ts:595:42)\n    at ServiceClientImpl.<anonymous> (/home/codedex/projects/DeXMart/node_modules/@grpc/grpc-js/src/make-client.ts:189:15)\n    at /home/codedex/projects/DeXMart/node_modules/@google-cloud/firestore/build/src/v1/firestore_client.js:242:33\n    at /home/codedex/projects/DeXMart/node_modules/google-gax/src/streamingCalls/streamingApiCaller.ts:59:19\n    at /home/codedex/projects/DeXMart/node_modules/google-gax/src/normalCalls/timeout.ts:54:13\n    at Object.request (/home/codedex/projects/DeXMart/node_modules/google-gax/src/streamingCalls/streaming.ts:331:28)\n    at makeRequest (/home/codedex/projects/DeXMart/node_modules/retry-request/index.js:159:28)\n    at retryRequest (/home/codedex/projects/DeXMart/node_modules/retry-request/index.js:119:5)\n    at StreamProxy.setStream (/home/codedex/projects/DeXMart/node_modules/google-gax/src/streamingCalls/streaming.ts:322:29)\n    at StreamingApiCaller.call (/home/codedex/projects/DeXMart/node_modules/google-gax/src/streamingCalls/streamingApiCaller.ts:89:12)\nCaused by: Error: \n    at QueryUtil._getResponse (/home/codedex/projects/DeXMart/node_modules/@google-cloud/firestore/build/src/reference/query-util.js:44:23)\n    at CollectionReference._getResponse (/home/codedex/projects/DeXMart/node_modules/@google-cloud/firestore/build/src/reference/query.js:784:32)\n    at CollectionReference._get (/home/codedex/projects/DeXMart/node_modules/@google-cloud/firestore/build/src/reference/query.js:777:35)\n    at /home/codedex/projects/DeXMart/node_modules/@google-cloud/firestore/build/src/reference/query.js:745:43\n    at /home/codedex/projects/DeXMart/node_modules/@google-cloud/firestore/build/src/telemetry/enabled-trace-util.js:110:30\n    at NoopContextManager.with (/home/codedex/projects/DeXMart/node_modules/@opentelemetry/api/src/context/NoopContextManager.ts:20:15)\n    at ContextAPI.with (/home/codedex/projects/DeXMart/node_modules/@opentelemetry/api/src/api/context.ts:68:42)\n    at NoopTracer.startActiveSpan (/home/codedex/projects/DeXMart/node_modules/@opentelemetry/api/src/trace/NoopTracer.ts:87:27)\n    at ProxyTracer.startActiveSpan (/home/codedex/projects/DeXMart/node_modules/@opentelemetry/api/src/trace/ProxyTracer.ts:51:20)\n    at EnabledTraceUtil.startActiveSpan (/home/codedex/projects/DeXMart/node_modules/@google-cloud/firestore/build/src/telemetry/enabled-trace-util.js:102:28)","timestamp":"2026-05-30 15:51:11:5111"}
{"error":"16 UNAUTHENTICATED: Request had invalid authentication credentials. Expected OAuth 2 access token, login cookie or other valid authentication credential. See https://developers.google.com/identity/sign-in/web/devconsole-project.","level":"\u001b[31merror\u001b[39m","message":"\u001b[31mMultiTenantService.listTenants error:\u001b[39m","stack":"Error: 16 UNAUTHENTICATED: Request had invalid authentication credentials. Expected OAuth 2 access token, login cookie or other valid authentication credential. See https://developers.google.com/identity/sign-in/web/devconsole-project.\n    at callErrorFromStatus (/home/codedex/projects/DeXMart/node_modules/@grpc/grpc-js/src/call.ts:84:17)\n    at Object.onReceiveStatus (/home/codedex/projects/DeXMart/node_modules/@grpc/grpc-js/src/client.ts:612:51)\n    at Object.onReceiveStatus (/home/codedex/projects/DeXMart/node_modules/@grpc/grpc-js/src/client-interceptors.ts:424:48)\n    at /home/codedex/projects/DeXMart/node_modules/@grpc/grpc-js/src/resolving-call.ts:170:24\n    at processTicksAndRejections (node:internal/process/task_queues:85:11)\nfor call at\n    at ServiceClientImpl.makeServerStreamRequest (/home/codedex/projects/DeXMart/node_modules/@grpc/grpc-js/src/client.ts:595:42)\n    at ServiceClientImpl.<anonymous> (/home/codedex/projects/DeXMart/node_modules/@grpc/grpc-js/src/make-client.ts:189:15)\n    at /home/codedex/projects/DeXMart/node_modules/@google-cloud/firestore/build/src/v1/firestore_client.js:242:33\n    at /home/codedex/projects/DeXMart/node_modules/google-gax/src/streamingCalls/streamingApiCaller.ts:59:19\n    at /home/codedex/projects/DeXMart/node_modules/google-gax/src/normalCalls/timeout.ts:54:13\n    at Object.request (/home/codedex/projects/DeXMart/node_modules/google-gax/src/streamingCalls/streaming.ts:331:28)\n    at makeRequest (/home/codedex/projects/DeXMart/node_modules/retry-request/index.js:159:28)\n    at retryRequest (/home/codedex/projects/DeXMart/node_modules/retry-request/index.js:119:5)\n    at StreamProxy.setStream (/home/codedex/projects/DeXMart/node_modules/google-gax/src/streamingCalls/streaming.ts:322:29)\n    at StreamingApiCaller.call (/home/codedex/projects/DeXMart/node_modules/google-gax/src/streamingCalls/streamingApiCaller.ts:89:12)\nCaused by: Error: \n    at QueryUtil._getResponse (/home/codedex/projects/DeXMart/node_modules/@google-cloud/firestore/build/src/reference/query-util.js:44:23)\n    at CollectionReference._getResponse (/home/codedex/projects/DeXMart/node_modules/@google-cloud/firestore/build/src/reference/query.js:784:32)\n    at CollectionReference._get (/home/codedex/projects/DeXMart/node_modules/@google-cloud/firestore/build/src/reference/query.js:777:35)\n    at /home/codedex/projects/DeXMart/node_modules/@google-cloud/firestore/build/src/reference/query.js:745:43\n    at /home/codedex/projects/DeXMart/node_modules/@google-cloud/firestore/build/src/telemetry/enabled-trace-util.js:110:30\n    at NoopContextManager.with (/home/codedex/projects/DeXMart/node_modules/@opentelemetry/api/src/context/NoopContextManager.ts:20:15)\n    at ContextAPI.with (/home/codedex/projects/DeXMart/node_modules/@opentelemetry/api/src/api/context.ts:68:42)\n    at NoopTracer.startActiveSpan (/home/codedex/projects/DeXMart/node_modules/@opentelemetry/api/src/trace/NoopTracer.ts:87:27)\n    at ProxyTracer.startActiveSpan (/home/codedex/projects/DeXMart/node_modules/@opentelemetry/api/src/trace/ProxyTracer.ts:51:20)\n    at EnabledTraceUtil.startActiveSpan (/home/codedex/projects/DeXMart/node_modules/@google-cloud/firestore/build/src/telemetry/enabled-trace-util.js:102:28)","timestamp":"2026-05-30 15:51:11:5111"}
{"level":"\u001b[32minfo\u001b[39m","message":"\u001b[32m[ChannelService] Successfully queued 0 channels for resumption.\u001b[39m","timestamp":"2026-05-30 15:51:11:5111"}
{"duration":535557008,"level":"\u001b[32minfo\u001b[39m","message":"\u001b[32mPerformance: memory_heap_used = 535557008 bytes\u001b[39m","operation":"memory_heap_used","timestamp":"2026-05-30 15:51:27:5127","unit":"bytes"}
{"duration":593952768,"level":"\u001b[32minfo\u001b[39m","message":"\u001b[32mPerformance: memory_heap_total = 593952768 bytes\u001b[39m","operation":"memory_heap_total","timestamp":"2026-05-30 15:51:27:5127","unit":"bytes"}
{"duration":757944320,"level":"\u001b[32minfo\u001b[39m","message":"\u001b[32mPerformance: memory_rss = 757944320 bytes\u001b[39m","operation":"memory_rss","timestamp":"2026-05-30 15:51:27:5127","unit":"bytes"}
{"duration":37822751,"level":"\u001b[32minfo\u001b[39m","message":"\u001b[32mPerformance: memory_external = 37822751 bytes\u001b[39m","operation":"memory_external","timestamp":"2026-05-30 15:51:27:5127","unit":"bytes"}
{"duration":93524217,"level":"\u001b[32minfo\u001b[39m","message":"\u001b[32mPerformance: cpu_user_time = 93524217 microseconds\u001b[39m","operation":"cpu_user_time","timestamp":"2026-05-30 15:51:27:5127","unit":"microseconds"}
{"duration":8322700,"level":"\u001b[32minfo\u001b[39m","message":"\u001b[32mPerformance: cpu_system_time = 8322700 microseconds\u001b[39m","operation":"cpu_system_time","timestamp":"2026-05-30 15:51:27:5127","unit":"microseconds"}
{"duration":1110.041660983,"level":"\u001b[32minfo\u001b[39m","message":"\u001b[32mPerformance: process_uptime = 1110.041660983 seconds\u001b[39m","operation":"process_uptime","timestamp":"2026-05-30 15:51:27:5127","unit":"seconds"}
{"duration":0.21307,"level":"\u001b[32minfo\u001b[39m","message":"\u001b[32mPerformance: event_loop_lag = 0.21307 milliseconds\u001b[39m","operation":"event_loop_lag","timestamp":"2026-05-30 15:51:27:5127","unit":"milliseconds"}
{"duration":536014472,"level":"\u001b[32minfo\u001b[39m","message":"\u001b[32mPerformance: memory_heap_used = 536014472 bytes\u001b[39m","operation":"memory_heap_used","timestamp":"2026-05-30 15:52:00:520","unit":"bytes"}
{"duration":593952768,"level":"\u001b[32minfo\u001b[39m","message":"\u001b[32mPerformance: memory_heap_total = 593952768 bytes\u001b[39m","operation":"memory_heap_total","timestamp":"2026-05-30 15:52:00:520","unit":"bytes"}
{"duration":757944320,"level":"\u001b[32minfo\u001b[39m","message":"\u001b[32mPerformance: memory_rss = 757944320 bytes\u001b[39m","operation":"memory_rss","timestamp":"2026-05-30 15:52:00:520","unit":"bytes"}
{"duration":37848716,"level":"\u001b[32minfo\u001b[39m","message":"\u001b[32mPerformance: memory_external = 37848716 bytes\u001b[39m","operation":"memory_external","timestamp":"2026-05-30 15:52:00:520","unit":"bytes"}
{"duration":93545256,"level":"\u001b[32minfo\u001b[39m","message":"\u001b[32mPerformance: cpu_user_time = 93545256 microseconds\u001b[39m","operation":"cpu_user_time","timestamp":"2026-05-30 15:52:00:520","unit":"microseconds"}
{"duration":8341696,"level":"\u001b[32minfo\u001b[39m","message":"\u001b[32mPerformance: cpu_system_time = 8341696 microseconds\u001b[39m","operation":"cpu_system_time","timestamp":"2026-05-30 15:52:00:520","unit":"microseconds"}
{"duration":1140.043189265,"level":"\u001b[32minfo\u001b[39m","message":"\u001b[32mPerformance: process_uptime = 1140.043189265 seconds\u001b[39m","operation":"process_uptime","timestamp":"2026-05-30 15:52:00:520","unit":"seconds"}
{"duration":0.198091,"level":"\u001b[32minfo\u001b[39m","message":"\u001b[32mPerformance: event_loop_lag = 0.198091 milliseconds\u001b[39m","operation":"event_loop_lag","timestamp":"2026-05-30 15:52:00:520","unit":"milliseconds"}
{"level":"\u001b[32minfo\u001b[39m","message":"\u001b[32m>>> [MASTERMIND] Resuming all active channels...\u001b[39m","timestamp":"2026-05-30 15:52:14:5214"}
{"error":"16 UNAUTHENTICATED: Request had invalid authentication credentials. Expected OAuth 2 access token, login cookie or other valid authentication credential. See https://developers.google.com/identity/sign-in/web/devconsole-project.","level":"\u001b[31merror\u001b[39m","message":"\u001b[31mFirestore getCollection error [tenants] (Tenant: undefined):\u001b[39m","stack":"Error: 16 UNAUTHENTICATED: Request had invalid authentication credentials. Expected OAuth 2 access token, login cookie or other valid authentication credential. See https://developers.google.com/identity/sign-in/web/devconsole-project.\n    at callErrorFromStatus (/home/codedex/projects/DeXMart/node_modules/@grpc/grpc-js/src/call.ts:84:17)\n    at Object.onReceiveStatus (/home/codedex/projects/DeXMart/node_modules/@grpc/grpc-js/src/client.ts:612:51)\n    at Object.onReceiveStatus (/home/codedex/projects/DeXMart/node_modules/@grpc/grpc-js/src/client-interceptors.ts:424:48)\n    at /home/codedex/projects/DeXMart/node_modules/@grpc/grpc-js/src/resolving-call.ts:170:24\n    at processTicksAndRejections (node:internal/process/task_queues:85:11)\nfor call at\n    at ServiceClientImpl.makeServerStreamRequest (/home/codedex/projects/DeXMart/node_modules/@grpc/grpc-js/src/client.ts:595:42)\n    at ServiceClientImpl.<anonymous> (/home/codedex/projects/DeXMart/node_modules/@grpc/grpc-js/src/make-client.ts:189:15)\n    at /home/codedex/projects/DeXMart/node_modules/@google-cloud/firestore/build/src/v1/firestore_client.js:242:33\n    at /home/codedex/projects/DeXMart/node_modules/google-gax/src/streamingCalls/streamingApiCaller.ts:59:19\n    at /home/codedex/projects/DeXMart/node_modules/google-gax/src/normalCalls/timeout.ts:54:13\n    at Object.request (/home/codedex/projects/DeXMart/node_modules/google-gax/src/streamingCalls/streaming.ts:331:28)\n    at makeRequest (/home/codedex/projects/DeXMart/node_modules/retry-request/index.js:159:28)\n    at retryRequest (/home/codedex/projects/DeXMart/node_modules/retry-request/index.js:119:5)\n    at StreamProxy.setStream (/home/codedex/projects/DeXMart/node_modules/google-gax/src/streamingCalls/streaming.ts:322:29)\n    at StreamingApiCaller.call (/home/codedex/projects/DeXMart/node_modules/google-gax/src/streamingCalls/streamingApiCaller.ts:89:12)\nCaused by: Error: \n    at QueryUtil._getResponse (/home/codedex/projects/DeXMart/node_modules/@google-cloud/firestore/build/src/reference/query-util.js:44:23)\n    at CollectionReference._getResponse (/home/codedex/projects/DeXMart/node_modules/@google-cloud/firestore/build/src/reference/query.js:784:32)\n    at CollectionReference._get (/home/codedex/projects/DeXMart/node_modules/@google-cloud/firestore/build/src/reference/query.js:777:35)\n    at /home/codedex/projects/DeXMart/node_modules/@google-cloud/firestore/build/src/reference/query.js:745:43\n    at /home/codedex/projects/DeXMart/node_modules/@google-cloud/firestore/build/src/telemetry/enabled-trace-util.js:110:30\n    at NoopContextManager.with (/home/codedex/projects/DeXMart/node_modules/@opentelemetry/api/src/context/NoopContextManager.ts:20:15)\n    at ContextAPI.with (/home/codedex/projects/DeXMart/node_modules/@opentelemetry/api/src/api/context.ts:68:42)\n    at NoopTracer.startActiveSpan (/home/codedex/projects/DeXMart/node_modules/@opentelemetry/api/src/trace/NoopTracer.ts:87:27)\n    at ProxyTracer.startActiveSpan (/home/codedex/projects/DeXMart/node_modules/@opentelemetry/api/src/trace/ProxyTracer.ts:51:20)\n    at EnabledTraceUtil.startActiveSpan (/home/codedex/projects/DeXMart/node_modules/@google-cloud/firestore/build/src/telemetry/enabled-trace-util.js:102:28)","timestamp":"2026-05-30 15:52:14:5214"}
{"error":"16 UNAUTHENTICATED: Request had invalid authentication credentials. Expected OAuth 2 access token, login cookie or other valid authentication credential. See https://developers.google.com/identity/sign-in/web/devconsole-project.","level":"\u001b[31merror\u001b[39m","message":"\u001b[31mMultiTenantService.listTenants error:\u001b[39m","stack":"Error: 16 UNAUTHENTICATED: Request had invalid authentication credentials. Expected OAuth 2 access token, login cookie or other valid authentication credential. See https://developers.google.com/identity/sign-in/web/devconsole-project.\n    at callErrorFromStatus (/home/codedex/projects/DeXMart/node_modules/@grpc/grpc-js/src/call.ts:84:17)\n    at Object.onReceiveStatus (/home/codedex/projects/DeXMart/node_modules/@grpc/grpc-js/src/client.ts:612:51)\n    at Object.onReceiveStatus (/home/codedex/projects/DeXMart/node_modules/@grpc/grpc-js/src/client-interceptors.ts:424:48)\n    at /home/codedex/projects/DeXMart/node_modules/@grpc/grpc-js/src/resolving-call.ts:170:24\n    at processTicksAndRejections (node:internal/process/task_queues:85:11)\nfor call at\n    at ServiceClientImpl.makeServerStreamRequest (/home/codedex/projects/DeXMart/node_modules/@grpc/grpc-js/src/client.ts:595:42)\n    at ServiceClientImpl.<anonymous> (/home/codedex/projects/DeXMart/node_modules/@grpc/grpc-js/src/make-client.ts:189:15)\n    at /home/codedex/projects/DeXMart/node_modules/@google-cloud/firestore/build/src/v1/firestore_client.js:242:33\n    at /home/codedex/projects/DeXMart/node_modules/google-gax/src/streamingCalls/streamingApiCaller.ts:59:19\n    at /home/codedex/projects/DeXMart/node_modules/google-gax/src/normalCalls/timeout.ts:54:13\n    at Object.request (/home/codedex/projects/DeXMart/node_modules/google-gax/src/streamingCalls/streaming.ts:331:28)\n    at makeRequest (/home/codedex/projects/DeXMart/node_modules/retry-request/index.js:159:28)\n    at retryRequest (/home/codedex/projects/DeXMart/node_modules/retry-request/index.js:119:5)\n    at StreamProxy.setStream (/home/codedex/projects/DeXMart/node_modules/google-gax/src/streamingCalls/streaming.ts:322:29)\n    at StreamingApiCaller.call (/home/codedex/projects/DeXMart/node_modules/google-gax/src/streamingCalls/streamingApiCaller.ts:89:12)\nCaused by: Error: \n    at QueryUtil._getResponse (/home/codedex/projects/DeXMart/node_modules/@google-cloud/firestore/build/src/reference/query-util.js:44:23)\n    at CollectionReference._getResponse (/home/codedex/projects/DeXMart/node_modules/@google-cloud/firestore/build/src/reference/query.js:784:32)\n    at CollectionReference._get (/home/codedex/projects/DeXMart/node_modules/@google-cloud/firestore/build/src/reference/query.js:777:35)\n    at /home/codedex/projects/DeXMart/node_modules/@google-cloud/firestore/build/src/reference/query.js:745:43\n    at /home/codedex/projects/DeXMart/node_modules/@google-cloud/firestore/build/src/telemetry/enabled-trace-util.js:110:30\n    at NoopContextManager.with (/home/codedex/projects/DeXMart/node_modules/@opentelemetry/api/src/context/NoopContextManager.ts:20:15)\n    at ContextAPI.with (/home/codedex/projects/DeXMart/node_modules/@opentelemetry/api/src/api/context.ts:68:42)\n    at NoopTracer.startActiveSpan (/home/codedex/projects/DeXMart/node_modules/@opentelemetry/api/src/trace/NoopTracer.ts:87:27)\n    at ProxyTracer.startActiveSpan (/home/codedex/projects/DeXMart/node_modules/@opentelemetry/api/src/trace/ProxyTracer.ts:51:20)\n    at EnabledTraceUtil.startActiveSpan (/home/codedex/projects/DeXMart/node_modules/@google-cloud/firestore/build/src/telemetry/enabled-trace-util.js:102:28)","timestamp":"2026-05-30 15:52:14:5214"}
{"level":"\u001b[32minfo\u001b[39m","message":"\u001b[32m[ChannelService] Successfully queued 0 channels for resumption.\u001b[39m","timestamp":"2026-05-30 15:52:14:5214"}
{"duration":536459392,"level":"\u001b[32minfo\u001b[39m","message":"\u001b[32mPerformance: memory_heap_used = 536459392 bytes\u001b[39m","operation":"memory_heap_used","timestamp":"2026-05-30 15:52:33:5233","unit":"bytes"}
{"duration":594214912,"level":"\u001b[32minfo\u001b[39m","message":"\u001b[32mPerformance: memory_heap_total = 594214912 bytes\u001b[39m","operation":"memory_heap_total","timestamp":"2026-05-30 15:52:33:5233","unit":"bytes"}
{"duration":758075392,"level":"\u001b[32minfo\u001b[39m","message":"\u001b[32mPerformance: memory_rss = 758075392 bytes\u001b[39m","operation":"memory_rss","timestamp":"2026-05-30 15:52:33:5233","unit":"bytes"}
{"duration":37880923,"level":"\u001b[32minfo\u001b[39m","message":"\u001b[32mPerformance: memory_external = 37880923 bytes\u001b[39m","operation":"memory_external","timestamp":"2026-05-30 15:52:33:5233","unit":"bytes"}
{"duration":93573790,"level":"\u001b[32minfo\u001b[39m","message":"\u001b[32mPerformance: cpu_user_time = 93573790 microseconds\u001b[39m","operation":"cpu_user_time","timestamp":"2026-05-30 15:52:33:5233","unit":"microseconds"}
{"duration":8363287,"level":"\u001b[32minfo\u001b[39m","message":"\u001b[32mPerformance: cpu_system_time = 8363287 microseconds\u001b[39m","operation":"cpu_system_time","timestamp":"2026-05-30 15:52:33:5233","unit":"microseconds"}
{"duration":1170.043172994,"level":"\u001b[32minfo\u001b[39m","message":"\u001b[32mPerformance: process_uptime = 1170.043172994 seconds\u001b[39m","operation":"process_uptime","timestamp":"2026-05-30 15:52:33:5233","unit":"seconds"}
{"duration":0.225542,"level":"\u001b[32minfo\u001b[39m","message":"\u001b[32mPerformance: event_loop_lag = 0.225542 milliseconds\u001b[39m","operation":"event_loop_lag","timestamp":"2026-05-30 15:52:33:5233","unit":"milliseconds"}
{"duration":536253472,"level":"\u001b[32minfo\u001b[39m","message":"\u001b[32mPerformance: memory_heap_used = 536253472 bytes\u001b[39m","operation":"memory_heap_used","timestamp":"2026-05-30 15:53:06:536","unit":"bytes"}
{"duration":594214912,"level":"\u001b[32minfo\u001b[39m","message":"\u001b[32mPerformance: memory_heap_total = 594214912 bytes\u001b[39m","operation":"memory_heap_total","timestamp":"2026-05-30 15:53:06:536","unit":"bytes"}
{"duration":758206464,"level":"\u001b[32minfo\u001b[39m","message":"\u001b[32mPerformance: memory_rss = 758206464 bytes\u001b[39m","operation":"memory_rss","timestamp":"2026-05-30 15:53:06:536","unit":"bytes"}
{"duration":37907515,"level":"\u001b[32minfo\u001b[39m","message":"\u001b[32mPerformance: memory_external = 37907515 bytes\u001b[39m","operation":"memory_external","timestamp":"2026-05-30 15:53:06:536","unit":"bytes"}
{"duration":93585226,"level":"\u001b[32minfo\u001b[39m","message":"\u001b[32mPerformance: cpu_user_time = 93585226 microseconds\u001b[39m","operation":"cpu_user_time","timestamp":"2026-05-30 15:53:06:536","unit":"microseconds"}
{"duration":8387795,"level":"\u001b[32minfo\u001b[39m","message":"\u001b[32mPerformance: cpu_system_time = 8387795 microseconds\u001b[39m","operation":"cpu_system_time","timestamp":"2026-05-30 15:53:06:536","unit":"microseconds"}
{"duration":1200.043174195,"level":"\u001b[32minfo\u001b[39m","message":"\u001b[32mPerformance: process_uptime = 1200.043174195 seconds\u001b[39m","operation":"process_uptime","timestamp":"2026-05-30 15:53:06:536","unit":"seconds"}
{"duration":0.234809,"level":"\u001b[32minfo\u001b[39m","message":"\u001b[32mPerformance: event_loop_lag = 0.234809 milliseconds\u001b[39m","operation":"event_loop_lag","timestamp":"2026-05-30 15:53:06:536","unit":"milliseconds"}
{"level":"\u001b[32minfo\u001b[39m","message":"\u001b[32m>>> [MASTERMIND] Resuming all active channels...\u001b[39m","timestamp":"2026-05-30 15:53:20:5320"}
{"error":"16 UNAUTHENTICATED: Request had invalid authentication credentials. Expected OAuth 2 access token, login cookie or other valid authentication credential. See https://developers.google.com/identity/sign-in/web/devconsole-project.","level":"\u001b[31merror\u001b[39m","message":"\u001b[31mFirestore getCollection error [tenants] (Tenant: undefined):\u001b[39m","stack":"Error: 16 UNAUTHENTICATED: Request had invalid authentication credentials. Expected OAuth 2 access token, login cookie or other valid authentication credential. See https://developers.google.com/identity/sign-in/web/devconsole-project.\n    at callErrorFromStatus (/home/codedex/projects/DeXMart/node_modules/@grpc/grpc-js/src/call.ts:84:17)\n    at Object.onReceiveStatus (/home/codedex/projects/DeXMart/node_modules/@grpc/grpc-js/src/client.ts:612:51)\n    at Object.onReceiveStatus (/home/codedex/projects/DeXMart/node_modules/@grpc/grpc-js/src/client-interceptors.ts:424:48)\n    at /home/codedex/projects/DeXMart/node_modules/@grpc/grpc-js/src/resolving-call.ts:170:24\n    at processTicksAndRejections (node:internal/process/task_queues:85:11)\nfor call at\n    at ServiceClientImpl.makeServerStreamRequest (/home/codedex/projects/DeXMart/node_modules/@grpc/grpc-js/src/client.ts:595:42)\n    at ServiceClientImpl.<anonymous> (/home/codedex/projects/DeXMart/node_modules/@grpc/grpc-js/src/make-client.ts:189:15)\n    at /home/codedex/projects/DeXMart/node_modules/@google-cloud/firestore/build/src/v1/firestore_client.js:242:33\n    at /home/codedex/projects/DeXMart/node_modules/google-gax/src/streamingCalls/streamingApiCaller.ts:59:19\n    at /home/codedex/projects/DeXMart/node_modules/google-gax/src/normalCalls/timeout.ts:54:13\n    at Object.request (/home/codedex/projects/DeXMart/node_modules/google-gax/src/streamingCalls/streaming.ts:331:28)\n    at makeRequest (/home/codedex/projects/DeXMart/node_modules/retry-request/index.js:159:28)\n    at retryRequest (/home/codedex/projects/DeXMart/node_modules/retry-request/index.js:119:5)\n    at StreamProxy.setStream (/home/codedex/projects/DeXMart/node_modules/google-gax/src/streamingCalls/streaming.ts:322:29)\n    at StreamingApiCaller.call (/home/codedex/projects/DeXMart/node_modules/google-gax/src/streamingCalls/streamingApiCaller.ts:89:12)\nCaused by: Error: \n    at QueryUtil._getResponse (/home/codedex/projects/DeXMart/node_modules/@google-cloud/firestore/build/src/reference/query-util.js:44:23)\n    at CollectionReference._getResponse (/home/codedex/projects/DeXMart/node_modules/@google-cloud/firestore/build/src/reference/query.js:784:32)\n    at CollectionReference._get (/home/codedex/projects/DeXMart/node_modules/@google-cloud/firestore/build/src/reference/query.js:777:35)\n    at /home/codedex/projects/DeXMart/node_modules/@google-cloud/firestore/build/src/reference/query.js:745:43\n    at /home/codedex/projects/DeXMart/node_modules/@google-cloud/firestore/build/src/telemetry/enabled-trace-util.js:110:30\n    at NoopContextManager.with (/home/codedex/projects/DeXMart/node_modules/@opentelemetry/api/src/context/NoopContextManager.ts:20:15)\n    at ContextAPI.with (/home/codedex/projects/DeXMart/node_modules/@opentelemetry/api/src/api/context.ts:68:42)\n    at NoopTracer.startActiveSpan (/home/codedex/projects/DeXMart/node_modules/@opentelemetry/api/src/trace/NoopTracer.ts:87:27)\n    at ProxyTracer.startActiveSpan (/home/codedex/projects/DeXMart/node_modules/@opentelemetry/api/src/trace/ProxyTracer.ts:51:20)\n    at EnabledTraceUtil.startActiveSpan (/home/codedex/projects/DeXMart/node_modules/@google-cloud/firestore/build/src/telemetry/enabled-trace-util.js:102:28)","timestamp":"2026-05-30 15:53:20:5320"}
{"error":"16 UNAUTHENTICATED: Request had invalid authentication credentials. Expected OAuth 2 access token, login cookie or other valid authentication credential. See https://developers.google.com/identity/sign-in/web/devconsole-project.","level":"\u001b[31merror\u001b[39m","message":"\u001b[31mMultiTenantService.listTenants error:\u001b[39m","stack":"Error: 16 UNAUTHENTICATED: Request had invalid authentication credentials. Expected OAuth 2 access token, login cookie or other valid authentication credential. See https://developers.google.com/identity/sign-in/web/devconsole-project.\n    at callErrorFromStatus (/home/codedex/projects/DeXMart/node_modules/@grpc/grpc-js/src/call.ts:84:17)\n    at Object.onReceiveStatus (/home/codedex/projects/DeXMart/node_modules/@grpc/grpc-js/src/client.ts:612:51)\n    at Object.onReceiveStatus (/home/codedex/projects/DeXMart/node_modules/@grpc/grpc-js/src/client-interceptors.ts:424:48)\n    at /home/codedex/projects/DeXMart/node_modules/@grpc/grpc-js/src/resolving-call.ts:170:24\n    at processTicksAndRejections (node:internal/process/task_queues:85:11)\nfor call at\n    at ServiceClientImpl.makeServerStreamRequest (/home/codedex/projects/DeXMart/node_modules/@grpc/grpc-js/src/client.ts:595:42)\n    at ServiceClientImpl.<anonymous> (/home/codedex/projects/DeXMart/node_modules/@grpc/grpc-js/src/make-client.ts:189:15)\n    at /home/codedex/projects/DeXMart/node_modules/@google-cloud/firestore/build/src/v1/firestore_client.js:242:33\n    at /home/codedex/projects/DeXMart/node_modules/google-gax/src/streamingCalls/streamingApiCaller.ts:59:19\n    at /home/codedex/projects/DeXMart/node_modules/google-gax/src/normalCalls/timeout.ts:54:13\n    at Object.request (/home/codedex/projects/DeXMart/node_modules/google-gax/src/streamingCalls/streaming.ts:331:28)\n    at makeRequest (/home/codedex/projects/DeXMart/node_modules/retry-request/index.js:159:28)\n    at retryRequest (/home/codedex/projects/DeXMart/node_modules/retry-request/index.js:119:5)\n    at StreamProxy.setStream (/home/codedex/projects/DeXMart/node_modules/google-gax/src/streamingCalls/streaming.ts:322:29)\n    at StreamingApiCaller.call (/home/codedex/projects/DeXMart/node_modules/google-gax/src/streamingCalls/streamingApiCaller.ts:89:12)\nCaused by: Error: \n    at QueryUtil._getResponse (/home/codedex/projects/DeXMart/node_modules/@google-cloud/firestore/build/src/reference/query-util.js:44:23)\n    at CollectionReference._getResponse (/home/codedex/projects/DeXMart/node_modules/@google-cloud/firestore/build/src/reference/query.js:784:32)\n    at CollectionReference._get (/home/codedex/projects/DeXMart/node_modules/@google-cloud/firestore/build/src/reference/query.js:777:35)\n    at /home/codedex/projects/DeXMart/node_modules/@google-cloud/firestore/build/src/reference/query.js:745:43\n    at /home/codedex/projects/DeXMart/node_modules/@google-cloud/firestore/build/src/telemetry/enabled-trace-util.js:110:30\n    at NoopContextManager.with (/home/codedex/projects/DeXMart/node_modules/@opentelemetry/api/src/context/NoopContextManager.ts:20:15)\n    at ContextAPI.with (/home/codedex/projects/DeXMart/node_modules/@opentelemetry/api/src/api/context.ts:68:42)\n    at NoopTracer.startActiveSpan (/home/codedex/projects/DeXMart/node_modules/@opentelemetry/api/src/trace/NoopTracer.ts:87:27)\n    at ProxyTracer.startActiveSpan (/home/codedex/projects/DeXMart/node_modules/@opentelemetry/api/src/trace/ProxyTracer.ts:51:20)\n    at EnabledTraceUtil.startActiveSpan (/home/codedex/projects/DeXMart/node_modules/@google-cloud/firestore/build/src/telemetry/enabled-trace-util.js:102:28)","timestamp":"2026-05-30 15:53:20:5320"}
{"level":"\u001b[32minfo\u001b[39m","message":"\u001b[32m[ChannelService] Successfully queued 0 channels for resumption.\u001b[39m","timestamp":"2026-05-30 15:53:20:5320"}
{"duration":537247000,"level":"\u001b[32minfo\u001b[39m","message":"\u001b[32mPerformance: memory_heap_used = 537247000 bytes\u001b[39m","operation":"memory_heap_used","timestamp":"2026-05-30 15:53:39:5339","unit":"bytes"}
{"duration":594477056,"level":"\u001b[32minfo\u001b[39m","message":"\u001b[32mPerformance: memory_heap_total = 594477056 bytes\u001b[39m","operation":"memory_heap_total","timestamp":"2026-05-30 15:53:39:5339","unit":"bytes"}
{"duration":758468608,"level":"\u001b[32minfo\u001b[39m","message":"\u001b[32mPerformance: memory_rss = 758468608 bytes\u001b[39m","operation":"memory_rss","timestamp":"2026-05-30 15:53:39:5339","unit":"bytes"}
{"duration":37955512,"level":"\u001b[32minfo\u001b[39m","message":"\u001b[32mPerformance: memory_external = 37955512 bytes\u001b[39m","operation":"memory_external","timestamp":"2026-05-30 15:53:39:5339","unit":"bytes"}
{"duration":93620574,"level":"\u001b[32minfo\u001b[39m","message":"\u001b[32mPerformance: cpu_user_time = 93620574 microseconds\u001b[39m","operation":"cpu_user_time","timestamp":"2026-05-30 15:53:39:5339","unit":"microseconds"}
{"duration":8405494,"level":"\u001b[32minfo\u001b[39m","message":"\u001b[32mPerformance: cpu_system_time = 8405494 microseconds\u001b[39m","operation":"cpu_system_time","timestamp":"2026-05-30 15:53:39:5339","unit":"microseconds"}
{"duration":1230.042825861,"level":"\u001b[32minfo\u001b[39m","message":"\u001b[32mPerformance: process_uptime = 1230.042825861 seconds\u001b[39m","operation":"process_uptime","timestamp":"2026-05-30 15:53:39:5339","unit":"seconds"}
{"duration":0.382866,"level":"\u001b[32minfo\u001b[39m","message":"\u001b[32mPerformance: event_loop_lag = 0.382866 milliseconds\u001b[39m","operation":"event_loop_lag","timestamp":"2026-05-30 15:53:39:5339","unit":"milliseconds"}
{"level":"\u001b[32minfo\u001b[39m","message":"\u001b[32m✅ Environment variables validated via Zod\u001b[39m","timestamp":"2026-05-30 15:53:59:5359"}
{"level":"\u001b[33mwarn\u001b[39m","message":"\u001b[33m⚠️ JWT_SECRET is missing or using default value! Tokens will be signed with an insecure key.\u001b[39m","timestamp":"2026-05-30 15:53:59:5359"}
{"level":"\u001b[32minfo\u001b[39m","message":"\u001b[32m🔗 Constructed internal REDIS_URL from host and port configuration\u001b[39m","timestamp":"2026-05-30 15:53:59:5359"}
{"level":"\u001b[32minfo\u001b[39m","message":"\u001b[32m✅ Configuration validation passed\u001b[39m","timestamp":"2026-05-30 15:53:59:5359"}
{"level":"\u001b[32minfo\u001b[39m","message":"\u001b[32mConfigService initialized as wrapper for ConfigManager\u001b[39m","timestamp":"2026-05-30 15:53:59:5359"}
{"level":"\u001b[32minfo\u001b[39m","message":"\u001b[32mFirebase Config: path=service-account.json, projectId=undefined, hasEmail=false, hasKey=false\u001b[39m","timestamp":"2026-05-30 15:53:59:5359"}
{"level":"\u001b[32minfo\u001b[39m","message":"\u001b[32mLoading service account from: service-account.json\u001b[39m","timestamp":"2026-05-30 15:53:59:5359"}
{"level":"\u001b[32minfo\u001b[39m","message":"\u001b[32mUsing service account for project: dexmart\u001b[39m","timestamp":"2026-05-30 15:53:59:5359"}
{"level":"\u001b[32minfo\u001b[39m","message":"\u001b[32mInitializing Firebase Admin...\u001b[39m","timestamp":"2026-05-30 15:53:59:5359"}
{"level":"\u001b[32minfo\u001b[39m","message":"\u001b[32m🔥 Firebase Admin Initialized (Project: dexmart)\u001b[39m","timestamp":"2026-05-30 15:53:59:5359"}
{"duration":537049240,"level":"\u001b[32minfo\u001b[39m","message":"\u001b[32mPerformance: memory_heap_used = 537049240 bytes\u001b[39m","operation":"memory_heap_used","timestamp":"2026-05-30 15:54:12:5412","unit":"bytes"}
{"duration":594477056,"level":"\u001b[32minfo\u001b[39m","message":"\u001b[32mPerformance: memory_heap_total = 594477056 bytes\u001b[39m","operation":"memory_heap_total","timestamp":"2026-05-30 15:54:12:5412","unit":"bytes"}
{"duration":758468608,"level":"\u001b[32minfo\u001b[39m","message":"\u001b[32mPerformance: memory_rss = 758468608 bytes\u001b[39m","operation":"memory_rss","timestamp":"2026-05-30 15:54:12:5412","unit":"bytes"}
{"duration":37970813,"level":"\u001b[32minfo\u001b[39m","message":"\u001b[32mPerformance: memory_external = 37970813 bytes\u001b[39m","operation":"memory_external","timestamp":"2026-05-30 15:54:12:5412","unit":"bytes"}
{"duration":93637226,"level":"\u001b[32minfo\u001b[39m","message":"\u001b[32mPerformance: cpu_user_time = 93637226 microseconds\u001b[39m","operation":"cpu_user_time","timestamp":"2026-05-30 15:54:12:5412","unit":"microseconds"}
{"duration":8427700,"level":"\u001b[32minfo\u001b[39m","message":"\u001b[32mPerformance: cpu_system_time = 8427700 microseconds\u001b[39m","operation":"cpu_system_time","timestamp":"2026-05-30 15:54:12:5412","unit":"microseconds"}
{"duration":1260.04317053,"level":"\u001b[32minfo\u001b[39m","message":"\u001b[32mPerformance: process_uptime = 1260.04317053 seconds\u001b[39m","operation":"process_uptime","timestamp":"2026-05-30 15:54:12:5412","unit":"seconds"}
{"duration":0.258045,"level":"\u001b[32minfo\u001b[39m","message":"\u001b[32mPerformance: event_loop_lag = 0.258045 milliseconds\u001b[39m","operation":"event_loop_lag","timestamp":"2026-05-30 15:54:12:5412","unit":"milliseconds"}
{"level":"\u001b[32minfo\u001b[39m","message":"\u001b[32m>>> [MASTERMIND] Resuming all active channels...\u001b[39m","timestamp":"2026-05-30 15:54:26:5426"}
{"error":"16 UNAUTHENTICATED: Request had invalid authentication credentials. Expected OAuth 2 access token, login cookie or other valid authentication credential. See https://developers.google.com/identity/sign-in/web/devconsole-project.","level":"\u001b[31merror\u001b[39m","message":"\u001b[31mFirestore getCollection error [tenants] (Tenant: undefined):\u001b[39m","stack":"Error: 16 UNAUTHENTICATED: Request had invalid authentication credentials. Expected OAuth 2 access token, login cookie or other valid authentication credential. See https://developers.google.com/identity/sign-in/web/devconsole-project.\n    at callErrorFromStatus (/home/codedex/projects/DeXMart/node_modules/@grpc/grpc-js/src/call.ts:84:17)\n    at Object.onReceiveStatus (/home/codedex/projects/DeXMart/node_modules/@grpc/grpc-js/src/client.ts:612:51)\n    at Object.onReceiveStatus (/home/codedex/projects/DeXMart/node_modules/@grpc/grpc-js/src/client-interceptors.ts:424:48)\n    at /home/codedex/projects/DeXMart/node_modules/@grpc/grpc-js/src/resolving-call.ts:170:24\n    at processTicksAndRejections (node:internal/process/task_queues:85:11)\nfor call at\n    at ServiceClientImpl.makeServerStreamRequest (/home/codedex/projects/DeXMart/node_modules/@grpc/grpc-js/src/client.ts:595:42)\n    at ServiceClientImpl.<anonymous> (/home/codedex/projects/DeXMart/node_modules/@grpc/grpc-js/src/make-client.ts:189:15)\n    at /home/codedex/projects/DeXMart/node_modules/@google-cloud/firestore/build/src/v1/firestore_client.js:242:33\n    at /home/codedex/projects/DeXMart/node_modules/google-gax/src/streamingCalls/streamingApiCaller.ts:59:19\n    at /home/codedex/projects/DeXMart/node_modules/google-gax/src/normalCalls/timeout.ts:54:13\n    at Object.request (/home/codedex/projects/DeXMart/node_modules/google-gax/src/streamingCalls/streaming.ts:331:28)\n    at makeRequest (/home/codedex/projects/DeXMart/node_modules/retry-request/index.js:159:28)\n    at retryRequest (/home/codedex/projects/DeXMart/node_modules/retry-request/index.js:119:5)\n    at StreamProxy.setStream (/home/codedex/projects/DeXMart/node_modules/google-gax/src/streamingCalls/streaming.ts:322:29)\n    at StreamingApiCaller.call (/home/codedex/projects/DeXMart/node_modules/google-gax/src/streamingCalls/streamingApiCaller.ts:89:12)\nCaused by: Error: \n    at QueryUtil._getResponse (/home/codedex/projects/DeXMart/node_modules/@google-cloud/firestore/build/src/reference/query-util.js:44:23)\n    at CollectionReference._getResponse (/home/codedex/projects/DeXMart/node_modules/@google-cloud/firestore/build/src/reference/query.js:784:32)\n    at CollectionReference._get (/home/codedex/projects/DeXMart/node_modules/@google-cloud/firestore/build/src/reference/query.js:777:35)\n    at /home/codedex/projects/DeXMart/node_modules/@google-cloud/firestore/build/src/reference/query.js:745:43\n    at /home/codedex/projects/DeXMart/node_modules/@google-cloud/firestore/build/src/telemetry/enabled-trace-util.js:110:30\n    at NoopContextManager.with (/home/codedex/projects/DeXMart/node_modules/@opentelemetry/api/src/context/NoopContextManager.ts:20:15)\n    at ContextAPI.with (/home/codedex/projects/DeXMart/node_modules/@opentelemetry/api/src/api/context.ts:68:42)\n    at NoopTracer.startActiveSpan (/home/codedex/projects/DeXMart/node_modules/@opentelemetry/api/src/trace/NoopTracer.ts:87:27)\n    at ProxyTracer.startActiveSpan (/home/codedex/projects/DeXMart/node_modules/@opentelemetry/api/src/trace/ProxyTracer.ts:51:20)\n    at EnabledTraceUtil.startActiveSpan (/home/codedex/projects/DeXMart/node_modules/@google-cloud/firestore/build/src/telemetry/enabled-trace-util.js:102:28)","timestamp":"2026-05-30 15:54:26:5426"}
{"error":"16 UNAUTHENTICATED: Request had invalid authentication credentials. Expected OAuth 2 access token, login cookie or other valid authentication credential. See https://developers.google.com/identity/sign-in/web/devconsole-project.","level":"\u001b[31merror\u001b[39m","message":"\u001b[31mMultiTenantService.listTenants error:\u001b[39m","stack":"Error: 16 UNAUTHENTICATED: Request had invalid authentication credentials. Expected OAuth 2 access token, login cookie or other valid authentication credential. See https://developers.google.com/identity/sign-in/web/devconsole-project.\n    at callErrorFromStatus (/home/codedex/projects/DeXMart/node_modules/@grpc/grpc-js/src/call.ts:84:17)\n    at Object.onReceiveStatus (/home/codedex/projects/DeXMart/node_modules/@grpc/grpc-js/src/client.ts:612:51)\n    at Object.onReceiveStatus (/home/codedex/projects/DeXMart/node_modules/@grpc/grpc-js/src/client-interceptors.ts:424:48)\n    at /home/codedex/projects/DeXMart/node_modules/@grpc/grpc-js/src/resolving-call.ts:170:24\n    at processTicksAndRejections (node:internal/process/task_queues:85:11)\nfor call at\n    at ServiceClientImpl.makeServerStreamRequest (/home/codedex/projects/DeXMart/node_modules/@grpc/grpc-js/src/client.ts:595:42)\n    at ServiceClientImpl.<anonymous> (/home/codedex/projects/DeXMart/node_modules/@grpc/grpc-js/src/make-client.ts:189:15)\n    at /home/codedex/projects/DeXMart/node_modules/@google-cloud/firestore/build/src/v1/firestore_client.js:242:33\n    at /home/codedex/projects/DeXMart/node_modules/google-gax/src/streamingCalls/streamingApiCaller.ts:59:19\n    at /home/codedex/projects/DeXMart/node_modules/google-gax/src/normalCalls/timeout.ts:54:13\n    at Object.request (/home/codedex/projects/DeXMart/node_modules/google-gax/src/streamingCalls/streaming.ts:331:28)\n    at makeRequest (/home/codedex/projects/DeXMart/node_modules/retry-request/index.js:159:28)\n    at retryRequest (/home/codedex/projects/DeXMart/node_modules/retry-request/index.js:119:5)\n    at StreamProxy.setStream (/home/codedex/projects/DeXMart/node_modules/google-gax/src/streamingCalls/streaming.ts:322:29)\n    at StreamingApiCaller.call (/home/codedex/projects/DeXMart/node_modules/google-gax/src/streamingCalls/streamingApiCaller.ts:89:12)\nCaused by: Error: \n    at QueryUtil._getResponse (/home/codedex/projects/DeXMart/node_modules/@google-cloud/firestore/build/src/reference/query-util.js:44:23)\n    at CollectionReference._getResponse (/home/codedex/projects/DeXMart/node_modules/@google-cloud/firestore/build/src/reference/query.js:784:32)\n    at CollectionReference._get (/home/codedex/projects/DeXMart/node_modules/@google-cloud/firestore/build/src/reference/query.js:777:35)\n    at /home/codedex/projects/DeXMart/node_modules/@google-cloud/firestore/build/src/reference/query.js:745:43\n    at /home/codedex/projects/DeXMart/node_modules/@google-cloud/firestore/build/src/telemetry/enabled-trace-util.js:110:30\n    at NoopContextManager.with (/home/codedex/projects/DeXMart/node_modules/@opentelemetry/api/src/context/NoopContextManager.ts:20:15)\n    at ContextAPI.with (/home/codedex/projects/DeXMart/node_modules/@opentelemetry/api/src/api/context.ts:68:42)\n    at NoopTracer.startActiveSpan (/home/codedex/projects/DeXMart/node_modules/@opentelemetry/api/src/trace/NoopTracer.ts:87:27)\n    at ProxyTracer.startActiveSpan (/home/codedex/projects/DeXMart/node_modules/@opentelemetry/api/src/trace/ProxyTracer.ts:51:20)\n    at EnabledTraceUtil.startActiveSpan (/home/codedex/projects/DeXMart/node_modules/@google-cloud/firestore/build/src/telemetry/enabled-trace-util.js:102:28)","timestamp":"2026-05-30 15:54:26:5426"}
{"level":"\u001b[32minfo\u001b[39m","message":"\u001b[32m[ChannelService] Successfully queued 0 channels for resumption.\u001b[39m","timestamp":"2026-05-30 15:54:26:5426"}
{"level":"\u001b[32minfo\u001b[39m","message":"\u001b[32m✅ Environment variables validated via Zod\u001b[39m","timestamp":"2026-05-30 15:54:31:5431"}
{"level":"\u001b[33mwarn\u001b[39m","message":"\u001b[33m⚠️ JWT_SECRET is missing or using default value! Tokens will be signed with an insecure key.\u001b[39m","timestamp":"2026-05-30 15:54:31:5431"}
{"level":"\u001b[32minfo\u001b[39m","message":"\u001b[32m🔗 Constructed internal REDIS_URL from host and port configuration\u001b[39m","timestamp":"2026-05-30 15:54:31:5431"}
{"level":"\u001b[32minfo\u001b[39m","message":"\u001b[32m✅ Configuration validation passed\u001b[39m","timestamp":"2026-05-30 15:54:31:5431"}
{"level":"\u001b[32minfo\u001b[39m","message":"\u001b[32mConfigService initialized as wrapper for ConfigManager\u001b[39m","timestamp":"2026-05-30 15:54:31:5431"}
{"level":"\u001b[32minfo\u001b[39m","message":"\u001b[32mFirebase Config: path=service-account.json, projectId=undefined, hasEmail=false, hasKey=false\u001b[39m","timestamp":"2026-05-30 15:54:31:5431"}
{"level":"\u001b[32minfo\u001b[39m","message":"\u001b[32mLoading service account from: service-account.json\u001b[39m","timestamp":"2026-05-30 15:54:31:5431"}
{"level":"\u001b[32minfo\u001b[39m","message":"\u001b[32mUsing service account for project: dexmart\u001b[39m","timestamp":"2026-05-30 15:54:31:5431"}
{"level":"\u001b[32minfo\u001b[39m","message":"\u001b[32mInitializing Firebase Admin...\u001b[39m","timestamp":"2026-05-30 15:54:31:5431"}
{"level":"\u001b[32minfo\u001b[39m","message":"\u001b[32m🔥 Firebase Admin Initialized (Project: dexmart)\u001b[39m","timestamp":"2026-05-30 15:54:31:5431"}
{"level":"\u001b[32minfo\u001b[39m","message":"\u001b[32m✅ Environment variables validated via Zod\u001b[39m","timestamp":"2026-05-30 15:54:40:5440"}
{"level":"\u001b[33mwarn\u001b[39m","message":"\u001b[33m⚠️ JWT_SECRET is missing or using default value! Tokens will be signed with an insecure key.\u001b[39m","timestamp":"2026-05-30 15:54:40:5440"}
{"level":"\u001b[32minfo\u001b[39m","message":"\u001b[32m🔗 Constructed internal REDIS_URL from host and port configuration\u001b[39m","timestamp":"2026-05-30 15:54:40:5440"}
{"level":"\u001b[32minfo\u001b[39m","message":"\u001b[32m✅ Configuration validation passed\u001b[39m","timestamp":"2026-05-30 15:54:40:5440"}
{"level":"\u001b[32minfo\u001b[39m","message":"\u001b[32mConfigService initialized as wrapper for ConfigManager\u001b[39m","timestamp":"2026-05-30 15:54:40:5440"}
{"level":"\u001b[32minfo\u001b[39m","message":"\u001b[32mFirebase Config: path=service-account.json, projectId=undefined, hasEmail=false, hasKey=false\u001b[39m","timestamp":"2026-05-30 15:54:40:5440"}
{"level":"\u001b[32minfo\u001b[39m","message":"\u001b[32mLoading service account from: service-account.json\u001b[39m","timestamp":"2026-05-30 15:54:40:5440"}
{"level":"\u001b[32minfo\u001b[39m","message":"\u001b[32mUsing service account for project: dexmart\u001b[39m","timestamp":"2026-05-30 15:54:40:5440"}
{"level":"\u001b[32minfo\u001b[39m","message":"\u001b[32mInitializing Firebase Admin...\u001b[39m","timestamp":"2026-05-30 15:54:40:5440"}
{"level":"\u001b[32minfo\u001b[39m","message":"\u001b[32m🔥 Firebase Admin Initialized (Project: dexmart)\u001b[39m","timestamp":"2026-05-30 15:54:40:5440"}
{"duration":537966288,"level":"\u001b[32minfo\u001b[39m","message":"\u001b[32mPerformance: memory_heap_used = 537966288 bytes\u001b[39m","operation":"memory_heap_used","timestamp":"2026-05-30 15:54:45:5445","unit":"bytes"}
{"duration":594739200,"level":"\u001b[32minfo\u001b[39m","message":"\u001b[32mPerformance: memory_heap_total = 594739200 bytes\u001b[39m","operation":"memory_heap_total","timestamp":"2026-05-30 15:54:45:5445","unit":"bytes"}
{"duration":759123968,"level":"\u001b[32minfo\u001b[39m","message":"\u001b[32mPerformance: memory_rss = 759123968 bytes\u001b[39m","operation":"memory_rss","timestamp":"2026-05-30 15:54:45:5445","unit":"bytes"}
{"duration":38029136,"level":"\u001b[32minfo\u001b[39m","message":"\u001b[32mPerformance: memory_external = 38029136 bytes\u001b[39m","operation":"memory_external","timestamp":"2026-05-30 15:54:45:5445","unit":"bytes"}
{"duration":93686785,"level":"\u001b[32minfo\u001b[39m","message":"\u001b[32mPerformance: cpu_user_time = 93686785 microseconds\u001b[39m","operation":"cpu_user_time","timestamp":"2026-05-30 15:54:45:5445","unit":"microseconds"}
{"duration":8440566,"level":"\u001b[32minfo\u001b[39m","message":"\u001b[32mPerformance: cpu_system_time = 8440566 microseconds\u001b[39m","operation":"cpu_system_time","timestamp":"2026-05-30 15:54:45:5445","unit":"microseconds"}
{"duration":1290.044709404,"level":"\u001b[32minfo\u001b[39m","message":"\u001b[32mPerformance: process_uptime = 1290.044709404 seconds\u001b[39m","operation":"process_uptime","timestamp":"2026-05-30 15:54:45:5445","unit":"seconds"}
{"duration":0.223348,"level":"\u001b[32minfo\u001b[39m","message":"\u001b[32mPerformance: event_loop_lag = 0.223348 milliseconds\u001b[39m","operation":"event_loop_lag","timestamp":"2026-05-30 15:54:45:5445","unit":"milliseconds"}
{"level":"\u001b[32minfo\u001b[39m","message":"\u001b[32m✅ Environment variables validated via Zod\u001b[39m","timestamp":"2026-05-30 15:54:50:5450"}
{"level":"\u001b[33mwarn\u001b[39m","message":"\u001b[33m⚠️ JWT_SECRET is missing or using default value! Tokens will be signed with an insecure key.\u001b[39m","timestamp":"2026-05-30 15:54:50:5450"}
{"level":"\u001b[32minfo\u001b[39m","message":"\u001b[32m🔗 Constructed internal REDIS_URL from host and port configuration\u001b[39m","timestamp":"2026-05-30 15:54:50:5450"}
{"level":"\u001b[32minfo\u001b[39m","message":"\u001b[32m✅ Configuration validation passed\u001b[39m","timestamp":"2026-05-30 15:54:50:5450"}
{"level":"\u001b[32minfo\u001b[39m","message":"\u001b[32mConfigService initialized as wrapper for ConfigManager\u001b[39m","timestamp":"2026-05-30 15:54:50:5450"}
{"level":"\u001b[32minfo\u001b[39m","message":"\u001b[32mFirebase Config: path=service-account.json, projectId=undefined, hasEmail=false, hasKey=false\u001b[39m","timestamp":"2026-05-30 15:54:50:5450"}
{"level":"\u001b[32minfo\u001b[39m","message":"\u001b[32mLoading service account from: service-account.json\u001b[39m","timestamp":"2026-05-30 15:54:50:5450"}
{"level":"\u001b[32minfo\u001b[39m","message":"\u001b[32mUsing service account for project: dexmart\u001b[39m","timestamp":"2026-05-30 15:54:50:5450"}
{"level":"\u001b[32minfo\u001b[39m","message":"\u001b[32mInitializing Firebase Admin...\u001b[39m","timestamp":"2026-05-30 15:54:50:5450"}
{"level":"\u001b[32minfo\u001b[39m","message":"\u001b[32m🔥 Firebase Admin Initialized (Project: dexmart)\u001b[39m","timestamp":"2026-05-30 15:54:50:5450"}
{"duration":537949328,"level":"\u001b[32minfo\u001b[39m","message":"\u001b[32mPerformance: memory_heap_used = 537949328 bytes\u001b[39m","operation":"memory_heap_used","timestamp":"2026-05-30 15:55:18:5518","unit":"bytes"}
{"duration":595787776,"level":"\u001b[32minfo\u001b[39m","message":"\u001b[32mPerformance: memory_heap_total = 595787776 bytes\u001b[39m","operation":"memory_heap_total","timestamp":"2026-05-30 15:55:18:5518","unit":"bytes"}
{"duration":759255040,"level":"\u001b[32minfo\u001b[39m","message":"\u001b[32mPerformance: memory_rss = 759255040 bytes\u001b[39m","operation":"memory_rss","timestamp":"2026-05-30 15:55:18:5518","unit":"bytes"}
{"duration":38045184,"level":"\u001b[32minfo\u001b[39m","message":"\u001b[32mPerformance: memory_external = 38045184 bytes\u001b[39m","operation":"memory_external","timestamp":"2026-05-30 15:55:18:5518","unit":"bytes"}
{"duration":93717201,"level":"\u001b[32minfo\u001b[39m","message":"\u001b[32mPerformance: cpu_user_time = 93717201 microseconds\u001b[39m","operation":"cpu_user_time","timestamp":"2026-05-30 15:55:18:5518","unit":"microseconds"}
{"duration":8454074,"level":"\u001b[32minfo\u001b[39m","message":"\u001b[32mPerformance: cpu_system_time = 8454074 microseconds\u001b[39m","operation":"cpu_system_time","timestamp":"2026-05-30 15:55:18:5518","unit":"microseconds"}
{"duration":1320.043395497,"level":"\u001b[32minfo\u001b[39m","message":"\u001b[32mPerformance: process_uptime = 1320.043395497 seconds\u001b[39m","operation":"process_uptime","timestamp":"2026-05-30 15:55:18:5518","unit":"seconds"}
{"duration":0.17503,"level":"\u001b[32minfo\u001b[39m","message":"\u001b[32mPerformance: event_loop_lag = 0.17503 milliseconds\u001b[39m","operation":"event_loop_lag","timestamp":"2026-05-30 15:55:18:5518","unit":"milliseconds"}
{"level":"\u001b[32minfo\u001b[39m","message":"\u001b[32m>>> [MASTERMIND] Resuming all active channels...\u001b[39m","timestamp":"2026-05-30 15:55:31:5531"}
{"error":"16 UNAUTHENTICATED: Request had invalid authentication credentials. Expected OAuth 2 access token, login cookie or other valid authentication credential. See https://developers.google.com/identity/sign-in/web/devconsole-project.","level":"\u001b[31merror\u001b[39m","message":"\u001b[31mFirestore getCollection error [tenants] (Tenant: undefined):\u001b[39m","stack":"Error: 16 UNAUTHENTICATED: Request had invalid authentication credentials. Expected OAuth 2 access token, login cookie or other valid authentication credential. See https://developers.google.com/identity/sign-in/web/devconsole-project.\n    at callErrorFromStatus (/home/codedex/projects/DeXMart/node_modules/@grpc/grpc-js/src/call.ts:84:17)\n    at Object.onReceiveStatus (/home/codedex/projects/DeXMart/node_modules/@grpc/grpc-js/src/client.ts:612:51)\n    at Object.onReceiveStatus (/home/codedex/projects/DeXMart/node_modules/@grpc/grpc-js/src/client-interceptors.ts:424:48)\n    at /home/codedex/projects/DeXMart/node_modules/@grpc/grpc-js/src/resolving-call.ts:170:24\n    at processTicksAndRejections (node:internal/process/task_queues:85:11)\nfor call at\n    at ServiceClientImpl.makeServerStreamRequest (/home/codedex/projects/DeXMart/node_modules/@grpc/grpc-js/src/client.ts:595:42)\n    at ServiceClientImpl.<anonymous> (/home/codedex/projects/DeXMart/node_modules/@grpc/grpc-js/src/make-client.ts:189:15)\n    at /home/codedex/projects/DeXMart/node_modules/@google-cloud/firestore/build/src/v1/firestore_client.js:242:33\n    at /home/codedex/projects/DeXMart/node_modules/google-gax/src/streamingCalls/streamingApiCaller.ts:59:19\n    at /home/codedex/projects/DeXMart/node_modules/google-gax/src/normalCalls/timeout.ts:54:13\n    at Object.request (/home/codedex/projects/DeXMart/node_modules/google-gax/src/streamingCalls/streaming.ts:331:28)\n    at makeRequest (/home/codedex/projects/DeXMart/node_modules/retry-request/index.js:159:28)\n    at retryRequest (/home/codedex/projects/DeXMart/node_modules/retry-request/index.js:119:5)\n    at StreamProxy.setStream (/home/codedex/projects/DeXMart/node_modules/google-gax/src/streamingCalls/streaming.ts:322:29)\n    at StreamingApiCaller.call (/home/codedex/projects/DeXMart/node_modules/google-gax/src/streamingCalls/streamingApiCaller.ts:89:12)\nCaused by: Error: \n    at QueryUtil._getResponse (/home/codedex/projects/DeXMart/node_modules/@google-cloud/firestore/build/src/reference/query-util.js:44:23)\n    at CollectionReference._getResponse (/home/codedex/projects/DeXMart/node_modules/@google-cloud/firestore/build/src/reference/query.js:784:32)\n    at CollectionReference._get (/home/codedex/projects/DeXMart/node_modules/@google-cloud/firestore/build/src/reference/query.js:777:35)\n    at /home/codedex/projects/DeXMart/node_modules/@google-cloud/firestore/build/src/reference/query.js:745:43\n    at /home/codedex/projects/DeXMart/node_modules/@google-cloud/firestore/build/src/telemetry/enabled-trace-util.js:110:30\n    at NoopContextManager.with (/home/codedex/projects/DeXMart/node_modules/@opentelemetry/api/src/context/NoopContextManager.ts:20:15)\n    at ContextAPI.with (/home/codedex/projects/DeXMart/node_modules/@opentelemetry/api/src/api/context.ts:68:42)\n    at NoopTracer.startActiveSpan (/home/codedex/projects/DeXMart/node_modules/@opentelemetry/api/src/trace/NoopTracer.ts:87:27)\n    at ProxyTracer.startActiveSpan (/home/codedex/projects/DeXMart/node_modules/@opentelemetry/api/src/trace/ProxyTracer.ts:51:20)\n    at EnabledTraceUtil.startActiveSpan (/home/codedex/projects/DeXMart/node_modules/@google-cloud/firestore/build/src/telemetry/enabled-trace-util.js:102:28)","timestamp":"2026-05-30 15:55:33:5533"}
{"error":"16 UNAUTHENTICATED: Request had invalid authentication credentials. Expected OAuth 2 access token, login cookie or other valid authentication credential. See https://developers.google.com/identity/sign-in/web/devconsole-project.","level":"\u001b[31merror\u001b[39m","message":"\u001b[31mMultiTenantService.listTenants error:\u001b[39m","stack":"Error: 16 UNAUTHENTICATED: Request had invalid authentication credentials. Expected OAuth 2 access token, login cookie or other valid authentication credential. See https://developers.google.com/identity/sign-in/web/devconsole-project.\n    at callErrorFromStatus (/home/codedex/projects/DeXMart/node_modules/@grpc/grpc-js/src/call.ts:84:17)\n    at Object.onReceiveStatus (/home/codedex/projects/DeXMart/node_modules/@grpc/grpc-js/src/client.ts:612:51)\n    at Object.onReceiveStatus (/home/codedex/projects/DeXMart/node_modules/@grpc/grpc-js/src/client-interceptors.ts:424:48)\n    at /home/codedex/projects/DeXMart/node_modules/@grpc/grpc-js/src/resolving-call.ts:170:24\n    at processTicksAndRejections (node:internal/process/task_queues:85:11)\nfor call at\n    at ServiceClientImpl.makeServerStreamRequest (/home/codedex/projects/DeXMart/node_modules/@grpc/grpc-js/src/client.ts:595:42)\n    at ServiceClientImpl.<anonymous> (/home/codedex/projects/DeXMart/node_modules/@grpc/grpc-js/src/make-client.ts:189:15)\n    at /home/codedex/projects/DeXMart/node_modules/@google-cloud/firestore/build/src/v1/firestore_client.js:242:33\n    at /home/codedex/projects/DeXMart/node_modules/google-gax/src/streamingCalls/streamingApiCaller.ts:59:19\n    at /home/codedex/projects/DeXMart/node_modules/google-gax/src/normalCalls/timeout.ts:54:13\n    at Object.request (/home/codedex/projects/DeXMart/node_modules/google-gax/src/streamingCalls/streaming.ts:331:28)\n    at makeRequest (/home/codedex/projects/DeXMart/node_modules/retry-request/index.js:159:28)\n    at retryRequest (/home/codedex/projects/DeXMart/node_modules/retry-request/index.js:119:5)\n    at StreamProxy.setStream (/home/codedex/projects/DeXMart/node_modules/google-gax/src/streamingCalls/streaming.ts:322:29)\n    at StreamingApiCaller.call (/home/codedex/projects/DeXMart/node_modules/google-gax/src/streamingCalls/streamingApiCaller.ts:89:12)\nCaused by: Error: \n    at QueryUtil._getResponse (/home/codedex/projects/DeXMart/node_modules/@google-cloud/firestore/build/src/reference/query-util.js:44:23)\n    at CollectionReference._getResponse (/home/codedex/projects/DeXMart/node_modules/@google-cloud/firestore/build/src/reference/query.js:784:32)\n    at CollectionReference._get (/home/codedex/projects/DeXMart/node_modules/@google-cloud/firestore/build/src/reference/query.js:777:35)\n    at /home/codedex/projects/DeXMart/node_modules/@google-cloud/firestore/build/src/reference/query.js:745:43\n    at /home/codedex/projects/DeXMart/node_modules/@google-cloud/firestore/build/src/telemetry/enabled-trace-util.js:110:30\n    at NoopContextManager.with (/home/codedex/projects/DeXMart/node_modules/@opentelemetry/api/src/context/NoopContextManager.ts:20:15)\n    at ContextAPI.with (/home/codedex/projects/DeXMart/node_modules/@opentelemetry/api/src/api/context.ts:68:42)\n    at NoopTracer.startActiveSpan (/home/codedex/projects/DeXMart/node_modules/@opentelemetry/api/src/trace/NoopTracer.ts:87:27)\n    at ProxyTracer.startActiveSpan (/home/codedex/projects/DeXMart/node_modules/@opentelemetry/api/src/trace/ProxyTracer.ts:51:20)\n    at EnabledTraceUtil.startActiveSpan (/home/codedex/projects/DeXMart/node_modules/@google-cloud/firestore/build/src/telemetry/enabled-trace-util.js:102:28)","timestamp":"2026-05-30 15:55:33:5533"}
{"level":"\u001b[32minfo\u001b[39m","message":"\u001b[32m[ChannelService] Successfully queued 0 channels for resumption.\u001b[39m","timestamp":"2026-05-30 15:55:33:5533"}
{"duration":539058192,"level":"\u001b[32minfo\u001b[39m","message":"\u001b[32mPerformance: memory_heap_used = 539058192 bytes\u001b[39m","operation":"memory_heap_used","timestamp":"2026-05-30 15:55:51:5551","unit":"bytes"}
{"duration":595787776,"level":"\u001b[32minfo\u001b[39m","message":"\u001b[32mPerformance: memory_heap_total = 595787776 bytes\u001b[39m","operation":"memory_heap_total","timestamp":"2026-05-30 15:55:51:5551","unit":"bytes"}
{"duration":759517184,"level":"\u001b[32minfo\u001b[39m","message":"\u001b[32mPerformance: memory_rss = 759517184 bytes\u001b[39m","operation":"memory_rss","timestamp":"2026-05-30 15:55:51:5551","unit":"bytes"}
{"duration":38104362,"level":"\u001b[32minfo\u001b[39m","message":"\u001b[32mPerformance: memory_external = 38104362 bytes\u001b[39m","operation":"memory_external","timestamp":"2026-05-30 15:55:51:5551","unit":"bytes"}
{"duration":93765510,"level":"\u001b[32minfo\u001b[39m","message":"\u001b[32mPerformance: cpu_user_time = 93765510 microseconds\u001b[39m","operation":"cpu_user_time","timestamp":"2026-05-30 15:55:51:5551","unit":"microseconds"}
{"duration":8461398,"level":"\u001b[32minfo\u001b[39m","message":"\u001b[32mPerformance: cpu_system_time = 8461398 microseconds\u001b[39m","operation":"cpu_system_time","timestamp":"2026-05-30 15:55:51:5551","unit":"microseconds"}
{"duration":1350.044047088,"level":"\u001b[32minfo\u001b[39m","message":"\u001b[32mPerformance: process_uptime = 1350.044047088 seconds\u001b[39m","operation":"process_uptime","timestamp":"2026-05-30 15:55:51:5551","unit":"seconds"}
{"duration":2.28779,"level":"\u001b[32minfo\u001b[39m","message":"\u001b[32mPerformance: event_loop_lag = 2.28779 milliseconds\u001b[39m","operation":"event_loop_lag","timestamp":"2026-05-30 15:55:51:5551","unit":"milliseconds"}
{"level":"\u001b[32minfo\u001b[39m","message":"\u001b[32m✅ Environment variables validated via Zod\u001b[39m","timestamp":"2026-05-30 15:56:02:562"}
{"level":"\u001b[33mwarn\u001b[39m","message":"\u001b[33m⚠️ JWT_SECRET is missing or using default value! Tokens will be signed with an insecure key.\u001b[39m","timestamp":"2026-05-30 15:56:02:562"}
{"level":"\u001b[32minfo\u001b[39m","message":"\u001b[32m🔗 Constructed internal REDIS_URL from host and port configuration\u001b[39m","timestamp":"2026-05-30 15:56:02:562"}
{"level":"\u001b[32minfo\u001b[39m","message":"\u001b[32m✅ Configuration validation passed\u001b[39m","timestamp":"2026-05-30 15:56:02:562"}
{"level":"\u001b[32minfo\u001b[39m","message":"\u001b[32mConfigService initialized as wrapper for ConfigManager\u001b[39m","timestamp":"2026-05-30 15:56:02:562"}
{"level":"\u001b[32minfo\u001b[39m","message":"\u001b[32mFirebase Config: path=service-account.json, projectId=undefined, hasEmail=false, hasKey=false\u001b[39m","timestamp":"2026-05-30 15:56:02:562"}
{"level":"\u001b[32minfo\u001b[39m","message":"\u001b[32mLoading service account via direct path: service-account.json\u001b[39m","timestamp":"2026-05-30 15:56:02:562"}
{"level":"\u001b[32minfo\u001b[39m","message":"\u001b[32mInitializing Firebase Admin...\u001b[39m","timestamp":"2026-05-30 15:56:02:562"}
{"level":"\u001b[32minfo\u001b[39m","message":"\u001b[32m🔥 Firebase Admin Initialized (Project: ADC)\u001b[39m","timestamp":"2026-05-30 15:56:02:562"}
{"level":"\u001b[32minfo\u001b[39m","message":"\u001b[32m✅ Environment variables validated via Zod\u001b[39m","timestamp":"2026-05-30 15:56:11:5611"}
{"level":"\u001b[33mwarn\u001b[39m","message":"\u001b[33m⚠️ JWT_SECRET is missing or using default value! Tokens will be signed with an insecure key.\u001b[39m","timestamp":"2026-05-30 15:56:11:5611"}
{"level":"\u001b[32minfo\u001b[39m","message":"\u001b[32m🔗 Constructed internal REDIS_URL from host and port configuration\u001b[39m","timestamp":"2026-05-30 15:56:11:5611"}
{"level":"\u001b[32minfo\u001b[39m","message":"\u001b[32m✅ Configuration validation passed\u001b[39m","timestamp":"2026-05-30 15:56:11:5611"}
{"level":"\u001b[32minfo\u001b[39m","message":"\u001b[32mConfigService initialized as wrapper for ConfigManager\u001b[39m","timestamp":"2026-05-30 15:56:11:5611"}
{"level":"\u001b[32minfo\u001b[39m","message":"\u001b[32m✅ Environment variables validated via Zod\u001b[39m","timestamp":"2026-05-30 15:56:17:5617"}
{"level":"\u001b[33mwarn\u001b[39m","message":"\u001b[33m⚠️ JWT_SECRET is missing or using default value! Tokens will be signed with an insecure key.\u001b[39m","timestamp":"2026-05-30 15:56:17:5617"}
{"level":"\u001b[32minfo\u001b[39m","message":"\u001b[32m🔗 Constructed internal REDIS_URL from host and port configuration\u001b[39m","timestamp":"2026-05-30 15:56:17:5617"}
{"level":"\u001b[32minfo\u001b[39m","message":"\u001b[32m✅ Configuration validation passed\u001b[39m","timestamp":"2026-05-30 15:56:17:5617"}
{"level":"\u001b[32minfo\u001b[39m","message":"\u001b[32mConfigService initialized as wrapper for ConfigManager\u001b[39m","timestamp":"2026-05-30 15:56:17:5617"}
{"level":"\u001b[32minfo\u001b[39m","message":"\u001b[32mFirebase Config: path=service-account.json, projectId=undefined, hasEmail=false, hasKey=false\u001b[39m","timestamp":"2026-05-30 15:56:17:5617"}
{"level":"\u001b[32minfo\u001b[39m","message":"\u001b[32mLoading service account via direct path: service-account.json\u001b[39m","timestamp":"2026-05-30 15:56:17:5617"}
{"level":"\u001b[32minfo\u001b[39m","message":"\u001b[32mInitializing Firebase Admin...\u001b[39m","timestamp":"2026-05-30 15:56:17:5617"}
{"level":"\u001b[32minfo\u001b[39m","message":"\u001b[32m🔥 Firebase Admin Initialized (Project: ADC)\u001b[39m","timestamp":"2026-05-30 15:56:17:5617"}
{"duration":538989200,"level":"\u001b[32minfo\u001b[39m","message":"\u001b[32mPerformance: memory_heap_used = 538989200 bytes\u001b[39m","operation":"memory_heap_used","timestamp":"2026-05-30 15:56:24:5624","unit":"bytes"}
{"duration":595001344,"level":"\u001b[32minfo\u001b[39m","message":"\u001b[32mPerformance: memory_heap_total = 595001344 bytes\u001b[39m","operation":"memory_heap_total","timestamp":"2026-05-30 15:56:24:5624","unit":"bytes"}
{"duration":759517184,"level":"\u001b[32minfo\u001b[39m","message":"\u001b[32mPerformance: memory_rss = 759517184 bytes\u001b[39m","operation":"memory_rss","timestamp":"2026-05-30 15:56:24:5624","unit":"bytes"}
{"duration":38128037,"level":"\u001b[32minfo\u001b[39m","message":"\u001b[32mPerformance: memory_external = 38128037 bytes\u001b[39m","operation":"memory_external","timestamp":"2026-05-30 15:56:24:5624","unit":"bytes"}
{"duration":93791897,"level":"\u001b[32minfo\u001b[39m","message":"\u001b[32mPerformance: cpu_user_time = 93791897 microseconds\u001b[39m","operation":"cpu_user_time","timestamp":"2026-05-30 15:56:24:5624","unit":"microseconds"}
{"duration":8483437,"level":"\u001b[32minfo\u001b[39m","message":"\u001b[32mPerformance: cpu_system_time = 8483437 microseconds\u001b[39m","operation":"cpu_system_time","timestamp":"2026-05-30 15:56:24:5624","unit":"microseconds"}
{"duration":1380.045484847,"level":"\u001b[32minfo\u001b[39m","message":"\u001b[32mPerformance: process_uptime = 1380.045484847 seconds\u001b[39m","operation":"process_uptime","timestamp":"2026-05-30 15:56:24:5624","unit":"seconds"}
{"duration":0.234653,"level":"\u001b[32minfo\u001b[39m","message":"\u001b[32mPerformance: event_loop_lag = 0.234653 milliseconds\u001b[39m","operation":"event_loop_lag","timestamp":"2026-05-30 15:56:24:5624","unit":"milliseconds"}
{"level":"\u001b[32minfo\u001b[39m","message":"\u001b[32m>>> [MASTERMIND] Resuming all active channels...\u001b[39m","timestamp":"2026-05-30 15:56:37:5637"}
{"error":"16 UNAUTHENTICATED: Request had invalid authentication credentials. Expected OAuth 2 access token, login cookie or other valid authentication credential. See https://developers.google.com/identity/sign-in/web/devconsole-project.","level":"\u001b[31merror\u001b[39m","message":"\u001b[31mFirestore getCollection error [tenants] (Tenant: undefined):\u001b[39m","stack":"Error: 16 UNAUTHENTICATED: Request had invalid authentication credentials. Expected OAuth 2 access token, login cookie or other valid authentication credential. See https://developers.google.com/identity/sign-in/web/devconsole-project.\n    at callErrorFromStatus (/home/codedex/projects/DeXMart/node_modules/@grpc/grpc-js/src/call.ts:84:17)\n    at Object.onReceiveStatus (/home/codedex/projects/DeXMart/node_modules/@grpc/grpc-js/src/client.ts:612:51)\n    at Object.onReceiveStatus (/home/codedex/projects/DeXMart/node_modules/@grpc/grpc-js/src/client-interceptors.ts:424:48)\n    at /home/codedex/projects/DeXMart/node_modules/@grpc/grpc-js/src/resolving-call.ts:170:24\n    at processTicksAndRejections (node:internal/process/task_queues:85:11)\nfor call at\n    at ServiceClientImpl.makeServerStreamRequest (/home/codedex/projects/DeXMart/node_modules/@grpc/grpc-js/src/client.ts:595:42)\n    at ServiceClientImpl.<anonymous> (/home/codedex/projects/DeXMart/node_modules/@grpc/grpc-js/src/make-client.ts:189:15)\n    at /home/codedex/projects/DeXMart/node_modules/@google-cloud/firestore/build/src/v1/firestore_client.js:242:33\n    at /home/codedex/projects/DeXMart/node_modules/google-gax/src/streamingCalls/streamingApiCaller.ts:59:19\n    at /home/codedex/projects/DeXMart/node_modules/google-gax/src/normalCalls/timeout.ts:54:13\n    at Object.request (/home/codedex/projects/DeXMart/node_modules/google-gax/src/streamingCalls/streaming.ts:331:28)\n    at makeRequest (/home/codedex/projects/DeXMart/node_modules/retry-request/index.js:159:28)\n    at retryRequest (/home/codedex/projects/DeXMart/node_modules/retry-request/index.js:119:5)\n    at StreamProxy.setStream (/home/codedex/projects/DeXMart/node_modules/google-gax/src/streamingCalls/streaming.ts:322:29)\n    at StreamingApiCaller.call (/home/codedex/projects/DeXMart/node_modules/google-gax/src/streamingCalls/streamingApiCaller.ts:89:12)\nCaused by: Error: \n    at QueryUtil._getResponse (/home/codedex/projects/DeXMart/node_modules/@google-cloud/firestore/build/src/reference/query-util.js:44:23)\n    at CollectionReference._getResponse (/home/codedex/projects/DeXMart/node_modules/@google-cloud/firestore/build/src/reference/query.js:784:32)\n    at CollectionReference._get (/home/codedex/projects/DeXMart/node_modules/@google-cloud/firestore/build/src/reference/query.js:777:35)\n    at /home/codedex/projects/DeXMart/node_modules/@google-cloud/firestore/build/src/reference/query.js:745:43\n    at /home/codedex/projects/DeXMart/node_modules/@google-cloud/firestore/build/src/telemetry/enabled-trace-util.js:110:30\n    at NoopContextManager.with (/home/codedex/projects/DeXMart/node_modules/@opentelemetry/api/src/context/NoopContextManager.ts:20:15)\n    at ContextAPI.with (/home/codedex/projects/DeXMart/node_modules/@opentelemetry/api/src/api/context.ts:68:42)\n    at NoopTracer.startActiveSpan (/home/codedex/projects/DeXMart/node_modules/@opentelemetry/api/src/trace/NoopTracer.ts:87:27)\n    at ProxyTracer.startActiveSpan (/home/codedex/projects/DeXMart/node_modules/@opentelemetry/api/src/trace/ProxyTracer.ts:51:20)\n    at EnabledTraceUtil.startActiveSpan (/home/codedex/projects/DeXMart/node_modules/@google-cloud/firestore/build/src/telemetry/enabled-trace-util.js:102:28)","timestamp":"2026-05-30 15:56:38:5638"}
{"error":"16 UNAUTHENTICATED: Request had invalid authentication credentials. Expected OAuth 2 access token, login cookie or other valid authentication credential. See https://developers.google.com/identity/sign-in/web/devconsole-project.","level":"\u001b[31merror\u001b[39m","message":"\u001b[31mMultiTenantService.listTenants error:\u001b[39m","stack":"Error: 16 UNAUTHENTICATED: Request had invalid authentication credentials. Expected OAuth 2 access token, login cookie or other valid authentication credential. See https://developers.google.com/identity/sign-in/web/devconsole-project.\n    at callErrorFromStatus (/home/codedex/projects/DeXMart/node_modules/@grpc/grpc-js/src/call.ts:84:17)\n    at Object.onReceiveStatus (/home/codedex/projects/DeXMart/node_modules/@grpc/grpc-js/src/client.ts:612:51)\n    at Object.onReceiveStatus (/home/codedex/projects/DeXMart/node_modules/@grpc/grpc-js/src/client-interceptors.ts:424:48)\n    at /home/codedex/projects/DeXMart/node_modules/@grpc/grpc-js/src/resolving-call.ts:170:24\n    at processTicksAndRejections (node:internal/process/task_queues:85:11)\nfor call at\n    at ServiceClientImpl.makeServerStreamRequest (/home/codedex/projects/DeXMart/node_modules/@grpc/grpc-js/src/client.ts:595:42)\n    at ServiceClientImpl.<anonymous> (/home/codedex/projects/DeXMart/node_modules/@grpc/grpc-js/src/make-client.ts:189:15)\n    at /home/codedex/projects/DeXMart/node_modules/@google-cloud/firestore/build/src/v1/firestore_client.js:242:33\n    at /home/codedex/projects/DeXMart/node_modules/google-gax/src/streamingCalls/streamingApiCaller.ts:59:19\n    at /home/codedex/projects/DeXMart/node_modules/google-gax/src/normalCalls/timeout.ts:54:13\n    at Object.request (/home/codedex/projects/DeXMart/node_modules/google-gax/src/streamingCalls/streaming.ts:331:28)\n    at makeRequest (/home/codedex/projects/DeXMart/node_modules/retry-request/index.js:159:28)\n    at retryRequest (/home/codedex/projects/DeXMart/node_modules/retry-request/index.js:119:5)\n    at StreamProxy.setStream (/home/codedex/projects/DeXMart/node_modules/google-gax/src/streamingCalls/streaming.ts:322:29)\n    at StreamingApiCaller.call (/home/codedex/projects/DeXMart/node_modules/google-gax/src/streamingCalls/streamingApiCaller.ts:89:12)\nCaused by: Error: \n    at QueryUtil._getResponse (/home/codedex/projects/DeXMart/node_modules/@google-cloud/firestore/build/src/reference/query-util.js:44:23)\n    at CollectionReference._getResponse (/home/codedex/projects/DeXMart/node_modules/@google-cloud/firestore/build/src/reference/query.js:784:32)\n    at CollectionReference._get (/home/codedex/projects/DeXMart/node_modules/@google-cloud/firestore/build/src/reference/query.js:777:35)\n    at /home/codedex/projects/DeXMart/node_modules/@google-cloud/firestore/build/src/reference/query.js:745:43\n    at /home/codedex/projects/DeXMart/node_modules/@google-cloud/firestore/build/src/telemetry/enabled-trace-util.js:110:30\n    at NoopContextManager.with (/home/codedex/projects/DeXMart/node_modules/@opentelemetry/api/src/context/NoopContextManager.ts:20:15)\n    at ContextAPI.with (/home/codedex/projects/DeXMart/node_modules/@opentelemetry/api/src/api/context.ts:68:42)\n    at NoopTracer.startActiveSpan (/home/codedex/projects/DeXMart/node_modules/@opentelemetry/api/src/trace/NoopTracer.ts:87:27)\n    at ProxyTracer.startActiveSpan (/home/codedex/projects/DeXMart/node_modules/@opentelemetry/api/src/trace/ProxyTracer.ts:51:20)\n    at EnabledTraceUtil.startActiveSpan (/home/codedex/projects/DeXMart/node_modules/@google-cloud/firestore/build/src/telemetry/enabled-trace-util.js:102:28)","timestamp":"2026-05-30 15:56:38:5638"}
{"level":"\u001b[32minfo\u001b[39m","message":"\u001b[32m[ChannelService] Successfully queued 0 channels for resumption.\u001b[39m","timestamp":"2026-05-30 15:56:38:5638"}
{"duration":539860464,"level":"\u001b[32minfo\u001b[39m","message":"\u001b[32mPerformance: memory_heap_used = 539860464 bytes\u001b[39m","operation":"memory_heap_used","timestamp":"2026-05-30 15:56:54:5654","unit":"bytes"}
{"duration":598409216,"level":"\u001b[32minfo\u001b[39m","message":"\u001b[32mPerformance: memory_heap_total = 598409216 bytes\u001b[39m","operation":"memory_heap_total","timestamp":"2026-05-30 15:56:54:5654","unit":"bytes"}
{"duration":759648256,"level":"\u001b[32minfo\u001b[39m","message":"\u001b[32mPerformance: memory_rss = 759648256 bytes\u001b[39m","operation":"memory_rss","timestamp":"2026-05-30 15:56:54:5654","unit":"bytes"}
{"duration":38178496,"level":"\u001b[32minfo\u001b[39m","message":"\u001b[32mPerformance: memory_external = 38178496 bytes\u001b[39m","operation":"memory_external","timestamp":"2026-05-30 15:56:54:5654","unit":"bytes"}
{"duration":93835585,"level":"\u001b[32minfo\u001b[39m","message":"\u001b[32mPerformance: cpu_user_time = 93835585 microseconds\u001b[39m","operation":"cpu_user_time","timestamp":"2026-05-30 15:56:54:5654","unit":"microseconds"}
{"duration":8498399,"level":"\u001b[32minfo\u001b[39m","message":"\u001b[32mPerformance: cpu_system_time = 8498399 microseconds\u001b[39m","operation":"cpu_system_time","timestamp":"2026-05-30 15:56:54:5654","unit":"microseconds"}
{"duration":1410.045723798,"level":"\u001b[32minfo\u001b[39m","message":"\u001b[32mPerformance: process_uptime = 1410.045723798 seconds\u001b[39m","operation":"process_uptime","timestamp":"2026-05-30 15:56:54:5654","unit":"seconds"}
{"duration":0.205163,"level":"\u001b[32minfo\u001b[39m","message":"\u001b[32mPerformance: event_loop_lag = 0.205163 milliseconds\u001b[39m","operation":"event_loop_lag","timestamp":"2026-05-30 15:56:54:5654","unit":"milliseconds"}
{"level":"\u001b[32minfo\u001b[39m","message":"\u001b[32m✅ Environment variables validated via Zod\u001b[39m","timestamp":"2026-05-30 15:57:03:573"}
{"level":"\u001b[33mwarn\u001b[39m","message":"\u001b[33m⚠️ JWT_SECRET is missing or using default value! Tokens will be signed with an insecure key.\u001b[39m","timestamp":"2026-05-30 15:57:03:573"}
{"level":"\u001b[32minfo\u001b[39m","message":"\u001b[32m🔗 Constructed internal REDIS_URL from host and port configuration\u001b[39m","timestamp":"2026-05-30 15:57:03:573"}
{"level":"\u001b[32minfo\u001b[39m","message":"\u001b[32m✅ Configuration validation passed\u001b[39m","timestamp":"2026-05-30 15:57:03:573"}
{"level":"\u001b[32minfo\u001b[39m","message":"\u001b[32mConfigService initialized as wrapper for ConfigManager\u001b[39m","timestamp":"2026-05-30 15:57:03:573"}
{"duration":539810048,"level":"\u001b[32minfo\u001b[39m","message":"\u001b[32mPerformance: memory_heap_used = 539810048 bytes\u001b[39m","operation":"memory_heap_used","timestamp":"2026-05-30 15:57:27:5727","unit":"bytes"}
{"duration":595525632,"level":"\u001b[32minfo\u001b[39m","message":"\u001b[32mPerformance: memory_heap_total = 595525632 bytes\u001b[39m","operation":"memory_heap_total","timestamp":"2026-05-30 15:57:27:5727","unit":"bytes"}
{"duration":759910400,"level":"\u001b[32minfo\u001b[39m","message":"\u001b[32mPerformance: memory_rss = 759910400 bytes\u001b[39m","operation":"memory_rss","timestamp":"2026-05-30 15:57:27:5727","unit":"bytes"}
{"duration":38194036,"level":"\u001b[32minfo\u001b[39m","message":"\u001b[32mPerformance: memory_external = 38194036 bytes\u001b[39m","operation":"memory_external","timestamp":"2026-05-30 15:57:27:5727","unit":"bytes"}
{"duration":93854153,"level":"\u001b[32minfo\u001b[39m","message":"\u001b[32mPerformance: cpu_user_time = 93854153 microseconds\u001b[39m","operation":"cpu_user_time","timestamp":"2026-05-30 15:57:27:5727","unit":"microseconds"}
{"duration":8525030,"level":"\u001b[32minfo\u001b[39m","message":"\u001b[32mPerformance: cpu_system_time = 8525030 microseconds\u001b[39m","operation":"cpu_system_time","timestamp":"2026-05-30 15:57:27:5727","unit":"microseconds"}
{"duration":1440.045937935,"level":"\u001b[32minfo\u001b[39m","message":"\u001b[32mPerformance: process_uptime = 1440.045937935 seconds\u001b[39m","operation":"process_uptime","timestamp":"2026-05-30 15:57:27:5727","unit":"seconds"}
{"duration":0.175581,"level":"\u001b[32minfo\u001b[39m","message":"\u001b[32mPerformance: event_loop_lag = 0.175581 milliseconds\u001b[39m","operation":"event_loop_lag","timestamp":"2026-05-30 15:57:27:5727","unit":"milliseconds"}
{"level":"\u001b[32minfo\u001b[39m","message":"\u001b[32m>>> [MASTERMIND] Resuming all active channels...\u001b[39m","timestamp":"2026-05-30 15:57:43:5743"}
{"error":"16 UNAUTHENTICATED: Request had invalid authentication credentials. Expected OAuth 2 access token, login cookie or other valid authentication credential. See https://developers.google.com/identity/sign-in/web/devconsole-project.","level":"\u001b[31merror\u001b[39m","message":"\u001b[31mFirestore getCollection error [tenants] (Tenant: undefined):\u001b[39m","stack":"Error: 16 UNAUTHENTICATED: Request had invalid authentication credentials. Expected OAuth 2 access token, login cookie or other valid authentication credential. See https://developers.google.com/identity/sign-in/web/devconsole-project.\n    at callErrorFromStatus (/home/codedex/projects/DeXMart/node_modules/@grpc/grpc-js/src/call.ts:84:17)\n    at Object.onReceiveStatus (/home/codedex/projects/DeXMart/node_modules/@grpc/grpc-js/src/client.ts:612:51)\n    at Object.onReceiveStatus (/home/codedex/projects/DeXMart/node_modules/@grpc/grpc-js/src/client-interceptors.ts:424:48)\n    at /home/codedex/projects/DeXMart/node_modules/@grpc/grpc-js/src/resolving-call.ts:170:24\n    at processTicksAndRejections (node:internal/process/task_queues:85:11)\nfor call at\n    at ServiceClientImpl.makeServerStreamRequest (/home/codedex/projects/DeXMart/node_modules/@grpc/grpc-js/src/client.ts:595:42)\n    at ServiceClientImpl.<anonymous> (/home/codedex/projects/DeXMart/node_modules/@grpc/grpc-js/src/make-client.ts:189:15)\n    at /home/codedex/projects/DeXMart/node_modules/@google-cloud/firestore/build/src/v1/firestore_client.js:242:33\n    at /home/codedex/projects/DeXMart/node_modules/google-gax/src/streamingCalls/streamingApiCaller.ts:59:19\n    at /home/codedex/projects/DeXMart/node_modules/google-gax/src/normalCalls/timeout.ts:54:13\n    at Object.request (/home/codedex/projects/DeXMart/node_modules/google-gax/src/streamingCalls/streaming.ts:331:28)\n    at makeRequest (/home/codedex/projects/DeXMart/node_modules/retry-request/index.js:159:28)\n    at retryRequest (/home/codedex/projects/DeXMart/node_modules/retry-request/index.js:119:5)\n    at StreamProxy.setStream (/home/codedex/projects/DeXMart/node_modules/google-gax/src/streamingCalls/streaming.ts:322:29)\n    at StreamingApiCaller.call (/home/codedex/projects/DeXMart/node_modules/google-gax/src/streamingCalls/streamingApiCaller.ts:89:12)\nCaused by: Error: \n    at QueryUtil._getResponse (/home/codedex/projects/DeXMart/node_modules/@google-cloud/firestore/build/src/reference/query-util.js:44:23)\n    at CollectionReference._getResponse (/home/codedex/projects/DeXMart/node_modules/@google-cloud/firestore/build/src/reference/query.js:784:32)\n    at CollectionReference._get (/home/codedex/projects/DeXMart/node_modules/@google-cloud/firestore/build/src/reference/query.js:777:35)\n    at /home/codedex/projects/DeXMart/node_modules/@google-cloud/firestore/build/src/reference/query.js:745:43\n    at /home/codedex/projects/DeXMart/node_modules/@google-cloud/firestore/build/src/telemetry/enabled-trace-util.js:110:30\n    at NoopContextManager.with (/home/codedex/projects/DeXMart/node_modules/@opentelemetry/api/src/context/NoopContextManager.ts:20:15)\n    at ContextAPI.with (/home/codedex/projects/DeXMart/node_modules/@opentelemetry/api/src/api/context.ts:68:42)\n    at NoopTracer.startActiveSpan (/home/codedex/projects/DeXMart/node_modules/@opentelemetry/api/src/trace/NoopTracer.ts:87:27)\n    at ProxyTracer.startActiveSpan (/home/codedex/projects/DeXMart/node_modules/@opentelemetry/api/src/trace/ProxyTracer.ts:51:20)\n    at EnabledTraceUtil.startActiveSpan (/home/codedex/projects/DeXMart/node_modules/@google-cloud/firestore/build/src/telemetry/enabled-trace-util.js:102:28)","timestamp":"2026-05-30 15:57:44:5744"}
{"error":"16 UNAUTHENTICATED: Request had invalid authentication credentials. Expected OAuth 2 access token, login cookie or other valid authentication credential. See https://developers.google.com/identity/sign-in/web/devconsole-project.","level":"\u001b[31merror\u001b[39m","message":"\u001b[31mMultiTenantService.listTenants error:\u001b[39m","stack":"Error: 16 UNAUTHENTICATED: Request had invalid authentication credentials. Expected OAuth 2 access token, login cookie or other valid authentication credential. See https://developers.google.com/identity/sign-in/web/devconsole-project.\n    at callErrorFromStatus (/home/codedex/projects/DeXMart/node_modules/@grpc/grpc-js/src/call.ts:84:17)\n    at Object.onReceiveStatus (/home/codedex/projects/DeXMart/node_modules/@grpc/grpc-js/src/client.ts:612:51)\n    at Object.onReceiveStatus (/home/codedex/projects/DeXMart/node_modules/@grpc/grpc-js/src/client-interceptors.ts:424:48)\n    at /home/codedex/projects/DeXMart/node_modules/@grpc/grpc-js/src/resolving-call.ts:170:24\n    at processTicksAndRejections (node:internal/process/task_queues:85:11)\nfor call at\n    at ServiceClientImpl.makeServerStreamRequest (/home/codedex/projects/DeXMart/node_modules/@grpc/grpc-js/src/client.ts:595:42)\n    at ServiceClientImpl.<anonymous> (/home/codedex/projects/DeXMart/node_modules/@grpc/grpc-js/src/make-client.ts:189:15)\n    at /home/codedex/projects/DeXMart/node_modules/@google-cloud/firestore/build/src/v1/firestore_client.js:242:33\n    at /home/codedex/projects/DeXMart/node_modules/google-gax/src/streamingCalls/streamingApiCaller.ts:59:19\n    at /home/codedex/projects/DeXMart/node_modules/google-gax/src/normalCalls/timeout.ts:54:13\n    at Object.request (/home/codedex/projects/DeXMart/node_modules/google-gax/src/streamingCalls/streaming.ts:331:28)\n    at makeRequest (/home/codedex/projects/DeXMart/node_modules/retry-request/index.js:159:28)\n    at retryRequest (/home/codedex/projects/DeXMart/node_modules/retry-request/index.js:119:5)\n    at StreamProxy.setStream (/home/codedex/projects/DeXMart/node_modules/google-gax/src/streamingCalls/streaming.ts:322:29)\n    at StreamingApiCaller.call (/home/codedex/projects/DeXMart/node_modules/google-gax/src/streamingCalls/streamingApiCaller.ts:89:12)\nCaused by: Error: \n    at QueryUtil._getResponse (/home/codedex/projects/DeXMart/node_modules/@google-cloud/firestore/build/src/reference/query-util.js:44:23)\n    at CollectionReference._getResponse (/home/codedex/projects/DeXMart/node_modules/@google-cloud/firestore/build/src/reference/query.js:784:32)\n    at CollectionReference._get (/home/codedex/projects/DeXMart/node_modules/@google-cloud/firestore/build/src/reference/query.js:777:35)\n    at /home/codedex/projects/DeXMart/node_modules/@google-cloud/firestore/build/src/reference/query.js:745:43\n    at /home/codedex/projects/DeXMart/node_modules/@google-cloud/firestore/build/src/telemetry/enabled-trace-util.js:110:30\n    at NoopContextManager.with (/home/codedex/projects/DeXMart/node_modules/@opentelemetry/api/src/context/NoopContextManager.ts:20:15)\n    at ContextAPI.with (/home/codedex/projects/DeXMart/node_modules/@opentelemetry/api/src/api/context.ts:68:42)\n    at NoopTracer.startActiveSpan (/home/codedex/projects/DeXMart/node_modules/@opentelemetry/api/src/trace/NoopTracer.ts:87:27)\n    at ProxyTracer.startActiveSpan (/home/codedex/projects/DeXMart/node_modules/@opentelemetry/api/src/trace/ProxyTracer.ts:51:20)\n    at EnabledTraceUtil.startActiveSpan (/home/codedex/projects/DeXMart/node_modules/@google-cloud/firestore/build/src/telemetry/enabled-trace-util.js:102:28)","timestamp":"2026-05-30 15:57:44:5744"}
{"level":"\u001b[32minfo\u001b[39m","message":"\u001b[32m[ChannelService] Successfully queued 0 channels for resumption.\u001b[39m","timestamp":"2026-05-30 15:57:44:5744"}
{"duration":540744264,"level":"\u001b[32minfo\u001b[39m","message":"\u001b[32mPerformance: memory_heap_used = 540744264 bytes\u001b[39m","operation":"memory_heap_used","timestamp":"2026-05-30 15:58:00:580","unit":"bytes"}
{"duration":598933504,"level":"\u001b[32minfo\u001b[39m","message":"\u001b[32mPerformance: memory_heap_total = 598933504 bytes\u001b[39m","operation":"memory_heap_total","timestamp":"2026-05-30 15:58:00:580","unit":"bytes"}
{"duration":759910400,"level":"\u001b[32minfo\u001b[39m","message":"\u001b[32mPerformance: memory_rss = 759910400 bytes\u001b[39m","operation":"memory_rss","timestamp":"2026-05-30 15:58:00:580","unit":"bytes"}
{"duration":38244702,"level":"\u001b[32minfo\u001b[39m","message":"\u001b[32mPerformance: memory_external = 38244702 bytes\u001b[39m","operation":"memory_external","timestamp":"2026-05-30 15:58:00:580","unit":"bytes"}
{"duration":93885896,"level":"\u001b[32minfo\u001b[39m","message":"\u001b[32mPerformance: cpu_user_time = 93885896 microseconds\u001b[39m","operation":"cpu_user_time","timestamp":"2026-05-30 15:58:00:580","unit":"microseconds"}
{"duration":8546624,"level":"\u001b[32minfo\u001b[39m","message":"\u001b[32mPerformance: cpu_system_time = 8546624 microseconds\u001b[39m","operation":"cpu_system_time","timestamp":"2026-05-30 15:58:00:580","unit":"microseconds"}
{"duration":1470.046397843,"level":"\u001b[32minfo\u001b[39m","message":"\u001b[32mPerformance: process_uptime = 1470.046397843 seconds\u001b[39m","operation":"process_uptime","timestamp":"2026-05-30 15:58:00:580","unit":"seconds"}
{"duration":0.200561,"level":"\u001b[32minfo\u001b[39m","message":"\u001b[32mPerformance: event_loop_lag = 0.200561 milliseconds\u001b[39m","operation":"event_loop_lag","timestamp":"2026-05-30 15:58:00:580","unit":"milliseconds"}
{"duration":540607432,"level":"\u001b[32minfo\u001b[39m","message":"\u001b[32mPerformance: memory_heap_used = 540607432 bytes\u001b[39m","operation":"memory_heap_used","timestamp":"2026-05-30 15:58:33:5833","unit":"bytes"}
{"duration":595787776,"level":"\u001b[32minfo\u001b[39m","message":"\u001b[32mPerformance: memory_heap_total = 595787776 bytes\u001b[39m","operation":"memory_heap_total","timestamp":"2026-05-30 15:58:33:5833","unit":"bytes"}
{"duration":760172544,"level":"\u001b[32minfo\u001b[39m","message":"\u001b[32mPerformance: memory_rss = 760172544 bytes\u001b[39m","operation":"memory_rss","timestamp":"2026-05-30 15:58:33:5833","unit":"bytes"}
{"duration":38259913,"level":"\u001b[32minfo\u001b[39m","message":"\u001b[32mPerformance: memory_external = 38259913 bytes\u001b[39m","operation":"memory_external","timestamp":"2026-05-30 15:58:33:5833","unit":"bytes"}
{"duration":93914920,"level":"\u001b[32minfo\u001b[39m","message":"\u001b[32mPerformance: cpu_user_time = 93914920 microseconds\u001b[39m","operation":"cpu_user_time","timestamp":"2026-05-30 15:58:33:5833","unit":"microseconds"}
{"duration":8562114,"level":"\u001b[32minfo\u001b[39m","message":"\u001b[32mPerformance: cpu_system_time = 8562114 microseconds\u001b[39m","operation":"cpu_system_time","timestamp":"2026-05-30 15:58:33:5833","unit":"microseconds"}
{"duration":1500.04691705,"level":"\u001b[32minfo\u001b[39m","message":"\u001b[32mPerformance: process_uptime = 1500.04691705 seconds\u001b[39m","operation":"process_uptime","timestamp":"2026-05-30 15:58:33:5833","unit":"seconds"}
{"duration":0.221043,"level":"\u001b[32minfo\u001b[39m","message":"\u001b[32mPerformance: event_loop_lag = 0.221043 milliseconds\u001b[39m","operation":"event_loop_lag","timestamp":"2026-05-30 15:58:33:5833","unit":"milliseconds"}
{"level":"\u001b[32minfo\u001b[39m","message":"\u001b[32m>>> [MASTERMIND] Resuming all active channels...\u001b[39m","timestamp":"2026-05-30 15:58:49:5849"}
{"error":"16 UNAUTHENTICATED: Request had invalid authentication credentials. Expected OAuth 2 access token, login cookie or other valid authentication credential. See https://developers.google.com/identity/sign-in/web/devconsole-project.","level":"\u001b[31merror\u001b[39m","message":"\u001b[31mFirestore getCollection error [tenants] (Tenant: undefined):\u001b[39m","stack":"Error: 16 UNAUTHENTICATED: Request had invalid authentication credentials. Expected OAuth 2 access token, login cookie or other valid authentication credential. See https://developers.google.com/identity/sign-in/web/devconsole-project.\n    at callErrorFromStatus (/home/codedex/projects/DeXMart/node_modules/@grpc/grpc-js/src/call.ts:84:17)\n    at Object.onReceiveStatus (/home/codedex/projects/DeXMart/node_modules/@grpc/grpc-js/src/client.ts:612:51)\n    at Object.onReceiveStatus (/home/codedex/projects/DeXMart/node_modules/@grpc/grpc-js/src/client-interceptors.ts:424:48)\n    at /home/codedex/projects/DeXMart/node_modules/@grpc/grpc-js/src/resolving-call.ts:170:24\n    at processTicksAndRejections (node:internal/process/task_queues:85:11)\nfor call at\n    at ServiceClientImpl.makeServerStreamRequest (/home/codedex/projects/DeXMart/node_modules/@grpc/grpc-js/src/client.ts:595:42)\n    at ServiceClientImpl.<anonymous> (/home/codedex/projects/DeXMart/node_modules/@grpc/grpc-js/src/make-client.ts:189:15)\n    at /home/codedex/projects/DeXMart/node_modules/@google-cloud/firestore/build/src/v1/firestore_client.js:242:33\n    at /home/codedex/projects/DeXMart/node_modules/google-gax/src/streamingCalls/streamingApiCaller.ts:59:19\n    at /home/codedex/projects/DeXMart/node_modules/google-gax/src/normalCalls/timeout.ts:54:13\n    at Object.request (/home/codedex/projects/DeXMart/node_modules/google-gax/src/streamingCalls/streaming.ts:331:28)\n    at makeRequest (/home/codedex/projects/DeXMart/node_modules/retry-request/index.js:159:28)\n    at retryRequest (/home/codedex/projects/DeXMart/node_modules/retry-request/index.js:119:5)\n    at StreamProxy.setStream (/home/codedex/projects/DeXMart/node_modules/google-gax/src/streamingCalls/streaming.ts:322:29)\n    at StreamingApiCaller.call (/home/codedex/projects/DeXMart/node_modules/google-gax/src/streamingCalls/streamingApiCaller.ts:89:12)\nCaused by: Error: \n    at QueryUtil._getResponse (/home/codedex/projects/DeXMart/node_modules/@google-cloud/firestore/build/src/reference/query-util.js:44:23)\n    at CollectionReference._getResponse (/home/codedex/projects/DeXMart/node_modules/@google-cloud/firestore/build/src/reference/query.js:784:32)\n    at CollectionReference._get (/home/codedex/projects/DeXMart/node_modules/@google-cloud/firestore/build/src/reference/query.js:777:35)\n    at /home/codedex/projects/DeXMart/node_modules/@google-cloud/firestore/build/src/reference/query.js:745:43\n    at /home/codedex/projects/DeXMart/node_modules/@google-cloud/firestore/build/src/telemetry/enabled-trace-util.js:110:30\n    at NoopContextManager.with (/home/codedex/projects/DeXMart/node_modules/@opentelemetry/api/src/context/NoopContextManager.ts:20:15)\n    at ContextAPI.with (/home/codedex/projects/DeXMart/node_modules/@opentelemetry/api/src/api/context.ts:68:42)\n    at NoopTracer.startActiveSpan (/home/codedex/projects/DeXMart/node_modules/@opentelemetry/api/src/trace/NoopTracer.ts:87:27)\n    at ProxyTracer.startActiveSpan (/home/codedex/projects/DeXMart/node_modules/@opentelemetry/api/src/trace/ProxyTracer.ts:51:20)\n    at EnabledTraceUtil.startActiveSpan (/home/codedex/projects/DeXMart/node_modules/@google-cloud/firestore/build/src/telemetry/enabled-trace-util.js:102:28)","timestamp":"2026-05-30 15:58:49:5849"}
{"error":"16 UNAUTHENTICATED: Request had invalid authentication credentials. Expected OAuth 2 access token, login cookie or other valid authentication credential. See https://developers.google.com/identity/sign-in/web/devconsole-project.","level":"\u001b[31merror\u001b[39m","message":"\u001b[31mMultiTenantService.listTenants error:\u001b[39m","stack":"Error: 16 UNAUTHENTICATED: Request had invalid authentication credentials. Expected OAuth 2 access token, login cookie or other valid authentication credential. See https://developers.google.com/identity/sign-in/web/devconsole-project.\n    at callErrorFromStatus (/home/codedex/projects/DeXMart/node_modules/@grpc/grpc-js/src/call.ts:84:17)\n    at Object.onReceiveStatus (/home/codedex/projects/DeXMart/node_modules/@grpc/grpc-js/src/client.ts:612:51)\n    at Object.onReceiveStatus (/home/codedex/projects/DeXMart/node_modules/@grpc/grpc-js/src/client-interceptors.ts:424:48)\n    at /home/codedex/projects/DeXMart/node_modules/@grpc/grpc-js/src/resolving-call.ts:170:24\n    at processTicksAndRejections (node:internal/process/task_queues:85:11)\nfor call at\n    at ServiceClientImpl.makeServerStreamRequest (/home/codedex/projects/DeXMart/node_modules/@grpc/grpc-js/src/client.ts:595:42)\n    at ServiceClientImpl.<anonymous> (/home/codedex/projects/DeXMart/node_modules/@grpc/grpc-js/src/make-client.ts:189:15)\n    at /home/codedex/projects/DeXMart/node_modules/@google-cloud/firestore/build/src/v1/firestore_client.js:242:33\n    at /home/codedex/projects/DeXMart/node_modules/google-gax/src/streamingCalls/streamingApiCaller.ts:59:19\n    at /home/codedex/projects/DeXMart/node_modules/google-gax/src/normalCalls/timeout.ts:54:13\n    at Object.request (/home/codedex/projects/DeXMart/node_modules/google-gax/src/streamingCalls/streaming.ts:331:28)\n    at makeRequest (/home/codedex/projects/DeXMart/node_modules/retry-request/index.js:159:28)\n    at retryRequest (/home/codedex/projects/DeXMart/node_modules/retry-request/index.js:119:5)\n    at StreamProxy.setStream (/home/codedex/projects/DeXMart/node_modules/google-gax/src/streamingCalls/streaming.ts:322:29)\n    at StreamingApiCaller.call (/home/codedex/projects/DeXMart/node_modules/google-gax/src/streamingCalls/streamingApiCaller.ts:89:12)\nCaused by: Error: \n    at QueryUtil._getResponse (/home/codedex/projects/DeXMart/node_modules/@google-cloud/firestore/build/src/reference/query-util.js:44:23)\n    at CollectionReference._getResponse (/home/codedex/projects/DeXMart/node_modules/@google-cloud/firestore/build/src/reference/query.js:784:32)\n    at CollectionReference._get (/home/codedex/projects/DeXMart/node_modules/@google-cloud/firestore/build/src/reference/query.js:777:35)\n    at /home/codedex/projects/DeXMart/node_modules/@google-cloud/firestore/build/src/reference/query.js:745:43\n    at /home/codedex/projects/DeXMart/node_modules/@google-cloud/firestore/build/src/telemetry/enabled-trace-util.js:110:30\n    at NoopContextManager.with (/home/codedex/projects/DeXMart/node_modules/@opentelemetry/api/src/context/NoopContextManager.ts:20:15)\n    at ContextAPI.with (/home/codedex/projects/DeXMart/node_modules/@opentelemetry/api/src/api/context.ts:68:42)\n    at NoopTracer.startActiveSpan (/home/codedex/projects/DeXMart/node_modules/@opentelemetry/api/src/trace/NoopTracer.ts:87:27)\n    at ProxyTracer.startActiveSpan (/home/codedex/projects/DeXMart/node_modules/@opentelemetry/api/src/trace/ProxyTracer.ts:51:20)\n    at EnabledTraceUtil.startActiveSpan (/home/codedex/projects/DeXMart/node_modules/@google-cloud/firestore/build/src/telemetry/enabled-trace-util.js:102:28)","timestamp":"2026-05-30 15:58:49:5849"}
{"level":"\u001b[32minfo\u001b[39m","message":"\u001b[32m[ChannelService] Successfully queued 0 channels for resumption.\u001b[39m","timestamp":"2026-05-30 15:58:49:5849"}
{"duration":541552008,"level":"\u001b[32minfo\u001b[39m","message":"\u001b[32mPerformance: memory_heap_used = 541552008 bytes\u001b[39m","operation":"memory_heap_used","timestamp":"2026-05-30 15:59:06:596","unit":"bytes"}
{"duration":598933504,"level":"\u001b[32minfo\u001b[39m","message":"\u001b[32mPerformance: memory_heap_total = 598933504 bytes\u001b[39m","operation":"memory_heap_total","timestamp":"2026-05-30 15:59:06:596","unit":"bytes"}
{"duration":760303616,"level":"\u001b[32minfo\u001b[39m","message":"\u001b[32mPerformance: memory_rss = 760303616 bytes\u001b[39m","operation":"memory_rss","timestamp":"2026-05-30 15:59:06:596","unit":"bytes"}
{"duration":38294317,"level":"\u001b[32minfo\u001b[39m","message":"\u001b[32mPerformance: memory_external = 38294317 bytes\u001b[39m","operation":"memory_external","timestamp":"2026-05-30 15:59:06:596","unit":"bytes"}
{"duration":93949615,"level":"\u001b[32minfo\u001b[39m","message":"\u001b[32mPerformance: cpu_user_time = 93949615 microseconds\u001b[39m","operation":"cpu_user_time","timestamp":"2026-05-30 15:59:06:596","unit":"microseconds"}
{"duration":8590401,"level":"\u001b[32minfo\u001b[39m","message":"\u001b[32mPerformance: cpu_system_time = 8590401 microseconds\u001b[39m","operation":"cpu_system_time","timestamp":"2026-05-30 15:59:06:596","unit":"microseconds"}
{"duration":1530.047625483,"level":"\u001b[32minfo\u001b[39m","message":"\u001b[32mPerformance: process_uptime = 1530.047625483 seconds\u001b[39m","operation":"process_uptime","timestamp":"2026-05-30 15:59:06:596","unit":"seconds"}
{"duration":0.233532,"level":"\u001b[32minfo\u001b[39m","message":"\u001b[32mPerformance: event_loop_lag = 0.233532 milliseconds\u001b[39m","operation":"event_loop_lag","timestamp":"2026-05-30 15:59:06:596","unit":"milliseconds"}
{"duration":541377456,"level":"\u001b[32minfo\u001b[39m","message":"\u001b[32mPerformance: memory_heap_used = 541377456 bytes\u001b[39m","operation":"memory_heap_used","timestamp":"2026-05-30 15:59:38:5938","unit":"bytes"}
{"duration":595787776,"level":"\u001b[32minfo\u001b[39m","message":"\u001b[32mPerformance: memory_heap_total = 595787776 bytes\u001b[39m","operation":"memory_heap_total","timestamp":"2026-05-30 15:59:38:5938","unit":"bytes"}
{"duration":760303616,"level":"\u001b[32minfo\u001b[39m","message":"\u001b[32mPerformance: memory_rss = 760303616 bytes\u001b[39m","operation":"memory_rss","timestamp":"2026-05-30 15:59:38:5938","unit":"bytes"}
{"duration":38317720,"level":"\u001b[32minfo\u001b[39m","message":"\u001b[32mPerformance: memory_external = 38317720 bytes\u001b[39m","operation":"memory_external","timestamp":"2026-05-30 15:59:39:5939","unit":"bytes"}
{"duration":93968790,"level":"\u001b[32minfo\u001b[39m","message":"\u001b[32mPerformance: cpu_user_time = 93968790 microseconds\u001b[39m","operation":"cpu_user_time","timestamp":"2026-05-30 15:59:39:5939","unit":"microseconds"}
{"duration":8613075,"level":"\u001b[32minfo\u001b[39m","message":"\u001b[32mPerformance: cpu_system_time = 8613075 microseconds\u001b[39m","operation":"cpu_system_time","timestamp":"2026-05-30 15:59:39:5939","unit":"microseconds"}
{"duration":1560.048470832,"level":"\u001b[32minfo\u001b[39m","message":"\u001b[32mPerformance: process_uptime = 1560.048470832 seconds\u001b[39m","operation":"process_uptime","timestamp":"2026-05-30 15:59:39:5939","unit":"seconds"}
{"duration":0.227113,"level":"\u001b[32minfo\u001b[39m","message":"\u001b[32mPerformance: event_loop_lag = 0.227113 milliseconds\u001b[39m","operation":"event_loop_lag","timestamp":"2026-05-30 15:59:39:5939","unit":"milliseconds"}
{"level":"\u001b[32minfo\u001b[39m","message":"\u001b[32m>>> [MASTERMIND] Resuming all active channels...\u001b[39m","timestamp":"2026-05-30 15:59:55:5955"}
{"error":"16 UNAUTHENTICATED: Request had invalid authentication credentials. Expected OAuth 2 access token, login cookie or other valid authentication credential. See https://developers.google.com/identity/sign-in/web/devconsole-project.","level":"\u001b[31merror\u001b[39m","message":"\u001b[31mFirestore getCollection error [tenants] (Tenant: undefined):\u001b[39m","stack":"Error: 16 UNAUTHENTICATED: Request had invalid authentication credentials. Expected OAuth 2 access token, login cookie or other valid authentication credential. See https://developers.google.com/identity/sign-in/web/devconsole-project.\n    at callErrorFromStatus (/home/codedex/projects/DeXMart/node_modules/@grpc/grpc-js/src/call.ts:84:17)\n    at Object.onReceiveStatus (/home/codedex/projects/DeXMart/node_modules/@grpc/grpc-js/src/client.ts:612:51)\n    at Object.onReceiveStatus (/home/codedex/projects/DeXMart/node_modules/@grpc/grpc-js/src/client-interceptors.ts:424:48)\n    at /home/codedex/projects/DeXMart/node_modules/@grpc/grpc-js/src/resolving-call.ts:170:24\n    at processTicksAndRejections (node:internal/process/task_queues:85:11)\nfor call at\n    at ServiceClientImpl.makeServerStreamRequest (/home/codedex/projects/DeXMart/node_modules/@grpc/grpc-js/src/client.ts:595:42)\n    at ServiceClientImpl.<anonymous> (/home/codedex/projects/DeXMart/node_modules/@grpc/grpc-js/src/make-client.ts:189:15)\n    at /home/codedex/projects/DeXMart/node_modules/@google-cloud/firestore/build/src/v1/firestore_client.js:242:33\n    at /home/codedex/projects/DeXMart/node_modules/google-gax/src/streamingCalls/streamingApiCaller.ts:59:19\n    at /home/codedex/projects/DeXMart/node_modules/google-gax/src/normalCalls/timeout.ts:54:13\n    at Object.request (/home/codedex/projects/DeXMart/node_modules/google-gax/src/streamingCalls/streaming.ts:331:28)\n    at makeRequest (/home/codedex/projects/DeXMart/node_modules/retry-request/index.js:159:28)\n    at retryRequest (/home/codedex/projects/DeXMart/node_modules/retry-request/index.js:119:5)\n    at StreamProxy.setStream (/home/codedex/projects/DeXMart/node_modules/google-gax/src/streamingCalls/streaming.ts:322:29)\n    at StreamingApiCaller.call (/home/codedex/projects/DeXMart/node_modules/google-gax/src/streamingCalls/streamingApiCaller.ts:89:12)\nCaused by: Error: \n    at QueryUtil._getResponse (/home/codedex/projects/DeXMart/node_modules/@google-cloud/firestore/build/src/reference/query-util.js:44:23)\n    at CollectionReference._getResponse (/home/codedex/projects/DeXMart/node_modules/@google-cloud/firestore/build/src/reference/query.js:784:32)\n    at CollectionReference._get (/home/codedex/projects/DeXMart/node_modules/@google-cloud/firestore/build/src/reference/query.js:777:35)\n    at /home/codedex/projects/DeXMart/node_modules/@google-cloud/firestore/build/src/reference/query.js:745:43\n    at /home/codedex/projects/DeXMart/node_modules/@google-cloud/firestore/build/src/telemetry/enabled-trace-util.js:110:30\n    at NoopContextManager.with (/home/codedex/projects/DeXMart/node_modules/@opentelemetry/api/src/context/NoopContextManager.ts:20:15)\n    at ContextAPI.with (/home/codedex/projects/DeXMart/node_modules/@opentelemetry/api/src/api/context.ts:68:42)\n    at NoopTracer.startActiveSpan (/home/codedex/projects/DeXMart/node_modules/@opentelemetry/api/src/trace/NoopTracer.ts:87:27)\n    at ProxyTracer.startActiveSpan (/home/codedex/projects/DeXMart/node_modules/@opentelemetry/api/src/trace/ProxyTracer.ts:51:20)\n    at EnabledTraceUtil.startActiveSpan (/home/codedex/projects/DeXMart/node_modules/@google-cloud/firestore/build/src/telemetry/enabled-trace-util.js:102:28)","timestamp":"2026-05-30 15:59:55:5955"}
{"error":"16 UNAUTHENTICATED: Request had invalid authentication credentials. Expected OAuth 2 access token, login cookie or other valid authentication credential. See https://developers.google.com/identity/sign-in/web/devconsole-project.","level":"\u001b[31merror\u001b[39m","message":"\u001b[31mMultiTenantService.listTenants error:\u001b[39m","stack":"Error: 16 UNAUTHENTICATED: Request had invalid authentication credentials. Expected OAuth 2 access token, login cookie or other valid authentication credential. See https://developers.google.com/identity/sign-in/web/devconsole-project.\n    at callErrorFromStatus (/home/codedex/projects/DeXMart/node_modules/@grpc/grpc-js/src/call.ts:84:17)\n    at Object.onReceiveStatus (/home/codedex/projects/DeXMart/node_modules/@grpc/grpc-js/src/client.ts:612:51)\n    at Object.onReceiveStatus (/home/codedex/projects/DeXMart/node_modules/@grpc/grpc-js/src/client-interceptors.ts:424:48)\n    at /home/codedex/projects/DeXMart/node_modules/@grpc/grpc-js/src/resolving-call.ts:170:24\n    at processTicksAndRejections (node:internal/process/task_queues:85:11)\nfor call at\n    at ServiceClientImpl.makeServerStreamRequest (/home/codedex/projects/DeXMart/node_modules/@grpc/grpc-js/src/client.ts:595:42)\n    at ServiceClientImpl.<anonymous> (/home/codedex/projects/DeXMart/node_modules/@grpc/grpc-js/src/make-client.ts:189:15)\n    at /home/codedex/projects/DeXMart/node_modules/@google-cloud/firestore/build/src/v1/firestore_client.js:242:33\n    at /home/codedex/projects/DeXMart/node_modules/google-gax/src/streamingCalls/streamingApiCaller.ts:59:19\n    at /home/codedex/projects/DeXMart/node_modules/google-gax/src/normalCalls/timeout.ts:54:13\n    at Object.request (/home/codedex/projects/DeXMart/node_modules/google-gax/src/streamingCalls/streaming.ts:331:28)\n    at makeRequest (/home/codedex/projects/DeXMart/node_modules/retry-request/index.js:159:28)\n    at retryRequest (/home/codedex/projects/DeXMart/node_modules/retry-request/index.js:119:5)\n    at StreamProxy.setStream (/home/codedex/projects/DeXMart/node_modules/google-gax/src/streamingCalls/streaming.ts:322:29)\n    at StreamingApiCaller.call (/home/codedex/projects/DeXMart/node_modules/google-gax/src/streamingCalls/streamingApiCaller.ts:89:12)\nCaused by: Error: \n    at QueryUtil._getResponse (/home/codedex/projects/DeXMart/node_modules/@google-cloud/firestore/build/src/reference/query-util.js:44:23)\n    at CollectionReference._getResponse (/home/codedex/projects/DeXMart/node_modules/@google-cloud/firestore/build/src/reference/query.js:784:32)\n    at CollectionReference._get (/home/codedex/projects/DeXMart/node_modules/@google-cloud/firestore/build/src/reference/query.js:777:35)\n    at /home/codedex/projects/DeXMart/node_modules/@google-cloud/firestore/build/src/reference/query.js:745:43\n    at /home/codedex/projects/DeXMart/node_modules/@google-cloud/firestore/build/src/telemetry/enabled-trace-util.js:110:30\n    at NoopContextManager.with (/home/codedex/projects/DeXMart/node_modules/@opentelemetry/api/src/context/NoopContextManager.ts:20:15)\n    at ContextAPI.with (/home/codedex/projects/DeXMart/node_modules/@opentelemetry/api/src/api/context.ts:68:42)\n    at NoopTracer.startActiveSpan (/home/codedex/projects/DeXMart/node_modules/@opentelemetry/api/src/trace/NoopTracer.ts:87:27)\n    at ProxyTracer.startActiveSpan (/home/codedex/projects/DeXMart/node_modules/@opentelemetry/api/src/trace/ProxyTracer.ts:51:20)\n    at EnabledTraceUtil.startActiveSpan (/home/codedex/projects/DeXMart/node_modules/@google-cloud/firestore/build/src/telemetry/enabled-trace-util.js:102:28)","timestamp":"2026-05-30 15:59:55:5955"}
{"level":"\u001b[32minfo\u001b[39m","message":"\u001b[32m[ChannelService] Successfully queued 0 channels for resumption.\u001b[39m","timestamp":"2026-05-30 15:59:55:5955"}
{"duration":542388712,"level":"\u001b[32minfo\u001b[39m","message":"\u001b[32mPerformance: memory_heap_used = 542388712 bytes\u001b[39m","operation":"memory_heap_used","timestamp":"2026-05-30 16:00:11:011","unit":"bytes"}
{"duration":599195648,"level":"\u001b[32minfo\u001b[39m","message":"\u001b[32mPerformance: memory_heap_total = 599195648 bytes\u001b[39m","operation":"memory_heap_total","timestamp":"2026-05-30 16:00:11:011","unit":"bytes"}
{"duration":760303616,"level":"\u001b[32minfo\u001b[39m","message":"\u001b[32mPerformance: memory_rss = 760303616 bytes\u001b[39m","operation":"memory_rss","timestamp":"2026-05-30 16:00:11:011","unit":"bytes"}
{"duration":38384742,"level":"\u001b[32minfo\u001b[39m","message":"\u001b[32mPerformance: memory_external = 38384742 bytes\u001b[39m","operation":"memory_external","timestamp":"2026-05-30 16:00:11:011","unit":"bytes"}
{"duration":94019268,"level":"\u001b[32minfo\u001b[39m","message":"\u001b[32mPerformance: cpu_user_time = 94019268 microseconds\u001b[39m","operation":"cpu_user_time","timestamp":"2026-05-30 16:00:11:011","unit":"microseconds"}
{"duration":8627052,"level":"\u001b[32minfo\u001b[39m","message":"\u001b[32mPerformance: cpu_system_time = 8627052 microseconds\u001b[39m","operation":"cpu_system_time","timestamp":"2026-05-30 16:00:11:011","unit":"microseconds"}
{"duration":1590.048624156,"level":"\u001b[32minfo\u001b[39m","message":"\u001b[32mPerformance: process_uptime = 1590.048624156 seconds\u001b[39m","operation":"process_uptime","timestamp":"2026-05-30 16:00:11:011","unit":"seconds"}
{"duration":0.22962,"level":"\u001b[32minfo\u001b[39m","message":"\u001b[32mPerformance: event_loop_lag = 0.22962 milliseconds\u001b[39m","operation":"event_loop_lag","timestamp":"2026-05-30 16:00:11:011","unit":"milliseconds"}
{"duration":542243376,"level":"\u001b[32minfo\u001b[39m","message":"\u001b[32mPerformance: memory_heap_used = 542243376 bytes\u001b[39m","operation":"memory_heap_used","timestamp":"2026-05-30 16:00:44:044","unit":"bytes"}
{"duration":596049920,"level":"\u001b[32minfo\u001b[39m","message":"\u001b[32mPerformance: memory_heap_total = 596049920 bytes\u001b[39m","operation":"memory_heap_total","timestamp":"2026-05-30 16:00:44:044","unit":"bytes"}
{"duration":760565760,"level":"\u001b[32minfo\u001b[39m","message":"\u001b[32mPerformance: memory_rss = 760565760 bytes\u001b[39m","operation":"memory_rss","timestamp":"2026-05-30 16:00:44:044","unit":"bytes"}
{"duration":38391911,"level":"\u001b[32minfo\u001b[39m","message":"\u001b[32mPerformance: memory_external = 38391911 bytes\u001b[39m","operation":"memory_external","timestamp":"2026-05-30 16:00:44:044","unit":"bytes"}
{"duration":94041975,"level":"\u001b[32minfo\u001b[39m","message":"\u001b[32mPerformance: cpu_user_time = 94041975 microseconds\u001b[39m","operation":"cpu_user_time","timestamp":"2026-05-30 16:00:44:044","unit":"microseconds"}
{"duration":8646027,"level":"\u001b[32minfo\u001b[39m","message":"\u001b[32mPerformance: cpu_system_time = 8646027 microseconds\u001b[39m","operation":"cpu_system_time","timestamp":"2026-05-30 16:00:44:044","unit":"microseconds"}
{"duration":1620.04930774,"level":"\u001b[32minfo\u001b[39m","message":"\u001b[32mPerformance: process_uptime = 1620.04930774 seconds\u001b[39m","operation":"process_uptime","timestamp":"2026-05-30 16:00:44:044","unit":"seconds"}
{"duration":0.261067,"level":"\u001b[32minfo\u001b[39m","message":"\u001b[32mPerformance: event_loop_lag = 0.261067 milliseconds\u001b[39m","operation":"event_loop_lag","timestamp":"2026-05-30 16:00:44:044","unit":"milliseconds"}
{"level":"\u001b[32minfo\u001b[39m","message":"\u001b[32m>>> [MASTERMIND] Resuming all active channels...\u001b[39m","timestamp":"2026-05-30 16:00:58:058"}
{"error":"16 UNAUTHENTICATED: Request had invalid authentication credentials. Expected OAuth 2 access token, login cookie or other valid authentication credential. See https://developers.google.com/identity/sign-in/web/devconsole-project.","level":"\u001b[31merror\u001b[39m","message":"\u001b[31mFirestore getCollection error [tenants] (Tenant: undefined):\u001b[39m","stack":"Error: 16 UNAUTHENTICATED: Request had invalid authentication credentials. Expected OAuth 2 access token, login cookie or other valid authentication credential. See https://developers.google.com/identity/sign-in/web/devconsole-project.\n    at callErrorFromStatus (/home/codedex/projects/DeXMart/node_modules/@grpc/grpc-js/src/call.ts:84:17)\n    at Object.onReceiveStatus (/home/codedex/projects/DeXMart/node_modules/@grpc/grpc-js/src/client.ts:612:51)\n    at Object.onReceiveStatus (/home/codedex/projects/DeXMart/node_modules/@grpc/grpc-js/src/client-interceptors.ts:424:48)\n    at /home/codedex/projects/DeXMart/node_modules/@grpc/grpc-js/src/resolving-call.ts:170:24\n    at processTicksAndRejections (node:internal/process/task_queues:85:11)\nfor call at\n    at ServiceClientImpl.makeServerStreamRequest (/home/codedex/projects/DeXMart/node_modules/@grpc/grpc-js/src/client.ts:595:42)\n    at ServiceClientImpl.<anonymous> (/home/codedex/projects/DeXMart/node_modules/@grpc/grpc-js/src/make-client.ts:189:15)\n    at /home/codedex/projects/DeXMart/node_modules/@google-cloud/firestore/build/src/v1/firestore_client.js:242:33\n    at /home/codedex/projects/DeXMart/node_modules/google-gax/src/streamingCalls/streamingApiCaller.ts:59:19\n    at /home/codedex/projects/DeXMart/node_modules/google-gax/src/normalCalls/timeout.ts:54:13\n    at Object.request (/home/codedex/projects/DeXMart/node_modules/google-gax/src/streamingCalls/streaming.ts:331:28)\n    at makeRequest (/home/codedex/projects/DeXMart/node_modules/retry-request/index.js:159:28)\n    at retryRequest (/home/codedex/projects/DeXMart/node_modules/retry-request/index.js:119:5)\n    at StreamProxy.setStream (/home/codedex/projects/DeXMart/node_modules/google-gax/src/streamingCalls/streaming.ts:322:29)\n    at StreamingApiCaller.call (/home/codedex/projects/DeXMart/node_modules/google-gax/src/streamingCalls/streamingApiCaller.ts:89:12)\nCaused by: Error: \n    at QueryUtil._getResponse (/home/codedex/projects/DeXMart/node_modules/@google-cloud/firestore/build/src/reference/query-util.js:44:23)\n    at CollectionReference._getResponse (/home/codedex/projects/DeXMart/node_modules/@google-cloud/firestore/build/src/reference/query.js:784:32)\n    at CollectionReference._get (/home/codedex/projects/DeXMart/node_modules/@google-cloud/firestore/build/src/reference/query.js:777:35)\n    at /home/codedex/projects/DeXMart/node_modules/@google-cloud/firestore/build/src/reference/query.js:745:43\n    at /home/codedex/projects/DeXMart/node_modules/@google-cloud/firestore/build/src/telemetry/enabled-trace-util.js:110:30\n    at NoopContextManager.with (/home/codedex/projects/DeXMart/node_modules/@opentelemetry/api/src/context/NoopContextManager.ts:20:15)\n    at ContextAPI.with (/home/codedex/projects/DeXMart/node_modules/@opentelemetry/api/src/api/context.ts:68:42)\n    at NoopTracer.startActiveSpan (/home/codedex/projects/DeXMart/node_modules/@opentelemetry/api/src/trace/NoopTracer.ts:87:27)\n    at ProxyTracer.startActiveSpan (/home/codedex/projects/DeXMart/node_modules/@opentelemetry/api/src/trace/ProxyTracer.ts:51:20)\n    at EnabledTraceUtil.startActiveSpan (/home/codedex/projects/DeXMart/node_modules/@google-cloud/firestore/build/src/telemetry/enabled-trace-util.js:102:28)","timestamp":"2026-05-30 16:00:58:058"}
{"error":"16 UNAUTHENTICATED: Request had invalid authentication credentials. Expected OAuth 2 access token, login cookie or other valid authentication credential. See https://developers.google.com/identity/sign-in/web/devconsole-project.","level":"\u001b[31merror\u001b[39m","message":"\u001b[31mMultiTenantService.listTenants error:\u001b[39m","stack":"Error: 16 UNAUTHENTICATED: Request had invalid authentication credentials. Expected OAuth 2 access token, login cookie or other valid authentication credential. See https://developers.google.com/identity/sign-in/web/devconsole-project.\n    at callErrorFromStatus (/home/codedex/projects/DeXMart/node_modules/@grpc/grpc-js/src/call.ts:84:17)\n    at Object.onReceiveStatus (/home/codedex/projects/DeXMart/node_modules/@grpc/grpc-js/src/client.ts:612:51)\n    at Object.onReceiveStatus (/home/codedex/projects/DeXMart/node_modules/@grpc/grpc-js/src/client-interceptors.ts:424:48)\n    at /home/codedex/projects/DeXMart/node_modules/@grpc/grpc-js/src/resolving-call.ts:170:24\n    at processTicksAndRejections (node:internal/process/task_queues:85:11)\nfor call at\n    at ServiceClientImpl.makeServerStreamRequest (/home/codedex/projects/DeXMart/node_modules/@grpc/grpc-js/src/client.ts:595:42)\n    at ServiceClientImpl.<anonymous> (/home/codedex/projects/DeXMart/node_modules/@grpc/grpc-js/src/make-client.ts:189:15)\n    at /home/codedex/projects/DeXMart/node_modules/@google-cloud/firestore/build/src/v1/firestore_client.js:242:33\n    at /home/codedex/projects/DeXMart/node_modules/google-gax/src/streamingCalls/streamingApiCaller.ts:59:19\n    at /home/codedex/projects/DeXMart/node_modules/google-gax/src/normalCalls/timeout.ts:54:13\n    at Object.request (/home/codedex/projects/DeXMart/node_modules/google-gax/src/streamingCalls/streaming.ts:331:28)\n    at makeRequest (/home/codedex/projects/DeXMart/node_modules/retry-request/index.js:159:28)\n    at retryRequest (/home/codedex/projects/DeXMart/node_modules/retry-request/index.js:119:5)\n    at StreamProxy.setStream (/home/codedex/projects/DeXMart/node_modules/google-gax/src/streamingCalls/streaming.ts:322:29)\n    at StreamingApiCaller.call (/home/codedex/projects/DeXMart/node_modules/google-gax/src/streamingCalls/streamingApiCaller.ts:89:12)\nCaused by: Error: \n    at QueryUtil._getResponse (/home/codedex/projects/DeXMart/node_modules/@google-cloud/firestore/build/src/reference/query-util.js:44:23)\n    at CollectionReference._getResponse (/home/codedex/projects/DeXMart/node_modules/@google-cloud/firestore/build/src/reference/query.js:784:32)\n    at CollectionReference._get (/home/codedex/projects/DeXMart/node_modules/@google-cloud/firestore/build/src/reference/query.js:777:35)\n    at /home/codedex/projects/DeXMart/node_modules/@google-cloud/firestore/build/src/reference/query.js:745:43\n    at /home/codedex/projects/DeXMart/node_modules/@google-cloud/firestore/build/src/telemetry/enabled-trace-util.js:110:30\n    at NoopContextManager.with (/home/codedex/projects/DeXMart/node_modules/@opentelemetry/api/src/context/NoopContextManager.ts:20:15)\n    at ContextAPI.with (/home/codedex/projects/DeXMart/node_modules/@opentelemetry/api/src/api/context.ts:68:42)\n    at NoopTracer.startActiveSpan (/home/codedex/projects/DeXMart/node_modules/@opentelemetry/api/src/trace/NoopTracer.ts:87:27)\n    at ProxyTracer.startActiveSpan (/home/codedex/projects/DeXMart/node_modules/@opentelemetry/api/src/trace/ProxyTracer.ts:51:20)\n    at EnabledTraceUtil.startActiveSpan (/home/codedex/projects/DeXMart/node_modules/@google-cloud/firestore/build/src/telemetry/enabled-trace-util.js:102:28)","timestamp":"2026-05-30 16:00:58:058"}
{"level":"\u001b[32minfo\u001b[39m","message":"\u001b[32m[ChannelService] Successfully queued 0 channels for resumption.\u001b[39m","timestamp":"2026-05-30 16:00:58:058"}
{"duration":543187792,"level":"\u001b[32minfo\u001b[39m","message":"\u001b[32mPerformance: memory_heap_used = 543187792 bytes\u001b[39m","operation":"memory_heap_used","timestamp":"2026-05-30 16:01:17:117","unit":"bytes"}
{"duration":599457792,"level":"\u001b[32minfo\u001b[39m","message":"\u001b[32mPerformance: memory_heap_total = 599457792 bytes\u001b[39m","operation":"memory_heap_total","timestamp":"2026-05-30 16:01:17:117","unit":"bytes"}
{"duration":760696832,"level":"\u001b[32minfo\u001b[39m","message":"\u001b[32mPerformance: memory_rss = 760696832 bytes\u001b[39m","operation":"memory_rss","timestamp":"2026-05-30 16:01:17:117","unit":"bytes"}
{"duration":38434505,"level":"\u001b[32minfo\u001b[39m","message":"\u001b[32mPerformance: memory_external = 38434505 bytes\u001b[39m","operation":"memory_external","timestamp":"2026-05-30 16:01:17:117","unit":"bytes"}
{"duration":94087982,"level":"\u001b[32minfo\u001b[39m","message":"\u001b[32mPerformance: cpu_user_time = 94087982 microseconds\u001b[39m","operation":"cpu_user_time","timestamp":"2026-05-30 16:01:17:117","unit":"microseconds"}
{"duration":8655796,"level":"\u001b[32minfo\u001b[39m","message":"\u001b[32mPerformance: cpu_system_time = 8655796 microseconds\u001b[39m","operation":"cpu_system_time","timestamp":"2026-05-30 16:01:17:117","unit":"microseconds"}
{"duration":1650.048600879,"level":"\u001b[32minfo\u001b[39m","message":"\u001b[32mPerformance: process_uptime = 1650.048600879 seconds\u001b[39m","operation":"process_uptime","timestamp":"2026-05-30 16:01:17:117","unit":"seconds"}
{"duration":0.226231,"level":"\u001b[32minfo\u001b[39m","message":"\u001b[32mPerformance: event_loop_lag = 0.226231 milliseconds\u001b[39m","operation":"event_loop_lag","timestamp":"2026-05-30 16:01:17:117","unit":"milliseconds"}
{"duration":543021864,"level":"\u001b[32minfo\u001b[39m","message":"\u001b[32mPerformance: memory_heap_used = 543021864 bytes\u001b[39m","operation":"memory_heap_used","timestamp":"2026-05-30 16:01:50:150","unit":"bytes"}
{"duration":596312064,"level":"\u001b[32minfo\u001b[39m","message":"\u001b[32mPerformance: memory_heap_total = 596312064 bytes\u001b[39m","operation":"memory_heap_total","timestamp":"2026-05-30 16:01:50:150","unit":"bytes"}
{"duration":760958976,"level":"\u001b[32minfo\u001b[39m","message":"\u001b[32mPerformance: memory_rss = 760958976 bytes\u001b[39m","operation":"memory_rss","timestamp":"2026-05-30 16:01:50:150","unit":"bytes"}
{"duration":38441646,"level":"\u001b[32minfo\u001b[39m","message":"\u001b[32mPerformance: memory_external = 38441646 bytes\u001b[39m","operation":"memory_external","timestamp":"2026-05-30 16:01:50:150","unit":"bytes"}
{"duration":94096692,"level":"\u001b[32minfo\u001b[39m","message":"\u001b[32mPerformance: cpu_user_time = 94096692 microseconds\u001b[39m","operation":"cpu_user_time","timestamp":"2026-05-30 16:01:50:150","unit":"microseconds"}
{"duration":8689711,"level":"\u001b[32minfo\u001b[39m","message":"\u001b[32mPerformance: cpu_system_time = 8689711 microseconds\u001b[39m","operation":"cpu_system_time","timestamp":"2026-05-30 16:01:50:150","unit":"microseconds"}
{"duration":1680.049555092,"level":"\u001b[32minfo\u001b[39m","message":"\u001b[32mPerformance: process_uptime = 1680.049555092 seconds\u001b[39m","operation":"process_uptime","timestamp":"2026-05-30 16:01:50:150","unit":"seconds"}
{"duration":0.226241,"level":"\u001b[32minfo\u001b[39m","message":"\u001b[32mPerformance: event_loop_lag = 0.226241 milliseconds\u001b[39m","operation":"event_loop_lag","timestamp":"2026-05-30 16:01:50:150","unit":"milliseconds"}
{"level":"\u001b[32minfo\u001b[39m","message":"\u001b[32m>>> [MASTERMIND] Resuming all active channels...\u001b[39m","timestamp":"2026-05-30 16:02:04:24"}
{"error":"16 UNAUTHENTICATED: Request had invalid authentication credentials. Expected OAuth 2 access token, login cookie or other valid authentication credential. See https://developers.google.com/identity/sign-in/web/devconsole-project.","level":"\u001b[31merror\u001b[39m","message":"\u001b[31mFirestore getCollection error [tenants] (Tenant: undefined):\u001b[39m","stack":"Error: 16 UNAUTHENTICATED: Request had invalid authentication credentials. Expected OAuth 2 access token, login cookie or other valid authentication credential. See https://developers.google.com/identity/sign-in/web/devconsole-project.\n    at callErrorFromStatus (/home/codedex/projects/DeXMart/node_modules/@grpc/grpc-js/src/call.ts:84:17)\n    at Object.onReceiveStatus (/home/codedex/projects/DeXMart/node_modules/@grpc/grpc-js/src/client.ts:612:51)\n    at Object.onReceiveStatus (/home/codedex/projects/DeXMart/node_modules/@grpc/grpc-js/src/client-interceptors.ts:424:48)\n    at /home/codedex/projects/DeXMart/node_modules/@grpc/grpc-js/src/resolving-call.ts:170:24\n    at processTicksAndRejections (node:internal/process/task_queues:85:11)\nfor call at\n    at ServiceClientImpl.makeServerStreamRequest (/home/codedex/projects/DeXMart/node_modules/@grpc/grpc-js/src/client.ts:595:42)\n    at ServiceClientImpl.<anonymous> (/home/codedex/projects/DeXMart/node_modules/@grpc/grpc-js/src/make-client.ts:189:15)\n    at /home/codedex/projects/DeXMart/node_modules/@google-cloud/firestore/build/src/v1/firestore_client.js:242:33\n    at /home/codedex/projects/DeXMart/node_modules/google-gax/src/streamingCalls/streamingApiCaller.ts:59:19\n    at /home/codedex/projects/DeXMart/node_modules/google-gax/src/normalCalls/timeout.ts:54:13\n    at Object.request (/home/codedex/projects/DeXMart/node_modules/google-gax/src/streamingCalls/streaming.ts:331:28)\n    at makeRequest (/home/codedex/projects/DeXMart/node_modules/retry-request/index.js:159:28)\n    at retryRequest (/home/codedex/projects/DeXMart/node_modules/retry-request/index.js:119:5)\n    at StreamProxy.setStream (/home/codedex/projects/DeXMart/node_modules/google-gax/src/streamingCalls/streaming.ts:322:29)\n    at StreamingApiCaller.call (/home/codedex/projects/DeXMart/node_modules/google-gax/src/streamingCalls/streamingApiCaller.ts:89:12)\nCaused by: Error: \n    at QueryUtil._getResponse (/home/codedex/projects/DeXMart/node_modules/@google-cloud/firestore/build/src/reference/query-util.js:44:23)\n    at CollectionReference._getResponse (/home/codedex/projects/DeXMart/node_modules/@google-cloud/firestore/build/src/reference/query.js:784:32)\n    at CollectionReference._get (/home/codedex/projects/DeXMart/node_modules/@google-cloud/firestore/build/src/reference/query.js:777:35)\n    at /home/codedex/projects/DeXMart/node_modules/@google-cloud/firestore/build/src/reference/query.js:745:43\n    at /home/codedex/projects/DeXMart/node_modules/@google-cloud/firestore/build/src/telemetry/enabled-trace-util.js:110:30\n    at NoopContextManager.with (/home/codedex/projects/DeXMart/node_modules/@opentelemetry/api/src/context/NoopContextManager.ts:20:15)\n    at ContextAPI.with (/home/codedex/projects/DeXMart/node_modules/@opentelemetry/api/src/api/context.ts:68:42)\n    at NoopTracer.startActiveSpan (/home/codedex/projects/DeXMart/node_modules/@opentelemetry/api/src/trace/NoopTracer.ts:87:27)\n    at ProxyTracer.startActiveSpan (/home/codedex/projects/DeXMart/node_modules/@opentelemetry/api/src/trace/ProxyTracer.ts:51:20)\n    at EnabledTraceUtil.startActiveSpan (/home/codedex/projects/DeXMart/node_modules/@google-cloud/firestore/build/src/telemetry/enabled-trace-util.js:102:28)","timestamp":"2026-05-30 16:02:04:24"}
{"error":"16 UNAUTHENTICATED: Request had invalid authentication credentials. Expected OAuth 2 access token, login cookie or other valid authentication credential. See https://developers.google.com/identity/sign-in/web/devconsole-project.","level":"\u001b[31merror\u001b[39m","message":"\u001b[31mMultiTenantService.listTenants error:\u001b[39m","stack":"Error: 16 UNAUTHENTICATED: Request had invalid authentication credentials. Expected OAuth 2 access token, login cookie or other valid authentication credential. See https://developers.google.com/identity/sign-in/web/devconsole-project.\n    at callErrorFromStatus (/home/codedex/projects/DeXMart/node_modules/@grpc/grpc-js/src/call.ts:84:17)\n    at Object.onReceiveStatus (/home/codedex/projects/DeXMart/node_modules/@grpc/grpc-js/src/client.ts:612:51)\n    at Object.onReceiveStatus (/home/codedex/projects/DeXMart/node_modules/@grpc/grpc-js/src/client-interceptors.ts:424:48)\n    at /home/codedex/projects/DeXMart/node_modules/@grpc/grpc-js/src/resolving-call.ts:170:24\n    at processTicksAndRejections (node:internal/process/task_queues:85:11)\nfor call at\n    at ServiceClientImpl.makeServerStreamRequest (/home/codedex/projects/DeXMart/node_modules/@grpc/grpc-js/src/client.ts:595:42)\n    at ServiceClientImpl.<anonymous> (/home/codedex/projects/DeXMart/node_modules/@grpc/grpc-js/src/make-client.ts:189:15)\n    at /home/codedex/projects/DeXMart/node_modules/@google-cloud/firestore/build/src/v1/firestore_client.js:242:33\n    at /home/codedex/projects/DeXMart/node_modules/google-gax/src/streamingCalls/streamingApiCaller.ts:59:19\n    at /home/codedex/projects/DeXMart/node_modules/google-gax/src/normalCalls/timeout.ts:54:13\n    at Object.request (/home/codedex/projects/DeXMart/node_modules/google-gax/src/streamingCalls/streaming.ts:331:28)\n    at makeRequest (/home/codedex/projects/DeXMart/node_modules/retry-request/index.js:159:28)\n    at retryRequest (/home/codedex/projects/DeXMart/node_modules/retry-request/index.js:119:5)\n    at StreamProxy.setStream (/home/codedex/projects/DeXMart/node_modules/google-gax/src/streamingCalls/streaming.ts:322:29)\n    at StreamingApiCaller.call (/home/codedex/projects/DeXMart/node_modules/google-gax/src/streamingCalls/streamingApiCaller.ts:89:12)\nCaused by: Error: \n    at QueryUtil._getResponse (/home/codedex/projects/DeXMart/node_modules/@google-cloud/firestore/build/src/reference/query-util.js:44:23)\n    at CollectionReference._getResponse (/home/codedex/projects/DeXMart/node_modules/@google-cloud/firestore/build/src/reference/query.js:784:32)\n    at CollectionReference._get (/home/codedex/projects/DeXMart/node_modules/@google-cloud/firestore/build/src/reference/query.js:777:35)\n    at /home/codedex/projects/DeXMart/node_modules/@google-cloud/firestore/build/src/reference/query.js:745:43\n    at /home/codedex/projects/DeXMart/node_modules/@google-cloud/firestore/build/src/telemetry/enabled-trace-util.js:110:30\n    at NoopContextManager.with (/home/codedex/projects/DeXMart/node_modules/@opentelemetry/api/src/context/NoopContextManager.ts:20:15)\n    at ContextAPI.with (/home/codedex/projects/DeXMart/node_modules/@opentelemetry/api/src/api/context.ts:68:42)\n    at NoopTracer.startActiveSpan (/home/codedex/projects/DeXMart/node_modules/@opentelemetry/api/src/trace/NoopTracer.ts:87:27)\n    at ProxyTracer.startActiveSpan (/home/codedex/projects/DeXMart/node_modules/@opentelemetry/api/src/trace/ProxyTracer.ts:51:20)\n    at EnabledTraceUtil.startActiveSpan (/home/codedex/projects/DeXMart/node_modules/@google-cloud/firestore/build/src/telemetry/enabled-trace-util.js:102:28)","timestamp":"2026-05-30 16:02:04:24"}
{"level":"\u001b[32minfo\u001b[39m","message":"\u001b[32m[ChannelService] Successfully queued 0 channels for resumption.\u001b[39m","timestamp":"2026-05-30 16:02:04:24"}
{"duration":543945928,"level":"\u001b[32minfo\u001b[39m","message":"\u001b[32mPerformance: memory_heap_used = 543945928 bytes\u001b[39m","operation":"memory_heap_used","timestamp":"2026-05-30 16:02:23:223","unit":"bytes"}
{"duration":599719936,"level":"\u001b[32minfo\u001b[39m","message":"\u001b[32mPerformance: memory_heap_total = 599719936 bytes\u001b[39m","operation":"memory_heap_total","timestamp":"2026-05-30 16:02:23:223","unit":"bytes"}
{"duration":760958976,"level":"\u001b[32minfo\u001b[39m","message":"\u001b[32mPerformance: memory_rss = 760958976 bytes\u001b[39m","operation":"memory_rss","timestamp":"2026-05-30 16:02:23:223","unit":"bytes"}
{"duration":38483998,"level":"\u001b[32minfo\u001b[39m","message":"\u001b[32mPerformance: memory_external = 38483998 bytes\u001b[39m","operation":"memory_external","timestamp":"2026-05-30 16:02:23:223","unit":"bytes"}
{"duration":94123624,"level":"\u001b[32minfo\u001b[39m","message":"\u001b[32mPerformance: cpu_user_time = 94123624 microseconds\u001b[39m","operation":"cpu_user_time","timestamp":"2026-05-30 16:02:23:223","unit":"microseconds"}
{"duration":8720747,"level":"\u001b[32minfo\u001b[39m","message":"\u001b[32mPerformance: cpu_system_time = 8720747 microseconds\u001b[39m","operation":"cpu_system_time","timestamp":"2026-05-30 16:02:23:223","unit":"microseconds"}
{"duration":1710.048694883,"level":"\u001b[32minfo\u001b[39m","message":"\u001b[32mPerformance: process_uptime = 1710.048694883 seconds\u001b[39m","operation":"process_uptime","timestamp":"2026-05-30 16:02:23:223","unit":"seconds"}
{"duration":0.175112,"level":"\u001b[32minfo\u001b[39m","message":"\u001b[32mPerformance: event_loop_lag = 0.175112 milliseconds\u001b[39m","operation":"event_loop_lag","timestamp":"2026-05-30 16:02:23:223","unit":"milliseconds"}
{"duration":543852312,"level":"\u001b[32minfo\u001b[39m","message":"\u001b[32mPerformance: memory_heap_used = 543852312 bytes\u001b[39m","operation":"memory_heap_used","timestamp":"2026-05-30 16:02:56:256","unit":"bytes"}
{"duration":596574208,"level":"\u001b[32minfo\u001b[39m","message":"\u001b[32mPerformance: memory_heap_total = 596574208 bytes\u001b[39m","operation":"memory_heap_total","timestamp":"2026-05-30 16:02:56:256","unit":"bytes"}
{"duration":761221120,"level":"\u001b[32minfo\u001b[39m","message":"\u001b[32mPerformance: memory_rss = 761221120 bytes\u001b[39m","operation":"memory_rss","timestamp":"2026-05-30 16:02:56:256","unit":"bytes"}
{"duration":38507443,"level":"\u001b[32minfo\u001b[39m","message":"\u001b[32mPerformance: memory_external = 38507443 bytes\u001b[39m","operation":"memory_external","timestamp":"2026-05-30 16:02:56:256","unit":"bytes"}
{"duration":94154593,"level":"\u001b[32minfo\u001b[39m","message":"\u001b[32mPerformance: cpu_user_time = 94154593 microseconds\u001b[39m","operation":"cpu_user_time","timestamp":"2026-05-30 16:02:56:256","unit":"microseconds"}
{"duration":8738296,"level":"\u001b[32minfo\u001b[39m","message":"\u001b[32mPerformance: cpu_system_time = 8738296 microseconds\u001b[39m","operation":"cpu_system_time","timestamp":"2026-05-30 16:02:56:256","unit":"microseconds"}
{"duration":1740.049783583,"level":"\u001b[32minfo\u001b[39m","message":"\u001b[32mPerformance: process_uptime = 1740.049783583 seconds\u001b[39m","operation":"process_uptime","timestamp":"2026-05-30 16:02:56:256","unit":"seconds"}
{"duration":0.28557,"level":"\u001b[32minfo\u001b[39m","message":"\u001b[32mPerformance: event_loop_lag = 0.28557 milliseconds\u001b[39m","operation":"event_loop_lag","timestamp":"2026-05-30 16:02:56:256","unit":"milliseconds"}
{"level":"\u001b[32minfo\u001b[39m","message":"\u001b[32m>>> [MASTERMIND] Resuming all active channels...\u001b[39m","timestamp":"2026-05-30 16:03:10:310"}
{"error":"16 UNAUTHENTICATED: Request had invalid authentication credentials. Expected OAuth 2 access token, login cookie or other valid authentication credential. See https://developers.google.com/identity/sign-in/web/devconsole-project.","level":"\u001b[31merror\u001b[39m","message":"\u001b[31mFirestore getCollection error [tenants] (Tenant: undefined):\u001b[39m","stack":"Error: 16 UNAUTHENTICATED: Request had invalid authentication credentials. Expected OAuth 2 access token, login cookie or other valid authentication credential. See https://developers.google.com/identity/sign-in/web/devconsole-project.\n    at callErrorFromStatus (/home/codedex/projects/DeXMart/node_modules/@grpc/grpc-js/src/call.ts:84:17)\n    at Object.onReceiveStatus (/home/codedex/projects/DeXMart/node_modules/@grpc/grpc-js/src/client.ts:612:51)\n    at Object.onReceiveStatus (/home/codedex/projects/DeXMart/node_modules/@grpc/grpc-js/src/client-interceptors.ts:424:48)\n    at /home/codedex/projects/DeXMart/node_modules/@grpc/grpc-js/src/resolving-call.ts:170:24\n    at processTicksAndRejections (node:internal/process/task_queues:85:11)\nfor call at\n    at ServiceClientImpl.makeServerStreamRequest (/home/codedex/projects/DeXMart/node_modules/@grpc/grpc-js/src/client.ts:595:42)\n    at ServiceClientImpl.<anonymous> (/home/codedex/projects/DeXMart/node_modules/@grpc/grpc-js/src/make-client.ts:189:15)\n    at /home/codedex/projects/DeXMart/node_modules/@google-cloud/firestore/build/src/v1/firestore_client.js:242:33\n    at /home/codedex/projects/DeXMart/node_modules/google-gax/src/streamingCalls/streamingApiCaller.ts:59:19\n    at /home/codedex/projects/DeXMart/node_modules/google-gax/src/normalCalls/timeout.ts:54:13\n    at Object.request (/home/codedex/projects/DeXMart/node_modules/google-gax/src/streamingCalls/streaming.ts:331:28)\n    at makeRequest (/home/codedex/projects/DeXMart/node_modules/retry-request/index.js:159:28)\n    at retryRequest (/home/codedex/projects/DeXMart/node_modules/retry-request/index.js:119:5)\n    at StreamProxy.setStream (/home/codedex/projects/DeXMart/node_modules/google-gax/src/streamingCalls/streaming.ts:322:29)\n    at StreamingApiCaller.call (/home/codedex/projects/DeXMart/node_modules/google-gax/src/streamingCalls/streamingApiCaller.ts:89:12)\nCaused by: Error: \n    at QueryUtil._getResponse (/home/codedex/projects/DeXMart/node_modules/@google-cloud/firestore/build/src/reference/query-util.js:44:23)\n    at CollectionReference._getResponse (/home/codedex/projects/DeXMart/node_modules/@google-cloud/firestore/build/src/reference/query.js:784:32)\n    at CollectionReference._get (/home/codedex/projects/DeXMart/node_modules/@google-cloud/firestore/build/src/reference/query.js:777:35)\n    at /home/codedex/projects/DeXMart/node_modules/@google-cloud/firestore/build/src/reference/query.js:745:43\n    at /home/codedex/projects/DeXMart/node_modules/@google-cloud/firestore/build/src/telemetry/enabled-trace-util.js:110:30\n    at NoopContextManager.with (/home/codedex/projects/DeXMart/node_modules/@opentelemetry/api/src/context/NoopContextManager.ts:20:15)\n    at ContextAPI.with (/home/codedex/projects/DeXMart/node_modules/@opentelemetry/api/src/api/context.ts:68:42)\n    at NoopTracer.startActiveSpan (/home/codedex/projects/DeXMart/node_modules/@opentelemetry/api/src/trace/NoopTracer.ts:87:27)\n    at ProxyTracer.startActiveSpan (/home/codedex/projects/DeXMart/node_modules/@opentelemetry/api/src/trace/ProxyTracer.ts:51:20)\n    at EnabledTraceUtil.startActiveSpan (/home/codedex/projects/DeXMart/node_modules/@google-cloud/firestore/build/src/telemetry/enabled-trace-util.js:102:28)","timestamp":"2026-05-30 16:03:10:310"}
{"error":"16 UNAUTHENTICATED: Request had invalid authentication credentials. Expected OAuth 2 access token, login cookie or other valid authentication credential. See https://developers.google.com/identity/sign-in/web/devconsole-project.","level":"\u001b[31merror\u001b[39m","message":"\u001b[31mMultiTenantService.listTenants error:\u001b[39m","stack":"Error: 16 UNAUTHENTICATED: Request had invalid authentication credentials. Expected OAuth 2 access token, login cookie or other valid authentication credential. See https://developers.google.com/identity/sign-in/web/devconsole-project.\n    at callErrorFromStatus (/home/codedex/projects/DeXMart/node_modules/@grpc/grpc-js/src/call.ts:84:17)\n    at Object.onReceiveStatus (/home/codedex/projects/DeXMart/node_modules/@grpc/grpc-js/src/client.ts:612:51)\n    at Object.onReceiveStatus (/home/codedex/projects/DeXMart/node_modules/@grpc/grpc-js/src/client-interceptors.ts:424:48)\n    at /home/codedex/projects/DeXMart/node_modules/@grpc/grpc-js/src/resolving-call.ts:170:24\n    at processTicksAndRejections (node:internal/process/task_queues:85:11)\nfor call at\n    at ServiceClientImpl.makeServerStreamRequest (/home/codedex/projects/DeXMart/node_modules/@grpc/grpc-js/src/client.ts:595:42)\n    at ServiceClientImpl.<anonymous> (/home/codedex/projects/DeXMart/node_modules/@grpc/grpc-js/src/make-client.ts:189:15)\n    at /home/codedex/projects/DeXMart/node_modules/@google-cloud/firestore/build/src/v1/firestore_client.js:242:33\n    at /home/codedex/projects/DeXMart/node_modules/google-gax/src/streamingCalls/streamingApiCaller.ts:59:19\n    at /home/codedex/projects/DeXMart/node_modules/google-gax/src/normalCalls/timeout.ts:54:13\n    at Object.request (/home/codedex/projects/DeXMart/node_modules/google-gax/src/streamingCalls/streaming.ts:331:28)\n    at makeRequest (/home/codedex/projects/DeXMart/node_modules/retry-request/index.js:159:28)\n    at retryRequest (/home/codedex/projects/DeXMart/node_modules/retry-request/index.js:119:5)\n    at StreamProxy.setStream (/home/codedex/projects/DeXMart/node_modules/google-gax/src/streamingCalls/streaming.ts:322:29)\n    at StreamingApiCaller.call (/home/codedex/projects/DeXMart/node_modules/google-gax/src/streamingCalls/streamingApiCaller.ts:89:12)\nCaused by: Error: \n    at QueryUtil._getResponse (/home/codedex/projects/DeXMart/node_modules/@google-cloud/firestore/build/src/reference/query-util.js:44:23)\n    at CollectionReference._getResponse (/home/codedex/projects/DeXMart/node_modules/@google-cloud/firestore/build/src/reference/query.js:784:32)\n    at CollectionReference._get (/home/codedex/projects/DeXMart/node_modules/@google-cloud/firestore/build/src/reference/query.js:777:35)\n    at /home/codedex/projects/DeXMart/node_modules/@google-cloud/firestore/build/src/reference/query.js:745:43\n    at /home/codedex/projects/DeXMart/node_modules/@google-cloud/firestore/build/src/telemetry/enabled-trace-util.js:110:30\n    at NoopContextManager.with (/home/codedex/projects/DeXMart/node_modules/@opentelemetry/api/src/context/NoopContextManager.ts:20:15)\n    at ContextAPI.with (/home/codedex/projects/DeXMart/node_modules/@opentelemetry/api/src/api/context.ts:68:42)\n    at NoopTracer.startActiveSpan (/home/codedex/projects/DeXMart/node_modules/@opentelemetry/api/src/trace/NoopTracer.ts:87:27)\n    at ProxyTracer.startActiveSpan (/home/codedex/projects/DeXMart/node_modules/@opentelemetry/api/src/trace/ProxyTracer.ts:51:20)\n    at EnabledTraceUtil.startActiveSpan (/home/codedex/projects/DeXMart/node_modules/@google-cloud/firestore/build/src/telemetry/enabled-trace-util.js:102:28)","timestamp":"2026-05-30 16:03:10:310"}
{"level":"\u001b[32minfo\u001b[39m","message":"\u001b[32m[ChannelService] Successfully queued 0 channels for resumption.\u001b[39m","timestamp":"2026-05-30 16:03:10:310"}
{"level":"\u001b[32minfo\u001b[39m","message":"\u001b[32m✅ Environment variables validated via Zod\u001b[39m","timestamp":"2026-05-30 16:03:15:315"}
{"level":"\u001b[33mwarn\u001b[39m","message":"\u001b[33m⚠️ JWT_SECRET is missing or using default value! Tokens will be signed with an insecure key.\u001b[39m","timestamp":"2026-05-30 16:03:15:315"}
{"level":"\u001b[32minfo\u001b[39m","message":"\u001b[32m🔗 Constructed internal REDIS_URL from host and port configuration\u001b[39m","timestamp":"2026-05-30 16:03:15:315"}
{"level":"\u001b[32minfo\u001b[39m","message":"\u001b[32m✅ Configuration validation passed\u001b[39m","timestamp":"2026-05-30 16:03:15:315"}
{"level":"\u001b[32minfo\u001b[39m","message":"\u001b[32mConfigService initialized as wrapper for ConfigManager\u001b[39m","timestamp":"2026-05-30 16:03:15:315"}
{"duration":544799952,"level":"\u001b[32minfo\u001b[39m","message":"\u001b[32mPerformance: memory_heap_used = 544799952 bytes\u001b[39m","operation":"memory_heap_used","timestamp":"2026-05-30 16:03:29:329","unit":"bytes"}
{"duration":597884928,"level":"\u001b[32minfo\u001b[39m","message":"\u001b[32mPerformance: memory_heap_total = 597884928 bytes\u001b[39m","operation":"memory_heap_total","timestamp":"2026-05-30 16:03:29:329","unit":"bytes"}
{"duration":761483264,"level":"\u001b[32minfo\u001b[39m","message":"\u001b[32mPerformance: memory_rss = 761483264 bytes\u001b[39m","operation":"memory_rss","timestamp":"2026-05-30 16:03:29:329","unit":"bytes"}
{"duration":38541803,"level":"\u001b[32minfo\u001b[39m","message":"\u001b[32mPerformance: memory_external = 38541803 bytes\u001b[39m","operation":"memory_external","timestamp":"2026-05-30 16:03:29:329","unit":"bytes"}
{"duration":94185316,"level":"\u001b[32minfo\u001b[39m","message":"\u001b[32mPerformance: cpu_user_time = 94185316 microseconds\u001b[39m","operation":"cpu_user_time","timestamp":"2026-05-30 16:03:29:329","unit":"microseconds"}
{"duration":8760609,"level":"\u001b[32minfo\u001b[39m","message":"\u001b[32mPerformance: cpu_system_time = 8760609 microseconds\u001b[39m","operation":"cpu_system_time","timestamp":"2026-05-30 16:03:29:329","unit":"microseconds"}
{"duration":1770.050658412,"level":"\u001b[32minfo\u001b[39m","message":"\u001b[32mPerformance: process_uptime = 1770.050658412 seconds\u001b[39m","operation":"process_uptime","timestamp":"2026-05-30 16:03:29:329","unit":"seconds"}
{"duration":1.356304,"level":"\u001b[32minfo\u001b[39m","message":"\u001b[32mPerformance: event_loop_lag = 1.356304 milliseconds\u001b[39m","operation":"event_loop_lag","timestamp":"2026-05-30 16:03:29:329","unit":"milliseconds"}
{"level":"\u001b[32minfo\u001b[39m","message":"\u001b[32m✅ Environment variables validated via Zod\u001b[39m","timestamp":"2026-05-30 16:03:39:339"}
{"level":"\u001b[33mwarn\u001b[39m","message":"\u001b[33m⚠️ JWT_SECRET is missing or using default value! Tokens will be signed with an insecure key.\u001b[39m","timestamp":"2026-05-30 16:03:39:339"}
{"level":"\u001b[32minfo\u001b[39m","message":"\u001b[32m🔗 Constructed internal REDIS_URL from host and port configuration\u001b[39m","timestamp":"2026-05-30 16:03:39:339"}
{"level":"\u001b[32minfo\u001b[39m","message":"\u001b[32m✅ Configuration validation passed\u001b[39m","timestamp":"2026-05-30 16:03:39:339"}
{"level":"\u001b[32minfo\u001b[39m","message":"\u001b[32mConfigService initialized as wrapper for ConfigManager\u001b[39m","timestamp":"2026-05-30 16:03:39:339"}
{"level":"\u001b[32minfo\u001b[39m","message":"\u001b[32mFirebase Config: path=service-account.json, projectId=undefined, hasEmail=false, hasKey=false\u001b[39m","timestamp":"2026-05-30 16:03:39:339"}
{"level":"\u001b[32minfo\u001b[39m","message":"\u001b[32mLoading service account from: service-account.json\u001b[39m","timestamp":"2026-05-30 16:03:39:339"}
{"level":"\u001b[32minfo\u001b[39m","message":"\u001b[32mUsing service account for project: dexmart\u001b[39m","timestamp":"2026-05-30 16:03:39:339"}
{"level":"\u001b[32minfo\u001b[39m","message":"\u001b[32mInitializing Firebase Admin...\u001b[39m","timestamp":"2026-05-30 16:03:39:339"}
{"level":"\u001b[32minfo\u001b[39m","message":"\u001b[32m🔥 Firebase Admin Initialized (Project: dexmart)\u001b[39m","timestamp":"2026-05-30 16:03:39:339"}
{"duration":544716752,"level":"\u001b[32minfo\u001b[39m","message":"\u001b[32mPerformance: memory_heap_used = 544716752 bytes\u001b[39m","operation":"memory_heap_used","timestamp":"2026-05-30 16:04:02:42","unit":"bytes"}
{"duration":596836352,"level":"\u001b[32minfo\u001b[39m","message":"\u001b[32mPerformance: memory_heap_total = 596836352 bytes\u001b[39m","operation":"memory_heap_total","timestamp":"2026-05-30 16:04:02:42","unit":"bytes"}
{"duration":761614336,"level":"\u001b[32minfo\u001b[39m","message":"\u001b[32mPerformance: memory_rss = 761614336 bytes\u001b[39m","operation":"memory_rss","timestamp":"2026-05-30 16:04:02:42","unit":"bytes"}
{"duration":38557286,"level":"\u001b[32minfo\u001b[39m","message":"\u001b[32mPerformance: memory_external = 38557286 bytes\u001b[39m","operation":"memory_external","timestamp":"2026-05-30 16:04:02:42","unit":"bytes"}
{"duration":94203529,"level":"\u001b[32minfo\u001b[39m","message":"\u001b[32mPerformance: cpu_user_time = 94203529 microseconds\u001b[39m","operation":"cpu_user_time","timestamp":"2026-05-30 16:04:02:42","unit":"microseconds"}
{"duration":8779420,"level":"\u001b[32minfo\u001b[39m","message":"\u001b[32mPerformance: cpu_system_time = 8779420 microseconds\u001b[39m","operation":"cpu_system_time","timestamp":"2026-05-30 16:04:02:42","unit":"microseconds"}
{"duration":1800.051261825,"level":"\u001b[32minfo\u001b[39m","message":"\u001b[32mPerformance: process_uptime = 1800.051261825 seconds\u001b[39m","operation":"process_uptime","timestamp":"2026-05-30 16:04:02:42","unit":"seconds"}
{"duration":0.205687,"level":"\u001b[32minfo\u001b[39m","message":"\u001b[32mPerformance: event_loop_lag = 0.205687 milliseconds\u001b[39m","operation":"event_loop_lag","timestamp":"2026-05-30 16:04:02:42","unit":"milliseconds"}
{"level":"\u001b[32minfo\u001b[39m","message":"\u001b[32m>>> [MASTERMIND] Resuming all active channels...\u001b[39m","timestamp":"2026-05-30 16:04:16:416"}
{"error":"16 UNAUTHENTICATED: Request had invalid authentication credentials. Expected OAuth 2 access token, login cookie or other valid authentication credential. See https://developers.google.com/identity/sign-in/web/devconsole-project.","level":"\u001b[31merror\u001b[39m","message":"\u001b[31mFirestore getCollection error [tenants] (Tenant: undefined):\u001b[39m","stack":"Error: 16 UNAUTHENTICATED: Request had invalid authentication credentials. Expected OAuth 2 access token, login cookie or other valid authentication credential. See https://developers.google.com/identity/sign-in/web/devconsole-project.\n    at callErrorFromStatus (/home/codedex/projects/DeXMart/node_modules/@grpc/grpc-js/src/call.ts:84:17)\n    at Object.onReceiveStatus (/home/codedex/projects/DeXMart/node_modules/@grpc/grpc-js/src/client.ts:612:51)\n    at Object.onReceiveStatus (/home/codedex/projects/DeXMart/node_modules/@grpc/grpc-js/src/client-interceptors.ts:424:48)\n    at /home/codedex/projects/DeXMart/node_modules/@grpc/grpc-js/src/resolving-call.ts:170:24\n    at processTicksAndRejections (node:internal/process/task_queues:85:11)\nfor call at\n    at ServiceClientImpl.makeServerStreamRequest (/home/codedex/projects/DeXMart/node_modules/@grpc/grpc-js/src/client.ts:595:42)\n    at ServiceClientImpl.<anonymous> (/home/codedex/projects/DeXMart/node_modules/@grpc/grpc-js/src/make-client.ts:189:15)\n    at /home/codedex/projects/DeXMart/node_modules/@google-cloud/firestore/build/src/v1/firestore_client.js:242:33\n    at /home/codedex/projects/DeXMart/node_modules/google-gax/src/streamingCalls/streamingApiCaller.ts:59:19\n    at /home/codedex/projects/DeXMart/node_modules/google-gax/src/normalCalls/timeout.ts:54:13\n    at Object.request (/home/codedex/projects/DeXMart/node_modules/google-gax/src/streamingCalls/streaming.ts:331:28)\n    at makeRequest (/home/codedex/projects/DeXMart/node_modules/retry-request/index.js:159:28)\n    at retryRequest (/home/codedex/projects/DeXMart/node_modules/retry-request/index.js:119:5)\n    at StreamProxy.setStream (/home/codedex/projects/DeXMart/node_modules/google-gax/src/streamingCalls/streaming.ts:322:29)\n    at StreamingApiCaller.call (/home/codedex/projects/DeXMart/node_modules/google-gax/src/streamingCalls/streamingApiCaller.ts:89:12)\nCaused by: Error: \n    at QueryUtil._getResponse (/home/codedex/projects/DeXMart/node_modules/@google-cloud/firestore/build/src/reference/query-util.js:44:23)\n    at CollectionReference._getResponse (/home/codedex/projects/DeXMart/node_modules/@google-cloud/firestore/build/src/reference/query.js:784:32)\n    at CollectionReference._get (/home/codedex/projects/DeXMart/node_modules/@google-cloud/firestore/build/src/reference/query.js:777:35)\n    at /home/codedex/projects/DeXMart/node_modules/@google-cloud/firestore/build/src/reference/query.js:745:43\n    at /home/codedex/projects/DeXMart/node_modules/@google-cloud/firestore/build/src/telemetry/enabled-trace-util.js:110:30\n    at NoopContextManager.with (/home/codedex/projects/DeXMart/node_modules/@opentelemetry/api/src/context/NoopContextManager.ts:20:15)\n    at ContextAPI.with (/home/codedex/projects/DeXMart/node_modules/@opentelemetry/api/src/api/context.ts:68:42)\n    at NoopTracer.startActiveSpan (/home/codedex/projects/DeXMart/node_modules/@opentelemetry/api/src/trace/NoopTracer.ts:87:27)\n    at ProxyTracer.startActiveSpan (/home/codedex/projects/DeXMart/node_modules/@opentelemetry/api/src/trace/ProxyTracer.ts:51:20)\n    at EnabledTraceUtil.startActiveSpan (/home/codedex/projects/DeXMart/node_modules/@google-cloud/firestore/build/src/telemetry/enabled-trace-util.js:102:28)","timestamp":"2026-05-30 16:04:16:416"}
{"error":"16 UNAUTHENTICATED: Request had invalid authentication credentials. Expected OAuth 2 access token, login cookie or other valid authentication credential. See https://developers.google.com/identity/sign-in/web/devconsole-project.","level":"\u001b[31merror\u001b[39m","message":"\u001b[31mMultiTenantService.listTenants error:\u001b[39m","stack":"Error: 16 UNAUTHENTICATED: Request had invalid authentication credentials. Expected OAuth 2 access token, login cookie or other valid authentication credential. See https://developers.google.com/identity/sign-in/web/devconsole-project.\n    at callErrorFromStatus (/home/codedex/projects/DeXMart/node_modules/@grpc/grpc-js/src/call.ts:84:17)\n    at Object.onReceiveStatus (/home/codedex/projects/DeXMart/node_modules/@grpc/grpc-js/src/client.ts:612:51)\n    at Object.onReceiveStatus (/home/codedex/projects/DeXMart/node_modules/@grpc/grpc-js/src/client-interceptors.ts:424:48)\n    at /home/codedex/projects/DeXMart/node_modules/@grpc/grpc-js/src/resolving-call.ts:170:24\n    at processTicksAndRejections (node:internal/process/task_queues:85:11)\nfor call at\n    at ServiceClientImpl.makeServerStreamRequest (/home/codedex/projects/DeXMart/node_modules/@grpc/grpc-js/src/client.ts:595:42)\n    at ServiceClientImpl.<anonymous> (/home/codedex/projects/DeXMart/node_modules/@grpc/grpc-js/src/make-client.ts:189:15)\n    at /home/codedex/projects/DeXMart/node_modules/@google-cloud/firestore/build/src/v1/firestore_client.js:242:33\n    at /home/codedex/projects/DeXMart/node_modules/google-gax/src/streamingCalls/streamingApiCaller.ts:59:19\n    at /home/codedex/projects/DeXMart/node_modules/google-gax/src/normalCalls/timeout.ts:54:13\n    at Object.request (/home/codedex/projects/DeXMart/node_modules/google-gax/src/streamingCalls/streaming.ts:331:28)\n    at makeRequest (/home/codedex/projects/DeXMart/node_modules/retry-request/index.js:159:28)\n    at retryRequest (/home/codedex/projects/DeXMart/node_modules/retry-request/index.js:119:5)\n    at StreamProxy.setStream (/home/codedex/projects/DeXMart/node_modules/google-gax/src/streamingCalls/streaming.ts:322:29)\n    at StreamingApiCaller.call (/home/codedex/projects/DeXMart/node_modules/google-gax/src/streamingCalls/streamingApiCaller.ts:89:12)\nCaused by: Error: \n    at QueryUtil._getResponse (/home/codedex/projects/DeXMart/node_modules/@google-cloud/firestore/build/src/reference/query-util.js:44:23)\n    at CollectionReference._getResponse (/home/codedex/projects/DeXMart/node_modules/@google-cloud/firestore/build/src/reference/query.js:784:32)\n    at CollectionReference._get (/home/codedex/projects/DeXMart/node_modules/@google-cloud/firestore/build/src/reference/query.js:777:35)\n    at /home/codedex/projects/DeXMart/node_modules/@google-cloud/firestore/build/src/reference/query.js:745:43\n    at /home/codedex/projects/DeXMart/node_modules/@google-cloud/firestore/build/src/telemetry/enabled-trace-util.js:110:30\n    at NoopContextManager.with (/home/codedex/projects/DeXMart/node_modules/@opentelemetry/api/src/context/NoopContextManager.ts:20:15)\n    at ContextAPI.with (/home/codedex/projects/DeXMart/node_modules/@opentelemetry/api/src/api/context.ts:68:42)\n    at NoopTracer.startActiveSpan (/home/codedex/projects/DeXMart/node_modules/@opentelemetry/api/src/trace/NoopTracer.ts:87:27)\n    at ProxyTracer.startActiveSpan (/home/codedex/projects/DeXMart/node_modules/@opentelemetry/api/src/trace/ProxyTracer.ts:51:20)\n    at EnabledTraceUtil.startActiveSpan (/home/codedex/projects/DeXMart/node_modules/@google-cloud/firestore/build/src/telemetry/enabled-trace-util.js:102:28)","timestamp":"2026-05-30 16:04:16:416"}
{"level":"\u001b[32minfo\u001b[39m","message":"\u001b[32m[ChannelService] Successfully queued 0 channels for resumption.\u001b[39m","timestamp":"2026-05-30 16:04:16:416"}
{"duration":545598272,"level":"\u001b[32minfo\u001b[39m","message":"\u001b[32mPerformance: memory_heap_used = 545598272 bytes\u001b[39m","operation":"memory_heap_used","timestamp":"2026-05-30 16:04:32:432","unit":"bytes"}
{"duration":598147072,"level":"\u001b[32minfo\u001b[39m","message":"\u001b[32mPerformance: memory_heap_total = 598147072 bytes\u001b[39m","operation":"memory_heap_total","timestamp":"2026-05-30 16:04:32:432","unit":"bytes"}
{"duration":761745408,"level":"\u001b[32minfo\u001b[39m","message":"\u001b[32mPerformance: memory_rss = 761745408 bytes\u001b[39m","operation":"memory_rss","timestamp":"2026-05-30 16:04:32:432","unit":"bytes"}
{"duration":38599732,"level":"\u001b[32minfo\u001b[39m","message":"\u001b[32mPerformance: memory_external = 38599732 bytes\u001b[39m","operation":"memory_external","timestamp":"2026-05-30 16:04:32:432","unit":"bytes"}
{"duration":94234211,"level":"\u001b[32minfo\u001b[39m","message":"\u001b[32mPerformance: cpu_user_time = 94234211 microseconds\u001b[39m","operation":"cpu_user_time","timestamp":"2026-05-30 16:04:32:432","unit":"microseconds"}
{"duration":8796661,"level":"\u001b[32minfo\u001b[39m","message":"\u001b[32mPerformance: cpu_system_time = 8796661 microseconds\u001b[39m","operation":"cpu_system_time","timestamp":"2026-05-30 16:04:32:432","unit":"microseconds"}
{"duration":1830.050933183,"level":"\u001b[32minfo\u001b[39m","message":"\u001b[32mPerformance: process_uptime = 1830.050933183 seconds\u001b[39m","operation":"process_uptime","timestamp":"2026-05-30 16:04:32:432","unit":"seconds"}
{"duration":1.231107,"level":"\u001b[32minfo\u001b[39m","message":"\u001b[32mPerformance: event_loop_lag = 1.231107 milliseconds\u001b[39m","operation":"event_loop_lag","timestamp":"2026-05-30 16:04:32:432","unit":"milliseconds"}
{"level":"\u001b[32minfo\u001b[39m","message":"\u001b[32m✅ Environment variables validated via Zod\u001b[39m","timestamp":"2026-05-30 16:04:59:459"}
{"level":"\u001b[34mdebug\u001b[39m","message":"\u001b[34m🔐 JWT_SECRET loaded (64 chars)\u001b[39m","timestamp":"2026-05-30 16:04:59:459"}
{"level":"\u001b[32minfo\u001b[39m","message":"\u001b[32m🔗 Constructed internal REDIS_URL from host and port configuration\u001b[39m","timestamp":"2026-05-30 16:04:59:459"}
{"level":"\u001b[32minfo\u001b[39m","message":"\u001b[32m✅ Configuration validation passed\u001b[39m","timestamp":"2026-05-30 16:04:59:459"}
{"level":"\u001b[32minfo\u001b[39m","message":"\u001b[32mConfigService initialized as wrapper for ConfigManager\u001b[39m","timestamp":"2026-05-30 16:04:59:459"}
{"level":"\u001b[32minfo\u001b[39m","message":"\u001b[32mFirebase Config: path=dexmart-befcd0e9c376.json, projectId=dexmart, hasEmail=false, hasKey=false\u001b[39m","timestamp":"2026-05-30 16:04:59:459"}
{"level":"\u001b[32minfo\u001b[39m","message":"\u001b[32mLoading service account from: dexmart-befcd0e9c376.json\u001b[39m","timestamp":"2026-05-30 16:04:59:459"}
{"level":"\u001b[32minfo\u001b[39m","message":"\u001b[32mUsing service account for project: dexmart\u001b[39m","timestamp":"2026-05-30 16:04:59:459"}
{"level":"\u001b[32minfo\u001b[39m","message":"\u001b[32mInitializing Firebase Admin...\u001b[39m","timestamp":"2026-05-30 16:04:59:459"}
{"level":"\u001b[32minfo\u001b[39m","message":"\u001b[32m🔥 Firebase Admin Initialized (Project: dexmart)\u001b[39m","timestamp":"2026-05-30 16:04:59:459"}
{"duration":545400352,"level":"\u001b[32minfo\u001b[39m","message":"\u001b[32mPerformance: memory_heap_used = 545400352 bytes\u001b[39m","operation":"memory_heap_used","timestamp":"2026-05-30 16:05:05:55","unit":"bytes"}
{"duration":597098496,"level":"\u001b[32minfo\u001b[39m","message":"\u001b[32mPerformance: memory_heap_total = 597098496 bytes\u001b[39m","operation":"memory_heap_total","timestamp":"2026-05-30 16:05:05:55","unit":"bytes"}
{"duration":761745408,"level":"\u001b[32minfo\u001b[39m","message":"\u001b[32mPerformance: memory_rss = 761745408 bytes\u001b[39m","operation":"memory_rss","timestamp":"2026-05-30 16:05:05:55","unit":"bytes"}
{"duration":38623257,"level":"\u001b[32minfo\u001b[39m","message":"\u001b[32mPerformance: memory_external = 38623257 bytes\u001b[39m","operation":"memory_external","timestamp":"2026-05-30 16:05:05:55","unit":"bytes"}
{"duration":94248522,"level":"\u001b[32minfo\u001b[39m","message":"\u001b[32mPerformance: cpu_user_time = 94248522 microseconds\u001b[39m","operation":"cpu_user_time","timestamp":"2026-05-30 16:05:05:55","unit":"microseconds"}
{"duration":8814578,"level":"\u001b[32minfo\u001b[39m","message":"\u001b[32mPerformance: cpu_system_time = 8814578 microseconds\u001b[39m","operation":"cpu_system_time","timestamp":"2026-05-30 16:05:05:55","unit":"microseconds"}
{"duration":1860.052391343,"level":"\u001b[32minfo\u001b[39m","message":"\u001b[32mPerformance: process_uptime = 1860.052391343 seconds\u001b[39m","operation":"process_uptime","timestamp":"2026-05-30 16:05:05:55","unit":"seconds"}
{"duration":0.26214,"level":"\u001b[32minfo\u001b[39m","message":"\u001b[32mPerformance: event_loop_lag = 0.26214 milliseconds\u001b[39m","operation":"event_loop_lag","timestamp":"2026-05-30 16:05:05:55","unit":"milliseconds"}
{"level":"\u001b[32minfo\u001b[39m","message":"\u001b[32m>>> [MASTERMIND] Resuming all active channels...\u001b[39m","timestamp":"2026-05-30 16:05:21:521"}
{"error":"16 UNAUTHENTICATED: Request had invalid authentication credentials. Expected OAuth 2 access token, login cookie or other valid authentication credential. See https://developers.google.com/identity/sign-in/web/devconsole-project.","level":"\u001b[31merror\u001b[39m","message":"\u001b[31mFirestore getCollection error [tenants] (Tenant: undefined):\u001b[39m","stack":"Error: 16 UNAUTHENTICATED: Request had invalid authentication credentials. Expected OAuth 2 access token, login cookie or other valid authentication credential. See https://developers.google.com/identity/sign-in/web/devconsole-project.\n    at callErrorFromStatus (/home/codedex/projects/DeXMart/node_modules/@grpc/grpc-js/src/call.ts:84:17)\n    at Object.onReceiveStatus (/home/codedex/projects/DeXMart/node_modules/@grpc/grpc-js/src/client.ts:612:51)\n    at Object.onReceiveStatus (/home/codedex/projects/DeXMart/node_modules/@grpc/grpc-js/src/client-interceptors.ts:424:48)\n    at /home/codedex/projects/DeXMart/node_modules/@grpc/grpc-js/src/resolving-call.ts:170:24\n    at processTicksAndRejections (node:internal/process/task_queues:85:11)\nfor call at\n    at ServiceClientImpl.makeServerStreamRequest (/home/codedex/projects/DeXMart/node_modules/@grpc/grpc-js/src/client.ts:595:42)\n    at ServiceClientImpl.<anonymous> (/home/codedex/projects/DeXMart/node_modules/@grpc/grpc-js/src/make-client.ts:189:15)\n    at /home/codedex/projects/DeXMart/node_modules/@google-cloud/firestore/build/src/v1/firestore_client.js:242:33\n    at /home/codedex/projects/DeXMart/node_modules/google-gax/src/streamingCalls/streamingApiCaller.ts:59:19\n    at /home/codedex/projects/DeXMart/node_modules/google-gax/src/normalCalls/timeout.ts:54:13\n    at Object.request (/home/codedex/projects/DeXMart/node_modules/google-gax/src/streamingCalls/streaming.ts:331:28)\n    at makeRequest (/home/codedex/projects/DeXMart/node_modules/retry-request/index.js:159:28)\n    at retryRequest (/home/codedex/projects/DeXMart/node_modules/retry-request/index.js:119:5)\n    at StreamProxy.setStream (/home/codedex/projects/DeXMart/node_modules/google-gax/src/streamingCalls/streaming.ts:322:29)\n    at StreamingApiCaller.call (/home/codedex/projects/DeXMart/node_modules/google-gax/src/streamingCalls/streamingApiCaller.ts:89:12)\nCaused by: Error: \n    at QueryUtil._getResponse (/home/codedex/projects/DeXMart/node_modules/@google-cloud/firestore/build/src/reference/query-util.js:44:23)\n    at CollectionReference._getResponse (/home/codedex/projects/DeXMart/node_modules/@google-cloud/firestore/build/src/reference/query.js:784:32)\n    at CollectionReference._get (/home/codedex/projects/DeXMart/node_modules/@google-cloud/firestore/build/src/reference/query.js:777:35)\n    at /home/codedex/projects/DeXMart/node_modules/@google-cloud/firestore/build/src/reference/query.js:745:43\n    at /home/codedex/projects/DeXMart/node_modules/@google-cloud/firestore/build/src/telemetry/enabled-trace-util.js:110:30\n    at NoopContextManager.with (/home/codedex/projects/DeXMart/node_modules/@opentelemetry/api/src/context/NoopContextManager.ts:20:15)\n    at ContextAPI.with (/home/codedex/projects/DeXMart/node_modules/@opentelemetry/api/src/api/context.ts:68:42)\n    at NoopTracer.startActiveSpan (/home/codedex/projects/DeXMart/node_modules/@opentelemetry/api/src/trace/NoopTracer.ts:87:27)\n    at ProxyTracer.startActiveSpan (/home/codedex/projects/DeXMart/node_modules/@opentelemetry/api/src/trace/ProxyTracer.ts:51:20)\n    at EnabledTraceUtil.startActiveSpan (/home/codedex/projects/DeXMart/node_modules/@google-cloud/firestore/build/src/telemetry/enabled-trace-util.js:102:28)","timestamp":"2026-05-30 16:05:22:522"}
{"error":"16 UNAUTHENTICATED: Request had invalid authentication credentials. Expected OAuth 2 access token, login cookie or other valid authentication credential. See https://developers.google.com/identity/sign-in/web/devconsole-project.","level":"\u001b[31merror\u001b[39m","message":"\u001b[31mMultiTenantService.listTenants error:\u001b[39m","stack":"Error: 16 UNAUTHENTICATED: Request had invalid authentication credentials. Expected OAuth 2 access token, login cookie or other valid authentication credential. See https://developers.google.com/identity/sign-in/web/devconsole-project.\n    at callErrorFromStatus (/home/codedex/projects/DeXMart/node_modules/@grpc/grpc-js/src/call.ts:84:17)\n    at Object.onReceiveStatus (/home/codedex/projects/DeXMart/node_modules/@grpc/grpc-js/src/client.ts:612:51)\n    at Object.onReceiveStatus (/home/codedex/projects/DeXMart/node_modules/@grpc/grpc-js/src/client-interceptors.ts:424:48)\n    at /home/codedex/projects/DeXMart/node_modules/@grpc/grpc-js/src/resolving-call.ts:170:24\n    at processTicksAndRejections (node:internal/process/task_queues:85:11)\nfor call at\n    at ServiceClientImpl.makeServerStreamRequest (/home/codedex/projects/DeXMart/node_modules/@grpc/grpc-js/src/client.ts:595:42)\n    at ServiceClientImpl.<anonymous> (/home/codedex/projects/DeXMart/node_modules/@grpc/grpc-js/src/make-client.ts:189:15)\n    at /home/codedex/projects/DeXMart/node_modules/@google-cloud/firestore/build/src/v1/firestore_client.js:242:33\n    at /home/codedex/projects/DeXMart/node_modules/google-gax/src/streamingCalls/streamingApiCaller.ts:59:19\n    at /home/codedex/projects/DeXMart/node_modules/google-gax/src/normalCalls/timeout.ts:54:13\n    at Object.request (/home/codedex/projects/DeXMart/node_modules/google-gax/src/streamingCalls/streaming.ts:331:28)\n    at makeRequest (/home/codedex/projects/DeXMart/node_modules/retry-request/index.js:159:28)\n    at retryRequest (/home/codedex/projects/DeXMart/node_modules/retry-request/index.js:119:5)\n    at StreamProxy.setStream (/home/codedex/projects/DeXMart/node_modules/google-gax/src/streamingCalls/streaming.ts:322:29)\n    at StreamingApiCaller.call (/home/codedex/projects/DeXMart/node_modules/google-gax/src/streamingCalls/streamingApiCaller.ts:89:12)\nCaused by: Error: \n    at QueryUtil._getResponse (/home/codedex/projects/DeXMart/node_modules/@google-cloud/firestore/build/src/reference/query-util.js:44:23)\n    at CollectionReference._getResponse (/home/codedex/projects/DeXMart/node_modules/@google-cloud/firestore/build/src/reference/query.js:784:32)\n    at CollectionReference._get (/home/codedex/projects/DeXMart/node_modules/@google-cloud/firestore/build/src/reference/query.js:777:35)\n    at /home/codedex/projects/DeXMart/node_modules/@google-cloud/firestore/build/src/reference/query.js:745:43\n    at /home/codedex/projects/DeXMart/node_modules/@google-cloud/firestore/build/src/telemetry/enabled-trace-util.js:110:30\n    at NoopContextManager.with (/home/codedex/projects/DeXMart/node_modules/@opentelemetry/api/src/context/NoopContextManager.ts:20:15)\n    at ContextAPI.with (/home/codedex/projects/DeXMart/node_modules/@opentelemetry/api/src/api/context.ts:68:42)\n    at NoopTracer.startActiveSpan (/home/codedex/projects/DeXMart/node_modules/@opentelemetry/api/src/trace/NoopTracer.ts:87:27)\n    at ProxyTracer.startActiveSpan (/home/codedex/projects/DeXMart/node_modules/@opentelemetry/api/src/trace/ProxyTracer.ts:51:20)\n    at EnabledTraceUtil.startActiveSpan (/home/codedex/projects/DeXMart/node_modules/@google-cloud/firestore/build/src/telemetry/enabled-trace-util.js:102:28)","timestamp":"2026-05-30 16:05:22:522"}
{"level":"\u001b[32minfo\u001b[39m","message":"\u001b[32m[ChannelService] Successfully queued 0 channels for resumption.\u001b[39m","timestamp":"2026-05-30 16:05:22:522"}
{"duration":546399520,"level":"\u001b[32minfo\u001b[39m","message":"\u001b[32mPerformance: memory_heap_used = 546399520 bytes\u001b[39m","operation":"memory_heap_used","timestamp":"2026-05-30 16:05:38:538","unit":"bytes"}
{"duration":600244224,"level":"\u001b[32minfo\u001b[39m","message":"\u001b[32mPerformance: memory_heap_total = 600244224 bytes\u001b[39m","operation":"memory_heap_total","timestamp":"2026-05-30 16:05:38:538","unit":"bytes"}
{"duration":761876480,"level":"\u001b[32minfo\u001b[39m","message":"\u001b[32mPerformance: memory_rss = 761876480 bytes\u001b[39m","operation":"memory_rss","timestamp":"2026-05-30 16:05:38:538","unit":"bytes"}
{"duration":38673921,"level":"\u001b[32minfo\u001b[39m","message":"\u001b[32mPerformance: memory_external = 38673921 bytes\u001b[39m","operation":"memory_external","timestamp":"2026-05-30 16:05:38:538","unit":"bytes"}
{"duration":94280537,"level":"\u001b[32minfo\u001b[39m","message":"\u001b[32mPerformance: cpu_user_time = 94280537 microseconds\u001b[39m","operation":"cpu_user_time","timestamp":"2026-05-30 16:05:38:538","unit":"microseconds"}
{"duration":8834967,"level":"\u001b[32minfo\u001b[39m","message":"\u001b[32mPerformance: cpu_system_time = 8834967 microseconds\u001b[39m","operation":"cpu_system_time","timestamp":"2026-05-30 16:05:38:538","unit":"microseconds"}
{"duration":1890.052254507,"level":"\u001b[32minfo\u001b[39m","message":"\u001b[32mPerformance: process_uptime = 1890.052254507 seconds\u001b[39m","operation":"process_uptime","timestamp":"2026-05-30 16:05:38:538","unit":"seconds"}
{"duration":0.205687,"level":"\u001b[32minfo\u001b[39m","message":"\u001b[32mPerformance: event_loop_lag = 0.205687 milliseconds\u001b[39m","operation":"event_loop_lag","timestamp":"2026-05-30 16:05:38:538","unit":"milliseconds"}
{"duration":546237976,"level":"\u001b[32minfo\u001b[39m","message":"\u001b[32mPerformance: memory_heap_used = 546237976 bytes\u001b[39m","operation":"memory_heap_used","timestamp":"2026-05-30 16:06:11:611","unit":"bytes"}
{"duration":597360640,"level":"\u001b[32minfo\u001b[39m","message":"\u001b[32mPerformance: memory_heap_total = 597360640 bytes\u001b[39m","operation":"memory_heap_total","timestamp":"2026-05-30 16:06:11:611","unit":"bytes"}
{"duration":762400768,"level":"\u001b[32minfo\u001b[39m","message":"\u001b[32mPerformance: memory_rss = 762400768 bytes\u001b[39m","operation":"memory_rss","timestamp":"2026-05-30 16:06:11:611","unit":"bytes"}
{"duration":38697324,"level":"\u001b[32minfo\u001b[39m","message":"\u001b[32mPerformance: memory_external = 38697324 bytes\u001b[39m","operation":"memory_external","timestamp":"2026-05-30 16:06:11:611","unit":"bytes"}
{"duration":94295672,"level":"\u001b[32minfo\u001b[39m","message":"\u001b[32mPerformance: cpu_user_time = 94295672 microseconds\u001b[39m","operation":"cpu_user_time","timestamp":"2026-05-30 16:06:11:611","unit":"microseconds"}
{"duration":8858852,"level":"\u001b[32minfo\u001b[39m","message":"\u001b[32mPerformance: cpu_system_time = 8858852 microseconds\u001b[39m","operation":"cpu_system_time","timestamp":"2026-05-30 16:06:11:611","unit":"microseconds"}
{"duration":1920.052927617,"level":"\u001b[32minfo\u001b[39m","message":"\u001b[32mPerformance: process_uptime = 1920.052927617 seconds\u001b[39m","operation":"process_uptime","timestamp":"2026-05-30 16:06:11:611","unit":"seconds"}
{"duration":0.244976,"level":"\u001b[32minfo\u001b[39m","message":"\u001b[32mPerformance: event_loop_lag = 0.244976 milliseconds\u001b[39m","operation":"event_loop_lag","timestamp":"2026-05-30 16:06:11:611","unit":"milliseconds"}
{"level":"\u001b[32minfo\u001b[39m","message":"\u001b[32m>>> [MASTERMIND] Resuming all active channels...\u001b[39m","timestamp":"2026-05-30 16:06:27:627"}
{"error":"16 UNAUTHENTICATED: Request had invalid authentication credentials. Expected OAuth 2 access token, login cookie or other valid authentication credential. See https://developers.google.com/identity/sign-in/web/devconsole-project.","level":"\u001b[31merror\u001b[39m","message":"\u001b[31mFirestore getCollection error [tenants] (Tenant: undefined):\u001b[39m","stack":"Error: 16 UNAUTHENTICATED: Request had invalid authentication credentials. Expected OAuth 2 access token, login cookie or other valid authentication credential. See https://developers.google.com/identity/sign-in/web/devconsole-project.\n    at callErrorFromStatus (/home/codedex/projects/DeXMart/node_modules/@grpc/grpc-js/src/call.ts:84:17)\n    at Object.onReceiveStatus (/home/codedex/projects/DeXMart/node_modules/@grpc/grpc-js/src/client.ts:612:51)\n    at Object.onReceiveStatus (/home/codedex/projects/DeXMart/node_modules/@grpc/grpc-js/src/client-interceptors.ts:424:48)\n    at /home/codedex/projects/DeXMart/node_modules/@grpc/grpc-js/src/resolving-call.ts:170:24\n    at processTicksAndRejections (node:internal/process/task_queues:85:11)\nfor call at\n    at ServiceClientImpl.makeServerStreamRequest (/home/codedex/projects/DeXMart/node_modules/@grpc/grpc-js/src/client.ts:595:42)\n    at ServiceClientImpl.<anonymous> (/home/codedex/projects/DeXMart/node_modules/@grpc/grpc-js/src/make-client.ts:189:15)\n    at /home/codedex/projects/DeXMart/node_modules/@google-cloud/firestore/build/src/v1/firestore_client.js:242:33\n    at /home/codedex/projects/DeXMart/node_modules/google-gax/src/streamingCalls/streamingApiCaller.ts:59:19\n    at /home/codedex/projects/DeXMart/node_modules/google-gax/src/normalCalls/timeout.ts:54:13\n    at Object.request (/home/codedex/projects/DeXMart/node_modules/google-gax/src/streamingCalls/streaming.ts:331:28)\n    at makeRequest (/home/codedex/projects/DeXMart/node_modules/retry-request/index.js:159:28)\n    at retryRequest (/home/codedex/projects/DeXMart/node_modules/retry-request/index.js:119:5)\n    at StreamProxy.setStream (/home/codedex/projects/DeXMart/node_modules/google-gax/src/streamingCalls/streaming.ts:322:29)\n    at StreamingApiCaller.call (/home/codedex/projects/DeXMart/node_modules/google-gax/src/streamingCalls/streamingApiCaller.ts:89:12)\nCaused by: Error: \n    at QueryUtil._getResponse (/home/codedex/projects/DeXMart/node_modules/@google-cloud/firestore/build/src/reference/query-util.js:44:23)\n    at CollectionReference._getResponse (/home/codedex/projects/DeXMart/node_modules/@google-cloud/firestore/build/src/reference/query.js:784:32)\n    at CollectionReference._get (/home/codedex/projects/DeXMart/node_modules/@google-cloud/firestore/build/src/reference/query.js:777:35)\n    at /home/codedex/projects/DeXMart/node_modules/@google-cloud/firestore/build/src/reference/query.js:745:43\n    at /home/codedex/projects/DeXMart/node_modules/@google-cloud/firestore/build/src/telemetry/enabled-trace-util.js:110:30\n    at NoopContextManager.with (/home/codedex/projects/DeXMart/node_modules/@opentelemetry/api/src/context/NoopContextManager.ts:20:15)\n    at ContextAPI.with (/home/codedex/projects/DeXMart/node_modules/@opentelemetry/api/src/api/context.ts:68:42)\n    at NoopTracer.startActiveSpan (/home/codedex/projects/DeXMart/node_modules/@opentelemetry/api/src/trace/NoopTracer.ts:87:27)\n    at ProxyTracer.startActiveSpan (/home/codedex/projects/DeXMart/node_modules/@opentelemetry/api/src/trace/ProxyTracer.ts:51:20)\n    at EnabledTraceUtil.startActiveSpan (/home/codedex/projects/DeXMart/node_modules/@google-cloud/firestore/build/src/telemetry/enabled-trace-util.js:102:28)","timestamp":"2026-05-30 16:06:27:627"}
{"error":"16 UNAUTHENTICATED: Request had invalid authentication credentials. Expected OAuth 2 access token, login cookie or other valid authentication credential. See https://developers.google.com/identity/sign-in/web/devconsole-project.","level":"\u001b[31merror\u001b[39m","message":"\u001b[31mMultiTenantService.listTenants error:\u001b[39m","stack":"Error: 16 UNAUTHENTICATED: Request had invalid authentication credentials. Expected OAuth 2 access token, login cookie or other valid authentication credential. See https://developers.google.com/identity/sign-in/web/devconsole-project.\n    at callErrorFromStatus (/home/codedex/projects/DeXMart/node_modules/@grpc/grpc-js/src/call.ts:84:17)\n    at Object.onReceiveStatus (/home/codedex/projects/DeXMart/node_modules/@grpc/grpc-js/src/client.ts:612:51)\n    at Object.onReceiveStatus (/home/codedex/projects/DeXMart/node_modules/@grpc/grpc-js/src/client-interceptors.ts:424:48)\n    at /home/codedex/projects/DeXMart/node_modules/@grpc/grpc-js/src/resolving-call.ts:170:24\n    at processTicksAndRejections (node:internal/process/task_queues:85:11)\nfor call at\n    at ServiceClientImpl.makeServerStreamRequest (/home/codedex/projects/DeXMart/node_modules/@grpc/grpc-js/src/client.ts:595:42)\n    at ServiceClientImpl.<anonymous> (/home/codedex/projects/DeXMart/node_modules/@grpc/grpc-js/src/make-client.ts:189:15)\n    at /home/codedex/projects/DeXMart/node_modules/@google-cloud/firestore/build/src/v1/firestore_client.js:242:33\n    at /home/codedex/projects/DeXMart/node_modules/google-gax/src/streamingCalls/streamingApiCaller.ts:59:19\n    at /home/codedex/projects/DeXMart/node_modules/google-gax/src/normalCalls/timeout.ts:54:13\n    at Object.request (/home/codedex/projects/DeXMart/node_modules/google-gax/src/streamingCalls/streaming.ts:331:28)\n    at makeRequest (/home/codedex/projects/DeXMart/node_modules/retry-request/index.js:159:28)\n    at retryRequest (/home/codedex/projects/DeXMart/node_modules/retry-request/index.js:119:5)\n    at StreamProxy.setStream (/home/codedex/projects/DeXMart/node_modules/google-gax/src/streamingCalls/streaming.ts:322:29)\n    at StreamingApiCaller.call (/home/codedex/projects/DeXMart/node_modules/google-gax/src/streamingCalls/streamingApiCaller.ts:89:12)\nCaused by: Error: \n    at QueryUtil._getResponse (/home/codedex/projects/DeXMart/node_modules/@google-cloud/firestore/build/src/reference/query-util.js:44:23)\n    at CollectionReference._getResponse (/home/codedex/projects/DeXMart/node_modules/@google-cloud/firestore/build/src/reference/query.js:784:32)\n    at CollectionReference._get (/home/codedex/projects/DeXMart/node_modules/@google-cloud/firestore/build/src/reference/query.js:777:35)\n    at /home/codedex/projects/DeXMart/node_modules/@google-cloud/firestore/build/src/reference/query.js:745:43\n    at /home/codedex/projects/DeXMart/node_modules/@google-cloud/firestore/build/src/telemetry/enabled-trace-util.js:110:30\n    at NoopContextManager.with (/home/codedex/projects/DeXMart/node_modules/@opentelemetry/api/src/context/NoopContextManager.ts:20:15)\n    at ContextAPI.with (/home/codedex/projects/DeXMart/node_modules/@opentelemetry/api/src/api/context.ts:68:42)\n    at NoopTracer.startActiveSpan (/home/codedex/projects/DeXMart/node_modules/@opentelemetry/api/src/trace/NoopTracer.ts:87:27)\n    at ProxyTracer.startActiveSpan (/home/codedex/projects/DeXMart/node_modules/@opentelemetry/api/src/trace/ProxyTracer.ts:51:20)\n    at EnabledTraceUtil.startActiveSpan (/home/codedex/projects/DeXMart/node_modules/@google-cloud/firestore/build/src/telemetry/enabled-trace-util.js:102:28)","timestamp":"2026-05-30 16:06:27:627"}
{"level":"\u001b[32minfo\u001b[39m","message":"\u001b[32m[ChannelService] Successfully queued 0 channels for resumption.\u001b[39m","timestamp":"2026-05-30 16:06:27:627"}
{"duration":547258032,"level":"\u001b[32minfo\u001b[39m","message":"\u001b[32mPerformance: memory_heap_used = 547258032 bytes\u001b[39m","operation":"memory_heap_used","timestamp":"2026-05-30 16:06:44:644","unit":"bytes"}
{"duration":600768512,"level":"\u001b[32minfo\u001b[39m","message":"\u001b[32mPerformance: memory_heap_total = 600768512 bytes\u001b[39m","operation":"memory_heap_total","timestamp":"2026-05-30 16:06:44:644","unit":"bytes"}
{"duration":762400768,"level":"\u001b[32minfo\u001b[39m","message":"\u001b[32mPerformance: memory_rss = 762400768 bytes\u001b[39m","operation":"memory_rss","timestamp":"2026-05-30 16:06:44:644","unit":"bytes"}
{"duration":38764222,"level":"\u001b[32minfo\u001b[39m","message":"\u001b[32mPerformance: memory_external = 38764222 bytes\u001b[39m","operation":"memory_external","timestamp":"2026-05-30 16:06:44:644","unit":"bytes"}
{"duration":94324225,"level":"\u001b[32minfo\u001b[39m","message":"\u001b[32mPerformance: cpu_user_time = 94324225 microseconds\u001b[39m","operation":"cpu_user_time","timestamp":"2026-05-30 16:06:44:644","unit":"microseconds"}
{"duration":8879584,"level":"\u001b[32minfo\u001b[39m","message":"\u001b[32mPerformance: cpu_system_time = 8879584 microseconds\u001b[39m","operation":"cpu_system_time","timestamp":"2026-05-30 16:06:44:644","unit":"microseconds"}
{"duration":1950.053213403,"level":"\u001b[32minfo\u001b[39m","message":"\u001b[32mPerformance: process_uptime = 1950.053213403 seconds\u001b[39m","operation":"process_uptime","timestamp":"2026-05-30 16:06:44:644","unit":"seconds"}
{"duration":0.32281,"level":"\u001b[32minfo\u001b[39m","message":"\u001b[32mPerformance: event_loop_lag = 0.32281 milliseconds\u001b[39m","operation":"event_loop_lag","timestamp":"2026-05-30 16:06:44:644","unit":"milliseconds"}
{"duration":547125904,"level":"\u001b[32minfo\u001b[39m","message":"\u001b[32mPerformance: memory_heap_used = 547125904 bytes\u001b[39m","operation":"memory_heap_used","timestamp":"2026-05-30 16:07:17:717","unit":"bytes"}
{"duration":597622784,"level":"\u001b[32minfo\u001b[39m","message":"\u001b[32mPerformance: memory_heap_total = 597622784 bytes\u001b[39m","operation":"memory_heap_total","timestamp":"2026-05-30 16:07:17:717","unit":"bytes"}
{"duration":763056128,"level":"\u001b[32minfo\u001b[39m","message":"\u001b[32mPerformance: memory_rss = 763056128 bytes\u001b[39m","operation":"memory_rss","timestamp":"2026-05-30 16:07:17:717","unit":"bytes"}
{"duration":38780577,"level":"\u001b[32minfo\u001b[39m","message":"\u001b[32mPerformance: memory_external = 38780577 bytes\u001b[39m","operation":"memory_external","timestamp":"2026-05-30 16:07:17:717","unit":"bytes"}
{"duration":94345035,"level":"\u001b[32minfo\u001b[39m","message":"\u001b[32mPerformance: cpu_user_time = 94345035 microseconds\u001b[39m","operation":"cpu_user_time","timestamp":"2026-05-30 16:07:17:717","unit":"microseconds"}
{"duration":8895764,"level":"\u001b[32minfo\u001b[39m","message":"\u001b[32mPerformance: cpu_system_time = 8895764 microseconds\u001b[39m","operation":"cpu_system_time","timestamp":"2026-05-30 16:07:17:717","unit":"microseconds"}
{"duration":1980.054025758,"level":"\u001b[32minfo\u001b[39m","message":"\u001b[32mPerformance: process_uptime = 1980.054025758 seconds\u001b[39m","operation":"process_uptime","timestamp":"2026-05-30 16:07:17:717","unit":"seconds"}
{"duration":0.257531,"level":"\u001b[32minfo\u001b[39m","message":"\u001b[32mPerformance: event_loop_lag = 0.257531 milliseconds\u001b[39m","operation":"event_loop_lag","timestamp":"2026-05-30 16:07:17:717","unit":"milliseconds"}
{"level":"\u001b[32minfo\u001b[39m","message":"\u001b[32m>>> [MASTERMIND] Resuming all active channels...\u001b[39m","timestamp":"2026-05-30 16:07:33:733"}
{"error":"16 UNAUTHENTICATED: Request had invalid authentication credentials. Expected OAuth 2 access token, login cookie or other valid authentication credential. See https://developers.google.com/identity/sign-in/web/devconsole-project.","level":"\u001b[31merror\u001b[39m","message":"\u001b[31mFirestore getCollection error [tenants] (Tenant: undefined):\u001b[39m","stack":"Error: 16 UNAUTHENTICATED: Request had invalid authentication credentials. Expected OAuth 2 access token, login cookie or other valid authentication credential. See https://developers.google.com/identity/sign-in/web/devconsole-project.\n    at callErrorFromStatus (/home/codedex/projects/DeXMart/node_modules/@grpc/grpc-js/src/call.ts:84:17)\n    at Object.onReceiveStatus (/home/codedex/projects/DeXMart/node_modules/@grpc/grpc-js/src/client.ts:612:51)\n    at Object.onReceiveStatus (/home/codedex/projects/DeXMart/node_modules/@grpc/grpc-js/src/client-interceptors.ts:424:48)\n    at /home/codedex/projects/DeXMart/node_modules/@grpc/grpc-js/src/resolving-call.ts:170:24\n    at processTicksAndRejections (node:internal/process/task_queues:85:11)\nfor call at\n    at ServiceClientImpl.makeServerStreamRequest (/home/codedex/projects/DeXMart/node_modules/@grpc/grpc-js/src/client.ts:595:42)\n    at ServiceClientImpl.<anonymous> (/home/codedex/projects/DeXMart/node_modules/@grpc/grpc-js/src/make-client.ts:189:15)\n    at /home/codedex/projects/DeXMart/node_modules/@google-cloud/firestore/build/src/v1/firestore_client.js:242:33\n    at /home/codedex/projects/DeXMart/node_modules/google-gax/src/streamingCalls/streamingApiCaller.ts:59:19\n    at /home/codedex/projects/DeXMart/node_modules/google-gax/src/normalCalls/timeout.ts:54:13\n    at Object.request (/home/codedex/projects/DeXMart/node_modules/google-gax/src/streamingCalls/streaming.ts:331:28)\n    at makeRequest (/home/codedex/projects/DeXMart/node_modules/retry-request/index.js:159:28)\n    at retryRequest (/home/codedex/projects/DeXMart/node_modules/retry-request/index.js:119:5)\n    at StreamProxy.setStream (/home/codedex/projects/DeXMart/node_modules/google-gax/src/streamingCalls/streaming.ts:322:29)\n    at StreamingApiCaller.call (/home/codedex/projects/DeXMart/node_modules/google-gax/src/streamingCalls/streamingApiCaller.ts:89:12)\nCaused by: Error: \n    at QueryUtil._getResponse (/home/codedex/projects/DeXMart/node_modules/@google-cloud/firestore/build/src/reference/query-util.js:44:23)\n    at CollectionReference._getResponse (/home/codedex/projects/DeXMart/node_modules/@google-cloud/firestore/build/src/reference/query.js:784:32)\n    at CollectionReference._get (/home/codedex/projects/DeXMart/node_modules/@google-cloud/firestore/build/src/reference/query.js:777:35)\n    at /home/codedex/projects/DeXMart/node_modules/@google-cloud/firestore/build/src/reference/query.js:745:43\n    at /home/codedex/projects/DeXMart/node_modules/@google-cloud/firestore/build/src/telemetry/enabled-trace-util.js:110:30\n    at NoopContextManager.with (/home/codedex/projects/DeXMart/node_modules/@opentelemetry/api/src/context/NoopContextManager.ts:20:15)\n    at ContextAPI.with (/home/codedex/projects/DeXMart/node_modules/@opentelemetry/api/src/api/context.ts:68:42)\n    at NoopTracer.startActiveSpan (/home/codedex/projects/DeXMart/node_modules/@opentelemetry/api/src/trace/NoopTracer.ts:87:27)\n    at ProxyTracer.startActiveSpan (/home/codedex/projects/DeXMart/node_modules/@opentelemetry/api/src/trace/ProxyTracer.ts:51:20)\n    at EnabledTraceUtil.startActiveSpan (/home/codedex/projects/DeXMart/node_modules/@google-cloud/firestore/build/src/telemetry/enabled-trace-util.js:102:28)","timestamp":"2026-05-30 16:07:33:733"}
{"error":"16 UNAUTHENTICATED: Request had invalid authentication credentials. Expected OAuth 2 access token, login cookie or other valid authentication credential. See https://developers.google.com/identity/sign-in/web/devconsole-project.","level":"\u001b[31merror\u001b[39m","message":"\u001b[31mMultiTenantService.listTenants error:\u001b[39m","stack":"Error: 16 UNAUTHENTICATED: Request had invalid authentication credentials. Expected OAuth 2 access token, login cookie or other valid authentication credential. See https://developers.google.com/identity/sign-in/web/devconsole-project.\n    at callErrorFromStatus (/home/codedex/projects/DeXMart/node_modules/@grpc/grpc-js/src/call.ts:84:17)\n    at Object.onReceiveStatus (/home/codedex/projects/DeXMart/node_modules/@grpc/grpc-js/src/client.ts:612:51)\n    at Object.onReceiveStatus (/home/codedex/projects/DeXMart/node_modules/@grpc/grpc-js/src/client-interceptors.ts:424:48)\n    at /home/codedex/projects/DeXMart/node_modules/@grpc/grpc-js/src/resolving-call.ts:170:24\n    at processTicksAndRejections (node:internal/process/task_queues:85:11)\nfor call at\n    at ServiceClientImpl.makeServerStreamRequest (/home/codedex/projects/DeXMart/node_modules/@grpc/grpc-js/src/client.ts:595:42)\n    at ServiceClientImpl.<anonymous> (/home/codedex/projects/DeXMart/node_modules/@grpc/grpc-js/src/make-client.ts:189:15)\n    at /home/codedex/projects/DeXMart/node_modules/@google-cloud/firestore/build/src/v1/firestore_client.js:242:33\n    at /home/codedex/projects/DeXMart/node_modules/google-gax/src/streamingCalls/streamingApiCaller.ts:59:19\n    at /home/codedex/projects/DeXMart/node_modules/google-gax/src/normalCalls/timeout.ts:54:13\n    at Object.request (/home/codedex/projects/DeXMart/node_modules/google-gax/src/streamingCalls/streaming.ts:331:28)\n    at makeRequest (/home/codedex/projects/DeXMart/node_modules/retry-request/index.js:159:28)\n    at retryRequest (/home/codedex/projects/DeXMart/node_modules/retry-request/index.js:119:5)\n    at StreamProxy.setStream (/home/codedex/projects/DeXMart/node_modules/google-gax/src/streamingCalls/streaming.ts:322:29)\n    at StreamingApiCaller.call (/home/codedex/projects/DeXMart/node_modules/google-gax/src/streamingCalls/streamingApiCaller.ts:89:12)\nCaused by: Error: \n    at QueryUtil._getResponse (/home/codedex/projects/DeXMart/node_modules/@google-cloud/firestore/build/src/reference/query-util.js:44:23)\n    at CollectionReference._getResponse (/home/codedex/projects/DeXMart/node_modules/@google-cloud/firestore/build/src/reference/query.js:784:32)\n    at CollectionReference._get (/home/codedex/projects/DeXMart/node_modules/@google-cloud/firestore/build/src/reference/query.js:777:35)\n    at /home/codedex/projects/DeXMart/node_modules/@google-cloud/firestore/build/src/reference/query.js:745:43\n    at /home/codedex/projects/DeXMart/node_modules/@google-cloud/firestore/build/src/telemetry/enabled-trace-util.js:110:30\n    at NoopContextManager.with (/home/codedex/projects/DeXMart/node_modules/@opentelemetry/api/src/context/NoopContextManager.ts:20:15)\n    at ContextAPI.with (/home/codedex/projects/DeXMart/node_modules/@opentelemetry/api/src/api/context.ts:68:42)\n    at NoopTracer.startActiveSpan (/home/codedex/projects/DeXMart/node_modules/@opentelemetry/api/src/trace/NoopTracer.ts:87:27)\n    at ProxyTracer.startActiveSpan (/home/codedex/projects/DeXMart/node_modules/@opentelemetry/api/src/trace/ProxyTracer.ts:51:20)\n    at EnabledTraceUtil.startActiveSpan (/home/codedex/projects/DeXMart/node_modules/@google-cloud/firestore/build/src/telemetry/enabled-trace-util.js:102:28)","timestamp":"2026-05-30 16:07:33:733"}
{"level":"\u001b[32minfo\u001b[39m","message":"\u001b[32m[ChannelService] Successfully queued 0 channels for resumption.\u001b[39m","timestamp":"2026-05-30 16:07:33:733"}
{"duration":547606544,"level":"\u001b[32minfo\u001b[39m","message":"\u001b[32mPerformance: memory_heap_used = 547606544 bytes\u001b[39m","operation":"memory_heap_used","timestamp":"2026-05-30 16:07:50:750","unit":"bytes"}
{"duration":597884928,"level":"\u001b[32minfo\u001b[39m","message":"\u001b[32mPerformance: memory_heap_total = 597884928 bytes\u001b[39m","operation":"memory_heap_total","timestamp":"2026-05-30 16:07:50:750","unit":"bytes"}
{"duration":763318272,"level":"\u001b[32minfo\u001b[39m","message":"\u001b[32mPerformance: memory_rss = 763318272 bytes\u001b[39m","operation":"memory_rss","timestamp":"2026-05-30 16:07:50:750","unit":"bytes"}
{"duration":38812720,"level":"\u001b[32minfo\u001b[39m","message":"\u001b[32mPerformance: memory_external = 38812720 bytes\u001b[39m","operation":"memory_external","timestamp":"2026-05-30 16:07:50:750","unit":"bytes"}
{"duration":94392095,"level":"\u001b[32minfo\u001b[39m","message":"\u001b[32mPerformance: cpu_user_time = 94392095 microseconds\u001b[39m","operation":"cpu_user_time","timestamp":"2026-05-30 16:07:50:750","unit":"microseconds"}
{"duration":8905245,"level":"\u001b[32minfo\u001b[39m","message":"\u001b[32mPerformance: cpu_system_time = 8905245 microseconds\u001b[39m","operation":"cpu_system_time","timestamp":"2026-05-30 16:07:50:750","unit":"microseconds"}
{"duration":2010.054640027,"level":"\u001b[32minfo\u001b[39m","message":"\u001b[32mPerformance: process_uptime = 2010.054640027 seconds\u001b[39m","operation":"process_uptime","timestamp":"2026-05-30 16:07:50:750","unit":"seconds"}
{"duration":0.2044,"level":"\u001b[32minfo\u001b[39m","message":"\u001b[32mPerformance: event_loop_lag = 0.2044 milliseconds\u001b[39m","operation":"event_loop_lag","timestamp":"2026-05-30 16:07:50:750","unit":"milliseconds"}
{"level":"\u001b[32minfo\u001b[39m","message":"\u001b[32m>>> [MASTERMIND] Received SIGTERM. Initiating graceful shutdown...\u001b[39m","timestamp":"2026-05-30 16:08:22:822"}
{"level":"\u001b[32minfo\u001b[39m","message":"\u001b[32m[EventListener] Stopped\u001b[39m","timestamp":"2026-05-30 16:08:22:822"}
{"level":"\u001b[32minfo\u001b[39m","message":"\u001b[32m<<< [MASTERMIND] Stopped ChannelService watchdog\u001b[39m","timestamp":"2026-05-30 16:08:22:822"}
{"level":"\u001b[32minfo\u001b[39m","message":"\u001b[32m>>> [MASTERMIND] Stopping OpenClaw Gateway...\u001b[39m","timestamp":"2026-05-30 16:08:22:822"}
{"level":"\u001b[32minfo\u001b[39m","message":"\u001b[32mShutting down multi-tenant server...\u001b[39m","timestamp":"2026-05-30 16:08:22:822"}
{"level":"\u001b[32minfo\u001b[39m","message":"\u001b[32m✅ Environment variables validated via Zod\u001b[39m","timestamp":"2026-05-30 16:12:53:1253"}
{"level":"\u001b[34mdebug\u001b[39m","message":"\u001b[34m🔐 JWT_SECRET loaded (64 chars)\u001b[39m","timestamp":"2026-05-30 16:12:53:1253"}
{"level":"\u001b[32minfo\u001b[39m","message":"\u001b[32m🔗 Constructed internal REDIS_URL from host and port configuration\u001b[39m","timestamp":"2026-05-30 16:12:53:1253"}
{"level":"\u001b[32minfo\u001b[39m","message":"\u001b[32m✅ Configuration validation passed\u001b[39m","timestamp":"2026-05-30 16:12:53:1253"}
{"level":"\u001b[32minfo\u001b[39m","message":"\u001b[32mConfigService initialized as wrapper for ConfigManager\u001b[39m","timestamp":"2026-05-30 16:12:53:1253"}
{"level":"\u001b[32minfo\u001b[39m","message":"\u001b[32mBullMQ Job Queue Service initialized\u001b[39m","timestamp":"2026-05-30 16:12:53:1253"}
{"level":"\u001b[34mdebug\u001b[39m","message":"\u001b[34mPerformance monitoring started\u001b[39m","timestamp":"2026-05-30 16:12:54:1254"}
{"level":"\u001b[32minfo\u001b[39m","message":"\u001b[32mAnalytics service initialized\u001b[39m","timestamp":"2026-05-30 16:12:54:1254"}
{"level":"\u001b[32minfo\u001b[39m","message":"\u001b[32mQueueService initialized: campaigns\u001b[39m","timestamp":"2026-05-30 16:12:54:1254"}
{"level":"\u001b[32minfo\u001b[39m","message":"\u001b[32m>>> [MASTERMIND] ABSOLUTE START OF MAIN.TS\u001b[39m","timestamp":"2026-05-30 16:12:55:1255"}
{"level":"\u001b[32minfo\u001b[39m","message":"\u001b[32m>>> [MASTERMIND] Starting main()\u001b[39m","timestamp":"2026-05-30 16:12:55:1255"}
{"level":"\u001b[32minfo\u001b[39m","message":"\u001b[32m🚀 Starting DeXMart...\u001b[39m","timestamp":"2026-05-30 16:12:55:1255"}
{"level":"\u001b[32minfo\u001b[39m","message":"\u001b[32m>>> [MASTERMIND] Validating environment variables...\u001b[39m","timestamp":"2026-05-30 16:12:55:1255"}
{"level":"\u001b[32minfo\u001b[39m","message":"\u001b[32m🔍 Validating environment variables...\u001b[39m","timestamp":"2026-05-30 16:12:55:1255"}
{"level":"\u001b[32minfo\u001b[39m","message":"\u001b[32m✅ FIREBASE_SERVICE_ACCOUNT_PATH: dexmart-befcd0e9c376.json\u001b[39m","timestamp":"2026-05-30 16:12:55:1255"}
{"level":"\u001b[32minfo\u001b[39m","message":"\u001b[32m✅ FIREBASE_PROJECT_ID: dexmart\u001b[39m","timestamp":"2026-05-30 16:12:55:1255"}
{"level":"\u001b[32minfo\u001b[39m","message":"\u001b[32m✅ GOOGLE_GEMINI_API_KEY: ***[REDACTED]***\u001b[39m","timestamp":"2026-05-30 16:12:55:1255"}
{"level":"\u001b[32minfo\u001b[39m","message":"\u001b[32m✅ PORT: 3001\u001b[39m","timestamp":"2026-05-30 16:12:55:1255"}
{"level":"\u001b[32minfo\u001b[39m","message":"\u001b[32m✅ NODE_ENV: development\u001b[39m","timestamp":"2026-05-30 16:12:55:1255"}
{"level":"\u001b[32minfo\u001b[39m","message":"\u001b[32m✅ JWT_SECRET: ***[REDACTED]***\u001b[39m","timestamp":"2026-05-30 16:12:55:1255"}
{"level":"\u001b[32minfo\u001b[39m","message":"\u001b[32m✅ RATE_LIMIT_AI_REQ: 10\u001b[39m","timestamp":"2026-05-30 16:12:55:1255"}
{"level":"\u001b[32minfo\u001b[39m","message":"\u001b[32m✅ USE_BAILEYS_DIRECT: false\u001b[39m","timestamp":"2026-05-30 16:12:55:1255"}
{"level":"\u001b[32minfo\u001b[39m","message":"\u001b[32m✅ Environment validation passed!\u001b[39m","timestamp":"2026-05-30 16:12:55:1255"}
{"level":"\u001b[32minfo\u001b[39m","message":"\u001b[32m>>> [MASTERMIND] Environment validation passed.\u001b[39m","timestamp":"2026-05-30 16:12:55:1255"}
{"level":"\u001b[32minfo\u001b[39m","message":"\u001b[32m>>> [MASTERMIND] initializeContext() called\u001b[39m","timestamp":"2026-05-30 16:12:55:1255"}
{"level":"\u001b[32minfo\u001b[39m","message":"\u001b[32m>>> [MASTERMIND] Starting fresh initialization\u001b[39m","timestamp":"2026-05-30 16:12:55:1255"}
{"level":"\u001b[32minfo\u001b[39m","message":"\u001b[32m>>> [MASTERMIND] Base context object built.\u001b[39m","timestamp":"2026-05-30 16:12:55:1255"}
{"level":"\u001b[32minfo\u001b[39m","message":"\u001b[32m🔧 Unified Command System initialized\u001b[39m","timestamp":"2026-05-30 16:12:55:1255"}
{"level":"\u001b[32minfo\u001b[39m","message":"\u001b[32mInitializing Command System and loading commands...\u001b[39m","timestamp":"2026-05-30 16:12:55:1255"}
{"level":"\u001b[32minfo\u001b[39m","message":"\u001b[32m🔄 Parallelizing command loading...\u001b[39m","timestamp":"2026-05-30 16:12:55:1255"}
{"level":"\u001b[32minfo\u001b[39m","message":"\u001b[32m✅ Redis connected successfully\u001b[39m","timestamp":"2026-05-30 16:12:55:1255"}
{"level":"\u001b[32minfo\u001b[39m","message":"\u001b[32m✅ Redis Connected - Switching to distributed cache\u001b[39m","timestamp":"2026-05-30 16:12:55:1255"}
{"level":"\u001b[32minfo\u001b[39m","message":"\u001b[32mBullMQ Queues initialized with unified Redis connection\u001b[39m","timestamp":"2026-05-30 16:12:55:1255"}
{"level":"\u001b[32minfo\u001b[39m","message":"\u001b[32m🎉 High-Speed Load Complete: 93 commands in 547ms\u001b[39m","timestamp":"2026-05-30 16:12:55:1255"}
{"level":"\u001b[32minfo\u001b[39m","message":"\u001b[32m>>> [MASTERMIND] Command loading finished. Getting mock bot...\u001b[39m","timestamp":"2026-05-30 16:12:55:1255"}
{"level":"\u001b[32minfo\u001b[39m","message":"\u001b[32m✅ Global Context initialized successfully\u001b[39m","timestamp":"2026-05-30 16:12:55:1255"}
{"level":"\u001b[32minfo\u001b[39m","message":"\u001b[32m>>> [MASTERMIND] Global Context initialized successfully\u001b[39m","timestamp":"2026-05-30 16:12:55:1255"}
{"level":"\u001b[32minfo\u001b[39m","message":"\u001b[32m>>> [MASTERMIND] Global Context initialized.\u001b[39m","timestamp":"2026-05-30 16:12:55:1255"}
{"level":"\u001b[32minfo\u001b[39m","message":"\u001b[32m>>> [MASTERMIND] Initializing Job Registry...\u001b[39m","timestamp":"2026-05-30 16:12:55:1255"}
{"level":"\u001b[32minfo\u001b[39m","message":"\u001b[32m[ApiKeyManager] Initialized Universal Manager with 12 keys (Semantic Cache Enabled)\u001b[39m","timestamp":"2026-05-30 16:12:55:1255"}
{"level":"\u001b[32minfo\u001b[39m","message":"\u001b[32mAIUtilityService initialized with 12 API keys (12 healthy)\u001b[39m","timestamp":"2026-05-30 16:12:55:1255"}
{"level":"\u001b[32minfo\u001b[39m","message":"\u001b[32mInitializing job queues...\u001b[39m","timestamp":"2026-05-30 16:12:55:1255"}
{"level":"\u001b[32minfo\u001b[39m","message":"\u001b[32mQueue 'ai-processing' created successfully\u001b[39m","timestamp":"2026-05-30 16:12:55:1255"}
{"level":"\u001b[32minfo\u001b[39m","message":"\u001b[32mQueue 'media-processing' created successfully\u001b[39m","timestamp":"2026-05-30 16:12:55:1255"}
{"level":"\u001b[32minfo\u001b[39m","message":"\u001b[32mQueue 'notification' created successfully\u001b[39m","timestamp":"2026-05-30 16:12:55:1255"}
{"level":"\u001b[32minfo\u001b[39m","message":"\u001b[32mQueue 'analytics' created successfully\u001b[39m","timestamp":"2026-05-30 16:12:55:1255"}
{"level":"\u001b[32minfo\u001b[39m","message":"\u001b[32mQueue 'cleanup' created successfully\u001b[39m","timestamp":"2026-05-30 16:12:55:1255"}
{"level":"\u001b[32minfo\u001b[39m","message":"\u001b[32mQueue 'whatsapp-outbound' created successfully\u001b[39m","timestamp":"2026-05-30 16:12:55:1255"}
{"level":"\u001b[32minfo\u001b[39m","message":"\u001b[32mQueue 'group-sync' created successfully\u001b[39m","timestamp":"2026-05-30 16:12:55:1255"}
{"level":"\u001b[32minfo\u001b[39m","message":"\u001b[32mAll job queues initialized successfully\u001b[39m","timestamp":"2026-05-30 16:12:55:1255"}
{"level":"\u001b[32minfo\u001b[39m","message":"\u001b[32mRegistering job processors...\u001b[39m","timestamp":"2026-05-30 16:12:55:1255"}
{"level":"\u001b[32minfo\u001b[39m","message":"\u001b[32mRegistered BullMQ worker for queue 'ai-processing'\u001b[39m","timestamp":"2026-05-30 16:12:55:1255"}
{"level":"\u001b[32minfo\u001b[39m","message":"\u001b[32mRegistered BullMQ worker for queue 'media-processing'\u001b[39m","timestamp":"2026-05-30 16:12:55:1255"}
{"level":"\u001b[32minfo\u001b[39m","message":"\u001b[32mStatsAggregatorJob initialized\u001b[39m","timestamp":"2026-05-30 16:12:55:1255"}
{"level":"\u001b[32minfo\u001b[39m","message":"\u001b[32mInitializing WhatsApp Outbound Worker (Anti-Ban enabled)...\u001b[39m","timestamp":"2026-05-30 16:12:55:1255"}
{"level":"\u001b[32minfo\u001b[39m","message":"\u001b[32mRegistered BullMQ worker for queue 'whatsapp-outbound'\u001b[39m","timestamp":"2026-05-30 16:12:55:1255"}
{"level":"\u001b[32minfo\u001b[39m","message":"\u001b[32m[GroupSyncWorker] Initializing Group Sync Worker...\u001b[39m","timestamp":"2026-05-30 16:12:55:1255"}
{"level":"\u001b[32minfo\u001b[39m","message":"\u001b[32mRegistered BullMQ worker for queue 'group-sync'\u001b[39m","timestamp":"2026-05-30 16:12:55:1255"}
{"level":"\u001b[32minfo\u001b[39m","message":"\u001b[32m[GroupSyncWorker] Group Sync Worker registered and listening\u001b[39m","timestamp":"2026-05-30 16:12:55:1255"}
{"level":"\u001b[32minfo\u001b[39m","message":"\u001b[32mInitializing Anti-Ban Resume Worker (Interval: 20000ms)...\u001b[39m","timestamp":"2026-05-30 16:12:55:1255"}
{"level":"\u001b[32minfo\u001b[39m","message":"\u001b[32mAll job processors registered successfully\u001b[39m","timestamp":"2026-05-30 16:12:55:1255"}
{"level":"\u001b[32minfo\u001b[39m","message":"\u001b[32m>>> [MASTERMIND] Initializing Campaign Worker...\u001b[39m","timestamp":"2026-05-30 16:12:55:1255"}
{"level":"\u001b[32minfo\u001b[39m","message":"\u001b[32mCampaignWorker initialized with Omnichannel Adapter + Anti-Ban Engine\u001b[39m","timestamp":"2026-05-30 16:12:55:1255"}
{"level":"\u001b[32minfo\u001b[39m","message":"\u001b[32m>>> [MASTERMIND] Campaign Worker call finished.\u001b[39m","timestamp":"2026-05-30 16:12:55:1255"}
{"level":"\u001b[32minfo\u001b[39m","message":"\u001b[32m>>> [MASTERMIND] USE_SERVER is true. Initializing MultiTenantApp...\u001b[39m","timestamp":"2026-05-30 16:12:55:1255"}
{"level":"\u001b[32minfo\u001b[39m","message":"\u001b[32mInitializing Multi-tenant DeXMart SaaS Platform...\u001b[39m","timestamp":"2026-05-30 16:12:55:1255"}
{"level":"\u001b[32minfo\u001b[39m","message":"\u001b[32m>>> [MASTERMIND] Setting up server middleware...\u001b[39m","timestamp":"2026-05-30 16:12:55:1255"}
{"level":"\u001b[32minfo\u001b[39m","message":"\u001b[32m>>> [MASTERMIND] Setting up server routes...\u001b[39m","timestamp":"2026-05-30 16:12:55:1255"}
{"level":"\u001b[32minfo\u001b[39m","message":"\u001b[32m>>> [MASTERMIND] Initializing Analytics Service...\u001b[39m","timestamp":"2026-05-30 16:12:55:1255"}
{"level":"\u001b[32minfo\u001b[39m","message":"\u001b[32mWebSocket server started on port 3002\u001b[39m","timestamp":"2026-05-30 16:12:55:1255"}
{"level":"\u001b[32minfo\u001b[39m","message":"\u001b[32m>>> [MASTERMIND] Enterprise Analytics Gateway online at port 3002\u001b[39m","timestamp":"2026-05-30 16:12:55:1255"}
{"level":"\u001b[32minfo\u001b[39m","message":"\u001b[32m>>> [MASTERMIND] Initializing Unified WebSockets...\u001b[39m","timestamp":"2026-05-30 16:12:55:1255"}
{"level":"\u001b[32minfo\u001b[39m","message":"\u001b[32mUnified Socket Service initialized\u001b[39m","timestamp":"2026-05-30 16:12:55:1255"}
{"level":"\u001b[32minfo\u001b[39m","message":"\u001b[32m>>> [MASTERMIND] Initializing additional services...\u001b[39m","timestamp":"2026-05-30 16:12:55:1255"}
{"level":"\u001b[32minfo\u001b[39m","message":"\u001b[32m>>> [MASTERMIND] Starting active tenant bots...\u001b[39m","timestamp":"2026-05-30 16:12:55:1255"}
{"level":"\u001b[32minfo\u001b[39m","message":"\u001b[32mStarting active tenant channels...\u001b[39m","timestamp":"2026-05-30 16:12:55:1255"}
{"level":"\u001b[32minfo\u001b[39m","message":"\u001b[32m>>> [MASTERMIND] Resuming all active channels...\u001b[39m","timestamp":"2026-05-30 16:12:55:1255"}
{"level":"\u001b[32minfo\u001b[39m","message":"\u001b[32mFirebase Config: path=dexmart-befcd0e9c376.json, projectId=dexmart, hasEmail=false, hasKey=false\u001b[39m","timestamp":"2026-05-30 16:12:55:1255"}
{"level":"\u001b[32minfo\u001b[39m","message":"\u001b[32mLoading service account via direct path: dexmart-befcd0e9c376.json\u001b[39m","timestamp":"2026-05-30 16:12:55:1255"}
{"level":"\u001b[32minfo\u001b[39m","message":"\u001b[32mInitializing Firebase Admin...\u001b[39m","timestamp":"2026-05-30 16:12:55:1255"}
{"level":"\u001b[32minfo\u001b[39m","message":"\u001b[32m🔥 Firebase Admin Initialized (Project: dexmart)\u001b[39m","timestamp":"2026-05-30 16:12:55:1255"}
{"level":"\u001b[34mdebug\u001b[39m","message":"\u001b[34mMedia processing directories ensured\u001b[39m","timestamp":"2026-05-30 16:12:55:1255"}
{"level":"\u001b[32minfo\u001b[39m","message":"\u001b[32mSystem Default Agent created for tenant system_default\u001b[39m","timestamp":"2026-05-30 16:12:57:1257"}
{"level":"\u001b[32minfo\u001b[39m","message":"\u001b[32mSystem Default Agent created for tenant tenant-2828c093-804b-4061-93e6-2f13df20f06d\u001b[39m","timestamp":"2026-05-30 16:12:58:1258"}
{"level":"\u001b[32minfo\u001b[39m","message":"\u001b[32mSystem Default Agent created for tenant tenant-2f69f3e0-cdd9-4ee8-a3a6-68ade2229e27\u001b[39m","timestamp":"2026-05-30 16:12:58:1258"}
{"level":"\u001b[32minfo\u001b[39m","message":"\u001b[32mSystem Default Agent created for tenant tenant-c753f44f-55e9-4381-9aaa-d4474b89277f\u001b[39m","timestamp":"2026-05-30 16:12:59:1259"}
{"level":"\u001b[32minfo\u001b[39m","message":"\u001b[32mSystem Default Agent created for tenant tenant-f7980402-99cb-4674-8374-4e442a2ccc6c\u001b[39m","timestamp":"2026-05-30 16:12:59:1259"}
{"level":"\u001b[32minfo\u001b[39m","message":"\u001b[32m[ChannelService] Successfully queued 0 channels for resumption.\u001b[39m","timestamp":"2026-05-30 16:12:59:1259"}
{"level":"\u001b[32minfo\u001b[39m","message":"\u001b[32mMulti-tenant app initialized successfully\u001b[39m","timestamp":"2026-05-30 16:12:59:1259"}
{"level":"\u001b[32minfo\u001b[39m","message":"\u001b[32m>>> [MASTERMIND] MultiTenantApp initialized.\u001b[39m","timestamp":"2026-05-30 16:12:59:1259"}
{"level":"\u001b[32minfo\u001b[39m","message":"\u001b[32m>>> [MASTERMIND] Attempting to listen on port 3001...\u001b[39m","timestamp":"2026-05-30 16:12:59:1259"}
{"level":"\u001b[32minfo\u001b[39m","message":"\u001b[32m>>> [MASTERMIND] MultiTenantApp started.\u001b[39m","timestamp":"2026-05-30 16:12:59:1259"}
{"level":"\u001b[32minfo\u001b[39m","message":"\u001b[32m>>> [MASTERMIND] Starting ChannelService watchdog (interval: 60000ms)\u001b[39m","timestamp":"2026-05-30 16:12:59:1259"}
{"level":"\u001b[32minfo\u001b[39m","message":"\u001b[32m[EventListener] Starting agent event listener\u001b[39m","timestamp":"2026-05-30 16:12:59:1259"}
{"level":"\u001b[32minfo\u001b[39m","message":"\u001b[32m✨ DeXMart is ready!\u001b[39m","timestamp":"2026-05-30 16:12:59:1259"}
{"level":"\u001b[32minfo\u001b[39m","message":"\u001b[32m>>> [MASTERMIND] Multi-tenant DeXMart server running on port 3001\u001b[39m","timestamp":"2026-05-30 16:12:59:1259"}
{"duration":325008248,"level":"\u001b[32minfo\u001b[39m","message":"\u001b[32mPerformance: memory_heap_used = 325008248 bytes\u001b[39m","operation":"memory_heap_used","timestamp":"2026-05-30 16:13:24:1324","unit":"bytes"}
{"duration":444637184,"level":"\u001b[32minfo\u001b[39m","message":"\u001b[32mPerformance: memory_heap_total = 444637184 bytes\u001b[39m","operation":"memory_heap_total","timestamp":"2026-05-30 16:13:24:1324","unit":"bytes"}
{"duration":592011264,"level":"\u001b[32minfo\u001b[39m","message":"\u001b[32mPerformance: memory_rss = 592011264 bytes\u001b[39m","operation":"memory_rss","timestamp":"2026-05-30 16:13:24:1324","unit":"bytes"}
{"duration":31322874,"level":"\u001b[32minfo\u001b[39m","message":"\u001b[32mPerformance: memory_external = 31322874 bytes\u001b[39m","operation":"memory_external","timestamp":"2026-05-30 16:13:24:1324","unit":"bytes"}
{"duration":4247052,"level":"\u001b[32minfo\u001b[39m","message":"\u001b[32mPerformance: cpu_user_time = 4247052 microseconds\u001b[39m","operation":"cpu_user_time","timestamp":"2026-05-30 16:13:24:1324","unit":"microseconds"}
{"duration":1093086,"level":"\u001b[32minfo\u001b[39m","message":"\u001b[32mPerformance: cpu_system_time = 1093086 microseconds\u001b[39m","operation":"cpu_system_time","timestamp":"2026-05-30 16:13:24:1324","unit":"microseconds"}
{"duration":32.51239111,"level":"\u001b[32minfo\u001b[39m","message":"\u001b[32mPerformance: process_uptime = 32.51239111 seconds\u001b[39m","operation":"process_uptime","timestamp":"2026-05-30 16:13:24:1324","unit":"seconds"}
{"duration":0.413099,"level":"\u001b[32minfo\u001b[39m","message":"\u001b[32mPerformance: event_loop_lag = 0.413099 milliseconds\u001b[39m","operation":"event_loop_lag","timestamp":"2026-05-30 16:13:24:1324","unit":"milliseconds"}
{"duration":326539896,"level":"\u001b[32minfo\u001b[39m","message":"\u001b[32mPerformance: memory_heap_used = 326539896 bytes\u001b[39m","operation":"memory_heap_used","timestamp":"2026-05-30 16:13:58:1358","unit":"bytes"}
{"duration":445161472,"level":"\u001b[32minfo\u001b[39m","message":"\u001b[32mPerformance: memory_heap_total = 445161472 bytes\u001b[39m","operation":"memory_heap_total","timestamp":"2026-05-30 16:13:58:1358","unit":"bytes"}
{"duration":592011264,"level":"\u001b[32minfo\u001b[39m","message":"\u001b[32mPerformance: memory_rss = 592011264 bytes\u001b[39m","operation":"memory_rss","timestamp":"2026-05-30 16:13:58:1358","unit":"bytes"}
{"duration":31356747,"level":"\u001b[32minfo\u001b[39m","message":"\u001b[32mPerformance: memory_external = 31356747 bytes\u001b[39m","operation":"memory_external","timestamp":"2026-05-30 16:13:58:1358","unit":"bytes"}
{"duration":4286239,"level":"\u001b[32minfo\u001b[39m","message":"\u001b[32mPerformance: cpu_user_time = 4286239 microseconds\u001b[39m","operation":"cpu_user_time","timestamp":"2026-05-30 16:13:58:1358","unit":"microseconds"}
{"duration":1101741,"level":"\u001b[32minfo\u001b[39m","message":"\u001b[32mPerformance: cpu_system_time = 1101741 microseconds\u001b[39m","operation":"cpu_system_time","timestamp":"2026-05-30 16:13:58:1358","unit":"microseconds"}
{"duration":62.512462719,"level":"\u001b[32minfo\u001b[39m","message":"\u001b[32mPerformance: process_uptime = 62.512462719 seconds\u001b[39m","operation":"process_uptime","timestamp":"2026-05-30 16:13:58:1358","unit":"seconds"}
{"duration":0.326505,"level":"\u001b[32minfo\u001b[39m","message":"\u001b[32mPerformance: event_loop_lag = 0.326505 milliseconds\u001b[39m","operation":"event_loop_lag","timestamp":"2026-05-30 16:13:58:1358","unit":"milliseconds"}
{"level":"\u001b[32minfo\u001b[39m","message":"\u001b[32m>>> [MASTERMIND] Resuming all active channels...\u001b[39m","timestamp":"2026-05-30 16:14:04:144"}
{"level":"\u001b[32minfo\u001b[39m","message":"\u001b[32m[ChannelService] Successfully queued 0 channels for resumption.\u001b[39m","timestamp":"2026-05-30 16:14:07:147"}
{"level":"\u001b[32minfo\u001b[39m","message":"\u001b[32m✅ Environment variables validated via Zod\u001b[39m","timestamp":"2026-05-30 16:16:53:1653"}
{"level":"\u001b[34mdebug\u001b[39m","message":"\u001b[34m🔐 JWT_SECRET loaded (64 chars)\u001b[39m","timestamp":"2026-05-30 16:16:53:1653"}
{"level":"\u001b[32minfo\u001b[39m","message":"\u001b[32m🔗 Constructed internal REDIS_URL from host and port configuration\u001b[39m","timestamp":"2026-05-30 16:16:53:1653"}
{"level":"\u001b[32minfo\u001b[39m","message":"\u001b[32m✅ Configuration validation passed\u001b[39m","timestamp":"2026-05-30 16:16:53:1653"}
{"level":"\u001b[32minfo\u001b[39m","message":"\u001b[32mConfigService initialized as wrapper for ConfigManager\u001b[39m","timestamp":"2026-05-30 16:16:53:1653"}
{"level":"\u001b[32minfo\u001b[39m","message":"\u001b[32mBullMQ Job Queue Service initialized\u001b[39m","timestamp":"2026-05-30 16:16:53:1653"}
{"level":"\u001b[34mdebug\u001b[39m","message":"\u001b[34mPerformance monitoring started\u001b[39m","timestamp":"2026-05-30 16:16:54:1654"}
{"level":"\u001b[32minfo\u001b[39m","message":"\u001b[32mAnalytics service initialized\u001b[39m","timestamp":"2026-05-30 16:16:54:1654"}
{"level":"\u001b[32minfo\u001b[39m","message":"\u001b[32mQueueService initialized: campaigns\u001b[39m","timestamp":"2026-05-30 16:16:54:1654"}
{"level":"\u001b[32minfo\u001b[39m","message":"\u001b[32m>>> [MASTERMIND] ABSOLUTE START OF MAIN.TS\u001b[39m","timestamp":"2026-05-30 16:16:55:1655"}
{"level":"\u001b[32minfo\u001b[39m","message":"\u001b[32m>>> [MASTERMIND] Starting main()\u001b[39m","timestamp":"2026-05-30 16:16:55:1655"}
{"level":"\u001b[32minfo\u001b[39m","message":"\u001b[32m🚀 Starting DeXMart...\u001b[39m","timestamp":"2026-05-30 16:16:55:1655"}
{"level":"\u001b[32minfo\u001b[39m","message":"\u001b[32m>>> [MASTERMIND] Validating environment variables...\u001b[39m","timestamp":"2026-05-30 16:16:55:1655"}
{"level":"\u001b[32minfo\u001b[39m","message":"\u001b[32m🔍 Validating environment variables...\u001b[39m","timestamp":"2026-05-30 16:16:55:1655"}
{"level":"\u001b[32minfo\u001b[39m","message":"\u001b[32m✅ FIREBASE_SERVICE_ACCOUNT_PATH: dexmart-befcd0e9c376.json\u001b[39m","timestamp":"2026-05-30 16:16:55:1655"}
{"level":"\u001b[32minfo\u001b[39m","message":"\u001b[32m✅ FIREBASE_PROJECT_ID: dexmart\u001b[39m","timestamp":"2026-05-30 16:16:55:1655"}
{"level":"\u001b[32minfo\u001b[39m","message":"\u001b[32m✅ GOOGLE_GEMINI_API_KEY: ***[REDACTED]***\u001b[39m","timestamp":"2026-05-30 16:16:55:1655"}
{"level":"\u001b[32minfo\u001b[39m","message":"\u001b[32m✅ PORT: 3001\u001b[39m","timestamp":"2026-05-30 16:16:55:1655"}
{"level":"\u001b[32minfo\u001b[39m","message":"\u001b[32m✅ NODE_ENV: development\u001b[39m","timestamp":"2026-05-30 16:16:55:1655"}
{"level":"\u001b[32minfo\u001b[39m","message":"\u001b[32m✅ JWT_SECRET: ***[REDACTED]***\u001b[39m","timestamp":"2026-05-30 16:16:55:1655"}
{"level":"\u001b[32minfo\u001b[39m","message":"\u001b[32m✅ RATE_LIMIT_AI_REQ: 10\u001b[39m","timestamp":"2026-05-30 16:16:55:1655"}
{"level":"\u001b[32minfo\u001b[39m","message":"\u001b[32m✅ USE_BAILEYS_DIRECT: false\u001b[39m","timestamp":"2026-05-30 16:16:55:1655"}
{"level":"\u001b[32minfo\u001b[39m","message":"\u001b[32m✅ Environment validation passed!\u001b[39m","timestamp":"2026-05-30 16:16:55:1655"}
{"level":"\u001b[32minfo\u001b[39m","message":"\u001b[32m>>> [MASTERMIND] Environment validation passed.\u001b[39m","timestamp":"2026-05-30 16:16:55:1655"}
{"level":"\u001b[32minfo\u001b[39m","message":"\u001b[32m>>> [MASTERMIND] initializeContext() called\u001b[39m","timestamp":"2026-05-30 16:16:55:1655"}
{"level":"\u001b[32minfo\u001b[39m","message":"\u001b[32m>>> [MASTERMIND] Starting fresh initialization\u001b[39m","timestamp":"2026-05-30 16:16:55:1655"}
{"level":"\u001b[32minfo\u001b[39m","message":"\u001b[32m>>> [MASTERMIND] Base context object built.\u001b[39m","timestamp":"2026-05-30 16:16:55:1655"}
{"level":"\u001b[32minfo\u001b[39m","message":"\u001b[32m🔧 Unified Command System initialized\u001b[39m","timestamp":"2026-05-30 16:16:55:1655"}
{"level":"\u001b[32minfo\u001b[39m","message":"\u001b[32mInitializing Command System and loading commands...\u001b[39m","timestamp":"2026-05-30 16:16:55:1655"}
{"level":"\u001b[32minfo\u001b[39m","message":"\u001b[32m🔄 Parallelizing command loading...\u001b[39m","timestamp":"2026-05-30 16:16:55:1655"}
{"level":"\u001b[32minfo\u001b[39m","message":"\u001b[32m✅ Redis connected successfully\u001b[39m","timestamp":"2026-05-30 16:16:55:1655"}
{"level":"\u001b[32minfo\u001b[39m","message":"\u001b[32m✅ Redis Connected - Switching to distributed cache\u001b[39m","timestamp":"2026-05-30 16:16:55:1655"}
{"level":"\u001b[32minfo\u001b[39m","message":"\u001b[32mBullMQ Queues initialized with unified Redis connection\u001b[39m","timestamp":"2026-05-30 16:16:55:1655"}
{"level":"\u001b[32minfo\u001b[39m","message":"\u001b[32m🎉 High-Speed Load Complete: 93 commands in 447ms\u001b[39m","timestamp":"2026-05-30 16:16:55:1655"}
{"level":"\u001b[32minfo\u001b[39m","message":"\u001b[32m>>> [MASTERMIND] Command loading finished. Getting mock bot...\u001b[39m","timestamp":"2026-05-30 16:16:55:1655"}
{"level":"\u001b[32minfo\u001b[39m","message":"\u001b[32m✅ Global Context initialized successfully\u001b[39m","timestamp":"2026-05-30 16:16:55:1655"}
{"level":"\u001b[32minfo\u001b[39m","message":"\u001b[32m>>> [MASTERMIND] Global Context initialized successfully\u001b[39m","timestamp":"2026-05-30 16:16:55:1655"}
{"level":"\u001b[32minfo\u001b[39m","message":"\u001b[32m>>> [MASTERMIND] Global Context initialized.\u001b[39m","timestamp":"2026-05-30 16:16:55:1655"}
{"level":"\u001b[32minfo\u001b[39m","message":"\u001b[32m>>> [MASTERMIND] Initializing Job Registry...\u001b[39m","timestamp":"2026-05-30 16:16:55:1655"}
{"level":"\u001b[32minfo\u001b[39m","message":"\u001b[32m[ApiKeyManager] Initialized Universal Manager with 12 keys (Semantic Cache Enabled)\u001b[39m","timestamp":"2026-05-30 16:16:55:1655"}
{"level":"\u001b[32minfo\u001b[39m","message":"\u001b[32mAIUtilityService initialized with 12 API keys (12 healthy)\u001b[39m","timestamp":"2026-05-30 16:16:55:1655"}
{"level":"\u001b[32minfo\u001b[39m","message":"\u001b[32mInitializing job queues...\u001b[39m","timestamp":"2026-05-30 16:16:55:1655"}
{"level":"\u001b[32minfo\u001b[39m","message":"\u001b[32mQueue 'ai-processing' created successfully\u001b[39m","timestamp":"2026-05-30 16:16:55:1655"}
{"level":"\u001b[32minfo\u001b[39m","message":"\u001b[32mQueue 'media-processing' created successfully\u001b[39m","timestamp":"2026-05-30 16:16:55:1655"}
{"level":"\u001b[32minfo\u001b[39m","message":"\u001b[32mQueue 'notification' created successfully\u001b[39m","timestamp":"2026-05-30 16:16:55:1655"}
{"level":"\u001b[32minfo\u001b[39m","message":"\u001b[32mQueue 'analytics' created successfully\u001b[39m","timestamp":"2026-05-30 16:16:55:1655"}
{"level":"\u001b[32minfo\u001b[39m","message":"\u001b[32mQueue 'cleanup' created successfully\u001b[39m","timestamp":"2026-05-30 16:16:55:1655"}
{"level":"\u001b[32minfo\u001b[39m","message":"\u001b[32mQueue 'whatsapp-outbound' created successfully\u001b[39m","timestamp":"2026-05-30 16:16:55:1655"}
{"level":"\u001b[32minfo\u001b[39m","message":"\u001b[32mQueue 'group-sync' created successfully\u001b[39m","timestamp":"2026-05-30 16:16:55:1655"}
{"level":"\u001b[32minfo\u001b[39m","message":"\u001b[32mAll job queues initialized successfully\u001b[39m","timestamp":"2026-05-30 16:16:55:1655"}
{"level":"\u001b[32minfo\u001b[39m","message":"\u001b[32mRegistering job processors...\u001b[39m","timestamp":"2026-05-30 16:16:55:1655"}
{"level":"\u001b[32minfo\u001b[39m","message":"\u001b[32mRegistered BullMQ worker for queue 'ai-processing'\u001b[39m","timestamp":"2026-05-30 16:16:55:1655"}
{"level":"\u001b[32minfo\u001b[39m","message":"\u001b[32mRegistered BullMQ worker for queue 'media-processing'\u001b[39m","timestamp":"2026-05-30 16:16:55:1655"}
{"level":"\u001b[32minfo\u001b[39m","message":"\u001b[32mStatsAggregatorJob initialized\u001b[39m","timestamp":"2026-05-30 16:16:55:1655"}
{"level":"\u001b[32minfo\u001b[39m","message":"\u001b[32mInitializing WhatsApp Outbound Worker (Anti-Ban enabled)...\u001b[39m","timestamp":"2026-05-30 16:16:55:1655"}
{"level":"\u001b[32minfo\u001b[39m","message":"\u001b[32mRegistered BullMQ worker for queue 'whatsapp-outbound'\u001b[39m","timestamp":"2026-05-30 16:16:55:1655"}
{"level":"\u001b[32minfo\u001b[39m","message":"\u001b[32m[GroupSyncWorker] Initializing Group Sync Worker...\u001b[39m","timestamp":"2026-05-30 16:16:55:1655"}
{"level":"\u001b[32minfo\u001b[39m","message":"\u001b[32mRegistered BullMQ worker for queue 'group-sync'\u001b[39m","timestamp":"2026-05-30 16:16:55:1655"}
{"level":"\u001b[32minfo\u001b[39m","message":"\u001b[32m[GroupSyncWorker] Group Sync Worker registered and listening\u001b[39m","timestamp":"2026-05-30 16:16:55:1655"}
{"level":"\u001b[32minfo\u001b[39m","message":"\u001b[32mInitializing Anti-Ban Resume Worker (Interval: 20000ms)...\u001b[39m","timestamp":"2026-05-30 16:16:55:1655"}
{"level":"\u001b[32minfo\u001b[39m","message":"\u001b[32mAll job processors registered successfully\u001b[39m","timestamp":"2026-05-30 16:16:55:1655"}
{"level":"\u001b[32minfo\u001b[39m","message":"\u001b[32m>>> [MASTERMIND] Initializing Campaign Worker...\u001b[39m","timestamp":"2026-05-30 16:16:55:1655"}
{"level":"\u001b[32minfo\u001b[39m","message":"\u001b[32mCampaignWorker initialized with Omnichannel Adapter + Anti-Ban Engine\u001b[39m","timestamp":"2026-05-30 16:16:55:1655"}
{"level":"\u001b[32minfo\u001b[39m","message":"\u001b[32m>>> [MASTERMIND] Campaign Worker call finished.\u001b[39m","timestamp":"2026-05-30 16:16:55:1655"}
{"level":"\u001b[32minfo\u001b[39m","message":"\u001b[32m>>> [MASTERMIND] USE_SERVER is true. Initializing MultiTenantApp...\u001b[39m","timestamp":"2026-05-30 16:16:55:1655"}
{"level":"\u001b[32minfo\u001b[39m","message":"\u001b[32mInitializing Multi-tenant DeXMart SaaS Platform...\u001b[39m","timestamp":"2026-05-30 16:16:55:1655"}
{"level":"\u001b[32minfo\u001b[39m","message":"\u001b[32m>>> [MASTERMIND] Setting up server middleware...\u001b[39m","timestamp":"2026-05-30 16:16:55:1655"}
{"level":"\u001b[32minfo\u001b[39m","message":"\u001b[32m>>> [MASTERMIND] Setting up server routes...\u001b[39m","timestamp":"2026-05-30 16:16:55:1655"}
{"level":"\u001b[32minfo\u001b[39m","message":"\u001b[32m>>> [MASTERMIND] Initializing Analytics Service...\u001b[39m","timestamp":"2026-05-30 16:16:55:1655"}
{"level":"\u001b[32minfo\u001b[39m","message":"\u001b[32mWebSocket server started on port 3002\u001b[39m","timestamp":"2026-05-30 16:16:55:1655"}
{"level":"\u001b[32minfo\u001b[39m","message":"\u001b[32m>>> [MASTERMIND] Enterprise Analytics Gateway online at port 3002\u001b[39m","timestamp":"2026-05-30 16:16:55:1655"}
{"level":"\u001b[32minfo\u001b[39m","message":"\u001b[32m>>> [MASTERMIND] Initializing Unified WebSockets...\u001b[39m","timestamp":"2026-05-30 16:16:55:1655"}
{"level":"\u001b[32minfo\u001b[39m","message":"\u001b[32mUnified Socket Service initialized\u001b[39m","timestamp":"2026-05-30 16:16:55:1655"}
{"level":"\u001b[32minfo\u001b[39m","message":"\u001b[32m>>> [MASTERMIND] Initializing additional services...\u001b[39m","timestamp":"2026-05-30 16:16:55:1655"}
{"level":"\u001b[32minfo\u001b[39m","message":"\u001b[32m>>> [MASTERMIND] Starting active tenant bots...\u001b[39m","timestamp":"2026-05-30 16:16:55:1655"}
{"level":"\u001b[32minfo\u001b[39m","message":"\u001b[32mStarting active tenant channels...\u001b[39m","timestamp":"2026-05-30 16:16:55:1655"}
{"level":"\u001b[32minfo\u001b[39m","message":"\u001b[32m>>> [MASTERMIND] Resuming all active channels...\u001b[39m","timestamp":"2026-05-30 16:16:55:1655"}
{"level":"\u001b[32minfo\u001b[39m","message":"\u001b[32mFirebase Config: path=dexmart-befcd0e9c376.json, projectId=dexmart, hasEmail=false, hasKey=false\u001b[39m","timestamp":"2026-05-30 16:16:55:1655"}
{"level":"\u001b[32minfo\u001b[39m","message":"\u001b[32mLoading service account via direct path: dexmart-befcd0e9c376.json\u001b[39m","timestamp":"2026-05-30 16:16:55:1655"}
{"level":"\u001b[32minfo\u001b[39m","message":"\u001b[32mInitializing Firebase Admin...\u001b[39m","timestamp":"2026-05-30 16:16:55:1655"}
{"level":"\u001b[32minfo\u001b[39m","message":"\u001b[32m🔥 Firebase Admin Initialized (Project: dexmart)\u001b[39m","timestamp":"2026-05-30 16:16:55:1655"}
{"level":"\u001b[34mdebug\u001b[39m","message":"\u001b[34mMedia processing directories ensured\u001b[39m","timestamp":"2026-05-30 16:16:55:1655"}
{"level":"\u001b[32minfo\u001b[39m","message":"\u001b[32m[ChannelService] Successfully queued 0 channels for resumption.\u001b[39m","timestamp":"2026-05-30 16:16:58:1658"}
{"level":"\u001b[32minfo\u001b[39m","message":"\u001b[32mMulti-tenant app initialized successfully\u001b[39m","timestamp":"2026-05-30 16:16:58:1658"}
{"level":"\u001b[32minfo\u001b[39m","message":"\u001b[32m>>> [MASTERMIND] MultiTenantApp initialized.\u001b[39m","timestamp":"2026-05-30 16:16:58:1658"}
{"level":"\u001b[32minfo\u001b[39m","message":"\u001b[32m>>> [MASTERMIND] Attempting to listen on port 3001...\u001b[39m","timestamp":"2026-05-30 16:16:58:1658"}
{"level":"\u001b[32minfo\u001b[39m","message":"\u001b[32m>>> [MASTERMIND] MultiTenantApp started.\u001b[39m","timestamp":"2026-05-30 16:16:58:1658"}
{"level":"\u001b[32minfo\u001b[39m","message":"\u001b[32m>>> [MASTERMIND] Starting ChannelService watchdog (interval: 60000ms)\u001b[39m","timestamp":"2026-05-30 16:16:58:1658"}
{"level":"\u001b[32minfo\u001b[39m","message":"\u001b[32m[EventListener] Starting agent event listener\u001b[39m","timestamp":"2026-05-30 16:16:58:1658"}
{"level":"\u001b[32minfo\u001b[39m","message":"\u001b[32m✨ DeXMart is ready!\u001b[39m","timestamp":"2026-05-30 16:16:58:1658"}
{"level":"\u001b[32minfo\u001b[39m","message":"\u001b[32m>>> [MASTERMIND] Multi-tenant DeXMart server running on port 3001\u001b[39m","timestamp":"2026-05-30 16:16:58:1658"}
{"level":"\u001b[32minfo\u001b[39m","message":"\u001b[32mINCOMING REQUEST: POST /api/auth/google\u001b[39m","timestamp":"2026-05-30 16:17:25:1725"}
{"level":"\u001b[32minfo\u001b[39m","message":"\u001b[32mMutating request without Origin/Referer header\u001b[39m","path":"/api/auth/google","timestamp":"2026-05-30 16:17:25:1725"}
{"ip":"::ffff:127.0.0.1","level":"\u001b[32minfo\u001b[39m","message":"\u001b[32mPOST /api/auth/google\u001b[39m","timestamp":"2026-05-30 16:17:25:1725","userAgent":"node"}
{"duration":335037176,"level":"\u001b[32minfo\u001b[39m","message":"\u001b[32mPerformance: memory_heap_used = 335037176 bytes\u001b[39m","operation":"memory_heap_used","timestamp":"2026-05-30 16:17:26:1726","unit":"bytes"}
{"duration":444899328,"level":"\u001b[32minfo\u001b[39m","message":"\u001b[32mPerformance: memory_heap_total = 444899328 bytes\u001b[39m","operation":"memory_heap_total","timestamp":"2026-05-30 16:17:26:1726","unit":"bytes"}
{"duration":575774720,"level":"\u001b[32minfo\u001b[39m","message":"\u001b[32mPerformance: memory_rss = 575774720 bytes\u001b[39m","operation":"memory_rss","timestamp":"2026-05-30 16:17:27:1727","unit":"bytes"}
{"duration":32058549,"level":"\u001b[32minfo\u001b[39m","message":"\u001b[32mPerformance: memory_external = 32058549 bytes\u001b[39m","operation":"memory_external","timestamp":"2026-05-30 16:17:27:1727","unit":"bytes"}
{"duration":4474016,"level":"\u001b[32minfo\u001b[39m","message":"\u001b[32mPerformance: cpu_user_time = 4474016 microseconds\u001b[39m","operation":"cpu_user_time","timestamp":"2026-05-30 16:17:27:1727","unit":"microseconds"}
{"duration":976783,"level":"\u001b[32minfo\u001b[39m","message":"\u001b[32mPerformance: cpu_system_time = 976783 microseconds\u001b[39m","operation":"cpu_system_time","timestamp":"2026-05-30 16:17:27:1727","unit":"microseconds"}
{"duration":32.102133701,"level":"\u001b[32minfo\u001b[39m","message":"\u001b[32mPerformance: process_uptime = 32.102133701 seconds\u001b[39m","operation":"process_uptime","timestamp":"2026-05-30 16:17:27:1727","unit":"seconds"}
{"duration":0.45597,"level":"\u001b[32minfo\u001b[39m","message":"\u001b[32mPerformance: event_loop_lag = 0.45597 milliseconds\u001b[39m","operation":"event_loop_lag","timestamp":"2026-05-30 16:17:27:1727","unit":"milliseconds"}
{"duration":336560704,"level":"\u001b[32minfo\u001b[39m","message":"\u001b[32mPerformance: memory_heap_used = 336560704 bytes\u001b[39m","operation":"memory_heap_used","timestamp":"2026-05-30 16:17:59:1759","unit":"bytes"}
{"duration":445423616,"level":"\u001b[32minfo\u001b[39m","message":"\u001b[32mPerformance: memory_heap_total = 445423616 bytes\u001b[39m","operation":"memory_heap_total","timestamp":"2026-05-30 16:17:59:1759","unit":"bytes"}
{"duration":576167936,"level":"\u001b[32minfo\u001b[39m","message":"\u001b[32mPerformance: memory_rss = 576167936 bytes\u001b[39m","operation":"memory_rss","timestamp":"2026-05-30 16:17:59:1759","unit":"bytes"}
{"duration":32100614,"level":"\u001b[32minfo\u001b[39m","message":"\u001b[32mPerformance: memory_external = 32100614 bytes\u001b[39m","operation":"memory_external","timestamp":"2026-05-30 16:17:59:1759","unit":"bytes"}
{"duration":4504803,"level":"\u001b[32minfo\u001b[39m","message":"\u001b[32mPerformance: cpu_user_time = 4504803 microseconds\u001b[39m","operation":"cpu_user_time","timestamp":"2026-05-30 16:17:59:1759","unit":"microseconds"}
{"duration":984243,"level":"\u001b[32minfo\u001b[39m","message":"\u001b[32mPerformance: cpu_system_time = 984243 microseconds\u001b[39m","operation":"cpu_system_time","timestamp":"2026-05-30 16:17:59:1759","unit":"microseconds"}
{"duration":62.101519172,"level":"\u001b[32minfo\u001b[39m","message":"\u001b[32mPerformance: process_uptime = 62.101519172 seconds\u001b[39m","operation":"process_uptime","timestamp":"2026-05-30 16:17:59:1759","unit":"seconds"}
{"duration":0.261079,"level":"\u001b[32minfo\u001b[39m","message":"\u001b[32mPerformance: event_loop_lag = 0.261079 milliseconds\u001b[39m","operation":"event_loop_lag","timestamp":"2026-05-30 16:17:59:1759","unit":"milliseconds"}
{"level":"\u001b[32minfo\u001b[39m","message":"\u001b[32m>>> [MASTERMIND] Resuming all active channels...\u001b[39m","timestamp":"2026-05-30 16:18:04:184"}
{"level":"\u001b[32minfo\u001b[39m","message":"\u001b[32m[ChannelService] Successfully queued 0 channels for resumption.\u001b[39m","timestamp":"2026-05-30 16:18:07:187"}
{"duration":341937264,"level":"\u001b[32minfo\u001b[39m","message":"\u001b[32mPerformance: memory_heap_used = 341937264 bytes\u001b[39m","operation":"memory_heap_used","timestamp":"2026-05-30 16:18:32:1832","unit":"bytes"}
{"duration":445685760,"level":"\u001b[32minfo\u001b[39m","message":"\u001b[32mPerformance: memory_heap_total = 445685760 bytes\u001b[39m","operation":"memory_heap_total","timestamp":"2026-05-30 16:18:32:1832","unit":"bytes"}
{"duration":576692224,"level":"\u001b[32minfo\u001b[39m","message":"\u001b[32mPerformance: memory_rss = 576692224 bytes\u001b[39m","operation":"memory_rss","timestamp":"2026-05-30 16:18:32:1832","unit":"bytes"}
{"duration":32152498,"level":"\u001b[32minfo\u001b[39m","message":"\u001b[32mPerformance: memory_external = 32152498 bytes\u001b[39m","operation":"memory_external","timestamp":"2026-05-30 16:18:32:1832","unit":"bytes"}
{"duration":4589587,"level":"\u001b[32minfo\u001b[39m","message":"\u001b[32mPerformance: cpu_user_time = 4589587 microseconds\u001b[39m","operation":"cpu_user_time","timestamp":"2026-05-30 16:18:32:1832","unit":"microseconds"}
{"duration":987417,"level":"\u001b[32minfo\u001b[39m","message":"\u001b[32mPerformance: cpu_system_time = 987417 microseconds\u001b[39m","operation":"cpu_system_time","timestamp":"2026-05-30 16:18:32:1832","unit":"microseconds"}
{"duration":92.100620389,"level":"\u001b[32minfo\u001b[39m","message":"\u001b[32mPerformance: process_uptime = 92.100620389 seconds\u001b[39m","operation":"process_uptime","timestamp":"2026-05-30 16:18:32:1832","unit":"seconds"}
{"duration":0.257635,"level":"\u001b[32minfo\u001b[39m","message":"\u001b[32mPerformance: event_loop_lag = 0.257635 milliseconds\u001b[39m","operation":"event_loop_lag","timestamp":"2026-05-30 16:18:32:1832","unit":"milliseconds"}
{"duration":231271872,"level":"\u001b[32minfo\u001b[39m","message":"\u001b[32mPerformance: memory_heap_used = 231271872 bytes\u001b[39m","operation":"memory_heap_used","timestamp":"2026-05-30 16:19:05:195","unit":"bytes"}
{"duration":309895168,"level":"\u001b[32minfo\u001b[39m","message":"\u001b[32mPerformance: memory_heap_total = 309895168 bytes\u001b[39m","operation":"memory_heap_total","timestamp":"2026-05-30 16:19:05:195","unit":"bytes"}
{"duration":389578752,"level":"\u001b[32minfo\u001b[39m","message":"\u001b[32mPerformance: memory_rss = 389578752 bytes\u001b[39m","operation":"memory_rss","timestamp":"2026-05-30 16:19:05:195","unit":"bytes"}
{"duration":30222199,"level":"\u001b[32minfo\u001b[39m","message":"\u001b[32mPerformance: memory_external = 30222199 bytes\u001b[39m","operation":"memory_external","timestamp":"2026-05-30 16:19:05:195","unit":"bytes"}
{"duration":4872604,"level":"\u001b[32minfo\u001b[39m","message":"\u001b[32mPerformance: cpu_user_time = 4872604 microseconds\u001b[39m","operation":"cpu_user_time","timestamp":"2026-05-30 16:19:05:195","unit":"microseconds"}
{"duration":1075094,"level":"\u001b[32minfo\u001b[39m","message":"\u001b[32mPerformance: cpu_system_time = 1075094 microseconds\u001b[39m","operation":"cpu_system_time","timestamp":"2026-05-30 16:19:05:195","unit":"microseconds"}
{"duration":122.101234039,"level":"\u001b[32minfo\u001b[39m","message":"\u001b[32mPerformance: process_uptime = 122.101234039 seconds\u001b[39m","operation":"process_uptime","timestamp":"2026-05-30 16:19:05:195","unit":"seconds"}
{"duration":0.336378,"level":"\u001b[32minfo\u001b[39m","message":"\u001b[32mPerformance: event_loop_lag = 0.336378 milliseconds\u001b[39m","operation":"event_loop_lag","timestamp":"2026-05-30 16:19:05:195","unit":"milliseconds"}
{"level":"\u001b[32minfo\u001b[39m","message":"\u001b[32m>>> [MASTERMIND] Resuming all active channels...\u001b[39m","timestamp":"2026-05-30 16:19:10:1910"}
{"level":"\u001b[32minfo\u001b[39m","message":"\u001b[32m[ChannelService] Successfully queued 0 channels for resumption.\u001b[39m","timestamp":"2026-05-30 16:19:13:1913"}
{"duration":232212752,"level":"\u001b[32minfo\u001b[39m","message":"\u001b[32mPerformance: memory_heap_used = 232212752 bytes\u001b[39m","operation":"memory_heap_used","timestamp":"2026-05-30 16:19:38:1938","unit":"bytes"}
{"duration":310943744,"level":"\u001b[32minfo\u001b[39m","message":"\u001b[32mPerformance: memory_heap_total = 310943744 bytes\u001b[39m","operation":"memory_heap_total","timestamp":"2026-05-30 16:19:38:1938","unit":"bytes"}
{"duration":390496256,"level":"\u001b[32minfo\u001b[39m","message":"\u001b[32mPerformance: memory_rss = 390496256 bytes\u001b[39m","operation":"memory_rss","timestamp":"2026-05-30 16:19:38:1938","unit":"bytes"}
{"duration":30247053,"level":"\u001b[32minfo\u001b[39m","message":"\u001b[32mPerformance: memory_external = 30247053 bytes\u001b[39m","operation":"memory_external","timestamp":"2026-05-30 16:19:38:1938","unit":"bytes"}
{"duration":4964635,"level":"\u001b[32minfo\u001b[39m","message":"\u001b[32mPerformance: cpu_user_time = 4964635 microseconds\u001b[39m","operation":"cpu_user_time","timestamp":"2026-05-30 16:19:38:1938","unit":"microseconds"}
{"duration":1075746,"level":"\u001b[32minfo\u001b[39m","message":"\u001b[32mPerformance: cpu_system_time = 1075746 microseconds\u001b[39m","operation":"cpu_system_time","timestamp":"2026-05-30 16:19:38:1938","unit":"microseconds"}
{"duration":152.101995993,"level":"\u001b[32minfo\u001b[39m","message":"\u001b[32mPerformance: process_uptime = 152.101995993 seconds\u001b[39m","operation":"process_uptime","timestamp":"2026-05-30 16:19:38:1938","unit":"seconds"}
{"duration":0.25814,"level":"\u001b[32minfo\u001b[39m","message":"\u001b[32mPerformance: event_loop_lag = 0.25814 milliseconds\u001b[39m","operation":"event_loop_lag","timestamp":"2026-05-30 16:19:38:1938","unit":"milliseconds"}
{"duration":231985136,"level":"\u001b[32minfo\u001b[39m","message":"\u001b[32mPerformance: memory_heap_used = 231985136 bytes\u001b[39m","operation":"memory_heap_used","timestamp":"2026-05-30 16:20:11:2011","unit":"bytes"}
{"duration":309895168,"level":"\u001b[32minfo\u001b[39m","message":"\u001b[32mPerformance: memory_heap_total = 309895168 bytes\u001b[39m","operation":"memory_heap_total","timestamp":"2026-05-30 16:20:11:2011","unit":"bytes"}
{"duration":390496256,"level":"\u001b[32minfo\u001b[39m","message":"\u001b[32mPerformance: memory_rss = 390496256 bytes\u001b[39m","operation":"memory_rss","timestamp":"2026-05-30 16:20:11:2011","unit":"bytes"}
{"duration":30263857,"level":"\u001b[32minfo\u001b[39m","message":"\u001b[32mPerformance: memory_external = 30263857 bytes\u001b[39m","operation":"memory_external","timestamp":"2026-05-30 16:20:11:2011","unit":"bytes"}
{"duration":4980260,"level":"\u001b[32minfo\u001b[39m","message":"\u001b[32mPerformance: cpu_user_time = 4980260 microseconds\u001b[39m","operation":"cpu_user_time","timestamp":"2026-05-30 16:20:11:2011","unit":"microseconds"}
{"duration":1091628,"level":"\u001b[32minfo\u001b[39m","message":"\u001b[32mPerformance: cpu_system_time = 1091628 microseconds\u001b[39m","operation":"cpu_system_time","timestamp":"2026-05-30 16:20:11:2011","unit":"microseconds"}
{"duration":182.10288249,"level":"\u001b[32minfo\u001b[39m","message":"\u001b[32mPerformance: process_uptime = 182.10288249 seconds\u001b[39m","operation":"process_uptime","timestamp":"2026-05-30 16:20:11:2011","unit":"seconds"}
{"duration":0.269106,"level":"\u001b[32minfo\u001b[39m","message":"\u001b[32mPerformance: event_loop_lag = 0.269106 milliseconds\u001b[39m","operation":"event_loop_lag","timestamp":"2026-05-30 16:20:11:2011","unit":"milliseconds"}
{"level":"\u001b[32minfo\u001b[39m","message":"\u001b[32m>>> [MASTERMIND] Resuming all active channels...\u001b[39m","timestamp":"2026-05-30 16:20:16:2016"}
{"level":"\u001b[32minfo\u001b[39m","message":"\u001b[32m[ChannelService] Successfully queued 0 channels for resumption.\u001b[39m","timestamp":"2026-05-30 16:20:19:2019"}
{"duration":233971192,"level":"\u001b[32minfo\u001b[39m","message":"\u001b[32mPerformance: memory_heap_used = 233971192 bytes\u001b[39m","operation":"memory_heap_used","timestamp":"2026-05-30 16:20:44:2044","unit":"bytes"}
{"duration":313040896,"level":"\u001b[32minfo\u001b[39m","message":"\u001b[32mPerformance: memory_heap_total = 313040896 bytes\u001b[39m","operation":"memory_heap_total","timestamp":"2026-05-30 16:20:44:2044","unit":"bytes"}
{"duration":390889472,"level":"\u001b[32minfo\u001b[39m","message":"\u001b[32mPerformance: memory_rss = 390889472 bytes\u001b[39m","operation":"memory_rss","timestamp":"2026-05-30 16:20:44:2044","unit":"bytes"}
{"duration":30295917,"level":"\u001b[32minfo\u001b[39m","message":"\u001b[32mPerformance: memory_external = 30295917 bytes\u001b[39m","operation":"memory_external","timestamp":"2026-05-30 16:20:44:2044","unit":"bytes"}
{"duration":5050569,"level":"\u001b[32minfo\u001b[39m","message":"\u001b[32mPerformance: cpu_user_time = 5050569 microseconds\u001b[39m","operation":"cpu_user_time","timestamp":"2026-05-30 16:20:44:2044","unit":"microseconds"}
{"duration":1110478,"level":"\u001b[32minfo\u001b[39m","message":"\u001b[32mPerformance: cpu_system_time = 1110478 microseconds\u001b[39m","operation":"cpu_system_time","timestamp":"2026-05-30 16:20:44:2044","unit":"microseconds"}
{"duration":212.102887486,"level":"\u001b[32minfo\u001b[39m","message":"\u001b[32mPerformance: process_uptime = 212.102887486 seconds\u001b[39m","operation":"process_uptime","timestamp":"2026-05-30 16:20:44:2044","unit":"seconds"}
{"duration":1.79676,"level":"\u001b[32minfo\u001b[39m","message":"\u001b[32mPerformance: event_loop_lag = 1.79676 milliseconds\u001b[39m","operation":"event_loop_lag","timestamp":"2026-05-30 16:20:44:2044","unit":"milliseconds"}
{"duration":231294320,"level":"\u001b[32minfo\u001b[39m","message":"\u001b[32mPerformance: memory_heap_used = 231294320 bytes\u001b[39m","operation":"memory_heap_used","timestamp":"2026-05-30 16:21:14:2114","unit":"bytes"}
{"duration":243048448,"level":"\u001b[32minfo\u001b[39m","message":"\u001b[32mPerformance: memory_heap_total = 243048448 bytes\u001b[39m","operation":"memory_heap_total","timestamp":"2026-05-30 16:21:14:2114","unit":"bytes"}
{"duration":373456896,"level":"\u001b[32minfo\u001b[39m","message":"\u001b[32mPerformance: memory_rss = 373456896 bytes\u001b[39m","operation":"memory_rss","timestamp":"2026-05-30 16:21:14:2114","unit":"bytes"}
{"duration":30222664,"level":"\u001b[32minfo\u001b[39m","message":"\u001b[32mPerformance: memory_external = 30222664 bytes\u001b[39m","operation":"memory_external","timestamp":"2026-05-30 16:21:14:2114","unit":"bytes"}
{"duration":5338310,"level":"\u001b[32minfo\u001b[39m","message":"\u001b[32mPerformance: cpu_user_time = 5338310 microseconds\u001b[39m","operation":"cpu_user_time","timestamp":"2026-05-30 16:21:14:2114","unit":"microseconds"}
{"duration":1153667,"level":"\u001b[32minfo\u001b[39m","message":"\u001b[32mPerformance: cpu_system_time = 1153667 microseconds\u001b[39m","operation":"cpu_system_time","timestamp":"2026-05-30 16:21:14:2114","unit":"microseconds"}
{"duration":242.103538654,"level":"\u001b[32minfo\u001b[39m","message":"\u001b[32mPerformance: process_uptime = 242.103538654 seconds\u001b[39m","operation":"process_uptime","timestamp":"2026-05-30 16:21:14:2114","unit":"seconds"}
{"duration":1.656137,"level":"\u001b[32minfo\u001b[39m","message":"\u001b[32mPerformance: event_loop_lag = 1.656137 milliseconds\u001b[39m","operation":"event_loop_lag","timestamp":"2026-05-30 16:21:14:2114","unit":"milliseconds"}
{"level":"\u001b[32minfo\u001b[39m","message":"\u001b[32m>>> [MASTERMIND] Resuming all active channels...\u001b[39m","timestamp":"2026-05-30 16:21:22:2122"}
{"level":"\u001b[32minfo\u001b[39m","message":"\u001b[32m[ChannelService] Successfully queued 0 channels for resumption.\u001b[39m","timestamp":"2026-05-30 16:21:25:2125"}
{"duration":231984680,"level":"\u001b[32minfo\u001b[39m","message":"\u001b[32mPerformance: memory_heap_used = 231984680 bytes\u001b[39m","operation":"memory_heap_used","timestamp":"2026-05-30 16:21:47:2147","unit":"bytes"}
{"duration":246194176,"level":"\u001b[32minfo\u001b[39m","message":"\u001b[32mPerformance: memory_heap_total = 246194176 bytes\u001b[39m","operation":"memory_heap_total","timestamp":"2026-05-30 16:21:47:2147","unit":"bytes"}
{"duration":375160832,"level":"\u001b[32minfo\u001b[39m","message":"\u001b[32mPerformance: memory_rss = 375160832 bytes\u001b[39m","operation":"memory_rss","timestamp":"2026-05-30 16:21:47:2147","unit":"bytes"}
{"duration":30263588,"level":"\u001b[32minfo\u001b[39m","message":"\u001b[32mPerformance: memory_external = 30263588 bytes\u001b[39m","operation":"memory_external","timestamp":"2026-05-30 16:21:47:2147","unit":"bytes"}
{"duration":5412764,"level":"\u001b[32minfo\u001b[39m","message":"\u001b[32mPerformance: cpu_user_time = 5412764 microseconds\u001b[39m","operation":"cpu_user_time","timestamp":"2026-05-30 16:21:47:2147","unit":"microseconds"}
{"duration":1164499,"level":"\u001b[32minfo\u001b[39m","message":"\u001b[32mPerformance: cpu_system_time = 1164499 microseconds\u001b[39m","operation":"cpu_system_time","timestamp":"2026-05-30 16:21:47:2147","unit":"microseconds"}
{"duration":272.104627804,"level":"\u001b[32minfo\u001b[39m","message":"\u001b[32mPerformance: process_uptime = 272.104627804 seconds\u001b[39m","operation":"process_uptime","timestamp":"2026-05-30 16:21:47:2147","unit":"seconds"}
{"duration":0.306282,"level":"\u001b[32minfo\u001b[39m","message":"\u001b[32mPerformance: event_loop_lag = 0.306282 milliseconds\u001b[39m","operation":"event_loop_lag","timestamp":"2026-05-30 16:21:47:2147","unit":"milliseconds"}
{"duration":231862912,"level":"\u001b[32minfo\u001b[39m","message":"\u001b[32mPerformance: memory_heap_used = 231862912 bytes\u001b[39m","operation":"memory_heap_used","timestamp":"2026-05-30 16:22:20:2220","unit":"bytes"}
{"duration":243048448,"level":"\u001b[32minfo\u001b[39m","message":"\u001b[32mPerformance: memory_heap_total = 243048448 bytes\u001b[39m","operation":"memory_heap_total","timestamp":"2026-05-30 16:22:20:2220","unit":"bytes"}
{"duration":375947264,"level":"\u001b[32minfo\u001b[39m","message":"\u001b[32mPerformance: memory_rss = 375947264 bytes\u001b[39m","operation":"memory_rss","timestamp":"2026-05-30 16:22:20:2220","unit":"bytes"}
{"duration":30271585,"level":"\u001b[32minfo\u001b[39m","message":"\u001b[32mPerformance: memory_external = 30271585 bytes\u001b[39m","operation":"memory_external","timestamp":"2026-05-30 16:22:20:2220","unit":"bytes"}
{"duration":5434785,"level":"\u001b[32minfo\u001b[39m","message":"\u001b[32mPerformance: cpu_user_time = 5434785 microseconds\u001b[39m","operation":"cpu_user_time","timestamp":"2026-05-30 16:22:20:2220","unit":"microseconds"}
{"duration":1167983,"level":"\u001b[32minfo\u001b[39m","message":"\u001b[32mPerformance: cpu_system_time = 1167983 microseconds\u001b[39m","operation":"cpu_system_time","timestamp":"2026-05-30 16:22:20:2220","unit":"microseconds"}
{"duration":302.104513812,"level":"\u001b[32minfo\u001b[39m","message":"\u001b[32mPerformance: process_uptime = 302.104513812 seconds\u001b[39m","operation":"process_uptime","timestamp":"2026-05-30 16:22:20:2220","unit":"seconds"}
{"duration":0.250471,"level":"\u001b[32minfo\u001b[39m","message":"\u001b[32mPerformance: event_loop_lag = 0.250471 milliseconds\u001b[39m","operation":"event_loop_lag","timestamp":"2026-05-30 16:22:20:2220","unit":"milliseconds"}
{"level":"\u001b[32minfo\u001b[39m","message":"\u001b[32m>>> [MASTERMIND] Resuming all active channels...\u001b[39m","timestamp":"2026-05-30 16:22:25:2225"}
{"level":"\u001b[32minfo\u001b[39m","message":"\u001b[32m[ChannelService] Successfully queued 0 channels for resumption.\u001b[39m","timestamp":"2026-05-30 16:22:31:2231"}
{"duration":232493744,"level":"\u001b[32minfo\u001b[39m","message":"\u001b[32mPerformance: memory_heap_used = 232493744 bytes\u001b[39m","operation":"memory_heap_used","timestamp":"2026-05-30 16:22:53:2253","unit":"bytes"}
{"duration":243048448,"level":"\u001b[32minfo\u001b[39m","message":"\u001b[32mPerformance: memory_heap_total = 243048448 bytes\u001b[39m","operation":"memory_heap_total","timestamp":"2026-05-30 16:22:53:2253","unit":"bytes"}
{"duration":376078336,"level":"\u001b[32minfo\u001b[39m","message":"\u001b[32mPerformance: memory_rss = 376078336 bytes\u001b[39m","operation":"memory_rss","timestamp":"2026-05-30 16:22:53:2253","unit":"bytes"}
{"duration":30320844,"level":"\u001b[32minfo\u001b[39m","message":"\u001b[32mPerformance: memory_external = 30320844 bytes\u001b[39m","operation":"memory_external","timestamp":"2026-05-30 16:22:53:2253","unit":"bytes"}
{"duration":5511718,"level":"\u001b[32minfo\u001b[39m","message":"\u001b[32mPerformance: cpu_user_time = 5511718 microseconds\u001b[39m","operation":"cpu_user_time","timestamp":"2026-05-30 16:22:53:2253","unit":"microseconds"}
{"duration":1168760,"level":"\u001b[32minfo\u001b[39m","message":"\u001b[32mPerformance: cpu_system_time = 1168760 microseconds\u001b[39m","operation":"cpu_system_time","timestamp":"2026-05-30 16:22:53:2253","unit":"microseconds"}
{"duration":332.107929488,"level":"\u001b[32minfo\u001b[39m","message":"\u001b[32mPerformance: process_uptime = 332.107929488 seconds\u001b[39m","operation":"process_uptime","timestamp":"2026-05-30 16:22:53:2253","unit":"seconds"}
{"duration":0.247367,"level":"\u001b[32minfo\u001b[39m","message":"\u001b[32mPerformance: event_loop_lag = 0.247367 milliseconds\u001b[39m","operation":"event_loop_lag","timestamp":"2026-05-30 16:22:53:2253","unit":"milliseconds"}
{"duration":233083584,"level":"\u001b[32minfo\u001b[39m","message":"\u001b[32mPerformance: memory_heap_used = 233083584 bytes\u001b[39m","operation":"memory_heap_used","timestamp":"2026-05-30 16:23:26:2326","unit":"bytes"}
{"duration":244097024,"level":"\u001b[32minfo\u001b[39m","message":"\u001b[32mPerformance: memory_heap_total = 244097024 bytes\u001b[39m","operation":"memory_heap_total","timestamp":"2026-05-30 16:23:26:2326","unit":"bytes"}
{"duration":376078336,"level":"\u001b[32minfo\u001b[39m","message":"\u001b[32mPerformance: memory_rss = 376078336 bytes\u001b[39m","operation":"memory_rss","timestamp":"2026-05-30 16:23:26:2326","unit":"bytes"}
{"duration":30337708,"level":"\u001b[32minfo\u001b[39m","message":"\u001b[32mPerformance: memory_external = 30337708 bytes\u001b[39m","operation":"memory_external","timestamp":"2026-05-30 16:23:26:2326","unit":"bytes"}
{"duration":5546166,"level":"\u001b[32minfo\u001b[39m","message":"\u001b[32mPerformance: cpu_user_time = 5546166 microseconds\u001b[39m","operation":"cpu_user_time","timestamp":"2026-05-30 16:23:26:2326","unit":"microseconds"}
{"duration":1170001,"level":"\u001b[32minfo\u001b[39m","message":"\u001b[32mPerformance: cpu_system_time = 1170001 microseconds\u001b[39m","operation":"cpu_system_time","timestamp":"2026-05-30 16:23:26:2326","unit":"microseconds"}
{"duration":362.106869428,"level":"\u001b[32minfo\u001b[39m","message":"\u001b[32mPerformance: process_uptime = 362.106869428 seconds\u001b[39m","operation":"process_uptime","timestamp":"2026-05-30 16:23:26:2326","unit":"seconds"}
{"duration":0.876307,"level":"\u001b[32minfo\u001b[39m","message":"\u001b[32mPerformance: event_loop_lag = 0.876307 milliseconds\u001b[39m","operation":"event_loop_lag","timestamp":"2026-05-30 16:23:26:2326","unit":"milliseconds"}
{"level":"\u001b[32minfo\u001b[39m","message":"\u001b[32m>>> [MASTERMIND] Resuming all active channels...\u001b[39m","timestamp":"2026-05-30 16:23:31:2331"}
{"level":"\u001b[32minfo\u001b[39m","message":"\u001b[32m[ChannelService] Successfully queued 0 channels for resumption.\u001b[39m","timestamp":"2026-05-30 16:23:33:2333"}
{"duration":233611976,"level":"\u001b[32minfo\u001b[39m","message":"\u001b[32mPerformance: memory_heap_used = 233611976 bytes\u001b[39m","operation":"memory_heap_used","timestamp":"2026-05-30 16:23:59:2359","unit":"bytes"}
{"duration":244097024,"level":"\u001b[32minfo\u001b[39m","message":"\u001b[32mPerformance: memory_heap_total = 244097024 bytes\u001b[39m","operation":"memory_heap_total","timestamp":"2026-05-30 16:23:59:2359","unit":"bytes"}
{"duration":376078336,"level":"\u001b[32minfo\u001b[39m","message":"\u001b[32mPerformance: memory_rss = 376078336 bytes\u001b[39m","operation":"memory_rss","timestamp":"2026-05-30 16:23:59:2359","unit":"bytes"}
{"duration":30377665,"level":"\u001b[32minfo\u001b[39m","message":"\u001b[32mPerformance: memory_external = 30377665 bytes\u001b[39m","operation":"memory_external","timestamp":"2026-05-30 16:23:59:2359","unit":"bytes"}
{"duration":5666547,"level":"\u001b[32minfo\u001b[39m","message":"\u001b[32mPerformance: cpu_user_time = 5666547 microseconds\u001b[39m","operation":"cpu_user_time","timestamp":"2026-05-30 16:23:59:2359","unit":"microseconds"}
{"duration":1182015,"level":"\u001b[32minfo\u001b[39m","message":"\u001b[32mPerformance: cpu_system_time = 1182015 microseconds\u001b[39m","operation":"cpu_system_time","timestamp":"2026-05-30 16:23:59:2359","unit":"microseconds"}
{"duration":392.124914115,"level":"\u001b[32minfo\u001b[39m","message":"\u001b[32mPerformance: process_uptime = 392.124914115 seconds\u001b[39m","operation":"process_uptime","timestamp":"2026-05-30 16:23:59:2359","unit":"seconds"}
{"duration":1.383514,"level":"\u001b[32minfo\u001b[39m","message":"\u001b[32mPerformance: event_loop_lag = 1.383514 milliseconds\u001b[39m","operation":"event_loop_lag","timestamp":"2026-05-30 16:23:59:2359","unit":"milliseconds"}
{"duration":233521328,"level":"\u001b[32minfo\u001b[39m","message":"\u001b[32mPerformance: memory_heap_used = 233521328 bytes\u001b[39m","operation":"memory_heap_used","timestamp":"2026-05-30 16:24:32:2432","unit":"bytes"}
{"duration":243048448,"level":"\u001b[32minfo\u001b[39m","message":"\u001b[32mPerformance: memory_heap_total = 243048448 bytes\u001b[39m","operation":"memory_heap_total","timestamp":"2026-05-30 16:24:32:2432","unit":"bytes"}
{"duration":376078336,"level":"\u001b[32minfo\u001b[39m","message":"\u001b[32mPerformance: memory_rss = 376078336 bytes\u001b[39m","operation":"memory_rss","timestamp":"2026-05-30 16:24:32:2432","unit":"bytes"}
{"duration":30377230,"level":"\u001b[32minfo\u001b[39m","message":"\u001b[32mPerformance: memory_external = 30377230 bytes\u001b[39m","operation":"memory_external","timestamp":"2026-05-30 16:24:32:2432","unit":"bytes"}
{"duration":5760517,"level":"\u001b[32minfo\u001b[39m","message":"\u001b[32mPerformance: cpu_user_time = 5760517 microseconds\u001b[39m","operation":"cpu_user_time","timestamp":"2026-05-30 16:24:32:2432","unit":"microseconds"}
{"duration":1197436,"level":"\u001b[32minfo\u001b[39m","message":"\u001b[32mPerformance: cpu_system_time = 1197436 microseconds\u001b[39m","operation":"cpu_system_time","timestamp":"2026-05-30 16:24:32:2432","unit":"microseconds"}
{"duration":422.110961391,"level":"\u001b[32minfo\u001b[39m","message":"\u001b[32mPerformance: process_uptime = 422.110961391 seconds\u001b[39m","operation":"process_uptime","timestamp":"2026-05-30 16:24:32:2432","unit":"seconds"}
{"duration":0.24824,"level":"\u001b[32minfo\u001b[39m","message":"\u001b[32mPerformance: event_loop_lag = 0.24824 milliseconds\u001b[39m","operation":"event_loop_lag","timestamp":"2026-05-30 16:24:32:2432","unit":"milliseconds"}
{"level":"\u001b[32minfo\u001b[39m","message":"\u001b[32m>>> [MASTERMIND] Resuming all active channels...\u001b[39m","timestamp":"2026-05-30 16:24:37:2437"}
{"level":"\u001b[32minfo\u001b[39m","message":"\u001b[32m[ChannelService] Successfully queued 0 channels for resumption.\u001b[39m","timestamp":"2026-05-30 16:24:39:2439"}
{"duration":235079296,"level":"\u001b[32minfo\u001b[39m","message":"\u001b[32mPerformance: memory_heap_used = 235079296 bytes\u001b[39m","operation":"memory_heap_used","timestamp":"2026-05-30 16:25:05:255","unit":"bytes"}
{"duration":246194176,"level":"\u001b[32minfo\u001b[39m","message":"\u001b[32mPerformance: memory_heap_total = 246194176 bytes\u001b[39m","operation":"memory_heap_total","timestamp":"2026-05-30 16:25:05:255","unit":"bytes"}
{"duration":376078336,"level":"\u001b[32minfo\u001b[39m","message":"\u001b[32mPerformance: memory_rss = 376078336 bytes\u001b[39m","operation":"memory_rss","timestamp":"2026-05-30 16:25:05:255","unit":"bytes"}
{"duration":30434974,"level":"\u001b[32minfo\u001b[39m","message":"\u001b[32mPerformance: memory_external = 30434974 bytes\u001b[39m","operation":"memory_external","timestamp":"2026-05-30 16:25:05:255","unit":"bytes"}
{"duration":5923801,"level":"\u001b[32minfo\u001b[39m","message":"\u001b[32mPerformance: cpu_user_time = 5923801 microseconds\u001b[39m","operation":"cpu_user_time","timestamp":"2026-05-30 16:25:05:255","unit":"microseconds"}
{"duration":1205947,"level":"\u001b[32minfo\u001b[39m","message":"\u001b[32mPerformance: cpu_system_time = 1205947 microseconds\u001b[39m","operation":"cpu_system_time","timestamp":"2026-05-30 16:25:05:255","unit":"microseconds"}
{"duration":452.113404033,"level":"\u001b[32minfo\u001b[39m","message":"\u001b[32mPerformance: process_uptime = 452.113404033 seconds\u001b[39m","operation":"process_uptime","timestamp":"2026-05-30 16:25:05:255","unit":"seconds"}
{"duration":0.299238,"level":"\u001b[32minfo\u001b[39m","message":"\u001b[32mPerformance: event_loop_lag = 0.299238 milliseconds\u001b[39m","operation":"event_loop_lag","timestamp":"2026-05-30 16:25:05:255","unit":"milliseconds"}
{"duration":234275488,"level":"\u001b[32minfo\u001b[39m","message":"\u001b[32mPerformance: memory_heap_used = 234275488 bytes\u001b[39m","operation":"memory_heap_used","timestamp":"2026-05-30 16:25:38:2538","unit":"bytes"}
{"duration":243048448,"level":"\u001b[32minfo\u001b[39m","message":"\u001b[32mPerformance: memory_heap_total = 243048448 bytes\u001b[39m","operation":"memory_heap_total","timestamp":"2026-05-30 16:25:38:2538","unit":"bytes"}
{"duration":376078336,"level":"\u001b[32minfo\u001b[39m","message":"\u001b[32mPerformance: memory_rss = 376078336 bytes\u001b[39m","operation":"memory_rss","timestamp":"2026-05-30 16:25:38:2538","unit":"bytes"}
{"duration":30442441,"level":"\u001b[32minfo\u001b[39m","message":"\u001b[32mPerformance: memory_external = 30442441 bytes\u001b[39m","operation":"memory_external","timestamp":"2026-05-30 16:25:38:2538","unit":"bytes"}
{"duration":5960460,"level":"\u001b[32minfo\u001b[39m","message":"\u001b[32mPerformance: cpu_user_time = 5960460 microseconds\u001b[39m","operation":"cpu_user_time","timestamp":"2026-05-30 16:25:38:2538","unit":"microseconds"}
{"duration":1213661,"level":"\u001b[32minfo\u001b[39m","message":"\u001b[32mPerformance: cpu_system_time = 1213661 microseconds\u001b[39m","operation":"cpu_system_time","timestamp":"2026-05-30 16:25:38:2538","unit":"microseconds"}
{"duration":482.112284895,"level":"\u001b[32minfo\u001b[39m","message":"\u001b[32mPerformance: process_uptime = 482.112284895 seconds\u001b[39m","operation":"process_uptime","timestamp":"2026-05-30 16:25:38:2538","unit":"seconds"}
{"duration":0.334486,"level":"\u001b[32minfo\u001b[39m","message":"\u001b[32mPerformance: event_loop_lag = 0.334486 milliseconds\u001b[39m","operation":"event_loop_lag","timestamp":"2026-05-30 16:25:38:2538","unit":"milliseconds"}
{"level":"\u001b[32minfo\u001b[39m","message":"\u001b[32m>>> [MASTERMIND] Resuming all active channels...\u001b[39m","timestamp":"2026-05-30 16:25:42:2542"}
{"level":"\u001b[32minfo\u001b[39m","message":"\u001b[32m[ChannelService] Successfully queued 0 channels for resumption.\u001b[39m","timestamp":"2026-05-30 16:25:45:2545"}
{"duration":235378296,"level":"\u001b[32minfo\u001b[39m","message":"\u001b[32mPerformance: memory_heap_used = 235378296 bytes\u001b[39m","operation":"memory_heap_used","timestamp":"2026-05-30 16:26:11:2611","unit":"bytes"}
{"duration":243048448,"level":"\u001b[32minfo\u001b[39m","message":"\u001b[32mPerformance: memory_heap_total = 243048448 bytes\u001b[39m","operation":"memory_heap_total","timestamp":"2026-05-30 16:26:11:2611","unit":"bytes"}
{"duration":376340480,"level":"\u001b[32minfo\u001b[39m","message":"\u001b[32mPerformance: memory_rss = 376340480 bytes\u001b[39m","operation":"memory_rss","timestamp":"2026-05-30 16:26:11:2611","unit":"bytes"}
{"duration":30483033,"level":"\u001b[32minfo\u001b[39m","message":"\u001b[32mPerformance: memory_external = 30483033 bytes\u001b[39m","operation":"memory_external","timestamp":"2026-05-30 16:26:11:2611","unit":"bytes"}
{"duration":6077568,"level":"\u001b[32minfo\u001b[39m","message":"\u001b[32mPerformance: cpu_user_time = 6077568 microseconds\u001b[39m","operation":"cpu_user_time","timestamp":"2026-05-30 16:26:11:2611","unit":"microseconds"}
{"duration":1222449,"level":"\u001b[32minfo\u001b[39m","message":"\u001b[32mPerformance: cpu_system_time = 1222449 microseconds\u001b[39m","operation":"cpu_system_time","timestamp":"2026-05-30 16:26:11:2611","unit":"microseconds"}
{"duration":512.112092237,"level":"\u001b[32minfo\u001b[39m","message":"\u001b[32mPerformance: process_uptime = 512.112092237 seconds\u001b[39m","operation":"process_uptime","timestamp":"2026-05-30 16:26:11:2611","unit":"seconds"}
{"duration":6.097691,"level":"\u001b[32minfo\u001b[39m","message":"\u001b[32mPerformance: event_loop_lag = 6.097691 milliseconds\u001b[39m","operation":"event_loop_lag","timestamp":"2026-05-30 16:26:11:2611","unit":"milliseconds"}
{"duration":235143512,"level":"\u001b[32minfo\u001b[39m","message":"\u001b[32mPerformance: memory_heap_used = 235143512 bytes\u001b[39m","operation":"memory_heap_used","timestamp":"2026-05-30 16:26:43:2643","unit":"bytes"}
{"duration":243048448,"level":"\u001b[32minfo\u001b[39m","message":"\u001b[32mPerformance: memory_heap_total = 243048448 bytes\u001b[39m","operation":"memory_heap_total","timestamp":"2026-05-30 16:26:43:2643","unit":"bytes"}
{"duration":376340480,"level":"\u001b[32minfo\u001b[39m","message":"\u001b[32mPerformance: memory_rss = 376340480 bytes\u001b[39m","operation":"memory_rss","timestamp":"2026-05-30 16:26:43:2643","unit":"bytes"}
{"duration":30498982,"level":"\u001b[32minfo\u001b[39m","message":"\u001b[32mPerformance: memory_external = 30498982 bytes\u001b[39m","operation":"memory_external","timestamp":"2026-05-30 16:26:43:2643","unit":"bytes"}
{"duration":6110798,"level":"\u001b[32minfo\u001b[39m","message":"\u001b[32mPerformance: cpu_user_time = 6110798 microseconds\u001b[39m","operation":"cpu_user_time","timestamp":"2026-05-30 16:26:43:2643","unit":"microseconds"}
{"duration":1223895,"level":"\u001b[32minfo\u001b[39m","message":"\u001b[32mPerformance: cpu_system_time = 1223895 microseconds\u001b[39m","operation":"cpu_system_time","timestamp":"2026-05-30 16:26:43:2643","unit":"microseconds"}
{"duration":542.112138952,"level":"\u001b[32minfo\u001b[39m","message":"\u001b[32mPerformance: process_uptime = 542.112138952 seconds\u001b[39m","operation":"process_uptime","timestamp":"2026-05-30 16:26:43:2643","unit":"seconds"}
{"duration":0.330647,"level":"\u001b[32minfo\u001b[39m","message":"\u001b[32mPerformance: event_loop_lag = 0.330647 milliseconds\u001b[39m","operation":"event_loop_lag","timestamp":"2026-05-30 16:26:43:2643","unit":"milliseconds"}
{"level":"\u001b[32minfo\u001b[39m","message":"\u001b[32m>>> [MASTERMIND] Resuming all active channels...\u001b[39m","timestamp":"2026-05-30 16:26:48:2648"}
{"level":"\u001b[32minfo\u001b[39m","message":"\u001b[32m[ChannelService] Successfully queued 0 channels for resumption.\u001b[39m","timestamp":"2026-05-30 16:26:51:2651"}
{"duration":236694152,"level":"\u001b[32minfo\u001b[39m","message":"\u001b[32mPerformance: memory_heap_used = 236694152 bytes\u001b[39m","operation":"memory_heap_used","timestamp":"2026-05-30 16:27:16:2716","unit":"bytes"}
{"duration":246194176,"level":"\u001b[32minfo\u001b[39m","message":"\u001b[32mPerformance: memory_heap_total = 246194176 bytes\u001b[39m","operation":"memory_heap_total","timestamp":"2026-05-30 16:27:16:2716","unit":"bytes"}
{"duration":367558656,"level":"\u001b[32minfo\u001b[39m","message":"\u001b[32mPerformance: memory_rss = 367558656 bytes\u001b[39m","operation":"memory_rss","timestamp":"2026-05-30 16:27:16:2716","unit":"bytes"}
{"duration":30547997,"level":"\u001b[32minfo\u001b[39m","message":"\u001b[32mPerformance: memory_external = 30547997 bytes\u001b[39m","operation":"memory_external","timestamp":"2026-05-30 16:27:16:2716","unit":"bytes"}
{"duration":6259811,"level":"\u001b[32minfo\u001b[39m","message":"\u001b[32mPerformance: cpu_user_time = 6259811 microseconds\u001b[39m","operation":"cpu_user_time","timestamp":"2026-05-30 16:27:16:2716","unit":"microseconds"}
{"duration":1232007,"level":"\u001b[32minfo\u001b[39m","message":"\u001b[32mPerformance: cpu_system_time = 1232007 microseconds\u001b[39m","operation":"cpu_system_time","timestamp":"2026-05-30 16:27:16:2716","unit":"microseconds"}
{"duration":572.212840394,"level":"\u001b[32minfo\u001b[39m","message":"\u001b[32mPerformance: process_uptime = 572.212840394 seconds\u001b[39m","operation":"process_uptime","timestamp":"2026-05-30 16:27:17:2717","unit":"seconds"}
{"duration":28.538526,"level":"\u001b[32minfo\u001b[39m","message":"\u001b[32mPerformance: event_loop_lag = 28.538526 milliseconds\u001b[39m","operation":"event_loop_lag","timestamp":"2026-05-30 16:27:17:2717","unit":"milliseconds"}
{"duration":235867888,"level":"\u001b[32minfo\u001b[39m","message":"\u001b[32mPerformance: memory_heap_used = 235867888 bytes\u001b[39m","operation":"memory_heap_used","timestamp":"2026-05-30 16:27:49:2749","unit":"bytes"}
{"duration":244359168,"level":"\u001b[32minfo\u001b[39m","message":"\u001b[32mPerformance: memory_heap_total = 244359168 bytes\u001b[39m","operation":"memory_heap_total","timestamp":"2026-05-30 16:27:49:2749","unit":"bytes"}
{"duration":364281856,"level":"\u001b[32minfo\u001b[39m","message":"\u001b[32mPerformance: memory_rss = 364281856 bytes\u001b[39m","operation":"memory_rss","timestamp":"2026-05-30 16:27:49:2749","unit":"bytes"}
{"duration":30563576,"level":"\u001b[32minfo\u001b[39m","message":"\u001b[32mPerformance: memory_external = 30563576 bytes\u001b[39m","operation":"memory_external","timestamp":"2026-05-30 16:27:49:2749","unit":"bytes"}
{"duration":6550485,"level":"\u001b[32minfo\u001b[39m","message":"\u001b[32mPerformance: cpu_user_time = 6550485 microseconds\u001b[39m","operation":"cpu_user_time","timestamp":"2026-05-30 16:27:49:2749","unit":"microseconds"}
{"duration":1254348,"level":"\u001b[32minfo\u001b[39m","message":"\u001b[32mPerformance: cpu_system_time = 1254348 microseconds\u001b[39m","operation":"cpu_system_time","timestamp":"2026-05-30 16:27:49:2749","unit":"microseconds"}
{"duration":602.117306055,"level":"\u001b[32minfo\u001b[39m","message":"\u001b[32mPerformance: process_uptime = 602.117306055 seconds\u001b[39m","operation":"process_uptime","timestamp":"2026-05-30 16:27:49:2749","unit":"seconds"}
{"duration":0.980626,"level":"\u001b[32minfo\u001b[39m","message":"\u001b[32mPerformance: event_loop_lag = 0.980626 milliseconds\u001b[39m","operation":"event_loop_lag","timestamp":"2026-05-30 16:27:49:2749","unit":"milliseconds"}
{"level":"\u001b[32minfo\u001b[39m","message":"\u001b[32m>>> [MASTERMIND] Resuming all active channels...\u001b[39m","timestamp":"2026-05-30 16:27:54:2754"}
{"level":"\u001b[32minfo\u001b[39m","message":"\u001b[32m[ChannelService] Successfully queued 0 channels for resumption.\u001b[39m","timestamp":"2026-05-30 16:28:03:283"}
{"duration":236911904,"level":"\u001b[32minfo\u001b[39m","message":"\u001b[32mPerformance: memory_heap_used = 236911904 bytes\u001b[39m","operation":"memory_heap_used","timestamp":"2026-05-30 16:28:22:2822","unit":"bytes"}
{"duration":244359168,"level":"\u001b[32minfo\u001b[39m","message":"\u001b[32mPerformance: memory_heap_total = 244359168 bytes\u001b[39m","operation":"memory_heap_total","timestamp":"2026-05-30 16:28:22:2822","unit":"bytes"}
{"duration":364544000,"level":"\u001b[32minfo\u001b[39m","message":"\u001b[32mPerformance: memory_rss = 364544000 bytes\u001b[39m","operation":"memory_rss","timestamp":"2026-05-30 16:28:22:2822","unit":"bytes"}
{"duration":30620966,"level":"\u001b[32minfo\u001b[39m","message":"\u001b[32mPerformance: memory_external = 30620966 bytes\u001b[39m","operation":"memory_external","timestamp":"2026-05-30 16:28:22:2822","unit":"bytes"}
{"duration":6788857,"level":"\u001b[32minfo\u001b[39m","message":"\u001b[32mPerformance: cpu_user_time = 6788857 microseconds\u001b[39m","operation":"cpu_user_time","timestamp":"2026-05-30 16:28:22:2822","unit":"microseconds"}
{"duration":1281413,"level":"\u001b[32minfo\u001b[39m","message":"\u001b[32mPerformance: cpu_system_time = 1281413 microseconds\u001b[39m","operation":"cpu_system_time","timestamp":"2026-05-30 16:28:22:2822","unit":"microseconds"}
{"duration":632.117063018,"level":"\u001b[32minfo\u001b[39m","message":"\u001b[32mPerformance: process_uptime = 632.117063018 seconds\u001b[39m","operation":"process_uptime","timestamp":"2026-05-30 16:28:22:2822","unit":"seconds"}
{"duration":0.282579,"level":"\u001b[32minfo\u001b[39m","message":"\u001b[32mPerformance: event_loop_lag = 0.282579 milliseconds\u001b[39m","operation":"event_loop_lag","timestamp":"2026-05-30 16:28:22:2822","unit":"milliseconds"}
{"duration":237224728,"level":"\u001b[32minfo\u001b[39m","message":"\u001b[32mPerformance: memory_heap_used = 237224728 bytes\u001b[39m","operation":"memory_heap_used","timestamp":"2026-05-30 16:28:52:2852","unit":"bytes"}
{"duration":243310592,"level":"\u001b[32minfo\u001b[39m","message":"\u001b[32mPerformance: memory_heap_total = 243310592 bytes\u001b[39m","operation":"memory_heap_total","timestamp":"2026-05-30 16:28:52:2852","unit":"bytes"}
{"duration":364544000,"level":"\u001b[32minfo\u001b[39m","message":"\u001b[32mPerformance: memory_rss = 364544000 bytes\u001b[39m","operation":"memory_rss","timestamp":"2026-05-30 16:28:52:2852","unit":"bytes"}
{"duration":30637705,"level":"\u001b[32minfo\u001b[39m","message":"\u001b[32mPerformance: memory_external = 30637705 bytes\u001b[39m","operation":"memory_external","timestamp":"2026-05-30 16:28:52:2852","unit":"bytes"}
{"duration":6827899,"level":"\u001b[32minfo\u001b[39m","message":"\u001b[32mPerformance: cpu_user_time = 6827899 microseconds\u001b[39m","operation":"cpu_user_time","timestamp":"2026-05-30 16:28:52:2852","unit":"microseconds"}
{"duration":1286876,"level":"\u001b[32minfo\u001b[39m","message":"\u001b[32mPerformance: cpu_system_time = 1286876 microseconds\u001b[39m","operation":"cpu_system_time","timestamp":"2026-05-30 16:28:52:2852","unit":"microseconds"}
{"duration":662.116511104,"level":"\u001b[32minfo\u001b[39m","message":"\u001b[32mPerformance: process_uptime = 662.116511104 seconds\u001b[39m","operation":"process_uptime","timestamp":"2026-05-30 16:28:52:2852","unit":"seconds"}
{"duration":0.255541,"level":"\u001b[32minfo\u001b[39m","message":"\u001b[32mPerformance: event_loop_lag = 0.255541 milliseconds\u001b[39m","operation":"event_loop_lag","timestamp":"2026-05-30 16:28:52:2852","unit":"milliseconds"}
{"level":"\u001b[32minfo\u001b[39m","message":"\u001b[32m>>> [MASTERMIND] Resuming all active channels...\u001b[39m","timestamp":"2026-05-30 16:29:00:290"}
{"level":"\u001b[32minfo\u001b[39m","message":"\u001b[32m[ChannelService] Successfully queued 0 channels for resumption.\u001b[39m","timestamp":"2026-05-30 16:29:04:294"}
{"duration":237977488,"level":"\u001b[32minfo\u001b[39m","message":"\u001b[32mPerformance: memory_heap_used = 237977488 bytes\u001b[39m","operation":"memory_heap_used","timestamp":"2026-05-30 16:29:25:2925","unit":"bytes"}
{"duration":244359168,"level":"\u001b[32minfo\u001b[39m","message":"\u001b[32mPerformance: memory_heap_total = 244359168 bytes\u001b[39m","operation":"memory_heap_total","timestamp":"2026-05-30 16:29:25:2925","unit":"bytes"}
{"duration":364544000,"level":"\u001b[32minfo\u001b[39m","message":"\u001b[32mPerformance: memory_rss = 364544000 bytes\u001b[39m","operation":"memory_rss","timestamp":"2026-05-30 16:29:25:2925","unit":"bytes"}
{"duration":30685934,"level":"\u001b[32minfo\u001b[39m","message":"\u001b[32mPerformance: memory_external = 30685934 bytes\u001b[39m","operation":"memory_external","timestamp":"2026-05-30 16:29:25:2925","unit":"bytes"}
{"duration":7050505,"level":"\u001b[32minfo\u001b[39m","message":"\u001b[32mPerformance: cpu_user_time = 7050505 microseconds\u001b[39m","operation":"cpu_user_time","timestamp":"2026-05-30 16:29:25:2925","unit":"microseconds"}
{"duration":1307290,"level":"\u001b[32minfo\u001b[39m","message":"\u001b[32mPerformance: cpu_system_time = 1307290 microseconds\u001b[39m","operation":"cpu_system_time","timestamp":"2026-05-30 16:29:25:2925","unit":"microseconds"}
{"duration":692.119705868,"level":"\u001b[32minfo\u001b[39m","message":"\u001b[32mPerformance: process_uptime = 692.119705868 seconds\u001b[39m","operation":"process_uptime","timestamp":"2026-05-30 16:29:25:2925","unit":"seconds"}
{"duration":4.322013,"level":"\u001b[32minfo\u001b[39m","message":"\u001b[32mPerformance: event_loop_lag = 4.322013 milliseconds\u001b[39m","operation":"event_loop_lag","timestamp":"2026-05-30 16:29:25:2925","unit":"milliseconds"}
{"duration":237594912,"level":"\u001b[32minfo\u001b[39m","message":"\u001b[32mPerformance: memory_heap_used = 237594912 bytes\u001b[39m","operation":"memory_heap_used","timestamp":"2026-05-30 16:29:58:2958","unit":"bytes"}
{"duration":243310592,"level":"\u001b[32minfo\u001b[39m","message":"\u001b[32mPerformance: memory_heap_total = 243310592 bytes\u001b[39m","operation":"memory_heap_total","timestamp":"2026-05-30 16:29:58:2958","unit":"bytes"}
{"duration":364544000,"level":"\u001b[32minfo\u001b[39m","message":"\u001b[32mPerformance: memory_rss = 364544000 bytes\u001b[39m","operation":"memory_rss","timestamp":"2026-05-30 16:29:58:2958","unit":"bytes"}
{"duration":30685479,"level":"\u001b[32minfo\u001b[39m","message":"\u001b[32mPerformance: memory_external = 30685479 bytes\u001b[39m","operation":"memory_external","timestamp":"2026-05-30 16:29:58:2958","unit":"bytes"}
{"duration":7083542,"level":"\u001b[32minfo\u001b[39m","message":"\u001b[32mPerformance: cpu_user_time = 7083542 microseconds\u001b[39m","operation":"cpu_user_time","timestamp":"2026-05-30 16:29:58:2958","unit":"microseconds"}
{"duration":1309301,"level":"\u001b[32minfo\u001b[39m","message":"\u001b[32mPerformance: cpu_system_time = 1309301 microseconds\u001b[39m","operation":"cpu_system_time","timestamp":"2026-05-30 16:29:58:2958","unit":"microseconds"}
{"duration":722.119163646,"level":"\u001b[32minfo\u001b[39m","message":"\u001b[32mPerformance: process_uptime = 722.119163646 seconds\u001b[39m","operation":"process_uptime","timestamp":"2026-05-30 16:29:58:2958","unit":"seconds"}
{"duration":0.248304,"level":"\u001b[32minfo\u001b[39m","message":"\u001b[32mPerformance: event_loop_lag = 0.248304 milliseconds\u001b[39m","operation":"event_loop_lag","timestamp":"2026-05-30 16:29:58:2958","unit":"milliseconds"}
{"level":"\u001b[32minfo\u001b[39m","message":"\u001b[32m>>> [MASTERMIND] Resuming all active channels...\u001b[39m","timestamp":"2026-05-30 16:30:03:303"}
{"level":"\u001b[32minfo\u001b[39m","message":"\u001b[32m[ChannelService] Successfully queued 0 channels for resumption.\u001b[39m","timestamp":"2026-05-30 16:30:08:308"}
{"duration":238366920,"level":"\u001b[32minfo\u001b[39m","message":"\u001b[32mPerformance: memory_heap_used = 238366920 bytes\u001b[39m","operation":"memory_heap_used","timestamp":"2026-05-30 16:30:32:3032","unit":"bytes"}
{"duration":243310592,"level":"\u001b[32minfo\u001b[39m","message":"\u001b[32mPerformance: memory_heap_total = 243310592 bytes\u001b[39m","operation":"memory_heap_total","timestamp":"2026-05-30 16:30:32:3032","unit":"bytes"}
{"duration":359825408,"level":"\u001b[32minfo\u001b[39m","message":"\u001b[32mPerformance: memory_rss = 359825408 bytes\u001b[39m","operation":"memory_rss","timestamp":"2026-05-30 16:30:32:3032","unit":"bytes"}
{"duration":30742642,"level":"\u001b[32minfo\u001b[39m","message":"\u001b[32mPerformance: memory_external = 30742642 bytes\u001b[39m","operation":"memory_external","timestamp":"2026-05-30 16:30:32:3032","unit":"bytes"}
{"duration":7336096,"level":"\u001b[32minfo\u001b[39m","message":"\u001b[32mPerformance: cpu_user_time = 7336096 microseconds\u001b[39m","operation":"cpu_user_time","timestamp":"2026-05-30 16:30:32:3032","unit":"microseconds"}
{"duration":1347174,"level":"\u001b[32minfo\u001b[39m","message":"\u001b[32mPerformance: cpu_system_time = 1347174 microseconds\u001b[39m","operation":"cpu_system_time","timestamp":"2026-05-30 16:30:32:3032","unit":"microseconds"}
{"duration":752.138718647,"level":"\u001b[32minfo\u001b[39m","message":"\u001b[32mPerformance: process_uptime = 752.138718647 seconds\u001b[39m","operation":"process_uptime","timestamp":"2026-05-30 16:30:32:3032","unit":"seconds"}
{"duration":1.795502,"level":"\u001b[32minfo\u001b[39m","message":"\u001b[32mPerformance: event_loop_lag = 1.795502 milliseconds\u001b[39m","operation":"event_loop_lag","timestamp":"2026-05-30 16:30:32:3032","unit":"milliseconds"}
{"duration":238705696,"level":"\u001b[32minfo\u001b[39m","message":"\u001b[32mPerformance: memory_heap_used = 238705696 bytes\u001b[39m","operation":"memory_heap_used","timestamp":"2026-05-30 16:31:05:315","unit":"bytes"}
{"duration":243310592,"level":"\u001b[32minfo\u001b[39m","message":"\u001b[32mPerformance: memory_heap_total = 243310592 bytes\u001b[39m","operation":"memory_heap_total","timestamp":"2026-05-30 16:31:05:315","unit":"bytes"}
{"duration":359825408,"level":"\u001b[32minfo\u001b[39m","message":"\u001b[32mPerformance: memory_rss = 359825408 bytes\u001b[39m","operation":"memory_rss","timestamp":"2026-05-30 16:31:05:315","unit":"bytes"}
{"duration":30759446,"level":"\u001b[32minfo\u001b[39m","message":"\u001b[32mPerformance: memory_external = 30759446 bytes\u001b[39m","operation":"memory_external","timestamp":"2026-05-30 16:31:05:315","unit":"bytes"}
{"duration":7416478,"level":"\u001b[32minfo\u001b[39m","message":"\u001b[32mPerformance: cpu_user_time = 7416478 microseconds\u001b[39m","operation":"cpu_user_time","timestamp":"2026-05-30 16:31:05:315","unit":"microseconds"}
{"duration":1352802,"level":"\u001b[32minfo\u001b[39m","message":"\u001b[32mPerformance: cpu_system_time = 1352802 microseconds\u001b[39m","operation":"cpu_system_time","timestamp":"2026-05-30 16:31:05:315","unit":"microseconds"}
{"duration":782.121900421,"level":"\u001b[32minfo\u001b[39m","message":"\u001b[32mPerformance: process_uptime = 782.121900421 seconds\u001b[39m","operation":"process_uptime","timestamp":"2026-05-30 16:31:05:315","unit":"seconds"}
{"duration":0.249058,"level":"\u001b[32minfo\u001b[39m","message":"\u001b[32mPerformance: event_loop_lag = 0.249058 milliseconds\u001b[39m","operation":"event_loop_lag","timestamp":"2026-05-30 16:31:05:315","unit":"milliseconds"}
{"level":"\u001b[32minfo\u001b[39m","message":"\u001b[32m>>> [MASTERMIND] Resuming all active channels...\u001b[39m","timestamp":"2026-05-30 16:31:10:3110"}
{"level":"\u001b[32minfo\u001b[39m","message":"\u001b[32m[ChannelService] Successfully queued 0 channels for resumption.\u001b[39m","timestamp":"2026-05-30 16:31:14:3114"}
{"duration":238994904,"level":"\u001b[32minfo\u001b[39m","message":"\u001b[32mPerformance: memory_heap_used = 238994904 bytes\u001b[39m","operation":"memory_heap_used","timestamp":"2026-05-30 16:31:38:3138","unit":"bytes"}
{"duration":244359168,"level":"\u001b[32minfo\u001b[39m","message":"\u001b[32mPerformance: memory_heap_total = 244359168 bytes\u001b[39m","operation":"memory_heap_total","timestamp":"2026-05-30 16:31:38:3138","unit":"bytes"}
{"duration":359956480,"level":"\u001b[32minfo\u001b[39m","message":"\u001b[32mPerformance: memory_rss = 359956480 bytes\u001b[39m","operation":"memory_rss","timestamp":"2026-05-30 16:31:38:3138","unit":"bytes"}
{"duration":30792370,"level":"\u001b[32minfo\u001b[39m","message":"\u001b[32mPerformance: memory_external = 30792370 bytes\u001b[39m","operation":"memory_external","timestamp":"2026-05-30 16:31:38:3138","unit":"bytes"}
{"duration":7602841,"level":"\u001b[32minfo\u001b[39m","message":"\u001b[32mPerformance: cpu_user_time = 7602841 microseconds\u001b[39m","operation":"cpu_user_time","timestamp":"2026-05-30 16:31:38:3138","unit":"microseconds"}
{"duration":1363359,"level":"\u001b[32minfo\u001b[39m","message":"\u001b[32mPerformance: cpu_system_time = 1363359 microseconds\u001b[39m","operation":"cpu_system_time","timestamp":"2026-05-30 16:31:38:3138","unit":"microseconds"}
{"duration":812.121695413,"level":"\u001b[32minfo\u001b[39m","message":"\u001b[32mPerformance: process_uptime = 812.121695413 seconds\u001b[39m","operation":"process_uptime","timestamp":"2026-05-30 16:31:38:3138","unit":"seconds"}
{"duration":0.312564,"level":"\u001b[32minfo\u001b[39m","message":"\u001b[32mPerformance: event_loop_lag = 0.312564 milliseconds\u001b[39m","operation":"event_loop_lag","timestamp":"2026-05-30 16:31:38:3138","unit":"milliseconds"}
{"duration":239353960,"level":"\u001b[32minfo\u001b[39m","message":"\u001b[32mPerformance: memory_heap_used = 239353960 bytes\u001b[39m","operation":"memory_heap_used","timestamp":"2026-05-30 16:32:11:3211","unit":"bytes"}
{"duration":243310592,"level":"\u001b[32minfo\u001b[39m","message":"\u001b[32mPerformance: memory_heap_total = 243310592 bytes\u001b[39m","operation":"memory_heap_total","timestamp":"2026-05-30 16:32:11:3211","unit":"bytes"}
{"duration":360087552,"level":"\u001b[32minfo\u001b[39m","message":"\u001b[32mPerformance: memory_rss = 360087552 bytes\u001b[39m","operation":"memory_rss","timestamp":"2026-05-30 16:32:11:3211","unit":"bytes"}
{"duration":30816711,"level":"\u001b[32minfo\u001b[39m","message":"\u001b[32mPerformance: memory_external = 30816711 bytes\u001b[39m","operation":"memory_external","timestamp":"2026-05-30 16:32:11:3211","unit":"bytes"}
{"duration":7631672,"level":"\u001b[32minfo\u001b[39m","message":"\u001b[32mPerformance: cpu_user_time = 7631672 microseconds\u001b[39m","operation":"cpu_user_time","timestamp":"2026-05-30 16:32:11:3211","unit":"microseconds"}
{"duration":1367758,"level":"\u001b[32minfo\u001b[39m","message":"\u001b[32mPerformance: cpu_system_time = 1367758 microseconds\u001b[39m","operation":"cpu_system_time","timestamp":"2026-05-30 16:32:11:3211","unit":"microseconds"}
{"duration":842.121876668,"level":"\u001b[32minfo\u001b[39m","message":"\u001b[32mPerformance: process_uptime = 842.121876668 seconds\u001b[39m","operation":"process_uptime","timestamp":"2026-05-30 16:32:11:3211","unit":"seconds"}
{"duration":0.23946,"level":"\u001b[32minfo\u001b[39m","message":"\u001b[32mPerformance: event_loop_lag = 0.23946 milliseconds\u001b[39m","operation":"event_loop_lag","timestamp":"2026-05-30 16:32:11:3211","unit":"milliseconds"}
{"level":"\u001b[32minfo\u001b[39m","message":"\u001b[32m>>> [MASTERMIND] Resuming all active channels...\u001b[39m","timestamp":"2026-05-30 16:32:16:3216"}
{"level":"\u001b[32minfo\u001b[39m","message":"\u001b[32m[ChannelService] Successfully queued 0 channels for resumption.\u001b[39m","timestamp":"2026-05-30 16:32:20:3220"}
{"duration":240401320,"level":"\u001b[32minfo\u001b[39m","message":"\u001b[32mPerformance: memory_heap_used = 240401320 bytes\u001b[39m","operation":"memory_heap_used","timestamp":"2026-05-30 16:32:44:3244","unit":"bytes"}
{"duration":243310592,"level":"\u001b[32minfo\u001b[39m","message":"\u001b[32mPerformance: memory_heap_total = 243310592 bytes\u001b[39m","operation":"memory_heap_total","timestamp":"2026-05-30 16:32:44:3244","unit":"bytes"}
{"duration":360349696,"level":"\u001b[32minfo\u001b[39m","message":"\u001b[32mPerformance: memory_rss = 360349696 bytes\u001b[39m","operation":"memory_rss","timestamp":"2026-05-30 16:32:44:3244","unit":"bytes"}
{"duration":30865373,"level":"\u001b[32minfo\u001b[39m","message":"\u001b[32mPerformance: memory_external = 30865373 bytes\u001b[39m","operation":"memory_external","timestamp":"2026-05-30 16:32:44:3244","unit":"bytes"}
{"duration":7731969,"level":"\u001b[32minfo\u001b[39m","message":"\u001b[32mPerformance: cpu_user_time = 7731969 microseconds\u001b[39m","operation":"cpu_user_time","timestamp":"2026-05-30 16:32:44:3244","unit":"microseconds"}
{"duration":1376862,"level":"\u001b[32minfo\u001b[39m","message":"\u001b[32mPerformance: cpu_system_time = 1376862 microseconds\u001b[39m","operation":"cpu_system_time","timestamp":"2026-05-30 16:32:44:3244","unit":"microseconds"}
{"duration":872.122967989,"level":"\u001b[32minfo\u001b[39m","message":"\u001b[32mPerformance: process_uptime = 872.122967989 seconds\u001b[39m","operation":"process_uptime","timestamp":"2026-05-30 16:32:44:3244","unit":"seconds"}
{"duration":4.815651,"level":"\u001b[32minfo\u001b[39m","message":"\u001b[32mPerformance: event_loop_lag = 4.815651 milliseconds\u001b[39m","operation":"event_loop_lag","timestamp":"2026-05-30 16:32:44:3244","unit":"milliseconds"}
