{"level":"\u001b[32minfo\u001b[39m","message":"\u001b[32m✅ Environment variables validated via Zod\u001b[39m","timestamp":"2026-04-07 19:41:37:4137"}
{"level":"\u001b[32minfo\u001b[39m","message":"\u001b[32m🔗 Constructed internal REDIS_URL from host and port configuration\u001b[39m","timestamp":"2026-04-07 19:41:37:4137"}
{"level":"\u001b[32minfo\u001b[39m","message":"\u001b[32m✅ Configuration validation passed\u001b[39m","timestamp":"2026-04-07 19:41:37:4137"}
{"level":"\u001b[32minfo\u001b[39m","message":"\u001b[32mConfigService initialized as wrapper for ConfigManager\u001b[39m","timestamp":"2026-04-07 19:41:37:4137"}
{"level":"\u001b[32minfo\u001b[39m","message":"\u001b[32mAnalytics service initialized\u001b[39m","timestamp":"2026-04-07 19:41:39:4139"}
{"level":"\u001b[32minfo\u001b[39m","message":"\u001b[32mQueueService initialized: campaigns\u001b[39m","timestamp":"2026-04-07 19:41:39:4139"}
{"level":"\u001b[32minfo\u001b[39m","message":"\u001b[32mBullMQ Job Queue Service initialized\u001b[39m","timestamp":"2026-04-07 19:41:40:4140"}
{"level":"\u001b[32minfo\u001b[39m","message":"\u001b[32m>>> [MASTERMIND] ABSOLUTE START OF MAIN.TS\u001b[39m","timestamp":"2026-04-07 19:41:40:4140"}
{"level":"\u001b[32minfo\u001b[39m","message":"\u001b[32m>>> [MASTERMIND] Starting main()\u001b[39m","timestamp":"2026-04-07 19:41:40:4140"}
{"level":"\u001b[32minfo\u001b[39m","message":"\u001b[32m🚀 Starting DeXMart...\u001b[39m","timestamp":"2026-04-07 19:41:40:4140"}
{"level":"\u001b[32minfo\u001b[39m","message":"\u001b[32m>>> [MASTERMIND] Validating environment variables...\u001b[39m","timestamp":"2026-04-07 19:41:40:4140"}
{"level":"\u001b[32minfo\u001b[39m","message":"\u001b[32m🔍 Validating environment variables...\u001b[39m","timestamp":"2026-04-07 19:41:40:4140"}
{"level":"\u001b[32minfo\u001b[39m","message":"\u001b[32m✅ FIREBASE_PROJECT_ID: dexmart\u001b[39m","timestamp":"2026-04-07 19:41:40:4140"}
{"level":"\u001b[32minfo\u001b[39m","message":"\u001b[32m✅ GOOGLE_GEMINI_API_KEY: ***[REDACTED]***\u001b[39m","timestamp":"2026-04-07 19:41:40:4140"}
{"level":"\u001b[33mwarn\u001b[39m","message":"\u001b[33m⚠️  PORT not set, using default: 3001\u001b[39m","timestamp":"2026-04-07 19:41:40:4140"}
{"level":"\u001b[32minfo\u001b[39m","message":"\u001b[32m✅ NODE_ENV: development\u001b[39m","timestamp":"2026-04-07 19:41:40:4140"}
{"level":"\u001b[32minfo\u001b[39m","message":"\u001b[32m✅ JWT_SECRET: ***[REDACTED]***\u001b[39m","timestamp":"2026-04-07 19:41:40:4140"}
{"level":"\u001b[33mwarn\u001b[39m","message":"\u001b[33m⚠️  RATE_LIMIT_AI_REQ not set, using default: 10\u001b[39m","timestamp":"2026-04-07 19:41:40:4140"}
{"level":"\u001b[33mwarn\u001b[39m","message":"\u001b[33m⚠️  USE_BAILEYS_DIRECT not set, using default: false\u001b[39m","timestamp":"2026-04-07 19:41:40:4140"}
{"level":"\u001b[33mwarn\u001b[39m","message":"\u001b[33m⚠️ Missing Firebase credentials. Provide either FIREBASE_SERVICE_ACCOUNT_PATH or (FIREBASE_PROJECT_ID, FIREBASE_CLIENT_EMAIL, and FIREBASE_PRIVATE_KEY)\u001b[39m","timestamp":"2026-04-07 19:41:40:4140"}
{"level":"\u001b[32minfo\u001b[39m","message":"\u001b[32m✅ Environment validation passed!\u001b[39m","timestamp":"2026-04-07 19:41:40:4140"}
{"level":"\u001b[33mwarn\u001b[39m","message":"\u001b[33mEnvironment validation passed with 4 warning(s)\u001b[39m","timestamp":"2026-04-07 19:41:40:4140"}
{"level":"\u001b[32minfo\u001b[39m","message":"\u001b[32m>>> [MASTERMIND] Environment validation passed.\u001b[39m","timestamp":"2026-04-07 19:41:40:4140"}
{"level":"\u001b[32minfo\u001b[39m","message":"\u001b[32m>>> [MASTERMIND] initializeContext() called\u001b[39m","timestamp":"2026-04-07 19:41:40:4140"}
{"level":"\u001b[32minfo\u001b[39m","message":"\u001b[32m>>> [MASTERMIND] Starting fresh initialization\u001b[39m","timestamp":"2026-04-07 19:41:40:4140"}
{"level":"\u001b[32minfo\u001b[39m","message":"\u001b[32m>>> [MASTERMIND] Base context object built.\u001b[39m","timestamp":"2026-04-07 19:41:40:4140"}
{"level":"\u001b[32minfo\u001b[39m","message":"\u001b[32m🔧 Unified Command System initialized\u001b[39m","timestamp":"2026-04-07 19:41:40:4140"}
{"level":"\u001b[32minfo\u001b[39m","message":"\u001b[32mInitializing Command System and loading commands...\u001b[39m","timestamp":"2026-04-07 19:41:40:4140"}
{"level":"\u001b[32minfo\u001b[39m","message":"\u001b[32m🔄 Parallelizing command loading...\u001b[39m","timestamp":"2026-04-07 19:41:40:4140"}
{"level":"\u001b[32minfo\u001b[39m","message":"\u001b[32m✅ Redis connected successfully\u001b[39m","timestamp":"2026-04-07 19:41:40:4140"}
{"level":"\u001b[32minfo\u001b[39m","message":"\u001b[32m✅ Redis Connected - Switching to distributed cache\u001b[39m","timestamp":"2026-04-07 19:41:40:4140"}
{"error":"No \"exports\" main defined in /home/codedex/projects/DeXMart/node_modules/.pnpm/node_modules/osc-progress/package.json","level":"\u001b[31merror\u001b[39m","message":"\u001b[31mFailed to load command: /home/codedex/projects/DeXMart/src/commands/channels/add.ts\u001b[39m","timestamp":"2026-04-07 19:41:42:4142"}
{"error":"Vitest cannot be imported in a CommonJS module using require(). Please use \"import\" instead.\n\nIf you are using \"import\" in your source code, then it's possible it was bundled into require() automatically by your bundler. In that case, do not bundle CommonJS output since it will never work with Vitest, or use dynamic import() which is available in all CommonJS modules.","level":"\u001b[31merror\u001b[39m","message":"\u001b[31mFailed to load command: /home/codedex/projects/DeXMart/src/commands/channels/capabilities.test.ts\u001b[39m","timestamp":"2026-04-07 19:41:42:4142"}
{"error":"No \"exports\" main defined in /home/codedex/projects/DeXMart/node_modules/.pnpm/node_modules/@buape/carbon/package.json","level":"\u001b[31merror\u001b[39m","message":"\u001b[31mFailed to load command: /home/codedex/projects/DeXMart/src/commands/channels/capabilities.ts\u001b[39m","timestamp":"2026-04-07 19:41:42:4142"}
{"error":"No \"exports\" main defined in /home/codedex/projects/DeXMart/node_modules/.pnpm/node_modules/osc-progress/package.json","level":"\u001b[31merror\u001b[39m","message":"\u001b[31mFailed to load command: /home/codedex/projects/DeXMart/src/commands/channels/list.ts\u001b[39m","timestamp":"2026-04-07 19:41:42:4142"}
{"error":"No \"exports\" main defined in /home/codedex/projects/DeXMart/node_modules/.pnpm/node_modules/osc-progress/package.json","level":"\u001b[31merror\u001b[39m","message":"\u001b[31mFailed to load command: /home/codedex/projects/DeXMart/src/commands/channels/remove.ts\u001b[39m","timestamp":"2026-04-07 19:41:42:4142"}
{"error":"No \"exports\" main defined in /home/codedex/projects/DeXMart/node_modules/.pnpm/node_modules/osc-progress/package.json","level":"\u001b[31merror\u001b[39m","message":"\u001b[31mFailed to load command: /home/codedex/projects/DeXMart/src/commands/channels/status.ts\u001b[39m","timestamp":"2026-04-07 19:41:42:4142"}
{"error":"Cannot find module '../../services/gemini.js'\nRequire stack:\n- /home/codedex/projects/DeXMart/src/commands/ai-chat/gemini.ts","level":"\u001b[31merror\u001b[39m","message":"\u001b[31mFailed to load command: /home/codedex/projects/DeXMart/src/commands/ai-chat/gemini.ts\u001b[39m","timestamp":"2026-04-07 19:41:43:4143"}
{"error":"No \"exports\" main defined in /home/codedex/projects/DeXMart/node_modules/.pnpm/node_modules/@mariozechner/pi-coding-agent/package.json","level":"\u001b[31merror\u001b[39m","message":"\u001b[31mFailed to load command: /home/codedex/projects/DeXMart/src/commands/models/auth.ts\u001b[39m","timestamp":"2026-04-07 19:41:44:4144"}
{"error":"Vitest cannot be imported in a CommonJS module using require(). Please use \"import\" instead.\n\nIf you are using \"import\" in your source code, then it's possible it was bundled into require() automatically by your bundler. In that case, do not bundle CommonJS output since it will never work with Vitest, or use dynamic import() which is available in all CommonJS modules.","level":"\u001b[31merror\u001b[39m","message":"\u001b[31mFailed to load command: /home/codedex/projects/DeXMart/src/commands/models/list.auth-overview.test.ts\u001b[39m","timestamp":"2026-04-07 19:41:44:4144"}
{"error":"Vitest cannot be imported in a CommonJS module using require(). Please use \"import\" instead.\n\nIf you are using \"import\" in your source code, then it's possible it was bundled into require() automatically by your bundler. In that case, do not bundle CommonJS output since it will never work with Vitest, or use dynamic import() which is available in all CommonJS modules.","level":"\u001b[31merror\u001b[39m","message":"\u001b[31mFailed to load command: /home/codedex/projects/DeXMart/src/commands/models/list.list-command.forward-compat.test.ts\u001b[39m","timestamp":"2026-04-07 19:41:44:4144"}
{"error":"No \"exports\" main defined in /home/codedex/projects/DeXMart/node_modules/.pnpm/node_modules/@mariozechner/pi-coding-agent/package.json","level":"\u001b[31merror\u001b[39m","message":"\u001b[31mFailed to load command: /home/codedex/projects/DeXMart/src/commands/models/list.list-command.ts\u001b[39m","timestamp":"2026-04-07 19:41:44:4144"}
{"error":"Vitest cannot be imported in a CommonJS module using require(). Please use \"import\" instead.\n\nIf you are using \"import\" in your source code, then it's possible it was bundled into require() automatically by your bundler. In that case, do not bundle CommonJS output since it will never work with Vitest, or use dynamic import() which is available in all CommonJS modules.","level":"\u001b[31merror\u001b[39m","message":"\u001b[31mFailed to load command: /home/codedex/projects/DeXMart/src/commands/models/list.probe.test.ts\u001b[39m","timestamp":"2026-04-07 19:41:44:4144"}
{"error":"No \"exports\" main defined in /home/codedex/projects/DeXMart/node_modules/.pnpm/node_modules/@mariozechner/pi-coding-agent/package.json","level":"\u001b[31merror\u001b[39m","message":"\u001b[31mFailed to load command: /home/codedex/projects/DeXMart/src/commands/models/list.probe.ts\u001b[39m","timestamp":"2026-04-07 19:41:44:4144"}
{"error":"This is caused by either a bug in Node.js or incorrect usage of Node.js internals.\nPlease open an issue with this stack trace at https://github.com/nodejs/node/issues\n","level":"\u001b[31merror\u001b[39m","message":"\u001b[31mFailed to load command: /home/codedex/projects/DeXMart/src/commands/models/list.registry.ts\u001b[39m","timestamp":"2026-04-07 19:41:44:4144"}
{"error":"No \"exports\" main defined in /home/codedex/projects/DeXMart/node_modules/.pnpm/node_modules/osc-progress/package.json","level":"\u001b[31merror\u001b[39m","message":"\u001b[31mFailed to load command: /home/codedex/projects/DeXMart/src/commands/models/list.status-command.ts\u001b[39m","timestamp":"2026-04-07 19:41:44:4144"}
{"error":"Vitest cannot be imported in a CommonJS module using require(). Please use \"import\" instead.\n\nIf you are using \"import\" in your source code, then it's possible it was bundled into require() automatically by your bundler. In that case, do not bundle CommonJS output since it will never work with Vitest, or use dynamic import() which is available in all CommonJS modules.","level":"\u001b[31merror\u001b[39m","message":"\u001b[31mFailed to load command: /home/codedex/projects/DeXMart/src/commands/models/list.status.test.ts\u001b[39m","timestamp":"2026-04-07 19:41:44:4144"}
{"error":"No \"exports\" main defined in /home/codedex/projects/DeXMart/node_modules/.pnpm/node_modules/@mariozechner/pi-coding-agent/package.json","level":"\u001b[31merror\u001b[39m","message":"\u001b[31mFailed to load command: /home/codedex/projects/DeXMart/src/commands/models/list.ts\u001b[39m","timestamp":"2026-04-07 19:41:44:4144"}
{"error":"No \"exports\" main defined in /home/codedex/projects/DeXMart/node_modules/.pnpm/node_modules/osc-progress/package.json","level":"\u001b[31merror\u001b[39m","message":"\u001b[31mFailed to load command: /home/codedex/projects/DeXMart/src/commands/models/scan.ts\u001b[39m","timestamp":"2026-04-07 19:41:44:4144"}
{"error":"Vitest cannot be imported in a CommonJS module using require(). Please use \"import\" instead.\n\nIf you are using \"import\" in your source code, then it's possible it was bundled into require() automatically by your bundler. In that case, do not bundle CommonJS output since it will never work with Vitest, or use dynamic import() which is available in all CommonJS modules.","level":"\u001b[31merror\u001b[39m","message":"\u001b[31mFailed to load command: /home/codedex/projects/DeXMart/src/commands/models/shared.test.ts\u001b[39m","timestamp":"2026-04-07 19:41:44:4144"}
{"error":"No \"exports\" main defined in /home/codedex/projects/DeXMart/node_modules/.pnpm/node_modules/@mariozechner/pi-coding-agent/package.json","level":"\u001b[31merror\u001b[39m","message":"\u001b[31mFailed to load command: /home/codedex/projects/DeXMart/src/commands/onboard-non-interactive/local.ts\u001b[39m","timestamp":"2026-04-07 19:41:44:4144"}
{"error":"No \"exports\" main defined in /home/codedex/projects/DeXMart/node_modules/.pnpm/node_modules/@mariozechner/pi-coding-agent/package.json","level":"\u001b[31merror\u001b[39m","message":"\u001b[31mFailed to load command: /home/codedex/projects/DeXMart/src/commands/onboard-non-interactive/remote.ts\u001b[39m","timestamp":"2026-04-07 19:41:44:4144"}
{"error":"Vitest cannot be imported in a CommonJS module using require(). Please use \"import\" instead.\n\nIf you are using \"import\" in your source code, then it's possible it was bundled into require() automatically by your bundler. In that case, do not bundle CommonJS output since it will never work with Vitest, or use dynamic import() which is available in all CommonJS modules.","level":"\u001b[31merror\u001b[39m","message":"\u001b[31mFailed to load command: /home/codedex/projects/DeXMart/src/commands/onboarding/plugin-install.test.ts\u001b[39m","timestamp":"2026-04-07 19:41:47:4147"}
{"error":"No \"exports\" main defined in /home/codedex/projects/DeXMart/node_modules/.pnpm/node_modules/@mariozechner/pi-coding-agent/package.json","level":"\u001b[31merror\u001b[39m","message":"\u001b[31mFailed to load command: /home/codedex/projects/DeXMart/src/commands/onboarding/plugin-install.ts\u001b[39m","timestamp":"2026-04-07 19:41:47:4147"}
{"error":"No \"exports\" main defined in /home/codedex/projects/DeXMart/node_modules/.pnpm/node_modules/@mariozechner/pi-coding-agent/package.json","level":"\u001b[31merror\u001b[39m","message":"\u001b[31mFailed to load command: /home/codedex/projects/DeXMart/src/commands/onboarding/registry.ts\u001b[39m","timestamp":"2026-04-07 19:41:47:4147"}
{"error":"No \"exports\" main defined in /home/codedex/projects/DeXMart/node_modules/.pnpm/node_modules/@mariozechner/pi-coding-agent/package.json","level":"\u001b[31merror\u001b[39m","message":"\u001b[31mFailed to load command: /home/codedex/projects/DeXMart/src/commands/status-all/agents.ts\u001b[39m","timestamp":"2026-04-07 19:41:47:4147"}
{"error":"Vitest cannot be imported in a CommonJS module using require(). Please use \"import\" instead.\n\nIf you are using \"import\" in your source code, then it's possible it was bundled into require() automatically by your bundler. In that case, do not bundle CommonJS output since it will never work with Vitest, or use dynamic import() which is available in all CommonJS modules.","level":"\u001b[31merror\u001b[39m","message":"\u001b[31mFailed to load command: /home/codedex/projects/DeXMart/src/commands/status-all/channels.mattermost-token-summary.test.ts\u001b[39m","timestamp":"2026-04-07 19:41:47:4147"}
{"error":"Vitest cannot be imported in a CommonJS module using require(). Please use \"import\" instead.\n\nIf you are using \"import\" in your source code, then it's possible it was bundled into require() automatically by your bundler. In that case, do not bundle CommonJS output since it will never work with Vitest, or use dynamic import() which is available in all CommonJS modules.","level":"\u001b[31merror\u001b[39m","message":"\u001b[31mFailed to load command: /home/codedex/projects/DeXMart/src/commands/status-all/report-lines.test.ts\u001b[39m","timestamp":"2026-04-07 19:41:47:4147"}
{"error":"Transform failed with 1 error:\n/home/codedex/projects/DeXMart/src/commands/agent/session.test.ts:25:40: ERROR: Top-level await is currently not supported with the \"cjs\" output format","level":"\u001b[31merror\u001b[39m","message":"\u001b[31mFailed to load command: /home/codedex/projects/DeXMart/src/commands/agent/session.test.ts\u001b[39m","timestamp":"2026-04-07 19:41:48:4148"}
{"error":"No \"exports\" main defined in /home/codedex/projects/DeXMart/node_modules/.pnpm/node_modules/@mariozechner/pi-coding-agent/package.json","level":"\u001b[31merror\u001b[39m","message":"\u001b[31mFailed to load command: /home/codedex/projects/DeXMart/src/commands/agent/delivery.ts\u001b[39m","timestamp":"2026-04-07 19:41:48:4148"}
{"error":"Vitest cannot be imported in a CommonJS module using require(). Please use \"import\" instead.\n\nIf you are using \"import\" in your source code, then it's possible it was bundled into require() automatically by your bundler. In that case, do not bundle CommonJS output since it will never work with Vitest, or use dynamic import() which is available in all CommonJS modules.","level":"\u001b[31merror\u001b[39m","message":"\u001b[31mFailed to load command: /home/codedex/projects/DeXMart/src/commands/agent/session-store.test.ts\u001b[39m","timestamp":"2026-04-07 19:41:48:4148"}
{"error":"No \"exports\" main defined in /home/codedex/projects/DeXMart/node_modules/.pnpm/node_modules/@mariozechner/pi-coding-agent/package.json","level":"\u001b[31merror\u001b[39m","message":"\u001b[31mFailed to load command: /home/codedex/projects/DeXMart/src/commands/agent/session-store.ts\u001b[39m","timestamp":"2026-04-07 19:41:48:4148"}
{"error":"No \"exports\" main defined in /home/codedex/projects/DeXMart/node_modules/.pnpm/node_modules/@mariozechner/pi-coding-agent/package.json","level":"\u001b[31merror\u001b[39m","message":"\u001b[31mFailed to load command: /home/codedex/projects/DeXMart/src/commands/agent/session.ts\u001b[39m","timestamp":"2026-04-07 19:41:48:4148"}
{"level":"\u001b[32minfo\u001b[39m","message":"\u001b[32mBullMQ Queues initialized with unified Redis connection\u001b[39m","timestamp":"2026-04-07 19:41:48:4148"}
{"level":"\u001b[32minfo\u001b[39m","message":"\u001b[32m🎉 High-Speed Load Complete: 93 commands in 7513ms\u001b[39m","timestamp":"2026-04-07 19:41:48:4148"}
{"level":"\u001b[32minfo\u001b[39m","message":"\u001b[32m>>> [MASTERMIND] Command loading finished. Getting mock bot...\u001b[39m","timestamp":"2026-04-07 19:41:48:4148"}
{"level":"\u001b[32minfo\u001b[39m","message":"\u001b[32m✅ Global Context initialized successfully\u001b[39m","timestamp":"2026-04-07 19:41:48:4148"}
{"level":"\u001b[32minfo\u001b[39m","message":"\u001b[32m>>> [MASTERMIND] Global Context initialized successfully\u001b[39m","timestamp":"2026-04-07 19:41:48:4148"}
{"level":"\u001b[32minfo\u001b[39m","message":"\u001b[32m>>> [MASTERMIND] Global Context initialized.\u001b[39m","timestamp":"2026-04-07 19:41:48:4148"}
{"level":"\u001b[32minfo\u001b[39m","message":"\u001b[32m>>> [MASTERMIND] Initializing Job Registry...\u001b[39m","timestamp":"2026-04-07 19:41:48:4148"}
{"level":"\u001b[32minfo\u001b[39m","message":"\u001b[32m[ApiKeyManager] Initialized Universal Manager with 12 keys (Semantic Cache Enabled)\u001b[39m","timestamp":"2026-04-07 19:41:48:4148"}
{"level":"\u001b[32minfo\u001b[39m","message":"\u001b[32mAIUtilityService initialized with 12 API keys (12 healthy)\u001b[39m","timestamp":"2026-04-07 19:41:48:4148"}
{"level":"\u001b[32minfo\u001b[39m","message":"\u001b[32mInitializing job queues...\u001b[39m","timestamp":"2026-04-07 19:41:48:4148"}
{"level":"\u001b[32minfo\u001b[39m","message":"\u001b[32mQueue 'ai-processing' created successfully\u001b[39m","timestamp":"2026-04-07 19:41:48:4148"}
{"level":"\u001b[32minfo\u001b[39m","message":"\u001b[32mQueue 'media-processing' created successfully\u001b[39m","timestamp":"2026-04-07 19:41:48:4148"}
{"level":"\u001b[32minfo\u001b[39m","message":"\u001b[32mQueue 'notification' created successfully\u001b[39m","timestamp":"2026-04-07 19:41:48:4148"}
{"level":"\u001b[32minfo\u001b[39m","message":"\u001b[32mQueue 'analytics' created successfully\u001b[39m","timestamp":"2026-04-07 19:41:48:4148"}
{"level":"\u001b[32minfo\u001b[39m","message":"\u001b[32mQueue 'cleanup' created successfully\u001b[39m","timestamp":"2026-04-07 19:41:48:4148"}
{"level":"\u001b[32minfo\u001b[39m","message":"\u001b[32mQueue 'whatsapp-outbound' created successfully\u001b[39m","timestamp":"2026-04-07 19:41:48:4148"}
{"level":"\u001b[32minfo\u001b[39m","message":"\u001b[32mQueue 'group-sync' created successfully\u001b[39m","timestamp":"2026-04-07 19:41:48:4148"}
{"level":"\u001b[32minfo\u001b[39m","message":"\u001b[32mAll job queues initialized successfully\u001b[39m","timestamp":"2026-04-07 19:41:48:4148"}
{"level":"\u001b[32minfo\u001b[39m","message":"\u001b[32mRegistering job processors...\u001b[39m","timestamp":"2026-04-07 19:41:48:4148"}
{"level":"\u001b[32minfo\u001b[39m","message":"\u001b[32mRegistered BullMQ worker for queue 'ai-processing'\u001b[39m","timestamp":"2026-04-07 19:41:48:4148"}
{"level":"\u001b[32minfo\u001b[39m","message":"\u001b[32mRegistered BullMQ worker for queue 'media-processing'\u001b[39m","timestamp":"2026-04-07 19:41:48:4148"}
{"level":"\u001b[32minfo\u001b[39m","message":"\u001b[32mStatsAggregatorJob initialized\u001b[39m","timestamp":"2026-04-07 19:41:48:4148"}
{"level":"\u001b[32minfo\u001b[39m","message":"\u001b[32mInitializing WhatsApp Outbound Worker (Anti-Ban enabled)...\u001b[39m","timestamp":"2026-04-07 19:41:48:4148"}
{"level":"\u001b[32minfo\u001b[39m","message":"\u001b[32mRegistered BullMQ worker for queue 'whatsapp-outbound'\u001b[39m","timestamp":"2026-04-07 19:41:48:4148"}
{"level":"\u001b[32minfo\u001b[39m","message":"\u001b[32m[GroupSyncWorker] Initializing Group Sync Worker...\u001b[39m","timestamp":"2026-04-07 19:41:48:4148"}
{"level":"\u001b[32minfo\u001b[39m","message":"\u001b[32mRegistered BullMQ worker for queue 'group-sync'\u001b[39m","timestamp":"2026-04-07 19:41:48:4148"}
{"level":"\u001b[32minfo\u001b[39m","message":"\u001b[32m[GroupSyncWorker] Group Sync Worker registered and listening\u001b[39m","timestamp":"2026-04-07 19:41:48:4148"}
{"level":"\u001b[32minfo\u001b[39m","message":"\u001b[32mInitializing Anti-Ban Resume Worker (Interval: 20000ms)...\u001b[39m","timestamp":"2026-04-07 19:41:48:4148"}
{"level":"\u001b[32minfo\u001b[39m","message":"\u001b[32mAll job processors registered successfully\u001b[39m","timestamp":"2026-04-07 19:41:48:4148"}
{"level":"\u001b[32minfo\u001b[39m","message":"\u001b[32m>>> [MASTERMIND] Initializing Campaign Worker...\u001b[39m","timestamp":"2026-04-07 19:41:48:4148"}
{"level":"\u001b[32minfo\u001b[39m","message":"\u001b[32mCampaignWorker initialized with Omnichannel Adapter + Anti-Ban Engine\u001b[39m","timestamp":"2026-04-07 19:41:48:4148"}
{"level":"\u001b[32minfo\u001b[39m","message":"\u001b[32m>>> [MASTERMIND] Campaign Worker call finished.\u001b[39m","timestamp":"2026-04-07 19:41:48:4148"}
{"level":"\u001b[32minfo\u001b[39m","message":"\u001b[32m>>> [MASTERMIND] USE_SERVER is true. Initializing MultiTenantApp...\u001b[39m","timestamp":"2026-04-07 19:41:48:4148"}
{"level":"\u001b[32minfo\u001b[39m","message":"\u001b[32mInitializing Multi-tenant DeXMart SaaS Platform...\u001b[39m","timestamp":"2026-04-07 19:41:48:4148"}
{"level":"\u001b[32minfo\u001b[39m","message":"\u001b[32m>>> [MASTERMIND] Setting up server middleware...\u001b[39m","timestamp":"2026-04-07 19:41:48:4148"}
{"level":"\u001b[32minfo\u001b[39m","message":"\u001b[32m>>> [MASTERMIND] Setting up server routes...\u001b[39m","timestamp":"2026-04-07 19:41:48:4148"}
{"level":"\u001b[32minfo\u001b[39m","message":"\u001b[32m>>> [MASTERMIND] Initializing Analytics Service...\u001b[39m","timestamp":"2026-04-07 19:41:48:4148"}
{"level":"\u001b[32minfo\u001b[39m","message":"\u001b[32mWebSocket server started on port 3002\u001b[39m","timestamp":"2026-04-07 19:41:48:4148"}
{"level":"\u001b[32minfo\u001b[39m","message":"\u001b[32m>>> [MASTERMIND] Enterprise Analytics Gateway online at port 3002\u001b[39m","timestamp":"2026-04-07 19:41:48:4148"}
{"level":"\u001b[32minfo\u001b[39m","message":"\u001b[32m>>> [MASTERMIND] Initializing Unified WebSockets...\u001b[39m","timestamp":"2026-04-07 19:41:48:4148"}
{"level":"\u001b[32minfo\u001b[39m","message":"\u001b[32mUnified Socket Service initialized\u001b[39m","timestamp":"2026-04-07 19:41:48:4148"}
{"level":"\u001b[32minfo\u001b[39m","message":"\u001b[32m>>> [MASTERMIND] Initializing additional services...\u001b[39m","timestamp":"2026-04-07 19:41:48:4148"}
{"level":"\u001b[32minfo\u001b[39m","message":"\u001b[32m>>> [MASTERMIND] Starting active tenant bots...\u001b[39m","timestamp":"2026-04-07 19:41:48:4148"}
{"level":"\u001b[32minfo\u001b[39m","message":"\u001b[32mStarting active tenant channels...\u001b[39m","timestamp":"2026-04-07 19:41:48:4148"}
{"level":"\u001b[32minfo\u001b[39m","message":"\u001b[32m>>> [MASTERMIND] Resuming all active channels...\u001b[39m","timestamp":"2026-04-07 19:41:48:4148"}
{"level":"\u001b[32minfo\u001b[39m","message":"\u001b[32mUsing application default credentials\u001b[39m","timestamp":"2026-04-07 19:41:48:4148"}
{"level":"\u001b[32minfo\u001b[39m","message":"\u001b[32mInitializing Firebase Admin...\u001b[39m","timestamp":"2026-04-07 19:41:48:4148"}
{"level":"\u001b[32minfo\u001b[39m","message":"\u001b[32m🔥 Firebase Admin Initialized (Project: dexmart)\u001b[39m","timestamp":"2026-04-07 19:41:48:4148"}
{"error":"Could not load the default credentials. Browse to https://cloud.google.com/docs/authentication/getting-started for more information.","level":"\u001b[31merror\u001b[39m","message":"\u001b[31mFirestore getCollection error [tenants] (Tenant: undefined):\u001b[39m","stack":"Error: Could not load the default credentials. Browse to https://cloud.google.com/docs/authentication/getting-started for more information.\n    at GoogleAuth.getApplicationDefaultAsync (/home/codedex/projects/DeXMart/node_modules/.pnpm/google-auth-library@9.15.1/node_modules/google-auth-library/build/src/auth/googleauth.js:287:15)\n    at async GoogleAuth._GoogleAuth_determineClient (/home/codedex/projects/DeXMart/node_modules/.pnpm/google-auth-library@9.15.1/node_modules/google-auth-library/build/src/auth/googleauth.js:834:32)\n    at async GoogleAuth.getClient (/home/codedex/projects/DeXMart/node_modules/.pnpm/google-auth-library@9.15.1/node_modules/google-auth-library/build/src/auth/googleauth.js:698:20)\n    at async GrpcClient._getCredentials (/home/codedex/projects/DeXMart/node_modules/.pnpm/google-gax@4.6.1/node_modules/google-gax/src/grpc.ts:209:20)\n    at async GrpcClient.createStub (/home/codedex/projects/DeXMart/node_modules/.pnpm/google-gax@4.6.1/node_modules/google-gax/src/grpc.ts:426:19)\nCaused by: Error\n    at QueryUtil._getResponse (/home/codedex/projects/DeXMart/node_modules/.pnpm/@google-cloud+firestore@7.11.6/node_modules/@google-cloud/firestore/build/src/reference/query-util.js:44:23)\n    at CollectionReference._getResponse (/home/codedex/projects/DeXMart/node_modules/.pnpm/@google-cloud+firestore@7.11.6/node_modules/@google-cloud/firestore/build/src/reference/query.js:784:32)\n    at CollectionReference._get (/home/codedex/projects/DeXMart/node_modules/.pnpm/@google-cloud+firestore@7.11.6/node_modules/@google-cloud/firestore/build/src/reference/query.js:777:35)\n    at /home/codedex/projects/DeXMart/node_modules/.pnpm/@google-cloud+firestore@7.11.6/node_modules/@google-cloud/firestore/build/src/reference/query.js:745:43\n    at /home/codedex/projects/DeXMart/node_modules/.pnpm/@google-cloud+firestore@7.11.6/node_modules/@google-cloud/firestore/build/src/telemetry/enabled-trace-util.js:110:30\n    at NoopContextManager.with (/home/codedex/projects/DeXMart/node_modules/.pnpm/@opentelemetry+api@1.9.0/node_modules/@opentelemetry/api/src/context/NoopContextManager.ts:31:15)\n    at ContextAPI.with (/home/codedex/projects/DeXMart/node_modules/.pnpm/@opentelemetry+api@1.9.0/node_modules/@opentelemetry/api/src/api/context.ts:77:42)\n    at NoopTracer.startActiveSpan (/home/codedex/projects/DeXMart/node_modules/.pnpm/@opentelemetry+api@1.9.0/node_modules/@opentelemetry/api/src/trace/NoopTracer.ts:98:27)\n    at ProxyTracer.startActiveSpan (/home/codedex/projects/DeXMart/node_modules/.pnpm/@opentelemetry+api@1.9.0/node_modules/@opentelemetry/api/src/trace/ProxyTracer.ts:51:20)\n    at EnabledTraceUtil.startActiveSpan (/home/codedex/projects/DeXMart/node_modules/.pnpm/@google-cloud+firestore@7.11.6/node_modules/@google-cloud/firestore/build/src/telemetry/enabled-trace-util.js:102:28)","timestamp":"2026-04-07 19:41:58:4158"}
{"error":"Could not load the default credentials. Browse to https://cloud.google.com/docs/authentication/getting-started for more information.","level":"\u001b[31merror\u001b[39m","message":"\u001b[31mMultiTenantService.listTenants error:\u001b[39m","stack":"Error: Could not load the default credentials. Browse to https://cloud.google.com/docs/authentication/getting-started for more information.\n    at GoogleAuth.getApplicationDefaultAsync (/home/codedex/projects/DeXMart/node_modules/.pnpm/google-auth-library@9.15.1/node_modules/google-auth-library/build/src/auth/googleauth.js:287:15)\n    at async GoogleAuth._GoogleAuth_determineClient (/home/codedex/projects/DeXMart/node_modules/.pnpm/google-auth-library@9.15.1/node_modules/google-auth-library/build/src/auth/googleauth.js:834:32)\n    at async GoogleAuth.getClient (/home/codedex/projects/DeXMart/node_modules/.pnpm/google-auth-library@9.15.1/node_modules/google-auth-library/build/src/auth/googleauth.js:698:20)\n    at async GrpcClient._getCredentials (/home/codedex/projects/DeXMart/node_modules/.pnpm/google-gax@4.6.1/node_modules/google-gax/src/grpc.ts:209:20)\n    at async GrpcClient.createStub (/home/codedex/projects/DeXMart/node_modules/.pnpm/google-gax@4.6.1/node_modules/google-gax/src/grpc.ts:426:19)\nCaused by: Error\n    at QueryUtil._getResponse (/home/codedex/projects/DeXMart/node_modules/.pnpm/@google-cloud+firestore@7.11.6/node_modules/@google-cloud/firestore/build/src/reference/query-util.js:44:23)\n    at CollectionReference._getResponse (/home/codedex/projects/DeXMart/node_modules/.pnpm/@google-cloud+firestore@7.11.6/node_modules/@google-cloud/firestore/build/src/reference/query.js:784:32)\n    at CollectionReference._get (/home/codedex/projects/DeXMart/node_modules/.pnpm/@google-cloud+firestore@7.11.6/node_modules/@google-cloud/firestore/build/src/reference/query.js:777:35)\n    at /home/codedex/projects/DeXMart/node_modules/.pnpm/@google-cloud+firestore@7.11.6/node_modules/@google-cloud/firestore/build/src/reference/query.js:745:43\n    at /home/codedex/projects/DeXMart/node_modules/.pnpm/@google-cloud+firestore@7.11.6/node_modules/@google-cloud/firestore/build/src/telemetry/enabled-trace-util.js:110:30\n    at NoopContextManager.with (/home/codedex/projects/DeXMart/node_modules/.pnpm/@opentelemetry+api@1.9.0/node_modules/@opentelemetry/api/src/context/NoopContextManager.ts:31:15)\n    at ContextAPI.with (/home/codedex/projects/DeXMart/node_modules/.pnpm/@opentelemetry+api@1.9.0/node_modules/@opentelemetry/api/src/api/context.ts:77:42)\n    at NoopTracer.startActiveSpan (/home/codedex/projects/DeXMart/node_modules/.pnpm/@opentelemetry+api@1.9.0/node_modules/@opentelemetry/api/src/trace/NoopTracer.ts:98:27)\n    at ProxyTracer.startActiveSpan (/home/codedex/projects/DeXMart/node_modules/.pnpm/@opentelemetry+api@1.9.0/node_modules/@opentelemetry/api/src/trace/ProxyTracer.ts:51:20)\n    at EnabledTraceUtil.startActiveSpan (/home/codedex/projects/DeXMart/node_modules/.pnpm/@google-cloud+firestore@7.11.6/node_modules/@google-cloud/firestore/build/src/telemetry/enabled-trace-util.js:102:28)","timestamp":"2026-04-07 19:41:58:4158"}
{"level":"\u001b[32minfo\u001b[39m","message":"\u001b[32m[ChannelService] Successfully queued 0 channels for resumption.\u001b[39m","timestamp":"2026-04-07 19:41:58:4158"}
{"level":"\u001b[32minfo\u001b[39m","message":"\u001b[32mMulti-tenant app initialized successfully\u001b[39m","timestamp":"2026-04-07 19:41:58:4158"}
{"level":"\u001b[32minfo\u001b[39m","message":"\u001b[32m>>> [MASTERMIND] MultiTenantApp initialized.\u001b[39m","timestamp":"2026-04-07 19:41:58:4158"}
{"level":"\u001b[32minfo\u001b[39m","message":"\u001b[32m>>> [MASTERMIND] Attempting to listen on port 3001...\u001b[39m","timestamp":"2026-04-07 19:41:58:4158"}
{"level":"\u001b[32minfo\u001b[39m","message":"\u001b[32m>>> [MASTERMIND] MultiTenantApp started.\u001b[39m","timestamp":"2026-04-07 19:41:58:4158"}
{"level":"\u001b[32minfo\u001b[39m","message":"\u001b[32m>>> [MASTERMIND] Starting ChannelService watchdog (interval: 60000ms)\u001b[39m","timestamp":"2026-04-07 19:41:58:4158"}
{"level":"\u001b[32minfo\u001b[39m","message":"\u001b[32m[EventListener] Starting agent event listener\u001b[39m","timestamp":"2026-04-07 19:41:58:4158"}
{"level":"\u001b[32minfo\u001b[39m","message":"\u001b[32m✨ DeXMart is ready!\u001b[39m","timestamp":"2026-04-07 19:41:58:4158"}
{"level":"\u001b[32minfo\u001b[39m","message":"\u001b[32m>>> [MASTERMIND] Multi-tenant DeXMart server running on port 3001\u001b[39m","timestamp":"2026-04-07 19:41:58:4158"}
{"duration":268925360,"level":"\u001b[32minfo\u001b[39m","message":"\u001b[32mPerformance: memory_heap_used = 268925360 bytes\u001b[39m","operation":"memory_heap_used","timestamp":"2026-04-07 19:42:11:4211","unit":"bytes"}
{"duration":425246720,"level":"\u001b[32minfo\u001b[39m","message":"\u001b[32mPerformance: memory_heap_total = 425246720 bytes\u001b[39m","operation":"memory_heap_total","timestamp":"2026-04-07 19:42:11:4211","unit":"bytes"}
{"duration":641359872,"level":"\u001b[32minfo\u001b[39m","message":"\u001b[32mPerformance: memory_rss = 641359872 bytes\u001b[39m","operation":"memory_rss","timestamp":"2026-04-07 19:42:11:4211","unit":"bytes"}
{"duration":36992565,"level":"\u001b[32minfo\u001b[39m","message":"\u001b[32mPerformance: memory_external = 36992565 bytes\u001b[39m","operation":"memory_external","timestamp":"2026-04-07 19:42:11:4211","unit":"bytes"}
{"duration":5774198,"level":"\u001b[32minfo\u001b[39m","message":"\u001b[32mPerformance: cpu_user_time = 5774198 microseconds\u001b[39m","operation":"cpu_user_time","timestamp":"2026-04-07 19:42:11:4211","unit":"microseconds"}
{"duration":1730064,"level":"\u001b[32minfo\u001b[39m","message":"\u001b[32mPerformance: cpu_system_time = 1730064 microseconds\u001b[39m","operation":"cpu_system_time","timestamp":"2026-04-07 19:42:11:4211","unit":"microseconds"}
{"duration":30.617216459,"level":"\u001b[32minfo\u001b[39m","message":"\u001b[32mPerformance: process_uptime = 30.617216459 seconds\u001b[39m","operation":"process_uptime","timestamp":"2026-04-07 19:42:11:4211","unit":"seconds"}
{"duration":0.441755,"level":"\u001b[32minfo\u001b[39m","message":"\u001b[32mPerformance: event_loop_lag = 0.441755 milliseconds\u001b[39m","operation":"event_loop_lag","timestamp":"2026-04-07 19:42:11:4211","unit":"milliseconds"}
{"duration":270445376,"level":"\u001b[32minfo\u001b[39m","message":"\u001b[32mPerformance: memory_heap_used = 270445376 bytes\u001b[39m","operation":"memory_heap_used","timestamp":"2026-04-07 19:42:43:4243","unit":"bytes"}
{"duration":425246720,"level":"\u001b[32minfo\u001b[39m","message":"\u001b[32mPerformance: memory_heap_total = 425246720 bytes\u001b[39m","operation":"memory_heap_total","timestamp":"2026-04-07 19:42:43:4243","unit":"bytes"}
{"duration":640311296,"level":"\u001b[32minfo\u001b[39m","message":"\u001b[32mPerformance: memory_rss = 640311296 bytes\u001b[39m","operation":"memory_rss","timestamp":"2026-04-07 19:42:43:4243","unit":"bytes"}
{"duration":37018246,"level":"\u001b[32minfo\u001b[39m","message":"\u001b[32mPerformance: memory_external = 37018246 bytes\u001b[39m","operation":"memory_external","timestamp":"2026-04-07 19:42:43:4243","unit":"bytes"}
{"duration":5815692,"level":"\u001b[32minfo\u001b[39m","message":"\u001b[32mPerformance: cpu_user_time = 5815692 microseconds\u001b[39m","operation":"cpu_user_time","timestamp":"2026-04-07 19:42:43:4243","unit":"microseconds"}
{"duration":1739436,"level":"\u001b[32minfo\u001b[39m","message":"\u001b[32mPerformance: cpu_system_time = 1739436 microseconds\u001b[39m","operation":"cpu_system_time","timestamp":"2026-04-07 19:42:43:4243","unit":"microseconds"}
{"duration":60.616655988,"level":"\u001b[32minfo\u001b[39m","message":"\u001b[32mPerformance: process_uptime = 60.616655988 seconds\u001b[39m","operation":"process_uptime","timestamp":"2026-04-07 19:42:43:4243","unit":"seconds"}
{"duration":0.366497,"level":"\u001b[32minfo\u001b[39m","message":"\u001b[32mPerformance: event_loop_lag = 0.366497 milliseconds\u001b[39m","operation":"event_loop_lag","timestamp":"2026-04-07 19:42:43:4243","unit":"milliseconds"}
{"level":"\u001b[32minfo\u001b[39m","message":"\u001b[32m>>> [MASTERMIND] Resuming all active channels...\u001b[39m","timestamp":"2026-04-07 19:43:04:434"}
{"error":"Could not load the default credentials. Browse to https://cloud.google.com/docs/authentication/getting-started for more information.","level":"\u001b[31merror\u001b[39m","message":"\u001b[31mFirestore getCollection error [tenants] (Tenant: undefined):\u001b[39m","stack":"Error: Could not load the default credentials. Browse to https://cloud.google.com/docs/authentication/getting-started for more information.\n    at GoogleAuth.getApplicationDefaultAsync (/home/codedex/projects/DeXMart/node_modules/.pnpm/google-auth-library@9.15.1/node_modules/google-auth-library/build/src/auth/googleauth.js:287:15)\n    at async GoogleAuth._GoogleAuth_determineClient (/home/codedex/projects/DeXMart/node_modules/.pnpm/google-auth-library@9.15.1/node_modules/google-auth-library/build/src/auth/googleauth.js:834:32)\n    at async GoogleAuth.getClient (/home/codedex/projects/DeXMart/node_modules/.pnpm/google-auth-library@9.15.1/node_modules/google-auth-library/build/src/auth/googleauth.js:698:20)\n    at async GrpcClient._getCredentials (/home/codedex/projects/DeXMart/node_modules/.pnpm/google-gax@4.6.1/node_modules/google-gax/src/grpc.ts:209:20)\n    at async GrpcClient.createStub (/home/codedex/projects/DeXMart/node_modules/.pnpm/google-gax@4.6.1/node_modules/google-gax/src/grpc.ts:426:19)\nCaused by: Error\n    at QueryUtil._getResponse (/home/codedex/projects/DeXMart/node_modules/.pnpm/@google-cloud+firestore@7.11.6/node_modules/@google-cloud/firestore/build/src/reference/query-util.js:44:23)\n    at CollectionReference._getResponse (/home/codedex/projects/DeXMart/node_modules/.pnpm/@google-cloud+firestore@7.11.6/node_modules/@google-cloud/firestore/build/src/reference/query.js:784:32)\n    at CollectionReference._get (/home/codedex/projects/DeXMart/node_modules/.pnpm/@google-cloud+firestore@7.11.6/node_modules/@google-cloud/firestore/build/src/reference/query.js:777:35)\n    at /home/codedex/projects/DeXMart/node_modules/.pnpm/@google-cloud+firestore@7.11.6/node_modules/@google-cloud/firestore/build/src/reference/query.js:745:43\n    at /home/codedex/projects/DeXMart/node_modules/.pnpm/@google-cloud+firestore@7.11.6/node_modules/@google-cloud/firestore/build/src/telemetry/enabled-trace-util.js:110:30\n    at NoopContextManager.with (/home/codedex/projects/DeXMart/node_modules/.pnpm/@opentelemetry+api@1.9.0/node_modules/@opentelemetry/api/src/context/NoopContextManager.ts:31:15)\n    at ContextAPI.with (/home/codedex/projects/DeXMart/node_modules/.pnpm/@opentelemetry+api@1.9.0/node_modules/@opentelemetry/api/src/api/context.ts:77:42)\n    at NoopTracer.startActiveSpan (/home/codedex/projects/DeXMart/node_modules/.pnpm/@opentelemetry+api@1.9.0/node_modules/@opentelemetry/api/src/trace/NoopTracer.ts:98:27)\n    at ProxyTracer.startActiveSpan (/home/codedex/projects/DeXMart/node_modules/.pnpm/@opentelemetry+api@1.9.0/node_modules/@opentelemetry/api/src/trace/ProxyTracer.ts:51:20)\n    at EnabledTraceUtil.startActiveSpan (/home/codedex/projects/DeXMart/node_modules/.pnpm/@google-cloud+firestore@7.11.6/node_modules/@google-cloud/firestore/build/src/telemetry/enabled-trace-util.js:102:28)","timestamp":"2026-04-07 19:43:12:4312"}
{"error":"Could not load the default credentials. Browse to https://cloud.google.com/docs/authentication/getting-started for more information.","level":"\u001b[31merror\u001b[39m","message":"\u001b[31mMultiTenantService.listTenants error:\u001b[39m","stack":"Error: Could not load the default credentials. Browse to https://cloud.google.com/docs/authentication/getting-started for more information.\n    at GoogleAuth.getApplicationDefaultAsync (/home/codedex/projects/DeXMart/node_modules/.pnpm/google-auth-library@9.15.1/node_modules/google-auth-library/build/src/auth/googleauth.js:287:15)\n    at async GoogleAuth._GoogleAuth_determineClient (/home/codedex/projects/DeXMart/node_modules/.pnpm/google-auth-library@9.15.1/node_modules/google-auth-library/build/src/auth/googleauth.js:834:32)\n    at async GoogleAuth.getClient (/home/codedex/projects/DeXMart/node_modules/.pnpm/google-auth-library@9.15.1/node_modules/google-auth-library/build/src/auth/googleauth.js:698:20)\n    at async GrpcClient._getCredentials (/home/codedex/projects/DeXMart/node_modules/.pnpm/google-gax@4.6.1/node_modules/google-gax/src/grpc.ts:209:20)\n    at async GrpcClient.createStub (/home/codedex/projects/DeXMart/node_modules/.pnpm/google-gax@4.6.1/node_modules/google-gax/src/grpc.ts:426:19)\nCaused by: Error\n    at QueryUtil._getResponse (/home/codedex/projects/DeXMart/node_modules/.pnpm/@google-cloud+firestore@7.11.6/node_modules/@google-cloud/firestore/build/src/reference/query-util.js:44:23)\n    at CollectionReference._getResponse (/home/codedex/projects/DeXMart/node_modules/.pnpm/@google-cloud+firestore@7.11.6/node_modules/@google-cloud/firestore/build/src/reference/query.js:784:32)\n    at CollectionReference._get (/home/codedex/projects/DeXMart/node_modules/.pnpm/@google-cloud+firestore@7.11.6/node_modules/@google-cloud/firestore/build/src/reference/query.js:777:35)\n    at /home/codedex/projects/DeXMart/node_modules/.pnpm/@google-cloud+firestore@7.11.6/node_modules/@google-cloud/firestore/build/src/reference/query.js:745:43\n    at /home/codedex/projects/DeXMart/node_modules/.pnpm/@google-cloud+firestore@7.11.6/node_modules/@google-cloud/firestore/build/src/telemetry/enabled-trace-util.js:110:30\n    at NoopContextManager.with (/home/codedex/projects/DeXMart/node_modules/.pnpm/@opentelemetry+api@1.9.0/node_modules/@opentelemetry/api/src/context/NoopContextManager.ts:31:15)\n    at ContextAPI.with (/home/codedex/projects/DeXMart/node_modules/.pnpm/@opentelemetry+api@1.9.0/node_modules/@opentelemetry/api/src/api/context.ts:77:42)\n    at NoopTracer.startActiveSpan (/home/codedex/projects/DeXMart/node_modules/.pnpm/@opentelemetry+api@1.9.0/node_modules/@opentelemetry/api/src/trace/NoopTracer.ts:98:27)\n    at ProxyTracer.startActiveSpan (/home/codedex/projects/DeXMart/node_modules/.pnpm/@opentelemetry+api@1.9.0/node_modules/@opentelemetry/api/src/trace/ProxyTracer.ts:51:20)\n    at EnabledTraceUtil.startActiveSpan (/home/codedex/projects/DeXMart/node_modules/.pnpm/@google-cloud+firestore@7.11.6/node_modules/@google-cloud/firestore/build/src/telemetry/enabled-trace-util.js:102:28)","timestamp":"2026-04-07 19:43:12:4312"}
{"level":"\u001b[32minfo\u001b[39m","message":"\u001b[32m[ChannelService] Successfully queued 0 channels for resumption.\u001b[39m","timestamp":"2026-04-07 19:43:12:4312"}
{"duration":272442608,"level":"\u001b[32minfo\u001b[39m","message":"\u001b[32mPerformance: memory_heap_used = 272442608 bytes\u001b[39m","operation":"memory_heap_used","timestamp":"2026-04-07 19:43:16:4316","unit":"bytes"}
{"duration":425246720,"level":"\u001b[32minfo\u001b[39m","message":"\u001b[32mPerformance: memory_heap_total = 425246720 bytes\u001b[39m","operation":"memory_heap_total","timestamp":"2026-04-07 19:43:16:4316","unit":"bytes"}
{"duration":640442368,"level":"\u001b[32minfo\u001b[39m","message":"\u001b[32mPerformance: memory_rss = 640442368 bytes\u001b[39m","operation":"memory_rss","timestamp":"2026-04-07 19:43:16:4316","unit":"bytes"}
{"duration":37076584,"level":"\u001b[32minfo\u001b[39m","message":"\u001b[32mPerformance: memory_external = 37076584 bytes\u001b[39m","operation":"memory_external","timestamp":"2026-04-07 19:43:16:4316","unit":"bytes"}
{"duration":5861816,"level":"\u001b[32minfo\u001b[39m","message":"\u001b[32mPerformance: cpu_user_time = 5861816 microseconds\u001b[39m","operation":"cpu_user_time","timestamp":"2026-04-07 19:43:16:4316","unit":"microseconds"}
{"duration":1751084,"level":"\u001b[32minfo\u001b[39m","message":"\u001b[32mPerformance: cpu_system_time = 1751084 microseconds\u001b[39m","operation":"cpu_system_time","timestamp":"2026-04-07 19:43:16:4316","unit":"microseconds"}
{"duration":90.616583373,"level":"\u001b[32minfo\u001b[39m","message":"\u001b[32mPerformance: process_uptime = 90.616583373 seconds\u001b[39m","operation":"process_uptime","timestamp":"2026-04-07 19:43:16:4316","unit":"seconds"}
{"duration":0.333014,"level":"\u001b[32minfo\u001b[39m","message":"\u001b[32mPerformance: event_loop_lag = 0.333014 milliseconds\u001b[39m","operation":"event_loop_lag","timestamp":"2026-04-07 19:43:16:4316","unit":"milliseconds"}
{"duration":258002280,"level":"\u001b[32minfo\u001b[39m","message":"\u001b[32mPerformance: memory_heap_used = 258002280 bytes\u001b[39m","operation":"memory_heap_used","timestamp":"2026-04-07 19:43:49:4349","unit":"bytes"}
{"duration":273989632,"level":"\u001b[32minfo\u001b[39m","message":"\u001b[32mPerformance: memory_heap_total = 273989632 bytes\u001b[39m","operation":"memory_heap_total","timestamp":"2026-04-07 19:43:49:4349","unit":"bytes"}
{"duration":476590080,"level":"\u001b[32minfo\u001b[39m","message":"\u001b[32mPerformance: memory_rss = 476590080 bytes\u001b[39m","operation":"memory_rss","timestamp":"2026-04-07 19:43:49:4349","unit":"bytes"}
{"duration":24291530,"level":"\u001b[32minfo\u001b[39m","message":"\u001b[32mPerformance: memory_external = 24291530 bytes\u001b[39m","operation":"memory_external","timestamp":"2026-04-07 19:43:49:4349","unit":"bytes"}
{"duration":6216945,"level":"\u001b[32minfo\u001b[39m","message":"\u001b[32mPerformance: cpu_user_time = 6216945 microseconds\u001b[39m","operation":"cpu_user_time","timestamp":"2026-04-07 19:43:49:4349","unit":"microseconds"}
{"duration":1798945,"level":"\u001b[32minfo\u001b[39m","message":"\u001b[32mPerformance: cpu_system_time = 1798945 microseconds\u001b[39m","operation":"cpu_system_time","timestamp":"2026-04-07 19:43:49:4349","unit":"microseconds"}
{"duration":120.617230539,"level":"\u001b[32minfo\u001b[39m","message":"\u001b[32mPerformance: process_uptime = 120.617230539 seconds\u001b[39m","operation":"process_uptime","timestamp":"2026-04-07 19:43:49:4349","unit":"seconds"}
{"duration":0.257111,"level":"\u001b[32minfo\u001b[39m","message":"\u001b[32mPerformance: event_loop_lag = 0.257111 milliseconds\u001b[39m","operation":"event_loop_lag","timestamp":"2026-04-07 19:43:49:4349","unit":"milliseconds"}
{"level":"\u001b[32minfo\u001b[39m","message":"\u001b[32m>>> [MASTERMIND] Resuming all active channels...\u001b[39m","timestamp":"2026-04-07 19:44:09:449"}
{"error":"Could not load the default credentials. Browse to https://cloud.google.com/docs/authentication/getting-started for more information.","level":"\u001b[31merror\u001b[39m","message":"\u001b[31mFirestore getCollection error [tenants] (Tenant: undefined):\u001b[39m","stack":"Error: Could not load the default credentials. Browse to https://cloud.google.com/docs/authentication/getting-started for more information.\n    at GoogleAuth.getApplicationDefaultAsync (/home/codedex/projects/DeXMart/node_modules/.pnpm/google-auth-library@9.15.1/node_modules/google-auth-library/build/src/auth/googleauth.js:287:15)\n    at async GoogleAuth._GoogleAuth_determineClient (/home/codedex/projects/DeXMart/node_modules/.pnpm/google-auth-library@9.15.1/node_modules/google-auth-library/build/src/auth/googleauth.js:834:32)\n    at async GoogleAuth.getClient (/home/codedex/projects/DeXMart/node_modules/.pnpm/google-auth-library@9.15.1/node_modules/google-auth-library/build/src/auth/googleauth.js:698:20)\n    at async GrpcClient._getCredentials (/home/codedex/projects/DeXMart/node_modules/.pnpm/google-gax@4.6.1/node_modules/google-gax/src/grpc.ts:209:20)\n    at async GrpcClient.createStub (/home/codedex/projects/DeXMart/node_modules/.pnpm/google-gax@4.6.1/node_modules/google-gax/src/grpc.ts:426:19)\nCaused by: Error\n    at QueryUtil._getResponse (/home/codedex/projects/DeXMart/node_modules/.pnpm/@google-cloud+firestore@7.11.6/node_modules/@google-cloud/firestore/build/src/reference/query-util.js:44:23)\n    at CollectionReference._getResponse (/home/codedex/projects/DeXMart/node_modules/.pnpm/@google-cloud+firestore@7.11.6/node_modules/@google-cloud/firestore/build/src/reference/query.js:784:32)\n    at CollectionReference._get (/home/codedex/projects/DeXMart/node_modules/.pnpm/@google-cloud+firestore@7.11.6/node_modules/@google-cloud/firestore/build/src/reference/query.js:777:35)\n    at /home/codedex/projects/DeXMart/node_modules/.pnpm/@google-cloud+firestore@7.11.6/node_modules/@google-cloud/firestore/build/src/reference/query.js:745:43\n    at /home/codedex/projects/DeXMart/node_modules/.pnpm/@google-cloud+firestore@7.11.6/node_modules/@google-cloud/firestore/build/src/telemetry/enabled-trace-util.js:110:30\n    at NoopContextManager.with (/home/codedex/projects/DeXMart/node_modules/.pnpm/@opentelemetry+api@1.9.0/node_modules/@opentelemetry/api/src/context/NoopContextManager.ts:31:15)\n    at ContextAPI.with (/home/codedex/projects/DeXMart/node_modules/.pnpm/@opentelemetry+api@1.9.0/node_modules/@opentelemetry/api/src/api/context.ts:77:42)\n    at NoopTracer.startActiveSpan (/home/codedex/projects/DeXMart/node_modules/.pnpm/@opentelemetry+api@1.9.0/node_modules/@opentelemetry/api/src/trace/NoopTracer.ts:98:27)\n    at ProxyTracer.startActiveSpan (/home/codedex/projects/DeXMart/node_modules/.pnpm/@opentelemetry+api@1.9.0/node_modules/@opentelemetry/api/src/trace/ProxyTracer.ts:51:20)\n    at EnabledTraceUtil.startActiveSpan (/home/codedex/projects/DeXMart/node_modules/.pnpm/@google-cloud+firestore@7.11.6/node_modules/@google-cloud/firestore/build/src/telemetry/enabled-trace-util.js:102:28)","timestamp":"2026-04-07 19:44:19:4419"}
{"error":"Could not load the default credentials. Browse to https://cloud.google.com/docs/authentication/getting-started for more information.","level":"\u001b[31merror\u001b[39m","message":"\u001b[31mMultiTenantService.listTenants error:\u001b[39m","stack":"Error: Could not load the default credentials. Browse to https://cloud.google.com/docs/authentication/getting-started for more information.\n    at GoogleAuth.getApplicationDefaultAsync (/home/codedex/projects/DeXMart/node_modules/.pnpm/google-auth-library@9.15.1/node_modules/google-auth-library/build/src/auth/googleauth.js:287:15)\n    at async GoogleAuth._GoogleAuth_determineClient (/home/codedex/projects/DeXMart/node_modules/.pnpm/google-auth-library@9.15.1/node_modules/google-auth-library/build/src/auth/googleauth.js:834:32)\n    at async GoogleAuth.getClient (/home/codedex/projects/DeXMart/node_modules/.pnpm/google-auth-library@9.15.1/node_modules/google-auth-library/build/src/auth/googleauth.js:698:20)\n    at async GrpcClient._getCredentials (/home/codedex/projects/DeXMart/node_modules/.pnpm/google-gax@4.6.1/node_modules/google-gax/src/grpc.ts:209:20)\n    at async GrpcClient.createStub (/home/codedex/projects/DeXMart/node_modules/.pnpm/google-gax@4.6.1/node_modules/google-gax/src/grpc.ts:426:19)\nCaused by: Error\n    at QueryUtil._getResponse (/home/codedex/projects/DeXMart/node_modules/.pnpm/@google-cloud+firestore@7.11.6/node_modules/@google-cloud/firestore/build/src/reference/query-util.js:44:23)\n    at CollectionReference._getResponse (/home/codedex/projects/DeXMart/node_modules/.pnpm/@google-cloud+firestore@7.11.6/node_modules/@google-cloud/firestore/build/src/reference/query.js:784:32)\n    at CollectionReference._get (/home/codedex/projects/DeXMart/node_modules/.pnpm/@google-cloud+firestore@7.11.6/node_modules/@google-cloud/firestore/build/src/reference/query.js:777:35)\n    at /home/codedex/projects/DeXMart/node_modules/.pnpm/@google-cloud+firestore@7.11.6/node_modules/@google-cloud/firestore/build/src/reference/query.js:745:43\n    at /home/codedex/projects/DeXMart/node_modules/.pnpm/@google-cloud+firestore@7.11.6/node_modules/@google-cloud/firestore/build/src/telemetry/enabled-trace-util.js:110:30\n    at NoopContextManager.with (/home/codedex/projects/DeXMart/node_modules/.pnpm/@opentelemetry+api@1.9.0/node_modules/@opentelemetry/api/src/context/NoopContextManager.ts:31:15)\n    at ContextAPI.with (/home/codedex/projects/DeXMart/node_modules/.pnpm/@opentelemetry+api@1.9.0/node_modules/@opentelemetry/api/src/api/context.ts:77:42)\n    at NoopTracer.startActiveSpan (/home/codedex/projects/DeXMart/node_modules/.pnpm/@opentelemetry+api@1.9.0/node_modules/@opentelemetry/api/src/trace/NoopTracer.ts:98:27)\n    at ProxyTracer.startActiveSpan (/home/codedex/projects/DeXMart/node_modules/.pnpm/@opentelemetry+api@1.9.0/node_modules/@opentelemetry/api/src/trace/ProxyTracer.ts:51:20)\n    at EnabledTraceUtil.startActiveSpan (/home/codedex/projects/DeXMart/node_modules/.pnpm/@google-cloud+firestore@7.11.6/node_modules/@google-cloud/firestore/build/src/telemetry/enabled-trace-util.js:102:28)","timestamp":"2026-04-07 19:44:19:4419"}
{"level":"\u001b[32minfo\u001b[39m","message":"\u001b[32m[ChannelService] Successfully queued 0 channels for resumption.\u001b[39m","timestamp":"2026-04-07 19:44:19:4419"}
{"duration":258275112,"level":"\u001b[32minfo\u001b[39m","message":"\u001b[32mPerformance: memory_heap_used = 258275112 bytes\u001b[39m","operation":"memory_heap_used","timestamp":"2026-04-07 19:44:22:4422","unit":"bytes"}
{"duration":273989632,"level":"\u001b[32minfo\u001b[39m","message":"\u001b[32mPerformance: memory_heap_total = 273989632 bytes\u001b[39m","operation":"memory_heap_total","timestamp":"2026-04-07 19:44:22:4422","unit":"bytes"}
{"duration":477376512,"level":"\u001b[32minfo\u001b[39m","message":"\u001b[32mPerformance: memory_rss = 477376512 bytes\u001b[39m","operation":"memory_rss","timestamp":"2026-04-07 19:44:22:4422","unit":"bytes"}
{"duration":24315821,"level":"\u001b[32minfo\u001b[39m","message":"\u001b[32mPerformance: memory_external = 24315821 bytes\u001b[39m","operation":"memory_external","timestamp":"2026-04-07 19:44:22:4422","unit":"bytes"}
{"duration":6261514,"level":"\u001b[32minfo\u001b[39m","message":"\u001b[32mPerformance: cpu_user_time = 6261514 microseconds\u001b[39m","operation":"cpu_user_time","timestamp":"2026-04-07 19:44:22:4422","unit":"microseconds"}
{"duration":1811264,"level":"\u001b[32minfo\u001b[39m","message":"\u001b[32mPerformance: cpu_system_time = 1811264 microseconds\u001b[39m","operation":"cpu_system_time","timestamp":"2026-04-07 19:44:22:4422","unit":"microseconds"}
{"duration":150.618215533,"level":"\u001b[32minfo\u001b[39m","message":"\u001b[32mPerformance: process_uptime = 150.618215533 seconds\u001b[39m","operation":"process_uptime","timestamp":"2026-04-07 19:44:22:4422","unit":"seconds"}
{"duration":0.304021,"level":"\u001b[32minfo\u001b[39m","message":"\u001b[32mPerformance: event_loop_lag = 0.304021 milliseconds\u001b[39m","operation":"event_loop_lag","timestamp":"2026-04-07 19:44:22:4422","unit":"milliseconds"}
{"duration":258165984,"level":"\u001b[32minfo\u001b[39m","message":"\u001b[32mPerformance: memory_heap_used = 258165984 bytes\u001b[39m","operation":"memory_heap_used","timestamp":"2026-04-07 19:44:55:4455","unit":"bytes"}
{"duration":273989632,"level":"\u001b[32minfo\u001b[39m","message":"\u001b[32mPerformance: memory_heap_total = 273989632 bytes\u001b[39m","operation":"memory_heap_total","timestamp":"2026-04-07 19:44:55:4455","unit":"bytes"}
{"duration":477376512,"level":"\u001b[32minfo\u001b[39m","message":"\u001b[32mPerformance: memory_rss = 477376512 bytes\u001b[39m","operation":"memory_rss","timestamp":"2026-04-07 19:44:55:4455","unit":"bytes"}
{"duration":24323968,"level":"\u001b[32minfo\u001b[39m","message":"\u001b[32mPerformance: memory_external = 24323968 bytes\u001b[39m","operation":"memory_external","timestamp":"2026-04-07 19:44:55:4455","unit":"bytes"}
{"duration":6302240,"level":"\u001b[32minfo\u001b[39m","message":"\u001b[32mPerformance: cpu_user_time = 6302240 microseconds\u001b[39m","operation":"cpu_user_time","timestamp":"2026-04-07 19:44:55:4455","unit":"microseconds"}
{"duration":1818975,"level":"\u001b[32minfo\u001b[39m","message":"\u001b[32mPerformance: cpu_system_time = 1818975 microseconds\u001b[39m","operation":"cpu_system_time","timestamp":"2026-04-07 19:44:55:4455","unit":"microseconds"}
{"duration":180.618900301,"level":"\u001b[32minfo\u001b[39m","message":"\u001b[32mPerformance: process_uptime = 180.618900301 seconds\u001b[39m","operation":"process_uptime","timestamp":"2026-04-07 19:44:55:4455","unit":"seconds"}
{"duration":0.275892,"level":"\u001b[32minfo\u001b[39m","message":"\u001b[32mPerformance: event_loop_lag = 0.275892 milliseconds\u001b[39m","operation":"event_loop_lag","timestamp":"2026-04-07 19:44:55:4455","unit":"milliseconds"}
{"level":"\u001b[32minfo\u001b[39m","message":"\u001b[32m>>> [MASTERMIND] Resuming all active channels...\u001b[39m","timestamp":"2026-04-07 19:45:13:4513"}
{"level":"\u001b[32minfo\u001b[39m","message":"\u001b[32m✅ Environment variables validated via Zod\u001b[39m","timestamp":"2026-04-07 19:56:48:5648"}
{"level":"\u001b[32minfo\u001b[39m","message":"\u001b[32m🔗 Constructed internal REDIS_URL from host and port configuration\u001b[39m","timestamp":"2026-04-07 19:56:48:5648"}
{"level":"\u001b[32minfo\u001b[39m","message":"\u001b[32m✅ Configuration validation passed\u001b[39m","timestamp":"2026-04-07 19:56:48:5648"}
{"level":"\u001b[32minfo\u001b[39m","message":"\u001b[32mConfigService initialized as wrapper for ConfigManager\u001b[39m","timestamp":"2026-04-07 19:56:48:5648"}
{"level":"\u001b[32minfo\u001b[39m","message":"\u001b[32mAnalytics service initialized\u001b[39m","timestamp":"2026-04-07 19:56:49:5649"}
{"level":"\u001b[32minfo\u001b[39m","message":"\u001b[32mQueueService initialized: campaigns\u001b[39m","timestamp":"2026-04-07 19:56:49:5649"}
{"level":"\u001b[32minfo\u001b[39m","message":"\u001b[32mBullMQ Job Queue Service initialized\u001b[39m","timestamp":"2026-04-07 19:56:50:5650"}
{"level":"\u001b[32minfo\u001b[39m","message":"\u001b[32m>>> [MASTERMIND] ABSOLUTE START OF MAIN.TS\u001b[39m","timestamp":"2026-04-07 19:56:50:5650"}
{"level":"\u001b[32minfo\u001b[39m","message":"\u001b[32m>>> [MASTERMIND] Starting main()\u001b[39m","timestamp":"2026-04-07 19:56:50:5650"}
{"level":"\u001b[32minfo\u001b[39m","message":"\u001b[32m🚀 Starting DeXMart...\u001b[39m","timestamp":"2026-04-07 19:56:50:5650"}
{"level":"\u001b[32minfo\u001b[39m","message":"\u001b[32m>>> [MASTERMIND] Validating environment variables...\u001b[39m","timestamp":"2026-04-07 19:56:50:5650"}
{"level":"\u001b[32minfo\u001b[39m","message":"\u001b[32m🔍 Validating environment variables...\u001b[39m","timestamp":"2026-04-07 19:56:50:5650"}
{"level":"\u001b[32minfo\u001b[39m","message":"\u001b[32m✅ FIREBASE_PROJECT_ID: dexmart\u001b[39m","timestamp":"2026-04-07 19:56:50:5650"}
{"level":"\u001b[32minfo\u001b[39m","message":"\u001b[32m✅ GOOGLE_GEMINI_API_KEY: ***[REDACTED]***\u001b[39m","timestamp":"2026-04-07 19:56:50:5650"}
{"level":"\u001b[33mwarn\u001b[39m","message":"\u001b[33m⚠️  PORT not set, using default: 3001\u001b[39m","timestamp":"2026-04-07 19:56:50:5650"}
{"level":"\u001b[32minfo\u001b[39m","message":"\u001b[32m✅ NODE_ENV: development\u001b[39m","timestamp":"2026-04-07 19:56:50:5650"}
{"level":"\u001b[32minfo\u001b[39m","message":"\u001b[32m✅ JWT_SECRET: ***[REDACTED]***\u001b[39m","timestamp":"2026-04-07 19:56:50:5650"}
{"level":"\u001b[33mwarn\u001b[39m","message":"\u001b[33m⚠️  RATE_LIMIT_AI_REQ not set, using default: 10\u001b[39m","timestamp":"2026-04-07 19:56:50:5650"}
{"level":"\u001b[33mwarn\u001b[39m","message":"\u001b[33m⚠️  USE_BAILEYS_DIRECT not set, using default: false\u001b[39m","timestamp":"2026-04-07 19:56:50:5650"}
{"level":"\u001b[33mwarn\u001b[39m","message":"\u001b[33m⚠️ Missing Firebase credentials. Provide either FIREBASE_SERVICE_ACCOUNT_PATH or (FIREBASE_PROJECT_ID, FIREBASE_CLIENT_EMAIL, and FIREBASE_PRIVATE_KEY)\u001b[39m","timestamp":"2026-04-07 19:56:50:5650"}
{"level":"\u001b[32minfo\u001b[39m","message":"\u001b[32m✅ Environment validation passed!\u001b[39m","timestamp":"2026-04-07 19:56:50:5650"}
{"level":"\u001b[33mwarn\u001b[39m","message":"\u001b[33mEnvironment validation passed with 4 warning(s)\u001b[39m","timestamp":"2026-04-07 19:56:50:5650"}
{"level":"\u001b[32minfo\u001b[39m","message":"\u001b[32m>>> [MASTERMIND] Environment validation passed.\u001b[39m","timestamp":"2026-04-07 19:56:50:5650"}
{"level":"\u001b[32minfo\u001b[39m","message":"\u001b[32m>>> [MASTERMIND] initializeContext() called\u001b[39m","timestamp":"2026-04-07 19:56:50:5650"}
{"level":"\u001b[32minfo\u001b[39m","message":"\u001b[32m>>> [MASTERMIND] Starting fresh initialization\u001b[39m","timestamp":"2026-04-07 19:56:50:5650"}
{"level":"\u001b[32minfo\u001b[39m","message":"\u001b[32m>>> [MASTERMIND] Base context object built.\u001b[39m","timestamp":"2026-04-07 19:56:50:5650"}
{"level":"\u001b[32minfo\u001b[39m","message":"\u001b[32m🔧 Unified Command System initialized\u001b[39m","timestamp":"2026-04-07 19:56:50:5650"}
{"level":"\u001b[32minfo\u001b[39m","message":"\u001b[32mInitializing Command System and loading commands...\u001b[39m","timestamp":"2026-04-07 19:56:50:5650"}
{"level":"\u001b[32minfo\u001b[39m","message":"\u001b[32m🔄 Parallelizing command loading...\u001b[39m","timestamp":"2026-04-07 19:56:50:5650"}
{"level":"\u001b[32minfo\u001b[39m","message":"\u001b[32m✅ Redis connected successfully\u001b[39m","timestamp":"2026-04-07 19:56:50:5650"}
{"level":"\u001b[32minfo\u001b[39m","message":"\u001b[32m✅ Redis Connected - Switching to distributed cache\u001b[39m","timestamp":"2026-04-07 19:56:50:5650"}
{"error":"Transform failed with 1 error:\n/home/codedex/projects/DeXMart/src/commands/agent/session.test.ts:25:40: ERROR: Top-level await is currently not supported with the \"cjs\" output format","level":"\u001b[31merror\u001b[39m","message":"\u001b[31mFailed to load command: /home/codedex/projects/DeXMart/src/commands/agent/session.test.ts\u001b[39m","timestamp":"2026-04-07 19:56:52:5652"}
{"error":"No \"exports\" main defined in /home/codedex/projects/DeXMart/node_modules/.pnpm/node_modules/@mariozechner/pi-coding-agent/package.json","level":"\u001b[31merror\u001b[39m","message":"\u001b[31mFailed to load command: /home/codedex/projects/DeXMart/src/commands/agent/delivery.ts\u001b[39m","timestamp":"2026-04-07 19:56:52:5652"}
{"error":"Vitest cannot be imported in a CommonJS module using require(). Please use \"import\" instead.\n\nIf you are using \"import\" in your source code, then it's possible it was bundled into require() automatically by your bundler. In that case, do not bundle CommonJS output since it will never work with Vitest, or use dynamic import() which is available in all CommonJS modules.","level":"\u001b[31merror\u001b[39m","message":"\u001b[31mFailed to load command: /home/codedex/projects/DeXMart/src/commands/agent/session-store.test.ts\u001b[39m","timestamp":"2026-04-07 19:56:52:5652"}
{"error":"No \"exports\" main defined in /home/codedex/projects/DeXMart/node_modules/.pnpm/node_modules/@mariozechner/pi-coding-agent/package.json","level":"\u001b[31merror\u001b[39m","message":"\u001b[31mFailed to load command: /home/codedex/projects/DeXMart/src/commands/agent/session-store.ts\u001b[39m","timestamp":"2026-04-07 19:56:52:5652"}
{"error":"No \"exports\" main defined in /home/codedex/projects/DeXMart/node_modules/.pnpm/node_modules/@mariozechner/pi-coding-agent/package.json","level":"\u001b[31merror\u001b[39m","message":"\u001b[31mFailed to load command: /home/codedex/projects/DeXMart/src/commands/agent/session.ts\u001b[39m","timestamp":"2026-04-07 19:56:52:5652"}
{"error":"Cannot find module '../../services/gemini.js'\nRequire stack:\n- /home/codedex/projects/DeXMart/src/commands/ai-chat/gemini.ts","level":"\u001b[31merror\u001b[39m","message":"\u001b[31mFailed to load command: /home/codedex/projects/DeXMart/src/commands/ai-chat/gemini.ts\u001b[39m","timestamp":"2026-04-07 19:56:52:5652"}
{"error":"No \"exports\" main defined in /home/codedex/projects/DeXMart/node_modules/.pnpm/node_modules/osc-progress/package.json","level":"\u001b[31merror\u001b[39m","message":"\u001b[31mFailed to load command: /home/codedex/projects/DeXMart/src/commands/channels/add.ts\u001b[39m","timestamp":"2026-04-07 19:56:52:5652"}
{"error":"Vitest cannot be imported in a CommonJS module using require(). Please use \"import\" instead.\n\nIf you are using \"import\" in your source code, then it's possible it was bundled into require() automatically by your bundler. In that case, do not bundle CommonJS output since it will never work with Vitest, or use dynamic import() which is available in all CommonJS modules.","level":"\u001b[31merror\u001b[39m","message":"\u001b[31mFailed to load command: /home/codedex/projects/DeXMart/src/commands/channels/capabilities.test.ts\u001b[39m","timestamp":"2026-04-07 19:56:52:5652"}
{"error":"No \"exports\" main defined in /home/codedex/projects/DeXMart/node_modules/.pnpm/node_modules/@buape/carbon/package.json","level":"\u001b[31merror\u001b[39m","message":"\u001b[31mFailed to load command: /home/codedex/projects/DeXMart/src/commands/channels/capabilities.ts\u001b[39m","timestamp":"2026-04-07 19:56:52:5652"}
{"error":"No \"exports\" main defined in /home/codedex/projects/DeXMart/node_modules/.pnpm/node_modules/osc-progress/package.json","level":"\u001b[31merror\u001b[39m","message":"\u001b[31mFailed to load command: /home/codedex/projects/DeXMart/src/commands/channels/list.ts\u001b[39m","timestamp":"2026-04-07 19:56:52:5652"}
{"error":"No \"exports\" main defined in /home/codedex/projects/DeXMart/node_modules/.pnpm/node_modules/osc-progress/package.json","level":"\u001b[31merror\u001b[39m","message":"\u001b[31mFailed to load command: /home/codedex/projects/DeXMart/src/commands/channels/remove.ts\u001b[39m","timestamp":"2026-04-07 19:56:52:5652"}
{"error":"No \"exports\" main defined in /home/codedex/projects/DeXMart/node_modules/.pnpm/node_modules/osc-progress/package.json","level":"\u001b[31merror\u001b[39m","message":"\u001b[31mFailed to load command: /home/codedex/projects/DeXMart/src/commands/channels/status.ts\u001b[39m","timestamp":"2026-04-07 19:56:52:5652"}
{"error":"No \"exports\" main defined in /home/codedex/projects/DeXMart/node_modules/.pnpm/node_modules/@mariozechner/pi-coding-agent/package.json","level":"\u001b[31merror\u001b[39m","message":"\u001b[31mFailed to load command: /home/codedex/projects/DeXMart/src/commands/models/auth.ts\u001b[39m","timestamp":"2026-04-07 19:56:52:5652"}
{"error":"Vitest cannot be imported in a CommonJS module using require(). Please use \"import\" instead.\n\nIf you are using \"import\" in your source code, then it's possible it was bundled into require() automatically by your bundler. In that case, do not bundle CommonJS output since it will never work with Vitest, or use dynamic import() which is available in all CommonJS modules.","level":"\u001b[31merror\u001b[39m","message":"\u001b[31mFailed to load command: /home/codedex/projects/DeXMart/src/commands/models/list.auth-overview.test.ts\u001b[39m","timestamp":"2026-04-07 19:56:52:5652"}
{"error":"Vitest cannot be imported in a CommonJS module using require(). Please use \"import\" instead.\n\nIf you are using \"import\" in your source code, then it's possible it was bundled into require() automatically by your bundler. In that case, do not bundle CommonJS output since it will never work with Vitest, or use dynamic import() which is available in all CommonJS modules.","level":"\u001b[31merror\u001b[39m","message":"\u001b[31mFailed to load command: /home/codedex/projects/DeXMart/src/commands/models/list.list-command.forward-compat.test.ts\u001b[39m","timestamp":"2026-04-07 19:56:52:5652"}
{"error":"No \"exports\" main defined in /home/codedex/projects/DeXMart/node_modules/.pnpm/node_modules/@mariozechner/pi-coding-agent/package.json","level":"\u001b[31merror\u001b[39m","message":"\u001b[31mFailed to load command: /home/codedex/projects/DeXMart/src/commands/models/list.list-command.ts\u001b[39m","timestamp":"2026-04-07 19:56:52:5652"}
{"error":"Vitest cannot be imported in a CommonJS module using require(). Please use \"import\" instead.\n\nIf you are using \"import\" in your source code, then it's possible it was bundled into require() automatically by your bundler. In that case, do not bundle CommonJS output since it will never work with Vitest, or use dynamic import() which is available in all CommonJS modules.","level":"\u001b[31merror\u001b[39m","message":"\u001b[31mFailed to load command: /home/codedex/projects/DeXMart/src/commands/models/list.probe.test.ts\u001b[39m","timestamp":"2026-04-07 19:56:52:5652"}
{"error":"No \"exports\" main defined in /home/codedex/projects/DeXMart/node_modules/.pnpm/node_modules/@mariozechner/pi-coding-agent/package.json","level":"\u001b[31merror\u001b[39m","message":"\u001b[31mFailed to load command: /home/codedex/projects/DeXMart/src/commands/models/list.probe.ts\u001b[39m","timestamp":"2026-04-07 19:56:52:5652"}
{"error":"This is caused by either a bug in Node.js or incorrect usage of Node.js internals.\nPlease open an issue with this stack trace at https://github.com/nodejs/node/issues\n","level":"\u001b[31merror\u001b[39m","message":"\u001b[31mFailed to load command: /home/codedex/projects/DeXMart/src/commands/models/list.registry.ts\u001b[39m","timestamp":"2026-04-07 19:56:52:5652"}
{"error":"No \"exports\" main defined in /home/codedex/projects/DeXMart/node_modules/.pnpm/node_modules/osc-progress/package.json","level":"\u001b[31merror\u001b[39m","message":"\u001b[31mFailed to load command: /home/codedex/projects/DeXMart/src/commands/models/list.status-command.ts\u001b[39m","timestamp":"2026-04-07 19:56:52:5652"}
{"error":"Vitest cannot be imported in a CommonJS module using require(). Please use \"import\" instead.\n\nIf you are using \"import\" in your source code, then it's possible it was bundled into require() automatically by your bundler. In that case, do not bundle CommonJS output since it will never work with Vitest, or use dynamic import() which is available in all CommonJS modules.","level":"\u001b[31merror\u001b[39m","message":"\u001b[31mFailed to load command: /home/codedex/projects/DeXMart/src/commands/models/list.status.test.ts\u001b[39m","timestamp":"2026-04-07 19:56:52:5652"}
{"error":"No \"exports\" main defined in /home/codedex/projects/DeXMart/node_modules/.pnpm/node_modules/@mariozechner/pi-coding-agent/package.json","level":"\u001b[31merror\u001b[39m","message":"\u001b[31mFailed to load command: /home/codedex/projects/DeXMart/src/commands/models/list.ts\u001b[39m","timestamp":"2026-04-07 19:56:52:5652"}
{"error":"No \"exports\" main defined in /home/codedex/projects/DeXMart/node_modules/.pnpm/node_modules/osc-progress/package.json","level":"\u001b[31merror\u001b[39m","message":"\u001b[31mFailed to load command: /home/codedex/projects/DeXMart/src/commands/models/scan.ts\u001b[39m","timestamp":"2026-04-07 19:56:52:5652"}
{"error":"Vitest cannot be imported in a CommonJS module using require(). Please use \"import\" instead.\n\nIf you are using \"import\" in your source code, then it's possible it was bundled into require() automatically by your bundler. In that case, do not bundle CommonJS output since it will never work with Vitest, or use dynamic import() which is available in all CommonJS modules.","level":"\u001b[31merror\u001b[39m","message":"\u001b[31mFailed to load command: /home/codedex/projects/DeXMart/src/commands/models/shared.test.ts\u001b[39m","timestamp":"2026-04-07 19:56:52:5652"}
{"error":"No \"exports\" main defined in /home/codedex/projects/DeXMart/node_modules/.pnpm/node_modules/@mariozechner/pi-coding-agent/package.json","level":"\u001b[31merror\u001b[39m","message":"\u001b[31mFailed to load command: /home/codedex/projects/DeXMart/src/commands/onboard-non-interactive/local.ts\u001b[39m","timestamp":"2026-04-07 19:56:52:5652"}
{"error":"No \"exports\" main defined in /home/codedex/projects/DeXMart/node_modules/.pnpm/node_modules/@mariozechner/pi-coding-agent/package.json","level":"\u001b[31merror\u001b[39m","message":"\u001b[31mFailed to load command: /home/codedex/projects/DeXMart/src/commands/onboard-non-interactive/remote.ts\u001b[39m","timestamp":"2026-04-07 19:56:52:5652"}
{"level":"\u001b[32minfo\u001b[39m","message":"\u001b[32mBullMQ Queues initialized with unified Redis connection\u001b[39m","timestamp":"2026-04-07 19:56:52:5652"}
{"error":"Vitest cannot be imported in a CommonJS module using require(). Please use \"import\" instead.\n\nIf you are using \"import\" in your source code, then it's possible it was bundled into require() automatically by your bundler. In that case, do not bundle CommonJS output since it will never work with Vitest, or use dynamic import() which is available in all CommonJS modules.","level":"\u001b[31merror\u001b[39m","message":"\u001b[31mFailed to load command: /home/codedex/projects/DeXMart/src/commands/onboarding/plugin-install.test.ts\u001b[39m","timestamp":"2026-04-07 19:56:52:5652"}
{"error":"No \"exports\" main defined in /home/codedex/projects/DeXMart/node_modules/.pnpm/node_modules/@mariozechner/pi-coding-agent/package.json","level":"\u001b[31merror\u001b[39m","message":"\u001b[31mFailed to load command: /home/codedex/projects/DeXMart/src/commands/onboarding/plugin-install.ts\u001b[39m","timestamp":"2026-04-07 19:56:52:5652"}
{"error":"No \"exports\" main defined in /home/codedex/projects/DeXMart/node_modules/.pnpm/node_modules/@mariozechner/pi-coding-agent/package.json","level":"\u001b[31merror\u001b[39m","message":"\u001b[31mFailed to load command: /home/codedex/projects/DeXMart/src/commands/onboarding/registry.ts\u001b[39m","timestamp":"2026-04-07 19:56:52:5652"}
{"error":"No \"exports\" main defined in /home/codedex/projects/DeXMart/node_modules/.pnpm/node_modules/@mariozechner/pi-coding-agent/package.json","level":"\u001b[31merror\u001b[39m","message":"\u001b[31mFailed to load command: /home/codedex/projects/DeXMart/src/commands/status-all/agents.ts\u001b[39m","timestamp":"2026-04-07 19:56:52:5652"}
{"error":"Vitest cannot be imported in a CommonJS module using require(). Please use \"import\" instead.\n\nIf you are using \"import\" in your source code, then it's possible it was bundled into require() automatically by your bundler. In that case, do not bundle CommonJS output since it will never work with Vitest, or use dynamic import() which is available in all CommonJS modules.","level":"\u001b[31merror\u001b[39m","message":"\u001b[31mFailed to load command: /home/codedex/projects/DeXMart/src/commands/status-all/channels.mattermost-token-summary.test.ts\u001b[39m","timestamp":"2026-04-07 19:56:52:5652"}
{"error":"Vitest cannot be imported in a CommonJS module using require(). Please use \"import\" instead.\n\nIf you are using \"import\" in your source code, then it's possible it was bundled into require() automatically by your bundler. In that case, do not bundle CommonJS output since it will never work with Vitest, or use dynamic import() which is available in all CommonJS modules.","level":"\u001b[31merror\u001b[39m","message":"\u001b[31mFailed to load command: /home/codedex/projects/DeXMart/src/commands/status-all/report-lines.test.ts\u001b[39m","timestamp":"2026-04-07 19:56:52:5652"}
{"level":"\u001b[32minfo\u001b[39m","message":"\u001b[32m🎉 High-Speed Load Complete: 93 commands in 2479ms\u001b[39m","timestamp":"2026-04-07 19:56:53:5653"}
{"level":"\u001b[32minfo\u001b[39m","message":"\u001b[32m>>> [MASTERMIND] Command loading finished. Getting mock bot...\u001b[39m","timestamp":"2026-04-07 19:56:53:5653"}
{"level":"\u001b[32minfo\u001b[39m","message":"\u001b[32m✅ Global Context initialized successfully\u001b[39m","timestamp":"2026-04-07 19:56:53:5653"}
{"level":"\u001b[32minfo\u001b[39m","message":"\u001b[32m>>> [MASTERMIND] Global Context initialized successfully\u001b[39m","timestamp":"2026-04-07 19:56:53:5653"}
{"level":"\u001b[32minfo\u001b[39m","message":"\u001b[32m>>> [MASTERMIND] Global Context initialized.\u001b[39m","timestamp":"2026-04-07 19:56:53:5653"}
{"level":"\u001b[32minfo\u001b[39m","message":"\u001b[32m>>> [MASTERMIND] Initializing Job Registry...\u001b[39m","timestamp":"2026-04-07 19:56:53:5653"}
{"level":"\u001b[32minfo\u001b[39m","message":"\u001b[32m[ApiKeyManager] Initialized Universal Manager with 12 keys (Semantic Cache Enabled)\u001b[39m","timestamp":"2026-04-07 19:56:53:5653"}
{"level":"\u001b[32minfo\u001b[39m","message":"\u001b[32mAIUtilityService initialized with 12 API keys (12 healthy)\u001b[39m","timestamp":"2026-04-07 19:56:53:5653"}
{"level":"\u001b[32minfo\u001b[39m","message":"\u001b[32mInitializing job queues...\u001b[39m","timestamp":"2026-04-07 19:56:53:5653"}
{"level":"\u001b[32minfo\u001b[39m","message":"\u001b[32mQueue 'ai-processing' created successfully\u001b[39m","timestamp":"2026-04-07 19:56:53:5653"}
{"level":"\u001b[32minfo\u001b[39m","message":"\u001b[32mQueue 'media-processing' created successfully\u001b[39m","timestamp":"2026-04-07 19:56:53:5653"}
{"level":"\u001b[32minfo\u001b[39m","message":"\u001b[32mQueue 'notification' created successfully\u001b[39m","timestamp":"2026-04-07 19:56:53:5653"}
{"level":"\u001b[32minfo\u001b[39m","message":"\u001b[32mQueue 'analytics' created successfully\u001b[39m","timestamp":"2026-04-07 19:56:53:5653"}
{"level":"\u001b[32minfo\u001b[39m","message":"\u001b[32mQueue 'cleanup' created successfully\u001b[39m","timestamp":"2026-04-07 19:56:53:5653"}
{"level":"\u001b[32minfo\u001b[39m","message":"\u001b[32mQueue 'whatsapp-outbound' created successfully\u001b[39m","timestamp":"2026-04-07 19:56:53:5653"}
{"level":"\u001b[32minfo\u001b[39m","message":"\u001b[32mQueue 'group-sync' created successfully\u001b[39m","timestamp":"2026-04-07 19:56:53:5653"}
{"level":"\u001b[32minfo\u001b[39m","message":"\u001b[32mAll job queues initialized successfully\u001b[39m","timestamp":"2026-04-07 19:56:53:5653"}
{"level":"\u001b[32minfo\u001b[39m","message":"\u001b[32mRegistering job processors...\u001b[39m","timestamp":"2026-04-07 19:56:53:5653"}
{"level":"\u001b[32minfo\u001b[39m","message":"\u001b[32mRegistered BullMQ worker for queue 'ai-processing'\u001b[39m","timestamp":"2026-04-07 19:56:53:5653"}
{"level":"\u001b[32minfo\u001b[39m","message":"\u001b[32mRegistered BullMQ worker for queue 'media-processing'\u001b[39m","timestamp":"2026-04-07 19:56:53:5653"}
{"level":"\u001b[32minfo\u001b[39m","message":"\u001b[32mStatsAggregatorJob initialized\u001b[39m","timestamp":"2026-04-07 19:56:53:5653"}
{"level":"\u001b[32minfo\u001b[39m","message":"\u001b[32mInitializing WhatsApp Outbound Worker (Anti-Ban enabled)...\u001b[39m","timestamp":"2026-04-07 19:56:53:5653"}
{"level":"\u001b[32minfo\u001b[39m","message":"\u001b[32mRegistered BullMQ worker for queue 'whatsapp-outbound'\u001b[39m","timestamp":"2026-04-07 19:56:53:5653"}
{"level":"\u001b[32minfo\u001b[39m","message":"\u001b[32m[GroupSyncWorker] Initializing Group Sync Worker...\u001b[39m","timestamp":"2026-04-07 19:56:53:5653"}
{"level":"\u001b[32minfo\u001b[39m","message":"\u001b[32mRegistered BullMQ worker for queue 'group-sync'\u001b[39m","timestamp":"2026-04-07 19:56:53:5653"}
{"level":"\u001b[32minfo\u001b[39m","message":"\u001b[32m[GroupSyncWorker] Group Sync Worker registered and listening\u001b[39m","timestamp":"2026-04-07 19:56:53:5653"}
{"level":"\u001b[32minfo\u001b[39m","message":"\u001b[32mInitializing Anti-Ban Resume Worker (Interval: 20000ms)...\u001b[39m","timestamp":"2026-04-07 19:56:53:5653"}
{"level":"\u001b[32minfo\u001b[39m","message":"\u001b[32mAll job processors registered successfully\u001b[39m","timestamp":"2026-04-07 19:56:53:5653"}
{"level":"\u001b[32minfo\u001b[39m","message":"\u001b[32m>>> [MASTERMIND] Initializing Campaign Worker...\u001b[39m","timestamp":"2026-04-07 19:56:53:5653"}
{"level":"\u001b[32minfo\u001b[39m","message":"\u001b[32mCampaignWorker initialized with Omnichannel Adapter + Anti-Ban Engine\u001b[39m","timestamp":"2026-04-07 19:56:53:5653"}
{"level":"\u001b[32minfo\u001b[39m","message":"\u001b[32m>>> [MASTERMIND] Campaign Worker call finished.\u001b[39m","timestamp":"2026-04-07 19:56:53:5653"}
{"level":"\u001b[32minfo\u001b[39m","message":"\u001b[32m>>> [MASTERMIND] USE_SERVER is true. Initializing MultiTenantApp...\u001b[39m","timestamp":"2026-04-07 19:56:53:5653"}
{"level":"\u001b[32minfo\u001b[39m","message":"\u001b[32mInitializing Multi-tenant DeXMart SaaS Platform...\u001b[39m","timestamp":"2026-04-07 19:56:53:5653"}
{"level":"\u001b[32minfo\u001b[39m","message":"\u001b[32m>>> [MASTERMIND] Setting up server middleware...\u001b[39m","timestamp":"2026-04-07 19:56:53:5653"}
{"level":"\u001b[32minfo\u001b[39m","message":"\u001b[32m>>> [MASTERMIND] Setting up server routes...\u001b[39m","timestamp":"2026-04-07 19:56:53:5653"}
{"level":"\u001b[32minfo\u001b[39m","message":"\u001b[32m>>> [MASTERMIND] Initializing Analytics Service...\u001b[39m","timestamp":"2026-04-07 19:56:53:5653"}
{"level":"\u001b[32minfo\u001b[39m","message":"\u001b[32mWebSocket server started on port 3002\u001b[39m","timestamp":"2026-04-07 19:56:53:5653"}
{"level":"\u001b[32minfo\u001b[39m","message":"\u001b[32m>>> [MASTERMIND] Enterprise Analytics Gateway online at port 3002\u001b[39m","timestamp":"2026-04-07 19:56:53:5653"}
{"level":"\u001b[32minfo\u001b[39m","message":"\u001b[32m>>> [MASTERMIND] Initializing Unified WebSockets...\u001b[39m","timestamp":"2026-04-07 19:56:53:5653"}
{"level":"\u001b[32minfo\u001b[39m","message":"\u001b[32mUnified Socket Service initialized\u001b[39m","timestamp":"2026-04-07 19:56:53:5653"}
{"level":"\u001b[32minfo\u001b[39m","message":"\u001b[32m>>> [MASTERMIND] Initializing additional services...\u001b[39m","timestamp":"2026-04-07 19:56:53:5653"}
{"level":"\u001b[32minfo\u001b[39m","message":"\u001b[32m>>> [MASTERMIND] Starting active tenant bots...\u001b[39m","timestamp":"2026-04-07 19:56:53:5653"}
{"level":"\u001b[32minfo\u001b[39m","message":"\u001b[32mStarting active tenant channels...\u001b[39m","timestamp":"2026-04-07 19:56:53:5653"}
{"level":"\u001b[32minfo\u001b[39m","message":"\u001b[32m>>> [MASTERMIND] Resuming all active channels...\u001b[39m","timestamp":"2026-04-07 19:56:53:5653"}
{"level":"\u001b[32minfo\u001b[39m","message":"\u001b[32mUsing application default credentials\u001b[39m","timestamp":"2026-04-07 19:56:53:5653"}
{"level":"\u001b[32minfo\u001b[39m","message":"\u001b[32mInitializing Firebase Admin...\u001b[39m","timestamp":"2026-04-07 19:56:53:5653"}
{"level":"\u001b[32minfo\u001b[39m","message":"\u001b[32m🔥 Firebase Admin Initialized (Project: dexmart)\u001b[39m","timestamp":"2026-04-07 19:56:53:5653"}
{"error":"Could not load the default credentials. Browse to https://cloud.google.com/docs/authentication/getting-started for more information.","level":"\u001b[31merror\u001b[39m","message":"\u001b[31mFirestore getCollection error [tenants] (Tenant: undefined):\u001b[39m","stack":"Error: Could not load the default credentials. Browse to https://cloud.google.com/docs/authentication/getting-started for more information.\n    at GoogleAuth.getApplicationDefaultAsync (/home/codedex/projects/DeXMart/node_modules/.pnpm/google-auth-library@9.15.1/node_modules/google-auth-library/build/src/auth/googleauth.js:287:15)\n    at async GoogleAuth._GoogleAuth_determineClient (/home/codedex/projects/DeXMart/node_modules/.pnpm/google-auth-library@9.15.1/node_modules/google-auth-library/build/src/auth/googleauth.js:834:32)\n    at async GoogleAuth.getClient (/home/codedex/projects/DeXMart/node_modules/.pnpm/google-auth-library@9.15.1/node_modules/google-auth-library/build/src/auth/googleauth.js:698:20)\n    at async GrpcClient._getCredentials (/home/codedex/projects/DeXMart/node_modules/.pnpm/google-gax@4.6.1/node_modules/google-gax/src/grpc.ts:209:20)\n    at async GrpcClient.createStub (/home/codedex/projects/DeXMart/node_modules/.pnpm/google-gax@4.6.1/node_modules/google-gax/src/grpc.ts:426:19)\nCaused by: Error\n    at QueryUtil._getResponse (/home/codedex/projects/DeXMart/node_modules/.pnpm/@google-cloud+firestore@7.11.6/node_modules/@google-cloud/firestore/build/src/reference/query-util.js:44:23)\n    at CollectionReference._getResponse (/home/codedex/projects/DeXMart/node_modules/.pnpm/@google-cloud+firestore@7.11.6/node_modules/@google-cloud/firestore/build/src/reference/query.js:784:32)\n    at CollectionReference._get (/home/codedex/projects/DeXMart/node_modules/.pnpm/@google-cloud+firestore@7.11.6/node_modules/@google-cloud/firestore/build/src/reference/query.js:777:35)\n    at /home/codedex/projects/DeXMart/node_modules/.pnpm/@google-cloud+firestore@7.11.6/node_modules/@google-cloud/firestore/build/src/reference/query.js:745:43\n    at /home/codedex/projects/DeXMart/node_modules/.pnpm/@google-cloud+firestore@7.11.6/node_modules/@google-cloud/firestore/build/src/telemetry/enabled-trace-util.js:110:30\n    at NoopContextManager.with (/home/codedex/projects/DeXMart/node_modules/.pnpm/@opentelemetry+api@1.9.0/node_modules/@opentelemetry/api/src/context/NoopContextManager.ts:31:15)\n    at ContextAPI.with (/home/codedex/projects/DeXMart/node_modules/.pnpm/@opentelemetry+api@1.9.0/node_modules/@opentelemetry/api/src/api/context.ts:77:42)\n    at NoopTracer.startActiveSpan (/home/codedex/projects/DeXMart/node_modules/.pnpm/@opentelemetry+api@1.9.0/node_modules/@opentelemetry/api/src/trace/NoopTracer.ts:98:27)\n    at ProxyTracer.startActiveSpan (/home/codedex/projects/DeXMart/node_modules/.pnpm/@opentelemetry+api@1.9.0/node_modules/@opentelemetry/api/src/trace/ProxyTracer.ts:51:20)\n    at EnabledTraceUtil.startActiveSpan (/home/codedex/projects/DeXMart/node_modules/.pnpm/@google-cloud+firestore@7.11.6/node_modules/@google-cloud/firestore/build/src/telemetry/enabled-trace-util.js:102:28)","timestamp":"2026-04-07 19:57:01:571"}
{"error":"Could not load the default credentials. Browse to https://cloud.google.com/docs/authentication/getting-started for more information.","level":"\u001b[31merror\u001b[39m","message":"\u001b[31mMultiTenantService.listTenants error:\u001b[39m","stack":"Error: Could not load the default credentials. Browse to https://cloud.google.com/docs/authentication/getting-started for more information.\n    at GoogleAuth.getApplicationDefaultAsync (/home/codedex/projects/DeXMart/node_modules/.pnpm/google-auth-library@9.15.1/node_modules/google-auth-library/build/src/auth/googleauth.js:287:15)\n    at async GoogleAuth._GoogleAuth_determineClient (/home/codedex/projects/DeXMart/node_modules/.pnpm/google-auth-library@9.15.1/node_modules/google-auth-library/build/src/auth/googleauth.js:834:32)\n    at async GoogleAuth.getClient (/home/codedex/projects/DeXMart/node_modules/.pnpm/google-auth-library@9.15.1/node_modules/google-auth-library/build/src/auth/googleauth.js:698:20)\n    at async GrpcClient._getCredentials (/home/codedex/projects/DeXMart/node_modules/.pnpm/google-gax@4.6.1/node_modules/google-gax/src/grpc.ts:209:20)\n    at async GrpcClient.createStub (/home/codedex/projects/DeXMart/node_modules/.pnpm/google-gax@4.6.1/node_modules/google-gax/src/grpc.ts:426:19)\nCaused by: Error\n    at QueryUtil._getResponse (/home/codedex/projects/DeXMart/node_modules/.pnpm/@google-cloud+firestore@7.11.6/node_modules/@google-cloud/firestore/build/src/reference/query-util.js:44:23)\n    at CollectionReference._getResponse (/home/codedex/projects/DeXMart/node_modules/.pnpm/@google-cloud+firestore@7.11.6/node_modules/@google-cloud/firestore/build/src/reference/query.js:784:32)\n    at CollectionReference._get (/home/codedex/projects/DeXMart/node_modules/.pnpm/@google-cloud+firestore@7.11.6/node_modules/@google-cloud/firestore/build/src/reference/query.js:777:35)\n    at /home/codedex/projects/DeXMart/node_modules/.pnpm/@google-cloud+firestore@7.11.6/node_modules/@google-cloud/firestore/build/src/reference/query.js:745:43\n    at /home/codedex/projects/DeXMart/node_modules/.pnpm/@google-cloud+firestore@7.11.6/node_modules/@google-cloud/firestore/build/src/telemetry/enabled-trace-util.js:110:30\n    at NoopContextManager.with (/home/codedex/projects/DeXMart/node_modules/.pnpm/@opentelemetry+api@1.9.0/node_modules/@opentelemetry/api/src/context/NoopContextManager.ts:31:15)\n    at ContextAPI.with (/home/codedex/projects/DeXMart/node_modules/.pnpm/@opentelemetry+api@1.9.0/node_modules/@opentelemetry/api/src/api/context.ts:77:42)\n    at NoopTracer.startActiveSpan (/home/codedex/projects/DeXMart/node_modules/.pnpm/@opentelemetry+api@1.9.0/node_modules/@opentelemetry/api/src/trace/NoopTracer.ts:98:27)\n    at ProxyTracer.startActiveSpan (/home/codedex/projects/DeXMart/node_modules/.pnpm/@opentelemetry+api@1.9.0/node_modules/@opentelemetry/api/src/trace/ProxyTracer.ts:51:20)\n    at EnabledTraceUtil.startActiveSpan (/home/codedex/projects/DeXMart/node_modules/.pnpm/@google-cloud+firestore@7.11.6/node_modules/@google-cloud/firestore/build/src/telemetry/enabled-trace-util.js:102:28)","timestamp":"2026-04-07 19:57:01:571"}
{"level":"\u001b[32minfo\u001b[39m","message":"\u001b[32m[ChannelService] Successfully queued 0 channels for resumption.\u001b[39m","timestamp":"2026-04-07 19:57:01:571"}
{"level":"\u001b[32minfo\u001b[39m","message":"\u001b[32mMulti-tenant app initialized successfully\u001b[39m","timestamp":"2026-04-07 19:57:01:571"}
{"level":"\u001b[32minfo\u001b[39m","message":"\u001b[32m>>> [MASTERMIND] MultiTenantApp initialized.\u001b[39m","timestamp":"2026-04-07 19:57:01:571"}
{"level":"\u001b[32minfo\u001b[39m","message":"\u001b[32m>>> [MASTERMIND] Attempting to listen on port 3001...\u001b[39m","timestamp":"2026-04-07 19:57:01:571"}
{"level":"\u001b[32minfo\u001b[39m","message":"\u001b[32m>>> [MASTERMIND] MultiTenantApp started.\u001b[39m","timestamp":"2026-04-07 19:57:01:571"}
{"level":"\u001b[32minfo\u001b[39m","message":"\u001b[32m>>> [MASTERMIND] Starting ChannelService watchdog (interval: 60000ms)\u001b[39m","timestamp":"2026-04-07 19:57:01:571"}
{"level":"\u001b[32minfo\u001b[39m","message":"\u001b[32m[EventListener] Starting agent event listener\u001b[39m","timestamp":"2026-04-07 19:57:01:571"}
{"level":"\u001b[32minfo\u001b[39m","message":"\u001b[32m✨ DeXMart is ready!\u001b[39m","timestamp":"2026-04-07 19:57:01:571"}
{"level":"\u001b[32minfo\u001b[39m","message":"\u001b[32m>>> [MASTERMIND] Multi-tenant DeXMart server running on port 3001\u001b[39m","timestamp":"2026-04-07 19:57:01:571"}
{"level":"\u001b[32minfo\u001b[39m","message":"\u001b[32mINCOMING REQUEST: GET /api/omnichannel/status\u001b[39m","timestamp":"2026-04-07 19:57:13:5713"}
{"ip":"::1","level":"\u001b[32minfo\u001b[39m","message":"\u001b[32mGET /api/omnichannel/status\u001b[39m","timestamp":"2026-04-07 19:57:13:5713","userAgent":"curl/8.5.0"}
{"event":"Auth Middleware: Missing token","ip":"::1","level":"\u001b[33mwarn\u001b[39m","message":"\u001b[33mSecurity Event: Auth Middleware: Missing token\u001b[39m","timestamp":"2026-04-07 19:57:13:5713","userId":null}
{"duration":294566008,"level":"\u001b[32minfo\u001b[39m","message":"\u001b[32mPerformance: memory_heap_used = 294566008 bytes\u001b[39m","operation":"memory_heap_used","timestamp":"2026-04-07 19:57:21:5721","unit":"bytes"}
{"duration":406163456,"level":"\u001b[32minfo\u001b[39m","message":"\u001b[32mPerformance: memory_heap_total = 406163456 bytes\u001b[39m","operation":"memory_heap_total","timestamp":"2026-04-07 19:57:21:5721","unit":"bytes"}
{"duration":558608384,"level":"\u001b[32minfo\u001b[39m","message":"\u001b[32mPerformance: memory_rss = 558608384 bytes\u001b[39m","operation":"memory_rss","timestamp":"2026-04-07 19:57:21:5721","unit":"bytes"}
{"duration":24897085,"level":"\u001b[32minfo\u001b[39m","message":"\u001b[32mPerformance: memory_external = 24897085 bytes\u001b[39m","operation":"memory_external","timestamp":"2026-04-07 19:57:21:5721","unit":"bytes"}
{"duration":4693780,"level":"\u001b[32minfo\u001b[39m","message":"\u001b[32mPerformance: cpu_user_time = 4693780 microseconds\u001b[39m","operation":"cpu_user_time","timestamp":"2026-04-07 19:57:21:5721","unit":"microseconds"}
{"duration":1277015,"level":"\u001b[32minfo\u001b[39m","message":"\u001b[32mPerformance: cpu_system_time = 1277015 microseconds\u001b[39m","operation":"cpu_system_time","timestamp":"2026-04-07 19:57:21:5721","unit":"microseconds"}
{"duration":30.47604356,"level":"\u001b[32minfo\u001b[39m","message":"\u001b[32mPerformance: process_uptime = 30.47604356 seconds\u001b[39m","operation":"process_uptime","timestamp":"2026-04-07 19:57:21:5721","unit":"seconds"}
{"duration":0.707748,"level":"\u001b[32minfo\u001b[39m","message":"\u001b[32mPerformance: event_loop_lag = 0.707748 milliseconds\u001b[39m","operation":"event_loop_lag","timestamp":"2026-04-07 19:57:21:5721","unit":"milliseconds"}
{"duration":295935696,"level":"\u001b[32minfo\u001b[39m","message":"\u001b[32mPerformance: memory_heap_used = 295935696 bytes\u001b[39m","operation":"memory_heap_used","timestamp":"2026-04-07 19:57:51:5751","unit":"bytes"}
{"duration":406425600,"level":"\u001b[32minfo\u001b[39m","message":"\u001b[32mPerformance: memory_heap_total = 406425600 bytes\u001b[39m","operation":"memory_heap_total","timestamp":"2026-04-07 19:57:51:5751","unit":"bytes"}
{"duration":558870528,"level":"\u001b[32minfo\u001b[39m","message":"\u001b[32mPerformance: memory_rss = 558870528 bytes\u001b[39m","operation":"memory_rss","timestamp":"2026-04-07 19:57:51:5751","unit":"bytes"}
{"duration":24922616,"level":"\u001b[32minfo\u001b[39m","message":"\u001b[32mPerformance: memory_external = 24922616 bytes\u001b[39m","operation":"memory_external","timestamp":"2026-04-07 19:57:51:5751","unit":"bytes"}
{"duration":4725117,"level":"\u001b[32minfo\u001b[39m","message":"\u001b[32mPerformance: cpu_user_time = 4725117 microseconds\u001b[39m","operation":"cpu_user_time","timestamp":"2026-04-07 19:57:51:5751","unit":"microseconds"}
{"duration":1290222,"level":"\u001b[32minfo\u001b[39m","message":"\u001b[32mPerformance: cpu_system_time = 1290222 microseconds\u001b[39m","operation":"cpu_system_time","timestamp":"2026-04-07 19:57:51:5751","unit":"microseconds"}
{"duration":60.47556438,"level":"\u001b[32minfo\u001b[39m","message":"\u001b[32mPerformance: process_uptime = 60.47556438 seconds\u001b[39m","operation":"process_uptime","timestamp":"2026-04-07 19:57:51:5751","unit":"seconds"}
{"duration":0.444217,"level":"\u001b[32minfo\u001b[39m","message":"\u001b[32mPerformance: event_loop_lag = 0.444217 milliseconds\u001b[39m","operation":"event_loop_lag","timestamp":"2026-04-07 19:57:51:5751","unit":"milliseconds"}
{"level":"\u001b[32minfo\u001b[39m","message":"\u001b[32m>>> [MASTERMIND] Resuming all active channels...\u001b[39m","timestamp":"2026-04-07 19:58:04:584"}
{"error":"Could not load the default credentials. Browse to https://cloud.google.com/docs/authentication/getting-started for more information.","level":"\u001b[31merror\u001b[39m","message":"\u001b[31mFirestore getCollection error [tenants] (Tenant: undefined):\u001b[39m","stack":"Error: Could not load the default credentials. Browse to https://cloud.google.com/docs/authentication/getting-started for more information.\n    at GoogleAuth.getApplicationDefaultAsync (/home/codedex/projects/DeXMart/node_modules/.pnpm/google-auth-library@9.15.1/node_modules/google-auth-library/build/src/auth/googleauth.js:287:15)\n    at async GoogleAuth._GoogleAuth_determineClient (/home/codedex/projects/DeXMart/node_modules/.pnpm/google-auth-library@9.15.1/node_modules/google-auth-library/build/src/auth/googleauth.js:834:32)\n    at async GoogleAuth.getClient (/home/codedex/projects/DeXMart/node_modules/.pnpm/google-auth-library@9.15.1/node_modules/google-auth-library/build/src/auth/googleauth.js:698:20)\n    at async GrpcClient._getCredentials (/home/codedex/projects/DeXMart/node_modules/.pnpm/google-gax@4.6.1/node_modules/google-gax/src/grpc.ts:209:20)\n    at async GrpcClient.createStub (/home/codedex/projects/DeXMart/node_modules/.pnpm/google-gax@4.6.1/node_modules/google-gax/src/grpc.ts:426:19)\nCaused by: Error\n    at QueryUtil._getResponse (/home/codedex/projects/DeXMart/node_modules/.pnpm/@google-cloud+firestore@7.11.6/node_modules/@google-cloud/firestore/build/src/reference/query-util.js:44:23)\n    at CollectionReference._getResponse (/home/codedex/projects/DeXMart/node_modules/.pnpm/@google-cloud+firestore@7.11.6/node_modules/@google-cloud/firestore/build/src/reference/query.js:784:32)\n    at CollectionReference._get (/home/codedex/projects/DeXMart/node_modules/.pnpm/@google-cloud+firestore@7.11.6/node_modules/@google-cloud/firestore/build/src/reference/query.js:777:35)\n    at /home/codedex/projects/DeXMart/node_modules/.pnpm/@google-cloud+firestore@7.11.6/node_modules/@google-cloud/firestore/build/src/reference/query.js:745:43\n    at /home/codedex/projects/DeXMart/node_modules/.pnpm/@google-cloud+firestore@7.11.6/node_modules/@google-cloud/firestore/build/src/telemetry/enabled-trace-util.js:110:30\n    at NoopContextManager.with (/home/codedex/projects/DeXMart/node_modules/.pnpm/@opentelemetry+api@1.9.0/node_modules/@opentelemetry/api/src/context/NoopContextManager.ts:31:15)\n    at ContextAPI.with (/home/codedex/projects/DeXMart/node_modules/.pnpm/@opentelemetry+api@1.9.0/node_modules/@opentelemetry/api/src/api/context.ts:77:42)\n    at NoopTracer.startActiveSpan (/home/codedex/projects/DeXMart/node_modules/.pnpm/@opentelemetry+api@1.9.0/node_modules/@opentelemetry/api/src/trace/NoopTracer.ts:98:27)\n    at ProxyTracer.startActiveSpan (/home/codedex/projects/DeXMart/node_modules/.pnpm/@opentelemetry+api@1.9.0/node_modules/@opentelemetry/api/src/trace/ProxyTracer.ts:51:20)\n    at EnabledTraceUtil.startActiveSpan (/home/codedex/projects/DeXMart/node_modules/.pnpm/@google-cloud+firestore@7.11.6/node_modules/@google-cloud/firestore/build/src/telemetry/enabled-trace-util.js:102:28)","timestamp":"2026-04-07 19:58:12:5812"}
{"error":"Could not load the default credentials. Browse to https://cloud.google.com/docs/authentication/getting-started for more information.","level":"\u001b[31merror\u001b[39m","message":"\u001b[31mMultiTenantService.listTenants error:\u001b[39m","stack":"Error: Could not load the default credentials. Browse to https://cloud.google.com/docs/authentication/getting-started for more information.\n    at GoogleAuth.getApplicationDefaultAsync (/home/codedex/projects/DeXMart/node_modules/.pnpm/google-auth-library@9.15.1/node_modules/google-auth-library/build/src/auth/googleauth.js:287:15)\n    at async GoogleAuth._GoogleAuth_determineClient (/home/codedex/projects/DeXMart/node_modules/.pnpm/google-auth-library@9.15.1/node_modules/google-auth-library/build/src/auth/googleauth.js:834:32)\n    at async GoogleAuth.getClient (/home/codedex/projects/DeXMart/node_modules/.pnpm/google-auth-library@9.15.1/node_modules/google-auth-library/build/src/auth/googleauth.js:698:20)\n    at async GrpcClient._getCredentials (/home/codedex/projects/DeXMart/node_modules/.pnpm/google-gax@4.6.1/node_modules/google-gax/src/grpc.ts:209:20)\n    at async GrpcClient.createStub (/home/codedex/projects/DeXMart/node_modules/.pnpm/google-gax@4.6.1/node_modules/google-gax/src/grpc.ts:426:19)\nCaused by: Error\n    at QueryUtil._getResponse (/home/codedex/projects/DeXMart/node_modules/.pnpm/@google-cloud+firestore@7.11.6/node_modules/@google-cloud/firestore/build/src/reference/query-util.js:44:23)\n    at CollectionReference._getResponse (/home/codedex/projects/DeXMart/node_modules/.pnpm/@google-cloud+firestore@7.11.6/node_modules/@google-cloud/firestore/build/src/reference/query.js:784:32)\n    at CollectionReference._get (/home/codedex/projects/DeXMart/node_modules/.pnpm/@google-cloud+firestore@7.11.6/node_modules/@google-cloud/firestore/build/src/reference/query.js:777:35)\n    at /home/codedex/projects/DeXMart/node_modules/.pnpm/@google-cloud+firestore@7.11.6/node_modules/@google-cloud/firestore/build/src/reference/query.js:745:43\n    at /home/codedex/projects/DeXMart/node_modules/.pnpm/@google-cloud+firestore@7.11.6/node_modules/@google-cloud/firestore/build/src/telemetry/enabled-trace-util.js:110:30\n    at NoopContextManager.with (/home/codedex/projects/DeXMart/node_modules/.pnpm/@opentelemetry+api@1.9.0/node_modules/@opentelemetry/api/src/context/NoopContextManager.ts:31:15)\n    at ContextAPI.with (/home/codedex/projects/DeXMart/node_modules/.pnpm/@opentelemetry+api@1.9.0/node_modules/@opentelemetry/api/src/api/context.ts:77:42)\n    at NoopTracer.startActiveSpan (/home/codedex/projects/DeXMart/node_modules/.pnpm/@opentelemetry+api@1.9.0/node_modules/@opentelemetry/api/src/trace/NoopTracer.ts:98:27)\n    at ProxyTracer.startActiveSpan (/home/codedex/projects/DeXMart/node_modules/.pnpm/@opentelemetry+api@1.9.0/node_modules/@opentelemetry/api/src/trace/ProxyTracer.ts:51:20)\n    at EnabledTraceUtil.startActiveSpan (/home/codedex/projects/DeXMart/node_modules/.pnpm/@google-cloud+firestore@7.11.6/node_modules/@google-cloud/firestore/build/src/telemetry/enabled-trace-util.js:102:28)","timestamp":"2026-04-07 19:58:12:5812"}
{"level":"\u001b[32minfo\u001b[39m","message":"\u001b[32m[ChannelService] Successfully queued 0 channels for resumption.\u001b[39m","timestamp":"2026-04-07 19:58:12:5812"}
{"duration":297935216,"level":"\u001b[32minfo\u001b[39m","message":"\u001b[32mPerformance: memory_heap_used = 297935216 bytes\u001b[39m","operation":"memory_heap_used","timestamp":"2026-04-07 19:58:21:5821","unit":"bytes"}
{"duration":406425600,"level":"\u001b[32minfo\u001b[39m","message":"\u001b[32mPerformance: memory_heap_total = 406425600 bytes\u001b[39m","operation":"memory_heap_total","timestamp":"2026-04-07 19:58:21:5821","unit":"bytes"}
{"duration":559263744,"level":"\u001b[32minfo\u001b[39m","message":"\u001b[32mPerformance: memory_rss = 559263744 bytes\u001b[39m","operation":"memory_rss","timestamp":"2026-04-07 19:58:21:5821","unit":"bytes"}
{"duration":24980954,"level":"\u001b[32minfo\u001b[39m","message":"\u001b[32mPerformance: memory_external = 24980954 bytes\u001b[39m","operation":"memory_external","timestamp":"2026-04-07 19:58:21:5821","unit":"bytes"}
{"duration":4772001,"level":"\u001b[32minfo\u001b[39m","message":"\u001b[32mPerformance: cpu_user_time = 4772001 microseconds\u001b[39m","operation":"cpu_user_time","timestamp":"2026-04-07 19:58:21:5821","unit":"microseconds"}
{"duration":1292368,"level":"\u001b[32minfo\u001b[39m","message":"\u001b[32mPerformance: cpu_system_time = 1292368 microseconds\u001b[39m","operation":"cpu_system_time","timestamp":"2026-04-07 19:58:21:5821","unit":"microseconds"}
{"duration":90.47813264,"level":"\u001b[32minfo\u001b[39m","message":"\u001b[32mPerformance: process_uptime = 90.47813264 seconds\u001b[39m","operation":"process_uptime","timestamp":"2026-04-07 19:58:21:5821","unit":"seconds"}
{"duration":0.376626,"level":"\u001b[32minfo\u001b[39m","message":"\u001b[32mPerformance: event_loop_lag = 0.376626 milliseconds\u001b[39m","operation":"event_loop_lag","timestamp":"2026-04-07 19:58:21:5821","unit":"milliseconds"}
{"duration":259171912,"level":"\u001b[32minfo\u001b[39m","message":"\u001b[32mPerformance: memory_heap_used = 259171912 bytes\u001b[39m","operation":"memory_heap_used","timestamp":"2026-04-07 19:58:56:5856","unit":"bytes"}
{"duration":275968000,"level":"\u001b[32minfo\u001b[39m","message":"\u001b[32mPerformance: memory_heap_total = 275968000 bytes\u001b[39m","operation":"memory_heap_total","timestamp":"2026-04-07 19:58:56:5856","unit":"bytes"}
{"duration":428007424,"level":"\u001b[32minfo\u001b[39m","message":"\u001b[32mPerformance: memory_rss = 428007424 bytes\u001b[39m","operation":"memory_rss","timestamp":"2026-04-07 19:58:56:5856","unit":"bytes"}
{"duration":24291530,"level":"\u001b[32minfo\u001b[39m","message":"\u001b[32mPerformance: memory_external = 24291530 bytes\u001b[39m","operation":"memory_external","timestamp":"2026-04-07 19:58:56:5856","unit":"bytes"}
{"duration":5111643,"level":"\u001b[32minfo\u001b[39m","message":"\u001b[32mPerformance: cpu_user_time = 5111643 microseconds\u001b[39m","operation":"cpu_user_time","timestamp":"2026-04-07 19:58:56:5856","unit":"microseconds"}
{"duration":1335504,"level":"\u001b[32minfo\u001b[39m","message":"\u001b[32mPerformance: cpu_system_time = 1335504 microseconds\u001b[39m","operation":"cpu_system_time","timestamp":"2026-04-07 19:58:56:5856","unit":"microseconds"}
{"duration":120.477800921,"level":"\u001b[32minfo\u001b[39m","message":"\u001b[32mPerformance: process_uptime = 120.477800921 seconds\u001b[39m","operation":"process_uptime","timestamp":"2026-04-07 19:58:56:5856","unit":"seconds"}
{"duration":0.221706,"level":"\u001b[32minfo\u001b[39m","message":"\u001b[32mPerformance: event_loop_lag = 0.221706 milliseconds\u001b[39m","operation":"event_loop_lag","timestamp":"2026-04-07 19:58:56:5856","unit":"milliseconds"}
{"level":"\u001b[32minfo\u001b[39m","message":"\u001b[32m>>> [MASTERMIND] Resuming all active channels...\u001b[39m","timestamp":"2026-04-07 19:59:09:599"}
{"error":"Could not load the default credentials. Browse to https://cloud.google.com/docs/authentication/getting-started for more information.","level":"\u001b[31merror\u001b[39m","message":"\u001b[31mFirestore getCollection error [tenants] (Tenant: undefined):\u001b[39m","stack":"Error: Could not load the default credentials. Browse to https://cloud.google.com/docs/authentication/getting-started for more information.\n    at GoogleAuth.getApplicationDefaultAsync (/home/codedex/projects/DeXMart/node_modules/.pnpm/google-auth-library@9.15.1/node_modules/google-auth-library/build/src/auth/googleauth.js:287:15)\n    at async GoogleAuth._GoogleAuth_determineClient (/home/codedex/projects/DeXMart/node_modules/.pnpm/google-auth-library@9.15.1/node_modules/google-auth-library/build/src/auth/googleauth.js:834:32)\n    at async GoogleAuth.getClient (/home/codedex/projects/DeXMart/node_modules/.pnpm/google-auth-library@9.15.1/node_modules/google-auth-library/build/src/auth/googleauth.js:698:20)\n    at async GrpcClient._getCredentials (/home/codedex/projects/DeXMart/node_modules/.pnpm/google-gax@4.6.1/node_modules/google-gax/src/grpc.ts:209:20)\n    at async GrpcClient.createStub (/home/codedex/projects/DeXMart/node_modules/.pnpm/google-gax@4.6.1/node_modules/google-gax/src/grpc.ts:426:19)\nCaused by: Error\n    at QueryUtil._getResponse (/home/codedex/projects/DeXMart/node_modules/.pnpm/@google-cloud+firestore@7.11.6/node_modules/@google-cloud/firestore/build/src/reference/query-util.js:44:23)\n    at CollectionReference._getResponse (/home/codedex/projects/DeXMart/node_modules/.pnpm/@google-cloud+firestore@7.11.6/node_modules/@google-cloud/firestore/build/src/reference/query.js:784:32)\n    at CollectionReference._get (/home/codedex/projects/DeXMart/node_modules/.pnpm/@google-cloud+firestore@7.11.6/node_modules/@google-cloud/firestore/build/src/reference/query.js:777:35)\n    at /home/codedex/projects/DeXMart/node_modules/.pnpm/@google-cloud+firestore@7.11.6/node_modules/@google-cloud/firestore/build/src/reference/query.js:745:43\n    at /home/codedex/projects/DeXMart/node_modules/.pnpm/@google-cloud+firestore@7.11.6/node_modules/@google-cloud/firestore/build/src/telemetry/enabled-trace-util.js:110:30\n    at NoopContextManager.with (/home/codedex/projects/DeXMart/node_modules/.pnpm/@opentelemetry+api@1.9.0/node_modules/@opentelemetry/api/src/context/NoopContextManager.ts:31:15)\n    at ContextAPI.with (/home/codedex/projects/DeXMart/node_modules/.pnpm/@opentelemetry+api@1.9.0/node_modules/@opentelemetry/api/src/api/context.ts:77:42)\n    at NoopTracer.startActiveSpan (/home/codedex/projects/DeXMart/node_modules/.pnpm/@opentelemetry+api@1.9.0/node_modules/@opentelemetry/api/src/trace/NoopTracer.ts:98:27)\n    at ProxyTracer.startActiveSpan (/home/codedex/projects/DeXMart/node_modules/.pnpm/@opentelemetry+api@1.9.0/node_modules/@opentelemetry/api/src/trace/ProxyTracer.ts:51:20)\n    at EnabledTraceUtil.startActiveSpan (/home/codedex/projects/DeXMart/node_modules/.pnpm/@google-cloud+firestore@7.11.6/node_modules/@google-cloud/firestore/build/src/telemetry/enabled-trace-util.js:102:28)","timestamp":"2026-04-07 19:59:19:5919"}
{"error":"Could not load the default credentials. Browse to https://cloud.google.com/docs/authentication/getting-started for more information.","level":"\u001b[31merror\u001b[39m","message":"\u001b[31mMultiTenantService.listTenants error:\u001b[39m","stack":"Error: Could not load the default credentials. Browse to https://cloud.google.com/docs/authentication/getting-started for more information.\n    at GoogleAuth.getApplicationDefaultAsync (/home/codedex/projects/DeXMart/node_modules/.pnpm/google-auth-library@9.15.1/node_modules/google-auth-library/build/src/auth/googleauth.js:287:15)\n    at async GoogleAuth._GoogleAuth_determineClient (/home/codedex/projects/DeXMart/node_modules/.pnpm/google-auth-library@9.15.1/node_modules/google-auth-library/build/src/auth/googleauth.js:834:32)\n    at async GoogleAuth.getClient (/home/codedex/projects/DeXMart/node_modules/.pnpm/google-auth-library@9.15.1/node_modules/google-auth-library/build/src/auth/googleauth.js:698:20)\n    at async GrpcClient._getCredentials (/home/codedex/projects/DeXMart/node_modules/.pnpm/google-gax@4.6.1/node_modules/google-gax/src/grpc.ts:209:20)\n    at async GrpcClient.createStub (/home/codedex/projects/DeXMart/node_modules/.pnpm/google-gax@4.6.1/node_modules/google-gax/src/grpc.ts:426:19)\nCaused by: Error\n    at QueryUtil._getResponse (/home/codedex/projects/DeXMart/node_modules/.pnpm/@google-cloud+firestore@7.11.6/node_modules/@google-cloud/firestore/build/src/reference/query-util.js:44:23)\n    at CollectionReference._getResponse (/home/codedex/projects/DeXMart/node_modules/.pnpm/@google-cloud+firestore@7.11.6/node_modules/@google-cloud/firestore/build/src/reference/query.js:784:32)\n    at CollectionReference._get (/home/codedex/projects/DeXMart/node_modules/.pnpm/@google-cloud+firestore@7.11.6/node_modules/@google-cloud/firestore/build/src/reference/query.js:777:35)\n    at /home/codedex/projects/DeXMart/node_modules/.pnpm/@google-cloud+firestore@7.11.6/node_modules/@google-cloud/firestore/build/src/reference/query.js:745:43\n    at /home/codedex/projects/DeXMart/node_modules/.pnpm/@google-cloud+firestore@7.11.6/node_modules/@google-cloud/firestore/build/src/telemetry/enabled-trace-util.js:110:30\n    at NoopContextManager.with (/home/codedex/projects/DeXMart/node_modules/.pnpm/@opentelemetry+api@1.9.0/node_modules/@opentelemetry/api/src/context/NoopContextManager.ts:31:15)\n    at ContextAPI.with (/home/codedex/projects/DeXMart/node_modules/.pnpm/@opentelemetry+api@1.9.0/node_modules/@opentelemetry/api/src/api/context.ts:77:42)\n    at NoopTracer.startActiveSpan (/home/codedex/projects/DeXMart/node_modules/.pnpm/@opentelemetry+api@1.9.0/node_modules/@opentelemetry/api/src/trace/NoopTracer.ts:98:27)\n    at ProxyTracer.startActiveSpan (/home/codedex/projects/DeXMart/node_modules/.pnpm/@opentelemetry+api@1.9.0/node_modules/@opentelemetry/api/src/trace/ProxyTracer.ts:51:20)\n    at EnabledTraceUtil.startActiveSpan (/home/codedex/projects/DeXMart/node_modules/.pnpm/@google-cloud+firestore@7.11.6/node_modules/@google-cloud/firestore/build/src/telemetry/enabled-trace-util.js:102:28)","timestamp":"2026-04-07 19:59:19:5919"}
{"level":"\u001b[32minfo\u001b[39m","message":"\u001b[32m[ChannelService] Successfully queued 0 channels for resumption.\u001b[39m","timestamp":"2026-04-07 19:59:19:5919"}
{"level":"\u001b[32minfo\u001b[39m","message":"\u001b[32mINCOMING REQUEST: GET /api/channels/all\u001b[39m","timestamp":"2026-04-07 19:59:23:5923"}
{"ip":"::1","level":"\u001b[32minfo\u001b[39m","message":"\u001b[32mGET /api/channels/all\u001b[39m","timestamp":"2026-04-07 19:59:23:5923","userAgent":"curl/8.5.0"}
{"duration":259578296,"level":"\u001b[32minfo\u001b[39m","message":"\u001b[32mPerformance: memory_heap_used = 259578296 bytes\u001b[39m","operation":"memory_heap_used","timestamp":"2026-04-07 19:59:26:5926","unit":"bytes"}
{"duration":275968000,"level":"\u001b[32minfo\u001b[39m","message":"\u001b[32mPerformance: memory_heap_total = 275968000 bytes\u001b[39m","operation":"memory_heap_total","timestamp":"2026-04-07 19:59:26:5926","unit":"bytes"}
{"duration":428924928,"level":"\u001b[32minfo\u001b[39m","message":"\u001b[32mPerformance: memory_rss = 428924928 bytes\u001b[39m","operation":"memory_rss","timestamp":"2026-04-07 19:59:26:5926","unit":"bytes"}
{"duration":24299587,"level":"\u001b[32minfo\u001b[39m","message":"\u001b[32mPerformance: memory_external = 24299587 bytes\u001b[39m","operation":"memory_external","timestamp":"2026-04-07 19:59:26:5926","unit":"bytes"}
{"duration":5157024,"level":"\u001b[32minfo\u001b[39m","message":"\u001b[32mPerformance: cpu_user_time = 5157024 microseconds\u001b[39m","operation":"cpu_user_time","timestamp":"2026-04-07 19:59:26:5926","unit":"microseconds"}
{"duration":1352097,"level":"\u001b[32minfo\u001b[39m","message":"\u001b[32mPerformance: cpu_system_time = 1352097 microseconds\u001b[39m","operation":"cpu_system_time","timestamp":"2026-04-07 19:59:26:5926","unit":"microseconds"}
{"duration":150.47782919,"level":"\u001b[32minfo\u001b[39m","message":"\u001b[32mPerformance: process_uptime = 150.47782919 seconds\u001b[39m","operation":"process_uptime","timestamp":"2026-04-07 19:59:26:5926","unit":"seconds"}
{"duration":0.31923,"level":"\u001b[32minfo\u001b[39m","message":"\u001b[32mPerformance: event_loop_lag = 0.31923 milliseconds\u001b[39m","operation":"event_loop_lag","timestamp":"2026-04-07 19:59:26:5926","unit":"milliseconds"}
{"duration":259400928,"level":"\u001b[32minfo\u001b[39m","message":"\u001b[32mPerformance: memory_heap_used = 259400928 bytes\u001b[39m","operation":"memory_heap_used","timestamp":"2026-04-07 19:59:58:5958","unit":"bytes"}
{"duration":275968000,"level":"\u001b[32minfo\u001b[39m","message":"\u001b[32mPerformance: memory_heap_total = 275968000 bytes\u001b[39m","operation":"memory_heap_total","timestamp":"2026-04-07 19:59:58:5958","unit":"bytes"}
{"duration":426827776,"level":"\u001b[32minfo\u001b[39m","message":"\u001b[32mPerformance: memory_rss = 426827776 bytes\u001b[39m","operation":"memory_rss","timestamp":"2026-04-07 19:59:58:5958","unit":"bytes"}
{"duration":24291200,"level":"\u001b[32minfo\u001b[39m","message":"\u001b[32mPerformance: memory_external = 24291200 bytes\u001b[39m","operation":"memory_external","timestamp":"2026-04-07 19:59:58:5958","unit":"bytes"}
{"duration":5186132,"level":"\u001b[32minfo\u001b[39m","message":"\u001b[32mPerformance: cpu_user_time = 5186132 microseconds\u001b[39m","operation":"cpu_user_time","timestamp":"2026-04-07 19:59:58:5958","unit":"microseconds"}
{"duration":1364431,"level":"\u001b[32minfo\u001b[39m","message":"\u001b[32mPerformance: cpu_system_time = 1364431 microseconds\u001b[39m","operation":"cpu_system_time","timestamp":"2026-04-07 19:59:58:5958","unit":"microseconds"}
{"duration":180.477404503,"level":"\u001b[32minfo\u001b[39m","message":"\u001b[32mPerformance: process_uptime = 180.477404503 seconds\u001b[39m","operation":"process_uptime","timestamp":"2026-04-07 19:59:58:5958","unit":"seconds"}
{"duration":0.254724,"level":"\u001b[32minfo\u001b[39m","message":"\u001b[32mPerformance: event_loop_lag = 0.254724 milliseconds\u001b[39m","operation":"event_loop_lag","timestamp":"2026-04-07 19:59:58:5958","unit":"milliseconds"}
{"level":"\u001b[32minfo\u001b[39m","message":"\u001b[32m>>> [MASTERMIND] Resuming all active channels...\u001b[39m","timestamp":"2026-04-07 20:00:11:011"}
{"error":"Could not load the default credentials. Browse to https://cloud.google.com/docs/authentication/getting-started for more information.","level":"\u001b[31merror\u001b[39m","message":"\u001b[31mFirestore getCollection error [tenants] (Tenant: undefined):\u001b[39m","stack":"Error: Could not load the default credentials. Browse to https://cloud.google.com/docs/authentication/getting-started for more information.\n    at GoogleAuth.getApplicationDefaultAsync (/home/codedex/projects/DeXMart/node_modules/.pnpm/google-auth-library@9.15.1/node_modules/google-auth-library/build/src/auth/googleauth.js:287:15)\n    at async GoogleAuth._GoogleAuth_determineClient (/home/codedex/projects/DeXMart/node_modules/.pnpm/google-auth-library@9.15.1/node_modules/google-auth-library/build/src/auth/googleauth.js:834:32)\n    at async GoogleAuth.getClient (/home/codedex/projects/DeXMart/node_modules/.pnpm/google-auth-library@9.15.1/node_modules/google-auth-library/build/src/auth/googleauth.js:698:20)\n    at async GrpcClient._getCredentials (/home/codedex/projects/DeXMart/node_modules/.pnpm/google-gax@4.6.1/node_modules/google-gax/src/grpc.ts:209:20)\n    at async GrpcClient.createStub (/home/codedex/projects/DeXMart/node_modules/.pnpm/google-gax@4.6.1/node_modules/google-gax/src/grpc.ts:426:19)\nCaused by: Error\n    at QueryUtil._getResponse (/home/codedex/projects/DeXMart/node_modules/.pnpm/@google-cloud+firestore@7.11.6/node_modules/@google-cloud/firestore/build/src/reference/query-util.js:44:23)\n    at CollectionReference._getResponse (/home/codedex/projects/DeXMart/node_modules/.pnpm/@google-cloud+firestore@7.11.6/node_modules/@google-cloud/firestore/build/src/reference/query.js:784:32)\n    at CollectionReference._get (/home/codedex/projects/DeXMart/node_modules/.pnpm/@google-cloud+firestore@7.11.6/node_modules/@google-cloud/firestore/build/src/reference/query.js:777:35)\n    at /home/codedex/projects/DeXMart/node_modules/.pnpm/@google-cloud+firestore@7.11.6/node_modules/@google-cloud/firestore/build/src/reference/query.js:745:43\n    at /home/codedex/projects/DeXMart/node_modules/.pnpm/@google-cloud+firestore@7.11.6/node_modules/@google-cloud/firestore/build/src/telemetry/enabled-trace-util.js:110:30\n    at NoopContextManager.with (/home/codedex/projects/DeXMart/node_modules/.pnpm/@opentelemetry+api@1.9.0/node_modules/@opentelemetry/api/src/context/NoopContextManager.ts:31:15)\n    at ContextAPI.with (/home/codedex/projects/DeXMart/node_modules/.pnpm/@opentelemetry+api@1.9.0/node_modules/@opentelemetry/api/src/api/context.ts:77:42)\n    at NoopTracer.startActiveSpan (/home/codedex/projects/DeXMart/node_modules/.pnpm/@opentelemetry+api@1.9.0/node_modules/@opentelemetry/api/src/trace/NoopTracer.ts:98:27)\n    at ProxyTracer.startActiveSpan (/home/codedex/projects/DeXMart/node_modules/.pnpm/@opentelemetry+api@1.9.0/node_modules/@opentelemetry/api/src/trace/ProxyTracer.ts:51:20)\n    at EnabledTraceUtil.startActiveSpan (/home/codedex/projects/DeXMart/node_modules/.pnpm/@google-cloud+firestore@7.11.6/node_modules/@google-cloud/firestore/build/src/telemetry/enabled-trace-util.js:102:28)","timestamp":"2026-04-07 20:00:47:047"}
{"error":"Could not load the default credentials. Browse to https://cloud.google.com/docs/authentication/getting-started for more information.","level":"\u001b[31merror\u001b[39m","message":"\u001b[31mMultiTenantService.listTenants error:\u001b[39m","stack":"Error: Could not load the default credentials. Browse to https://cloud.google.com/docs/authentication/getting-started for more information.\n    at GoogleAuth.getApplicationDefaultAsync (/home/codedex/projects/DeXMart/node_modules/.pnpm/google-auth-library@9.15.1/node_modules/google-auth-library/build/src/auth/googleauth.js:287:15)\n    at async GoogleAuth._GoogleAuth_determineClient (/home/codedex/projects/DeXMart/node_modules/.pnpm/google-auth-library@9.15.1/node_modules/google-auth-library/build/src/auth/googleauth.js:834:32)\n    at async GoogleAuth.getClient (/home/codedex/projects/DeXMart/node_modules/.pnpm/google-auth-library@9.15.1/node_modules/google-auth-library/build/src/auth/googleauth.js:698:20)\n    at async GrpcClient._getCredentials (/home/codedex/projects/DeXMart/node_modules/.pnpm/google-gax@4.6.1/node_modules/google-gax/src/grpc.ts:209:20)\n    at async GrpcClient.createStub (/home/codedex/projects/DeXMart/node_modules/.pnpm/google-gax@4.6.1/node_modules/google-gax/src/grpc.ts:426:19)\nCaused by: Error\n    at QueryUtil._getResponse (/home/codedex/projects/DeXMart/node_modules/.pnpm/@google-cloud+firestore@7.11.6/node_modules/@google-cloud/firestore/build/src/reference/query-util.js:44:23)\n    at CollectionReference._getResponse (/home/codedex/projects/DeXMart/node_modules/.pnpm/@google-cloud+firestore@7.11.6/node_modules/@google-cloud/firestore/build/src/reference/query.js:784:32)\n    at CollectionReference._get (/home/codedex/projects/DeXMart/node_modules/.pnpm/@google-cloud+firestore@7.11.6/node_modules/@google-cloud/firestore/build/src/reference/query.js:777:35)\n    at /home/codedex/projects/DeXMart/node_modules/.pnpm/@google-cloud+firestore@7.11.6/node_modules/@google-cloud/firestore/build/src/reference/query.js:745:43\n    at /home/codedex/projects/DeXMart/node_modules/.pnpm/@google-cloud+firestore@7.11.6/node_modules/@google-cloud/firestore/build/src/telemetry/enabled-trace-util.js:110:30\n    at NoopContextManager.with (/home/codedex/projects/DeXMart/node_modules/.pnpm/@opentelemetry+api@1.9.0/node_modules/@opentelemetry/api/src/context/NoopContextManager.ts:31:15)\n    at ContextAPI.with (/home/codedex/projects/DeXMart/node_modules/.pnpm/@opentelemetry+api@1.9.0/node_modules/@opentelemetry/api/src/api/context.ts:77:42)\n    at NoopTracer.startActiveSpan (/home/codedex/projects/DeXMart/node_modules/.pnpm/@opentelemetry+api@1.9.0/node_modules/@opentelemetry/api/src/trace/NoopTracer.ts:98:27)\n    at ProxyTracer.startActiveSpan (/home/codedex/projects/DeXMart/node_modules/.pnpm/@opentelemetry+api@1.9.0/node_modules/@opentelemetry/api/src/trace/ProxyTracer.ts:51:20)\n    at EnabledTraceUtil.startActiveSpan (/home/codedex/projects/DeXMart/node_modules/.pnpm/@google-cloud+firestore@7.11.6/node_modules/@google-cloud/firestore/build/src/telemetry/enabled-trace-util.js:102:28)","timestamp":"2026-04-07 20:00:55:055"}
{"level":"\u001b[32minfo\u001b[39m","message":"\u001b[32m[ChannelService] Successfully queued 0 channels for resumption.\u001b[39m","timestamp":"2026-04-07 20:01:00:10"}
{"duration":259760424,"level":"\u001b[32minfo\u001b[39m","message":"\u001b[32mPerformance: memory_heap_used = 259760424 bytes\u001b[39m","operation":"memory_heap_used","timestamp":"2026-04-07 20:01:31:131","unit":"bytes"}
{"duration":277016576,"level":"\u001b[32minfo\u001b[39m","message":"\u001b[32mPerformance: memory_heap_total = 277016576 bytes\u001b[39m","operation":"memory_heap_total","timestamp":"2026-04-07 20:01:37:137","unit":"bytes"}
{"duration":361816064,"level":"\u001b[32minfo\u001b[39m","message":"\u001b[32mPerformance: memory_rss = 361816064 bytes\u001b[39m","operation":"memory_rss","timestamp":"2026-04-07 20:01:41:141","unit":"bytes"}
{"duration":24335897,"level":"\u001b[32minfo\u001b[39m","message":"\u001b[32mPerformance: memory_external = 24335897 bytes\u001b[39m","operation":"memory_external","timestamp":"2026-04-07 20:01:41:141","unit":"bytes"}
{"duration":5510896,"level":"\u001b[32minfo\u001b[39m","message":"\u001b[32mPerformance: cpu_user_time = 5510896 microseconds\u001b[39m","operation":"cpu_user_time","timestamp":"2026-04-07 20:01:41:141","unit":"microseconds"}
{"duration":8865919,"level":"\u001b[32minfo\u001b[39m","message":"\u001b[32mPerformance: cpu_system_time = 8865919 microseconds\u001b[39m","operation":"cpu_system_time","timestamp":"2026-04-07 20:01:41:141","unit":"microseconds"}
{"duration":277.892804505,"level":"\u001b[32minfo\u001b[39m","message":"\u001b[32mPerformance: process_uptime = 277.892804505 seconds\u001b[39m","operation":"process_uptime","timestamp":"2026-04-07 20:01:41:141","unit":"seconds"}
{"level":"\u001b[32minfo\u001b[39m","message":"\u001b[32m>>> [MASTERMIND] Resuming all active channels...\u001b[39m","timestamp":"2026-04-07 20:01:41:141"}
{"duration":222.572791,"level":"\u001b[32minfo\u001b[39m","message":"\u001b[32mPerformance: event_loop_lag = 222.572791 milliseconds\u001b[39m","operation":"event_loop_lag","timestamp":"2026-04-07 20:01:45:145","unit":"milliseconds"}
{"lag":223,"level":"\u001b[33mwarn\u001b[39m","message":"\u001b[33mHigh event loop lag detected\u001b[39m","timestamp":"2026-04-07 20:01:45:145"}
{"duration":257880568,"level":"\u001b[32minfo\u001b[39m","message":"\u001b[32mPerformance: memory_heap_used = 257880568 bytes\u001b[39m","operation":"memory_heap_used","timestamp":"2026-04-07 20:02:08:28","unit":"bytes"}
{"duration":268103680,"level":"\u001b[32minfo\u001b[39m","message":"\u001b[32mPerformance: memory_heap_total = 268103680 bytes\u001b[39m","operation":"memory_heap_total","timestamp":"2026-04-07 20:02:08:28","unit":"bytes"}
{"duration":362635264,"level":"\u001b[32minfo\u001b[39m","message":"\u001b[32mPerformance: memory_rss = 362635264 bytes\u001b[39m","operation":"memory_rss","timestamp":"2026-04-07 20:02:08:28","unit":"bytes"}
{"duration":24283077,"level":"\u001b[32minfo\u001b[39m","message":"\u001b[32mPerformance: memory_external = 24283077 bytes\u001b[39m","operation":"memory_external","timestamp":"2026-04-07 20:02:08:28","unit":"bytes"}
{"duration":5911872,"level":"\u001b[32minfo\u001b[39m","message":"\u001b[32mPerformance: cpu_user_time = 5911872 microseconds\u001b[39m","operation":"cpu_user_time","timestamp":"2026-04-07 20:02:08:28","unit":"microseconds"}
{"duration":11918128,"level":"\u001b[32minfo\u001b[39m","message":"\u001b[32mPerformance: cpu_system_time = 11918128 microseconds\u001b[39m","operation":"cpu_system_time","timestamp":"2026-04-07 20:02:08:28","unit":"microseconds"}
{"duration":301.780122447,"level":"\u001b[32minfo\u001b[39m","message":"\u001b[32mPerformance: process_uptime = 301.780122447 seconds\u001b[39m","operation":"process_uptime","timestamp":"2026-04-07 20:02:08:28","unit":"seconds"}
{"duration":5.178191,"level":"\u001b[32minfo\u001b[39m","message":"\u001b[32mPerformance: event_loop_lag = 5.178191 milliseconds\u001b[39m","operation":"event_loop_lag","timestamp":"2026-04-07 20:02:08:28","unit":"milliseconds"}
{"error":"Could not load the default credentials. Browse to https://cloud.google.com/docs/authentication/getting-started for more information.","level":"\u001b[31merror\u001b[39m","message":"\u001b[31mFirestore getCollection error [tenants] (Tenant: undefined):\u001b[39m","stack":"Error: Could not load the default credentials. Browse to https://cloud.google.com/docs/authentication/getting-started for more information.\n    at GoogleAuth.getApplicationDefaultAsync (/home/codedex/projects/DeXMart/node_modules/.pnpm/google-auth-library@9.15.1/node_modules/google-auth-library/build/src/auth/googleauth.js:287:15)\n    at async GoogleAuth._GoogleAuth_determineClient (/home/codedex/projects/DeXMart/node_modules/.pnpm/google-auth-library@9.15.1/node_modules/google-auth-library/build/src/auth/googleauth.js:834:32)\n    at async GoogleAuth.getClient (/home/codedex/projects/DeXMart/node_modules/.pnpm/google-auth-library@9.15.1/node_modules/google-auth-library/build/src/auth/googleauth.js:698:20)\n    at async GrpcClient._getCredentials (/home/codedex/projects/DeXMart/node_modules/.pnpm/google-gax@4.6.1/node_modules/google-gax/src/grpc.ts:209:20)\n    at async GrpcClient.createStub (/home/codedex/projects/DeXMart/node_modules/.pnpm/google-gax@4.6.1/node_modules/google-gax/src/grpc.ts:426:19)\nCaused by: Error\n    at QueryUtil._getResponse (/home/codedex/projects/DeXMart/node_modules/.pnpm/@google-cloud+firestore@7.11.6/node_modules/@google-cloud/firestore/build/src/reference/query-util.js:44:23)\n    at CollectionReference._getResponse (/home/codedex/projects/DeXMart/node_modules/.pnpm/@google-cloud+firestore@7.11.6/node_modules/@google-cloud/firestore/build/src/reference/query.js:784:32)\n    at CollectionReference._get (/home/codedex/projects/DeXMart/node_modules/.pnpm/@google-cloud+firestore@7.11.6/node_modules/@google-cloud/firestore/build/src/reference/query.js:777:35)\n    at /home/codedex/projects/DeXMart/node_modules/.pnpm/@google-cloud+firestore@7.11.6/node_modules/@google-cloud/firestore/build/src/reference/query.js:745:43\n    at /home/codedex/projects/DeXMart/node_modules/.pnpm/@google-cloud+firestore@7.11.6/node_modules/@google-cloud/firestore/build/src/telemetry/enabled-trace-util.js:110:30\n    at NoopContextManager.with (/home/codedex/projects/DeXMart/node_modules/.pnpm/@opentelemetry+api@1.9.0/node_modules/@opentelemetry/api/src/context/NoopContextManager.ts:31:15)\n    at ContextAPI.with (/home/codedex/projects/DeXMart/node_modules/.pnpm/@opentelemetry+api@1.9.0/node_modules/@opentelemetry/api/src/api/context.ts:77:42)\n    at NoopTracer.startActiveSpan (/home/codedex/projects/DeXMart/node_modules/.pnpm/@opentelemetry+api@1.9.0/node_modules/@opentelemetry/api/src/trace/NoopTracer.ts:98:27)\n    at ProxyTracer.startActiveSpan (/home/codedex/projects/DeXMart/node_modules/.pnpm/@opentelemetry+api@1.9.0/node_modules/@opentelemetry/api/src/trace/ProxyTracer.ts:51:20)\n    at EnabledTraceUtil.startActiveSpan (/home/codedex/projects/DeXMart/node_modules/.pnpm/@google-cloud+firestore@7.11.6/node_modules/@google-cloud/firestore/build/src/telemetry/enabled-trace-util.js:102:28)","timestamp":"2026-04-07 20:02:10:210"}
{"error":"Could not load the default credentials. Browse to https://cloud.google.com/docs/authentication/getting-started for more information.","level":"\u001b[31merror\u001b[39m","message":"\u001b[31mMultiTenantService.listTenants error:\u001b[39m","stack":"Error: Could not load the default credentials. Browse to https://cloud.google.com/docs/authentication/getting-started for more information.\n    at GoogleAuth.getApplicationDefaultAsync (/home/codedex/projects/DeXMart/node_modules/.pnpm/google-auth-library@9.15.1/node_modules/google-auth-library/build/src/auth/googleauth.js:287:15)\n    at async GoogleAuth._GoogleAuth_determineClient (/home/codedex/projects/DeXMart/node_modules/.pnpm/google-auth-library@9.15.1/node_modules/google-auth-library/build/src/auth/googleauth.js:834:32)\n    at async GoogleAuth.getClient (/home/codedex/projects/DeXMart/node_modules/.pnpm/google-auth-library@9.15.1/node_modules/google-auth-library/build/src/auth/googleauth.js:698:20)\n    at async GrpcClient._getCredentials (/home/codedex/projects/DeXMart/node_modules/.pnpm/google-gax@4.6.1/node_modules/google-gax/src/grpc.ts:209:20)\n    at async GrpcClient.createStub (/home/codedex/projects/DeXMart/node_modules/.pnpm/google-gax@4.6.1/node_modules/google-gax/src/grpc.ts:426:19)\nCaused by: Error\n    at QueryUtil._getResponse (/home/codedex/projects/DeXMart/node_modules/.pnpm/@google-cloud+firestore@7.11.6/node_modules/@google-cloud/firestore/build/src/reference/query-util.js:44:23)\n    at CollectionReference._getResponse (/home/codedex/projects/DeXMart/node_modules/.pnpm/@google-cloud+firestore@7.11.6/node_modules/@google-cloud/firestore/build/src/reference/query.js:784:32)\n    at CollectionReference._get (/home/codedex/projects/DeXMart/node_modules/.pnpm/@google-cloud+firestore@7.11.6/node_modules/@google-cloud/firestore/build/src/reference/query.js:777:35)\n    at /home/codedex/projects/DeXMart/node_modules/.pnpm/@google-cloud+firestore@7.11.6/node_modules/@google-cloud/firestore/build/src/reference/query.js:745:43\n    at /home/codedex/projects/DeXMart/node_modules/.pnpm/@google-cloud+firestore@7.11.6/node_modules/@google-cloud/firestore/build/src/telemetry/enabled-trace-util.js:110:30\n    at NoopContextManager.with (/home/codedex/projects/DeXMart/node_modules/.pnpm/@opentelemetry+api@1.9.0/node_modules/@opentelemetry/api/src/context/NoopContextManager.ts:31:15)\n    at ContextAPI.with (/home/codedex/projects/DeXMart/node_modules/.pnpm/@opentelemetry+api@1.9.0/node_modules/@opentelemetry/api/src/api/context.ts:77:42)\n    at NoopTracer.startActiveSpan (/home/codedex/projects/DeXMart/node_modules/.pnpm/@opentelemetry+api@1.9.0/node_modules/@opentelemetry/api/src/trace/NoopTracer.ts:98:27)\n    at ProxyTracer.startActiveSpan (/home/codedex/projects/DeXMart/node_modules/.pnpm/@opentelemetry+api@1.9.0/node_modules/@opentelemetry/api/src/trace/ProxyTracer.ts:51:20)\n    at EnabledTraceUtil.startActiveSpan (/home/codedex/projects/DeXMart/node_modules/.pnpm/@google-cloud+firestore@7.11.6/node_modules/@google-cloud/firestore/build/src/telemetry/enabled-trace-util.js:102:28)","timestamp":"2026-04-07 20:02:10:210"}
{"level":"\u001b[32minfo\u001b[39m","message":"\u001b[32m[ChannelService] Successfully queued 0 channels for resumption.\u001b[39m","timestamp":"2026-04-07 20:02:10:210"}
{"duration":259344744,"level":"\u001b[32minfo\u001b[39m","message":"\u001b[32mPerformance: memory_heap_used = 259344744 bytes\u001b[39m","operation":"memory_heap_used","timestamp":"2026-04-07 20:02:38:238","unit":"bytes"}
{"duration":271249408,"level":"\u001b[32minfo\u001b[39m","message":"\u001b[32mPerformance: memory_heap_total = 271249408 bytes\u001b[39m","operation":"memory_heap_total","timestamp":"2026-04-07 20:02:38:238","unit":"bytes"}
{"duration":360800256,"level":"\u001b[32minfo\u001b[39m","message":"\u001b[32mPerformance: memory_rss = 360800256 bytes\u001b[39m","operation":"memory_rss","timestamp":"2026-04-07 20:02:38:238","unit":"bytes"}
{"duration":24325461,"level":"\u001b[32minfo\u001b[39m","message":"\u001b[32mPerformance: memory_external = 24325461 bytes\u001b[39m","operation":"memory_external","timestamp":"2026-04-07 20:02:38:238","unit":"bytes"}
{"duration":5974251,"level":"\u001b[32minfo\u001b[39m","message":"\u001b[32mPerformance: cpu_user_time = 5974251 microseconds\u001b[39m","operation":"cpu_user_time","timestamp":"2026-04-07 20:02:38:238","unit":"microseconds"}
{"duration":12613864,"level":"\u001b[32minfo\u001b[39m","message":"\u001b[32mPerformance: cpu_system_time = 12613864 microseconds\u001b[39m","operation":"cpu_system_time","timestamp":"2026-04-07 20:02:38:238","unit":"microseconds"}
{"duration":331.781479371,"level":"\u001b[32minfo\u001b[39m","message":"\u001b[32mPerformance: process_uptime = 331.781479371 seconds\u001b[39m","operation":"process_uptime","timestamp":"2026-04-07 20:02:38:238","unit":"seconds"}
{"duration":2.183123,"level":"\u001b[32minfo\u001b[39m","message":"\u001b[32mPerformance: event_loop_lag = 2.183123 milliseconds\u001b[39m","operation":"event_loop_lag","timestamp":"2026-04-07 20:02:38:238","unit":"milliseconds"}
{"level":"\u001b[32minfo\u001b[39m","message":"\u001b[32m>>> [MASTERMIND] Resuming all active channels...\u001b[39m","timestamp":"2026-04-07 20:02:44:244"}
{"error":"Could not load the default credentials. Browse to https://cloud.google.com/docs/authentication/getting-started for more information.","level":"\u001b[31merror\u001b[39m","message":"\u001b[31mFirestore getCollection error [tenants] (Tenant: undefined):\u001b[39m","stack":"Error: Could not load the default credentials. Browse to https://cloud.google.com/docs/authentication/getting-started for more information.\n    at GoogleAuth.getApplicationDefaultAsync (/home/codedex/projects/DeXMart/node_modules/.pnpm/google-auth-library@9.15.1/node_modules/google-auth-library/build/src/auth/googleauth.js:287:15)\n    at async GoogleAuth._GoogleAuth_determineClient (/home/codedex/projects/DeXMart/node_modules/.pnpm/google-auth-library@9.15.1/node_modules/google-auth-library/build/src/auth/googleauth.js:834:32)\n    at async GoogleAuth.getClient (/home/codedex/projects/DeXMart/node_modules/.pnpm/google-auth-library@9.15.1/node_modules/google-auth-library/build/src/auth/googleauth.js:698:20)\n    at async GrpcClient._getCredentials (/home/codedex/projects/DeXMart/node_modules/.pnpm/google-gax@4.6.1/node_modules/google-gax/src/grpc.ts:209:20)\n    at async GrpcClient.createStub (/home/codedex/projects/DeXMart/node_modules/.pnpm/google-gax@4.6.1/node_modules/google-gax/src/grpc.ts:426:19)\nCaused by: Error\n    at QueryUtil._getResponse (/home/codedex/projects/DeXMart/node_modules/.pnpm/@google-cloud+firestore@7.11.6/node_modules/@google-cloud/firestore/build/src/reference/query-util.js:44:23)\n    at CollectionReference._getResponse (/home/codedex/projects/DeXMart/node_modules/.pnpm/@google-cloud+firestore@7.11.6/node_modules/@google-cloud/firestore/build/src/reference/query.js:784:32)\n    at CollectionReference._get (/home/codedex/projects/DeXMart/node_modules/.pnpm/@google-cloud+firestore@7.11.6/node_modules/@google-cloud/firestore/build/src/reference/query.js:777:35)\n    at /home/codedex/projects/DeXMart/node_modules/.pnpm/@google-cloud+firestore@7.11.6/node_modules/@google-cloud/firestore/build/src/reference/query.js:745:43\n    at /home/codedex/projects/DeXMart/node_modules/.pnpm/@google-cloud+firestore@7.11.6/node_modules/@google-cloud/firestore/build/src/telemetry/enabled-trace-util.js:110:30\n    at NoopContextManager.with (/home/codedex/projects/DeXMart/node_modules/.pnpm/@opentelemetry+api@1.9.0/node_modules/@opentelemetry/api/src/context/NoopContextManager.ts:31:15)\n    at ContextAPI.with (/home/codedex/projects/DeXMart/node_modules/.pnpm/@opentelemetry+api@1.9.0/node_modules/@opentelemetry/api/src/api/context.ts:77:42)\n    at NoopTracer.startActiveSpan (/home/codedex/projects/DeXMart/node_modules/.pnpm/@opentelemetry+api@1.9.0/node_modules/@opentelemetry/api/src/trace/NoopTracer.ts:98:27)\n    at ProxyTracer.startActiveSpan (/home/codedex/projects/DeXMart/node_modules/.pnpm/@opentelemetry+api@1.9.0/node_modules/@opentelemetry/api/src/trace/ProxyTracer.ts:51:20)\n    at EnabledTraceUtil.startActiveSpan (/home/codedex/projects/DeXMart/node_modules/.pnpm/@google-cloud+firestore@7.11.6/node_modules/@google-cloud/firestore/build/src/telemetry/enabled-trace-util.js:102:28)","timestamp":"2026-04-07 20:02:59:259"}
{"error":"Could not load the default credentials. Browse to https://cloud.google.com/docs/authentication/getting-started for more information.","level":"\u001b[31merror\u001b[39m","message":"\u001b[31mMultiTenantService.listTenants error:\u001b[39m","stack":"Error: Could not load the default credentials. Browse to https://cloud.google.com/docs/authentication/getting-started for more information.\n    at GoogleAuth.getApplicationDefaultAsync (/home/codedex/projects/DeXMart/node_modules/.pnpm/google-auth-library@9.15.1/node_modules/google-auth-library/build/src/auth/googleauth.js:287:15)\n    at async GoogleAuth._GoogleAuth_determineClient (/home/codedex/projects/DeXMart/node_modules/.pnpm/google-auth-library@9.15.1/node_modules/google-auth-library/build/src/auth/googleauth.js:834:32)\n    at async GoogleAuth.getClient (/home/codedex/projects/DeXMart/node_modules/.pnpm/google-auth-library@9.15.1/node_modules/google-auth-library/build/src/auth/googleauth.js:698:20)\n    at async GrpcClient._getCredentials (/home/codedex/projects/DeXMart/node_modules/.pnpm/google-gax@4.6.1/node_modules/google-gax/src/grpc.ts:209:20)\n    at async GrpcClient.createStub (/home/codedex/projects/DeXMart/node_modules/.pnpm/google-gax@4.6.1/node_modules/google-gax/src/grpc.ts:426:19)\nCaused by: Error\n    at QueryUtil._getResponse (/home/codedex/projects/DeXMart/node_modules/.pnpm/@google-cloud+firestore@7.11.6/node_modules/@google-cloud/firestore/build/src/reference/query-util.js:44:23)\n    at CollectionReference._getResponse (/home/codedex/projects/DeXMart/node_modules/.pnpm/@google-cloud+firestore@7.11.6/node_modules/@google-cloud/firestore/build/src/reference/query.js:784:32)\n    at CollectionReference._get (/home/codedex/projects/DeXMart/node_modules/.pnpm/@google-cloud+firestore@7.11.6/node_modules/@google-cloud/firestore/build/src/reference/query.js:777:35)\n    at /home/codedex/projects/DeXMart/node_modules/.pnpm/@google-cloud+firestore@7.11.6/node_modules/@google-cloud/firestore/build/src/reference/query.js:745:43\n    at /home/codedex/projects/DeXMart/node_modules/.pnpm/@google-cloud+firestore@7.11.6/node_modules/@google-cloud/firestore/build/src/telemetry/enabled-trace-util.js:110:30\n    at NoopContextManager.with (/home/codedex/projects/DeXMart/node_modules/.pnpm/@opentelemetry+api@1.9.0/node_modules/@opentelemetry/api/src/context/NoopContextManager.ts:31:15)\n    at ContextAPI.with (/home/codedex/projects/DeXMart/node_modules/.pnpm/@opentelemetry+api@1.9.0/node_modules/@opentelemetry/api/src/api/context.ts:77:42)\n    at NoopTracer.startActiveSpan (/home/codedex/projects/DeXMart/node_modules/.pnpm/@opentelemetry+api@1.9.0/node_modules/@opentelemetry/api/src/trace/NoopTracer.ts:98:27)\n    at ProxyTracer.startActiveSpan (/home/codedex/projects/DeXMart/node_modules/.pnpm/@opentelemetry+api@1.9.0/node_modules/@opentelemetry/api/src/trace/ProxyTracer.ts:51:20)\n    at EnabledTraceUtil.startActiveSpan (/home/codedex/projects/DeXMart/node_modules/.pnpm/@google-cloud+firestore@7.11.6/node_modules/@google-cloud/firestore/build/src/telemetry/enabled-trace-util.js:102:28)","timestamp":"2026-04-07 20:02:59:259"}
{"level":"\u001b[32minfo\u001b[39m","message":"\u001b[32m[ChannelService] Successfully queued 0 channels for resumption.\u001b[39m","timestamp":"2026-04-07 20:02:59:259"}
{"duration":258987840,"level":"\u001b[32minfo\u001b[39m","message":"\u001b[32mPerformance: memory_heap_used = 258987840 bytes\u001b[39m","operation":"memory_heap_used","timestamp":"2026-04-07 20:03:14:314","unit":"bytes"}
{"duration":268103680,"level":"\u001b[32minfo\u001b[39m","message":"\u001b[32mPerformance: memory_heap_total = 268103680 bytes\u001b[39m","operation":"memory_heap_total","timestamp":"2026-04-07 20:03:14:314","unit":"bytes"}
{"duration":361193472,"level":"\u001b[32minfo\u001b[39m","message":"\u001b[32mPerformance: memory_rss = 361193472 bytes\u001b[39m","operation":"memory_rss","timestamp":"2026-04-07 20:03:14:314","unit":"bytes"}
{"duration":24340841,"level":"\u001b[32minfo\u001b[39m","message":"\u001b[32mPerformance: memory_external = 24340841 bytes\u001b[39m","operation":"memory_external","timestamp":"2026-04-07 20:03:14:314","unit":"bytes"}
{"duration":6027090,"level":"\u001b[32minfo\u001b[39m","message":"\u001b[32mPerformance: cpu_user_time = 6027090 microseconds\u001b[39m","operation":"cpu_user_time","timestamp":"2026-04-07 20:03:14:314","unit":"microseconds"}
{"duration":12722905,"level":"\u001b[32minfo\u001b[39m","message":"\u001b[32mPerformance: cpu_system_time = 12722905 microseconds\u001b[39m","operation":"cpu_system_time","timestamp":"2026-04-07 20:03:14:314","unit":"microseconds"}
{"duration":361.776130478,"level":"\u001b[32minfo\u001b[39m","message":"\u001b[32mPerformance: process_uptime = 361.776130478 seconds\u001b[39m","operation":"process_uptime","timestamp":"2026-04-07 20:03:14:314","unit":"seconds"}
{"duration":0.301556,"level":"\u001b[32minfo\u001b[39m","message":"\u001b[32mPerformance: event_loop_lag = 0.301556 milliseconds\u001b[39m","operation":"event_loop_lag","timestamp":"2026-04-07 20:03:14:314","unit":"milliseconds"}
{"duration":259397624,"level":"\u001b[32minfo\u001b[39m","message":"\u001b[32mPerformance: memory_heap_used = 259397624 bytes\u001b[39m","operation":"memory_heap_used","timestamp":"2026-04-07 20:03:44:344","unit":"bytes"}
{"duration":268103680,"level":"\u001b[32minfo\u001b[39m","message":"\u001b[32mPerformance: memory_heap_total = 268103680 bytes\u001b[39m","operation":"memory_heap_total","timestamp":"2026-04-07 20:03:44:344","unit":"bytes"}
{"duration":370368512,"level":"\u001b[32minfo\u001b[39m","message":"\u001b[32mPerformance: memory_rss = 370368512 bytes\u001b[39m","operation":"memory_rss","timestamp":"2026-04-07 20:03:44:344","unit":"bytes"}
{"duration":24349372,"level":"\u001b[32minfo\u001b[39m","message":"\u001b[32mPerformance: memory_external = 24349372 bytes\u001b[39m","operation":"memory_external","timestamp":"2026-04-07 20:03:44:344","unit":"bytes"}
{"duration":6052031,"level":"\u001b[32minfo\u001b[39m","message":"\u001b[32mPerformance: cpu_user_time = 6052031 microseconds\u001b[39m","operation":"cpu_user_time","timestamp":"2026-04-07 20:03:44:344","unit":"microseconds"}
{"duration":12768354,"level":"\u001b[32minfo\u001b[39m","message":"\u001b[32mPerformance: cpu_system_time = 12768354 microseconds\u001b[39m","operation":"cpu_system_time","timestamp":"2026-04-07 20:03:44:344","unit":"microseconds"}
{"duration":391.774632925,"level":"\u001b[32minfo\u001b[39m","message":"\u001b[32mPerformance: process_uptime = 391.774632925 seconds\u001b[39m","operation":"process_uptime","timestamp":"2026-04-07 20:03:44:344","unit":"seconds"}
{"duration":2.3571,"level":"\u001b[32minfo\u001b[39m","message":"\u001b[32mPerformance: event_loop_lag = 2.3571 milliseconds\u001b[39m","operation":"event_loop_lag","timestamp":"2026-04-07 20:03:44:344","unit":"milliseconds"}
{"level":"\u001b[32minfo\u001b[39m","message":"\u001b[32m>>> [MASTERMIND] Resuming all active channels...\u001b[39m","timestamp":"2026-04-07 20:03:50:350"}
{"duration":259380520,"level":"\u001b[32minfo\u001b[39m","message":"\u001b[32mPerformance: memory_heap_used = 259380520 bytes\u001b[39m","operation":"memory_heap_used","timestamp":"2026-04-07 20:06:09:69","unit":"bytes"}
{"duration":268103680,"level":"\u001b[32minfo\u001b[39m","message":"\u001b[32mPerformance: memory_heap_total = 268103680 bytes\u001b[39m","operation":"memory_heap_total","timestamp":"2026-04-07 20:06:12:612","unit":"bytes"}
{"duration":354902016,"level":"\u001b[32minfo\u001b[39m","message":"\u001b[32mPerformance: memory_rss = 354902016 bytes\u001b[39m","operation":"memory_rss","timestamp":"2026-04-07 20:06:16:616","unit":"bytes"}
{"duration":24332608,"level":"\u001b[32minfo\u001b[39m","message":"\u001b[32mPerformance: memory_external = 24332608 bytes\u001b[39m","operation":"memory_external","timestamp":"2026-04-07 20:06:20:620","unit":"bytes"}
{"duration":6449552,"level":"\u001b[32minfo\u001b[39m","message":"\u001b[32mPerformance: cpu_user_time = 6449552 microseconds\u001b[39m","operation":"cpu_user_time","timestamp":"2026-04-07 20:06:26:626","unit":"microseconds"}
{"duration":24344912,"level":"\u001b[32minfo\u001b[39m","message":"\u001b[32mPerformance: cpu_system_time = 24344912 microseconds\u001b[39m","operation":"cpu_system_time","timestamp":"2026-04-07 20:06:33:633","unit":"microseconds"}
{"duration":567.655309176,"level":"\u001b[32minfo\u001b[39m","message":"\u001b[32mPerformance: process_uptime = 567.655309176 seconds\u001b[39m","operation":"process_uptime","timestamp":"2026-04-07 20:06:41:641","unit":"seconds"}
{"level":"\u001b[32minfo\u001b[39m","message":"\u001b[32m>>> [MASTERMIND] Resuming all active channels...\u001b[39m","timestamp":"2026-04-07 20:07:05:75"}
{"duration":598614.784266,"level":"\u001b[32minfo\u001b[39m","message":"\u001b[32mPerformance: event_loop_lag = 598614.784266 milliseconds\u001b[39m","operation":"event_loop_lag","timestamp":"2026-04-07 20:16:56:1656","unit":"milliseconds"}
{"lag":598615,"level":"\u001b[33mwarn\u001b[39m","message":"\u001b[33mHigh event loop lag detected\u001b[39m","timestamp":"2026-04-07 20:17:01:171"}
{"duration":259038296,"level":"\u001b[32minfo\u001b[39m","message":"\u001b[32mPerformance: memory_heap_used = 259038296 bytes\u001b[39m","operation":"memory_heap_used","timestamp":"2026-04-07 20:17:10:1710","unit":"bytes"}
{"duration":268103680,"level":"\u001b[32minfo\u001b[39m","message":"\u001b[32mPerformance: memory_heap_total = 268103680 bytes\u001b[39m","operation":"memory_heap_total","timestamp":"2026-04-07 20:17:14:1714","unit":"bytes"}
{"duration":354770944,"level":"\u001b[32minfo\u001b[39m","message":"\u001b[32mPerformance: memory_rss = 354770944 bytes\u001b[39m","operation":"memory_rss","timestamp":"2026-04-07 20:17:16:1716","unit":"bytes"}
{"duration":24332358,"level":"\u001b[32minfo\u001b[39m","message":"\u001b[32mPerformance: memory_external = 24332358 bytes\u001b[39m","operation":"memory_external","timestamp":"2026-04-07 20:17:17:1717","unit":"bytes"}
{"duration":7061684,"level":"\u001b[32minfo\u001b[39m","message":"\u001b[32mPerformance: cpu_user_time = 7061684 microseconds\u001b[39m","operation":"cpu_user_time","timestamp":"2026-04-07 20:17:19:1719","unit":"microseconds"}
{"duration":169929308,"level":"\u001b[32minfo\u001b[39m","message":"\u001b[32mPerformance: cpu_system_time = 169929308 microseconds\u001b[39m","operation":"cpu_system_time","timestamp":"2026-04-07 20:17:20:1720","unit":"microseconds"}
{"duration":1189.482755625,"level":"\u001b[32minfo\u001b[39m","message":"\u001b[32mPerformance: process_uptime = 1189.482755625 seconds\u001b[39m","operation":"process_uptime","timestamp":"2026-04-07 20:17:21:1721","unit":"seconds"}
{"level":"\u001b[32minfo\u001b[39m","message":"\u001b[32m>>> [MASTERMIND] Resuming all active channels...\u001b[39m","timestamp":"2026-04-07 20:17:30:1730"}
{"duration":138410.226773,"level":"\u001b[32minfo\u001b[39m","message":"\u001b[32mPerformance: event_loop_lag = 138410.226773 milliseconds\u001b[39m","operation":"event_loop_lag","timestamp":"2026-04-07 20:19:52:1952","unit":"milliseconds"}
{"lag":138410,"level":"\u001b[33mwarn\u001b[39m","message":"\u001b[33mHigh event loop lag detected\u001b[39m","timestamp":"2026-04-07 20:19:58:1958"}
{"duration":259655312,"level":"\u001b[32minfo\u001b[39m","message":"\u001b[32mPerformance: memory_heap_used = 259655312 bytes\u001b[39m","operation":"memory_heap_used","timestamp":"2026-04-07 20:20:30:2030","unit":"bytes"}
{"duration":268103680,"level":"\u001b[32minfo\u001b[39m","message":"\u001b[32mPerformance: memory_heap_total = 268103680 bytes\u001b[39m","operation":"memory_heap_total","timestamp":"2026-04-07 20:20:37:2037","unit":"bytes"}
{"duration":355688448,"level":"\u001b[32minfo\u001b[39m","message":"\u001b[32mPerformance: memory_rss = 355688448 bytes\u001b[39m","operation":"memory_rss","timestamp":"2026-04-07 20:20:42:2042","unit":"bytes"}
{"duration":24340651,"level":"\u001b[32minfo\u001b[39m","message":"\u001b[32mPerformance: memory_external = 24340651 bytes\u001b[39m","operation":"memory_external","timestamp":"2026-04-07 20:20:50:2050","unit":"bytes"}
{"duration":7373337,"level":"\u001b[32minfo\u001b[39m","message":"\u001b[32mPerformance: cpu_user_time = 7373337 microseconds\u001b[39m","operation":"cpu_user_time","timestamp":"2026-04-07 20:20:54:2054","unit":"microseconds"}
{"duration":180532025,"level":"\u001b[32minfo\u001b[39m","message":"\u001b[32mPerformance: cpu_system_time = 180532025 microseconds\u001b[39m","operation":"cpu_system_time","timestamp":"2026-04-07 20:20:57:2057","unit":"microseconds"}
{"duration":1390.888783126,"level":"\u001b[32minfo\u001b[39m","message":"\u001b[32mPerformance: process_uptime = 1390.888783126 seconds\u001b[39m","operation":"process_uptime","timestamp":"2026-04-07 20:21:01:211","unit":"seconds"}
{"level":"\u001b[32minfo\u001b[39m","message":"\u001b[32m>>> [MASTERMIND] Resuming all active channels...\u001b[39m","timestamp":"2026-04-07 20:22:06:226"}
{"error":"Could not load the default credentials. Browse to https://cloud.google.com/docs/authentication/getting-started for more information.","level":"\u001b[31merror\u001b[39m","message":"\u001b[31mFirestore getCollection error [tenants] (Tenant: undefined):\u001b[39m","stack":"Error: Could not load the default credentials. Browse to https://cloud.google.com/docs/authentication/getting-started for more information.\n    at GoogleAuth.getApplicationDefaultAsync (/home/codedex/projects/DeXMart/node_modules/.pnpm/google-auth-library@9.15.1/node_modules/google-auth-library/build/src/auth/googleauth.js:287:15)\n    at runNextTicks (node:internal/process/task_queues:65:5)\n    at process.processTimers (node:internal/timers:538:9)\n    at async GoogleAuth._GoogleAuth_determineClient (/home/codedex/projects/DeXMart/node_modules/.pnpm/google-auth-library@9.15.1/node_modules/google-auth-library/build/src/auth/googleauth.js:834:32)\n    at async GoogleAuth.getClient (/home/codedex/projects/DeXMart/node_modules/.pnpm/google-auth-library@9.15.1/node_modules/google-auth-library/build/src/auth/googleauth.js:698:20)\n    at async GrpcClient._getCredentials (/home/codedex/projects/DeXMart/node_modules/.pnpm/google-gax@4.6.1/node_modules/google-gax/src/grpc.ts:209:20)\n    at async GrpcClient.createStub (/home/codedex/projects/DeXMart/node_modules/.pnpm/google-gax@4.6.1/node_modules/google-gax/src/grpc.ts:426:19)\nCaused by: Error\n    at QueryUtil._getResponse (/home/codedex/projects/DeXMart/node_modules/.pnpm/@google-cloud+firestore@7.11.6/node_modules/@google-cloud/firestore/build/src/reference/query-util.js:44:23)\n    at CollectionReference._getResponse (/home/codedex/projects/DeXMart/node_modules/.pnpm/@google-cloud+firestore@7.11.6/node_modules/@google-cloud/firestore/build/src/reference/query.js:784:32)\n    at CollectionReference._get (/home/codedex/projects/DeXMart/node_modules/.pnpm/@google-cloud+firestore@7.11.6/node_modules/@google-cloud/firestore/build/src/reference/query.js:777:35)\n    at /home/codedex/projects/DeXMart/node_modules/.pnpm/@google-cloud+firestore@7.11.6/node_modules/@google-cloud/firestore/build/src/reference/query.js:745:43\n    at /home/codedex/projects/DeXMart/node_modules/.pnpm/@google-cloud+firestore@7.11.6/node_modules/@google-cloud/firestore/build/src/telemetry/enabled-trace-util.js:110:30\n    at NoopContextManager.with (/home/codedex/projects/DeXMart/node_modules/.pnpm/@opentelemetry+api@1.9.0/node_modules/@opentelemetry/api/src/context/NoopContextManager.ts:31:15)\n    at ContextAPI.with (/home/codedex/projects/DeXMart/node_modules/.pnpm/@opentelemetry+api@1.9.0/node_modules/@opentelemetry/api/src/api/context.ts:77:42)\n    at NoopTracer.startActiveSpan (/home/codedex/projects/DeXMart/node_modules/.pnpm/@opentelemetry+api@1.9.0/node_modules/@opentelemetry/api/src/trace/NoopTracer.ts:98:27)\n    at ProxyTracer.startActiveSpan (/home/codedex/projects/DeXMart/node_modules/.pnpm/@opentelemetry+api@1.9.0/node_modules/@opentelemetry/api/src/trace/ProxyTracer.ts:51:20)\n    at EnabledTraceUtil.startActiveSpan (/home/codedex/projects/DeXMart/node_modules/.pnpm/@google-cloud+firestore@7.11.6/node_modules/@google-cloud/firestore/build/src/telemetry/enabled-trace-util.js:102:28)","timestamp":"2026-04-07 20:23:18:2318"}
{"error":"Could not load the default credentials. Browse to https://cloud.google.com/docs/authentication/getting-started for more information.","level":"\u001b[31merror\u001b[39m","message":"\u001b[31mMultiTenantService.listTenants error:\u001b[39m","stack":"Error: Could not load the default credentials. Browse to https://cloud.google.com/docs/authentication/getting-started for more information.\n    at GoogleAuth.getApplicationDefaultAsync (/home/codedex/projects/DeXMart/node_modules/.pnpm/google-auth-library@9.15.1/node_modules/google-auth-library/build/src/auth/googleauth.js:287:15)\n    at runNextTicks (node:internal/process/task_queues:65:5)\n    at process.processTimers (node:internal/timers:538:9)\n    at async GoogleAuth._GoogleAuth_determineClient (/home/codedex/projects/DeXMart/node_modules/.pnpm/google-auth-library@9.15.1/node_modules/google-auth-library/build/src/auth/googleauth.js:834:32)\n    at async GoogleAuth.getClient (/home/codedex/projects/DeXMart/node_modules/.pnpm/google-auth-library@9.15.1/node_modules/google-auth-library/build/src/auth/googleauth.js:698:20)\n    at async GrpcClient._getCredentials (/home/codedex/projects/DeXMart/node_modules/.pnpm/google-gax@4.6.1/node_modules/google-gax/src/grpc.ts:209:20)\n    at async GrpcClient.createStub (/home/codedex/projects/DeXMart/node_modules/.pnpm/google-gax@4.6.1/node_modules/google-gax/src/grpc.ts:426:19)\nCaused by: Error\n    at QueryUtil._getResponse (/home/codedex/projects/DeXMart/node_modules/.pnpm/@google-cloud+firestore@7.11.6/node_modules/@google-cloud/firestore/build/src/reference/query-util.js:44:23)\n    at CollectionReference._getResponse (/home/codedex/projects/DeXMart/node_modules/.pnpm/@google-cloud+firestore@7.11.6/node_modules/@google-cloud/firestore/build/src/reference/query.js:784:32)\n    at CollectionReference._get (/home/codedex/projects/DeXMart/node_modules/.pnpm/@google-cloud+firestore@7.11.6/node_modules/@google-cloud/firestore/build/src/reference/query.js:777:35)\n    at /home/codedex/projects/DeXMart/node_modules/.pnpm/@google-cloud+firestore@7.11.6/node_modules/@google-cloud/firestore/build/src/reference/query.js:745:43\n    at /home/codedex/projects/DeXMart/node_modules/.pnpm/@google-cloud+firestore@7.11.6/node_modules/@google-cloud/firestore/build/src/telemetry/enabled-trace-util.js:110:30\n    at NoopContextManager.with (/home/codedex/projects/DeXMart/node_modules/.pnpm/@opentelemetry+api@1.9.0/node_modules/@opentelemetry/api/src/context/NoopContextManager.ts:31:15)\n    at ContextAPI.with (/home/codedex/projects/DeXMart/node_modules/.pnpm/@opentelemetry+api@1.9.0/node_modules/@opentelemetry/api/src/api/context.ts:77:42)\n    at NoopTracer.startActiveSpan (/home/codedex/projects/DeXMart/node_modules/.pnpm/@opentelemetry+api@1.9.0/node_modules/@opentelemetry/api/src/trace/NoopTracer.ts:98:27)\n    at ProxyTracer.startActiveSpan (/home/codedex/projects/DeXMart/node_modules/.pnpm/@opentelemetry+api@1.9.0/node_modules/@opentelemetry/api/src/trace/ProxyTracer.ts:51:20)\n    at EnabledTraceUtil.startActiveSpan (/home/codedex/projects/DeXMart/node_modules/.pnpm/@google-cloud+firestore@7.11.6/node_modules/@google-cloud/firestore/build/src/telemetry/enabled-trace-util.js:102:28)","timestamp":"2026-04-07 20:23:18:2318"}
{"level":"\u001b[32minfo\u001b[39m","message":"\u001b[32m[ChannelService] Successfully queued 0 channels for resumption.\u001b[39m","timestamp":"2026-04-07 20:23:18:2318"}
{"duration":125826.283308,"level":"\u001b[32minfo\u001b[39m","message":"\u001b[32mPerformance: event_loop_lag = 125826.283308 milliseconds\u001b[39m","operation":"event_loop_lag","timestamp":"2026-04-07 20:23:18:2318","unit":"milliseconds"}
{"lag":125826,"level":"\u001b[33mwarn\u001b[39m","message":"\u001b[33mHigh event loop lag detected\u001b[39m","timestamp":"2026-04-07 20:23:18:2318"}
{"duration":259656792,"level":"\u001b[32minfo\u001b[39m","message":"\u001b[32mPerformance: memory_heap_used = 259656792 bytes\u001b[39m","operation":"memory_heap_used","timestamp":"2026-04-07 20:23:18:2318","unit":"bytes"}
{"duration":269152256,"level":"\u001b[32minfo\u001b[39m","message":"\u001b[32mPerformance: memory_heap_total = 269152256 bytes\u001b[39m","operation":"memory_heap_total","timestamp":"2026-04-07 20:23:18:2318","unit":"bytes"}
{"duration":373252096,"level":"\u001b[32minfo\u001b[39m","message":"\u001b[32mPerformance: memory_rss = 373252096 bytes\u001b[39m","operation":"memory_rss","timestamp":"2026-04-07 20:23:18:2318","unit":"bytes"}
{"duration":24356974,"level":"\u001b[32minfo\u001b[39m","message":"\u001b[32mPerformance: memory_external = 24356974 bytes\u001b[39m","operation":"memory_external","timestamp":"2026-04-07 20:23:18:2318","unit":"bytes"}
{"duration":7686067,"level":"\u001b[32minfo\u001b[39m","message":"\u001b[32mPerformance: cpu_user_time = 7686067 microseconds\u001b[39m","operation":"cpu_user_time","timestamp":"2026-04-07 20:23:18:2318","unit":"microseconds"}
{"duration":189095686,"level":"\u001b[32minfo\u001b[39m","message":"\u001b[32mPerformance: cpu_system_time = 189095686 microseconds\u001b[39m","operation":"cpu_system_time","timestamp":"2026-04-07 20:23:18:2318","unit":"microseconds"}
{"duration":1516.716102012,"level":"\u001b[32minfo\u001b[39m","message":"\u001b[32mPerformance: process_uptime = 1516.716102012 seconds\u001b[39m","operation":"process_uptime","timestamp":"2026-04-07 20:23:18:2318","unit":"seconds"}
{"level":"\u001b[32minfo\u001b[39m","message":"\u001b[32m>>> [MASTERMIND] Resuming all active channels...\u001b[39m","timestamp":"2026-04-07 20:23:18:2318"}
{"duration":72.291012,"level":"\u001b[32minfo\u001b[39m","message":"\u001b[32mPerformance: event_loop_lag = 72.291012 milliseconds\u001b[39m","operation":"event_loop_lag","timestamp":"2026-04-07 20:23:18:2318","unit":"milliseconds"}
{"error":"Could not load the default credentials. Browse to https://cloud.google.com/docs/authentication/getting-started for more information.","level":"\u001b[31merror\u001b[39m","message":"\u001b[31mFirestore getCollection error [tenants] (Tenant: undefined):\u001b[39m","stack":"Error: Could not load the default credentials. Browse to https://cloud.google.com/docs/authentication/getting-started for more information.\n    at GoogleAuth.getApplicationDefaultAsync (/home/codedex/projects/DeXMart/node_modules/.pnpm/google-auth-library@9.15.1/node_modules/google-auth-library/build/src/auth/googleauth.js:287:15)\n    at async GoogleAuth._GoogleAuth_determineClient (/home/codedex/projects/DeXMart/node_modules/.pnpm/google-auth-library@9.15.1/node_modules/google-auth-library/build/src/auth/googleauth.js:834:32)\n    at async GoogleAuth.getClient (/home/codedex/projects/DeXMart/node_modules/.pnpm/google-auth-library@9.15.1/node_modules/google-auth-library/build/src/auth/googleauth.js:698:20)\n    at async GrpcClient._getCredentials (/home/codedex/projects/DeXMart/node_modules/.pnpm/google-gax@4.6.1/node_modules/google-gax/src/grpc.ts:209:20)\n    at async GrpcClient.createStub (/home/codedex/projects/DeXMart/node_modules/.pnpm/google-gax@4.6.1/node_modules/google-gax/src/grpc.ts:426:19)\nCaused by: Error\n    at QueryUtil._getResponse (/home/codedex/projects/DeXMart/node_modules/.pnpm/@google-cloud+firestore@7.11.6/node_modules/@google-cloud/firestore/build/src/reference/query-util.js:44:23)\n    at CollectionReference._getResponse (/home/codedex/projects/DeXMart/node_modules/.pnpm/@google-cloud+firestore@7.11.6/node_modules/@google-cloud/firestore/build/src/reference/query.js:784:32)\n    at CollectionReference._get (/home/codedex/projects/DeXMart/node_modules/.pnpm/@google-cloud+firestore@7.11.6/node_modules/@google-cloud/firestore/build/src/reference/query.js:777:35)\n    at /home/codedex/projects/DeXMart/node_modules/.pnpm/@google-cloud+firestore@7.11.6/node_modules/@google-cloud/firestore/build/src/reference/query.js:745:43\n    at /home/codedex/projects/DeXMart/node_modules/.pnpm/@google-cloud+firestore@7.11.6/node_modules/@google-cloud/firestore/build/src/telemetry/enabled-trace-util.js:110:30\n    at NoopContextManager.with (/home/codedex/projects/DeXMart/node_modules/.pnpm/@opentelemetry+api@1.9.0/node_modules/@opentelemetry/api/src/context/NoopContextManager.ts:31:15)\n    at ContextAPI.with (/home/codedex/projects/DeXMart/node_modules/.pnpm/@opentelemetry+api@1.9.0/node_modules/@opentelemetry/api/src/api/context.ts:77:42)\n    at NoopTracer.startActiveSpan (/home/codedex/projects/DeXMart/node_modules/.pnpm/@opentelemetry+api@1.9.0/node_modules/@opentelemetry/api/src/trace/NoopTracer.ts:98:27)\n    at ProxyTracer.startActiveSpan (/home/codedex/projects/DeXMart/node_modules/.pnpm/@opentelemetry+api@1.9.0/node_modules/@opentelemetry/api/src/trace/ProxyTracer.ts:51:20)\n    at EnabledTraceUtil.startActiveSpan (/home/codedex/projects/DeXMart/node_modules/.pnpm/@google-cloud+firestore@7.11.6/node_modules/@google-cloud/firestore/build/src/telemetry/enabled-trace-util.js:102:28)","timestamp":"2026-04-07 20:23:24:2324"}
{"level":"\u001b[32minfo\u001b[39m","message":"\u001b[32m✅ Environment variables validated via Zod\u001b[39m","timestamp":"2026-04-07 22:21:55:2155"}
{"level":"\u001b[32minfo\u001b[39m","message":"\u001b[32m🔗 Constructed internal REDIS_URL from host and port configuration\u001b[39m","timestamp":"2026-04-07 22:21:55:2155"}
{"level":"\u001b[32minfo\u001b[39m","message":"\u001b[32m✅ Configuration validation passed\u001b[39m","timestamp":"2026-04-07 22:21:55:2155"}
{"level":"\u001b[32minfo\u001b[39m","message":"\u001b[32mConfigService initialized as wrapper for ConfigManager\u001b[39m","timestamp":"2026-04-07 22:21:55:2155"}
{"level":"\u001b[32minfo\u001b[39m","message":"\u001b[32mAnalytics service initialized\u001b[39m","timestamp":"2026-04-07 22:21:57:2157"}
{"level":"\u001b[32minfo\u001b[39m","message":"\u001b[32mQueueService initialized: campaigns\u001b[39m","timestamp":"2026-04-07 22:21:58:2158"}
{"level":"\u001b[32minfo\u001b[39m","message":"\u001b[32mBullMQ Job Queue Service initialized\u001b[39m","timestamp":"2026-04-07 22:22:00:220"}
{"level":"\u001b[32minfo\u001b[39m","message":"\u001b[32m>>> [MASTERMIND] ABSOLUTE START OF MAIN.TS\u001b[39m","timestamp":"2026-04-07 22:22:00:220"}
{"level":"\u001b[32minfo\u001b[39m","message":"\u001b[32m>>> [MASTERMIND] Starting main()\u001b[39m","timestamp":"2026-04-07 22:22:00:220"}
{"level":"\u001b[32minfo\u001b[39m","message":"\u001b[32m🚀 Starting DeXMart...\u001b[39m","timestamp":"2026-04-07 22:22:00:220"}
{"level":"\u001b[32minfo\u001b[39m","message":"\u001b[32m>>> [MASTERMIND] Validating environment variables...\u001b[39m","timestamp":"2026-04-07 22:22:00:220"}
{"level":"\u001b[32minfo\u001b[39m","message":"\u001b[32m🔍 Validating environment variables...\u001b[39m","timestamp":"2026-04-07 22:22:00:220"}
{"level":"\u001b[32minfo\u001b[39m","message":"\u001b[32m✅ FIREBASE_PROJECT_ID: dexmart\u001b[39m","timestamp":"2026-04-07 22:22:00:220"}
{"level":"\u001b[32minfo\u001b[39m","message":"\u001b[32m✅ GOOGLE_GEMINI_API_KEY: ***[REDACTED]***\u001b[39m","timestamp":"2026-04-07 22:22:00:220"}
{"level":"\u001b[33mwarn\u001b[39m","message":"\u001b[33m⚠️  PORT not set, using default: 3001\u001b[39m","timestamp":"2026-04-07 22:22:00:220"}
{"level":"\u001b[32minfo\u001b[39m","message":"\u001b[32m✅ NODE_ENV: development\u001b[39m","timestamp":"2026-04-07 22:22:00:220"}
{"level":"\u001b[32minfo\u001b[39m","message":"\u001b[32m✅ JWT_SECRET: ***[REDACTED]***\u001b[39m","timestamp":"2026-04-07 22:22:00:220"}
{"level":"\u001b[33mwarn\u001b[39m","message":"\u001b[33m⚠️  RATE_LIMIT_AI_REQ not set, using default: 10\u001b[39m","timestamp":"2026-04-07 22:22:00:220"}
{"level":"\u001b[33mwarn\u001b[39m","message":"\u001b[33m⚠️  USE_BAILEYS_DIRECT not set, using default: false\u001b[39m","timestamp":"2026-04-07 22:22:00:220"}
{"level":"\u001b[33mwarn\u001b[39m","message":"\u001b[33m⚠️ Missing Firebase credentials. Provide either FIREBASE_SERVICE_ACCOUNT_PATH or (FIREBASE_PROJECT_ID, FIREBASE_CLIENT_EMAIL, and FIREBASE_PRIVATE_KEY)\u001b[39m","timestamp":"2026-04-07 22:22:00:220"}
{"level":"\u001b[32minfo\u001b[39m","message":"\u001b[32m✅ Environment validation passed!\u001b[39m","timestamp":"2026-04-07 22:22:00:220"}
{"level":"\u001b[33mwarn\u001b[39m","message":"\u001b[33mEnvironment validation passed with 4 warning(s)\u001b[39m","timestamp":"2026-04-07 22:22:00:220"}
{"level":"\u001b[32minfo\u001b[39m","message":"\u001b[32m>>> [MASTERMIND] Environment validation passed.\u001b[39m","timestamp":"2026-04-07 22:22:00:220"}
{"level":"\u001b[32minfo\u001b[39m","message":"\u001b[32m>>> [MASTERMIND] initializeContext() called\u001b[39m","timestamp":"2026-04-07 22:22:00:220"}
{"level":"\u001b[32minfo\u001b[39m","message":"\u001b[32m>>> [MASTERMIND] Starting fresh initialization\u001b[39m","timestamp":"2026-04-07 22:22:00:220"}
{"level":"\u001b[32minfo\u001b[39m","message":"\u001b[32m>>> [MASTERMIND] Base context object built.\u001b[39m","timestamp":"2026-04-07 22:22:00:220"}
{"level":"\u001b[32minfo\u001b[39m","message":"\u001b[32m🔧 Unified Command System initialized\u001b[39m","timestamp":"2026-04-07 22:22:00:220"}
{"level":"\u001b[32minfo\u001b[39m","message":"\u001b[32mInitializing Command System and loading commands...\u001b[39m","timestamp":"2026-04-07 22:22:00:220"}
{"level":"\u001b[32minfo\u001b[39m","message":"\u001b[32m🔄 Parallelizing command loading...\u001b[39m","timestamp":"2026-04-07 22:22:00:220"}
{"level":"\u001b[32minfo\u001b[39m","message":"\u001b[32m✅ Redis connected successfully\u001b[39m","timestamp":"2026-04-07 22:22:00:220"}
{"level":"\u001b[32minfo\u001b[39m","message":"\u001b[32m✅ Redis Connected - Switching to distributed cache\u001b[39m","timestamp":"2026-04-07 22:22:00:220"}
{"level":"\u001b[32minfo\u001b[39m","message":"\u001b[32mBullMQ Queues initialized with unified Redis connection\u001b[39m","timestamp":"2026-04-07 22:22:00:220"}
{"error":"No \"exports\" main defined in /home/codedex/projects/DeXMart/node_modules/.pnpm/node_modules/osc-progress/package.json","level":"\u001b[31merror\u001b[39m","message":"\u001b[31mFailed to load command: /home/codedex/projects/DeXMart/src/commands/channels/add.ts\u001b[39m","timestamp":"2026-04-07 22:22:02:222"}
{"error":"Vitest cannot be imported in a CommonJS module using require(). Please use \"import\" instead.\n\nIf you are using \"import\" in your source code, then it's possible it was bundled into require() automatically by your bundler. In that case, do not bundle CommonJS output since it will never work with Vitest, or use dynamic import() which is available in all CommonJS modules.","level":"\u001b[31merror\u001b[39m","message":"\u001b[31mFailed to load command: /home/codedex/projects/DeXMart/src/commands/channels/capabilities.test.ts\u001b[39m","timestamp":"2026-04-07 22:22:02:222"}
{"error":"No \"exports\" main defined in /home/codedex/projects/DeXMart/node_modules/.pnpm/node_modules/@buape/carbon/package.json","level":"\u001b[31merror\u001b[39m","message":"\u001b[31mFailed to load command: /home/codedex/projects/DeXMart/src/commands/channels/capabilities.ts\u001b[39m","timestamp":"2026-04-07 22:22:02:222"}
{"error":"No \"exports\" main defined in /home/codedex/projects/DeXMart/node_modules/.pnpm/node_modules/osc-progress/package.json","level":"\u001b[31merror\u001b[39m","message":"\u001b[31mFailed to load command: /home/codedex/projects/DeXMart/src/commands/channels/list.ts\u001b[39m","timestamp":"2026-04-07 22:22:02:222"}
{"error":"No \"exports\" main defined in /home/codedex/projects/DeXMart/node_modules/.pnpm/node_modules/osc-progress/package.json","level":"\u001b[31merror\u001b[39m","message":"\u001b[31mFailed to load command: /home/codedex/projects/DeXMart/src/commands/channels/remove.ts\u001b[39m","timestamp":"2026-04-07 22:22:02:222"}
{"error":"No \"exports\" main defined in /home/codedex/projects/DeXMart/node_modules/.pnpm/node_modules/osc-progress/package.json","level":"\u001b[31merror\u001b[39m","message":"\u001b[31mFailed to load command: /home/codedex/projects/DeXMart/src/commands/channels/status.ts\u001b[39m","timestamp":"2026-04-07 22:22:02:222"}
{"error":"Cannot find module '../../services/gemini.js'\nRequire stack:\n- /home/codedex/projects/DeXMart/src/commands/ai-chat/gemini.ts","level":"\u001b[31merror\u001b[39m","message":"\u001b[31mFailed to load command: /home/codedex/projects/DeXMart/src/commands/ai-chat/gemini.ts\u001b[39m","timestamp":"2026-04-07 22:22:03:223"}
{"error":"Transform failed with 1 error:\n/home/codedex/projects/DeXMart/src/commands/agent/session.test.ts:25:40: ERROR: Top-level await is currently not supported with the \"cjs\" output format","level":"\u001b[31merror\u001b[39m","message":"\u001b[31mFailed to load command: /home/codedex/projects/DeXMart/src/commands/agent/session.test.ts\u001b[39m","timestamp":"2026-04-07 22:22:04:224"}
{"error":"No \"exports\" main defined in /home/codedex/projects/DeXMart/node_modules/.pnpm/node_modules/@mariozechner/pi-coding-agent/package.json","level":"\u001b[31merror\u001b[39m","message":"\u001b[31mFailed to load command: /home/codedex/projects/DeXMart/src/commands/agent/delivery.ts\u001b[39m","timestamp":"2026-04-07 22:22:04:224"}
{"error":"Vitest cannot be imported in a CommonJS module using require(). Please use \"import\" instead.\n\nIf you are using \"import\" in your source code, then it's possible it was bundled into require() automatically by your bundler. In that case, do not bundle CommonJS output since it will never work with Vitest, or use dynamic import() which is available in all CommonJS modules.","level":"\u001b[31merror\u001b[39m","message":"\u001b[31mFailed to load command: /home/codedex/projects/DeXMart/src/commands/agent/session-store.test.ts\u001b[39m","timestamp":"2026-04-07 22:22:04:224"}
{"error":"No \"exports\" main defined in /home/codedex/projects/DeXMart/node_modules/.pnpm/node_modules/@mariozechner/pi-coding-agent/package.json","level":"\u001b[31merror\u001b[39m","message":"\u001b[31mFailed to load command: /home/codedex/projects/DeXMart/src/commands/agent/session-store.ts\u001b[39m","timestamp":"2026-04-07 22:22:04:224"}
{"error":"No \"exports\" main defined in /home/codedex/projects/DeXMart/node_modules/.pnpm/node_modules/@mariozechner/pi-coding-agent/package.json","level":"\u001b[31merror\u001b[39m","message":"\u001b[31mFailed to load command: /home/codedex/projects/DeXMart/src/commands/agent/session.ts\u001b[39m","timestamp":"2026-04-07 22:22:04:224"}
{"error":"No \"exports\" main defined in /home/codedex/projects/DeXMart/node_modules/.pnpm/node_modules/@mariozechner/pi-coding-agent/package.json","level":"\u001b[31merror\u001b[39m","message":"\u001b[31mFailed to load command: /home/codedex/projects/DeXMart/src/commands/onboard-non-interactive/local.ts\u001b[39m","timestamp":"2026-04-07 22:22:04:224"}
{"error":"No \"exports\" main defined in /home/codedex/projects/DeXMart/node_modules/.pnpm/node_modules/@mariozechner/pi-coding-agent/package.json","level":"\u001b[31merror\u001b[39m","message":"\u001b[31mFailed to load command: /home/codedex/projects/DeXMart/src/commands/onboard-non-interactive/remote.ts\u001b[39m","timestamp":"2026-04-07 22:22:04:224"}
{"error":"Vitest cannot be imported in a CommonJS module using require(). Please use \"import\" instead.\n\nIf you are using \"import\" in your source code, then it's possible it was bundled into require() automatically by your bundler. In that case, do not bundle CommonJS output since it will never work with Vitest, or use dynamic import() which is available in all CommonJS modules.","level":"\u001b[31merror\u001b[39m","message":"\u001b[31mFailed to load command: /home/codedex/projects/DeXMart/src/commands/onboarding/plugin-install.test.ts\u001b[39m","timestamp":"2026-04-07 22:22:04:224"}
{"error":"No \"exports\" main defined in /home/codedex/projects/DeXMart/node_modules/.pnpm/node_modules/@mariozechner/pi-coding-agent/package.json","level":"\u001b[31merror\u001b[39m","message":"\u001b[31mFailed to load command: /home/codedex/projects/DeXMart/src/commands/onboarding/plugin-install.ts\u001b[39m","timestamp":"2026-04-07 22:22:04:224"}
{"error":"No \"exports\" main defined in /home/codedex/projects/DeXMart/node_modules/.pnpm/node_modules/@mariozechner/pi-coding-agent/package.json","level":"\u001b[31merror\u001b[39m","message":"\u001b[31mFailed to load command: /home/codedex/projects/DeXMart/src/commands/onboarding/registry.ts\u001b[39m","timestamp":"2026-04-07 22:22:04:224"}
{"error":"No \"exports\" main defined in /home/codedex/projects/DeXMart/node_modules/.pnpm/node_modules/@mariozechner/pi-coding-agent/package.json","level":"\u001b[31merror\u001b[39m","message":"\u001b[31mFailed to load command: /home/codedex/projects/DeXMart/src/commands/models/auth.ts\u001b[39m","timestamp":"2026-04-07 22:22:05:225"}
{"error":"Vitest cannot be imported in a CommonJS module using require(). Please use \"import\" instead.\n\nIf you are using \"import\" in your source code, then it's possible it was bundled into require() automatically by your bundler. In that case, do not bundle CommonJS output since it will never work with Vitest, or use dynamic import() which is available in all CommonJS modules.","level":"\u001b[31merror\u001b[39m","message":"\u001b[31mFailed to load command: /home/codedex/projects/DeXMart/src/commands/models/list.auth-overview.test.ts\u001b[39m","timestamp":"2026-04-07 22:22:05:225"}
{"error":"Vitest cannot be imported in a CommonJS module using require(). Please use \"import\" instead.\n\nIf you are using \"import\" in your source code, then it's possible it was bundled into require() automatically by your bundler. In that case, do not bundle CommonJS output since it will never work with Vitest, or use dynamic import() which is available in all CommonJS modules.","level":"\u001b[31merror\u001b[39m","message":"\u001b[31mFailed to load command: /home/codedex/projects/DeXMart/src/commands/models/list.list-command.forward-compat.test.ts\u001b[39m","timestamp":"2026-04-07 22:22:05:225"}
{"error":"No \"exports\" main defined in /home/codedex/projects/DeXMart/node_modules/.pnpm/node_modules/@mariozechner/pi-coding-agent/package.json","level":"\u001b[31merror\u001b[39m","message":"\u001b[31mFailed to load command: /home/codedex/projects/DeXMart/src/commands/models/list.list-command.ts\u001b[39m","timestamp":"2026-04-07 22:22:05:225"}
{"error":"Vitest cannot be imported in a CommonJS module using require(). Please use \"import\" instead.\n\nIf you are using \"import\" in your source code, then it's possible it was bundled into require() automatically by your bundler. In that case, do not bundle CommonJS output since it will never work with Vitest, or use dynamic import() which is available in all CommonJS modules.","level":"\u001b[31merror\u001b[39m","message":"\u001b[31mFailed to load command: /home/codedex/projects/DeXMart/src/commands/models/list.probe.test.ts\u001b[39m","timestamp":"2026-04-07 22:22:05:225"}
{"error":"No \"exports\" main defined in /home/codedex/projects/DeXMart/node_modules/.pnpm/node_modules/@mariozechner/pi-coding-agent/package.json","level":"\u001b[31merror\u001b[39m","message":"\u001b[31mFailed to load command: /home/codedex/projects/DeXMart/src/commands/models/list.probe.ts\u001b[39m","timestamp":"2026-04-07 22:22:05:225"}
{"error":"This is caused by either a bug in Node.js or incorrect usage of Node.js internals.\nPlease open an issue with this stack trace at https://github.com/nodejs/node/issues\n","level":"\u001b[31merror\u001b[39m","message":"\u001b[31mFailed to load command: /home/codedex/projects/DeXMart/src/commands/models/list.registry.ts\u001b[39m","timestamp":"2026-04-07 22:22:05:225"}
{"error":"No \"exports\" main defined in /home/codedex/projects/DeXMart/node_modules/.pnpm/node_modules/osc-progress/package.json","level":"\u001b[31merror\u001b[39m","message":"\u001b[31mFailed to load command: /home/codedex/projects/DeXMart/src/commands/models/list.status-command.ts\u001b[39m","timestamp":"2026-04-07 22:22:05:225"}
{"error":"Vitest cannot be imported in a CommonJS module using require(). Please use \"import\" instead.\n\nIf you are using \"import\" in your source code, then it's possible it was bundled into require() automatically by your bundler. In that case, do not bundle CommonJS output since it will never work with Vitest, or use dynamic import() which is available in all CommonJS modules.","level":"\u001b[31merror\u001b[39m","message":"\u001b[31mFailed to load command: /home/codedex/projects/DeXMart/src/commands/models/list.status.test.ts\u001b[39m","timestamp":"2026-04-07 22:22:05:225"}
{"error":"No \"exports\" main defined in /home/codedex/projects/DeXMart/node_modules/.pnpm/node_modules/@mariozechner/pi-coding-agent/package.json","level":"\u001b[31merror\u001b[39m","message":"\u001b[31mFailed to load command: /home/codedex/projects/DeXMart/src/commands/models/list.ts\u001b[39m","timestamp":"2026-04-07 22:22:05:225"}
{"error":"No \"exports\" main defined in /home/codedex/projects/DeXMart/node_modules/.pnpm/node_modules/osc-progress/package.json","level":"\u001b[31merror\u001b[39m","message":"\u001b[31mFailed to load command: /home/codedex/projects/DeXMart/src/commands/models/scan.ts\u001b[39m","timestamp":"2026-04-07 22:22:05:225"}
{"error":"Vitest cannot be imported in a CommonJS module using require(). Please use \"import\" instead.\n\nIf you are using \"import\" in your source code, then it's possible it was bundled into require() automatically by your bundler. In that case, do not bundle CommonJS output since it will never work with Vitest, or use dynamic import() which is available in all CommonJS modules.","level":"\u001b[31merror\u001b[39m","message":"\u001b[31mFailed to load command: /home/codedex/projects/DeXMart/src/commands/models/shared.test.ts\u001b[39m","timestamp":"2026-04-07 22:22:05:225"}
{"error":"No \"exports\" main defined in /home/codedex/projects/DeXMart/node_modules/.pnpm/node_modules/@mariozechner/pi-coding-agent/package.json","level":"\u001b[31merror\u001b[39m","message":"\u001b[31mFailed to load command: /home/codedex/projects/DeXMart/src/commands/status-all/agents.ts\u001b[39m","timestamp":"2026-04-07 22:22:05:225"}
{"error":"Vitest cannot be imported in a CommonJS module using require(). Please use \"import\" instead.\n\nIf you are using \"import\" in your source code, then it's possible it was bundled into require() automatically by your bundler. In that case, do not bundle CommonJS output since it will never work with Vitest, or use dynamic import() which is available in all CommonJS modules.","level":"\u001b[31merror\u001b[39m","message":"\u001b[31mFailed to load command: /home/codedex/projects/DeXMart/src/commands/status-all/channels.mattermost-token-summary.test.ts\u001b[39m","timestamp":"2026-04-07 22:22:05:225"}
{"error":"Vitest cannot be imported in a CommonJS module using require(). Please use \"import\" instead.\n\nIf you are using \"import\" in your source code, then it's possible it was bundled into require() automatically by your bundler. In that case, do not bundle CommonJS output since it will never work with Vitest, or use dynamic import() which is available in all CommonJS modules.","level":"\u001b[31merror\u001b[39m","message":"\u001b[31mFailed to load command: /home/codedex/projects/DeXMart/src/commands/status-all/report-lines.test.ts\u001b[39m","timestamp":"2026-04-07 22:22:05:225"}
{"level":"\u001b[32minfo\u001b[39m","message":"\u001b[32m🎉 High-Speed Load Complete: 93 commands in 5569ms\u001b[39m","timestamp":"2026-04-07 22:22:05:225"}
{"level":"\u001b[32minfo\u001b[39m","message":"\u001b[32m>>> [MASTERMIND] Command loading finished. Getting mock bot...\u001b[39m","timestamp":"2026-04-07 22:22:05:225"}
{"level":"\u001b[32minfo\u001b[39m","message":"\u001b[32m✅ Global Context initialized successfully\u001b[39m","timestamp":"2026-04-07 22:22:05:225"}
{"level":"\u001b[32minfo\u001b[39m","message":"\u001b[32m>>> [MASTERMIND] Global Context initialized successfully\u001b[39m","timestamp":"2026-04-07 22:22:05:225"}
{"level":"\u001b[32minfo\u001b[39m","message":"\u001b[32m>>> [MASTERMIND] Global Context initialized.\u001b[39m","timestamp":"2026-04-07 22:22:05:225"}
{"level":"\u001b[32minfo\u001b[39m","message":"\u001b[32m>>> [MASTERMIND] Initializing Job Registry...\u001b[39m","timestamp":"2026-04-07 22:22:05:225"}
{"level":"\u001b[32minfo\u001b[39m","message":"\u001b[32m[ApiKeyManager] Initialized Universal Manager with 12 keys (Semantic Cache Enabled)\u001b[39m","timestamp":"2026-04-07 22:22:05:225"}
{"level":"\u001b[32minfo\u001b[39m","message":"\u001b[32mAIUtilityService initialized with 12 API keys (12 healthy)\u001b[39m","timestamp":"2026-04-07 22:22:05:225"}
{"level":"\u001b[32minfo\u001b[39m","message":"\u001b[32mInitializing job queues...\u001b[39m","timestamp":"2026-04-07 22:22:05:225"}
{"level":"\u001b[32minfo\u001b[39m","message":"\u001b[32mQueue 'ai-processing' created successfully\u001b[39m","timestamp":"2026-04-07 22:22:05:225"}
{"level":"\u001b[32minfo\u001b[39m","message":"\u001b[32mQueue 'media-processing' created successfully\u001b[39m","timestamp":"2026-04-07 22:22:05:225"}
{"level":"\u001b[32minfo\u001b[39m","message":"\u001b[32mQueue 'notification' created successfully\u001b[39m","timestamp":"2026-04-07 22:22:05:225"}
{"level":"\u001b[32minfo\u001b[39m","message":"\u001b[32mQueue 'analytics' created successfully\u001b[39m","timestamp":"2026-04-07 22:22:05:225"}
{"level":"\u001b[32minfo\u001b[39m","message":"\u001b[32mQueue 'cleanup' created successfully\u001b[39m","timestamp":"2026-04-07 22:22:05:225"}
{"level":"\u001b[32minfo\u001b[39m","message":"\u001b[32mQueue 'whatsapp-outbound' created successfully\u001b[39m","timestamp":"2026-04-07 22:22:05:225"}
{"level":"\u001b[32minfo\u001b[39m","message":"\u001b[32mQueue 'group-sync' created successfully\u001b[39m","timestamp":"2026-04-07 22:22:05:225"}
{"level":"\u001b[32minfo\u001b[39m","message":"\u001b[32mAll job queues initialized successfully\u001b[39m","timestamp":"2026-04-07 22:22:05:225"}
{"level":"\u001b[32minfo\u001b[39m","message":"\u001b[32mRegistering job processors...\u001b[39m","timestamp":"2026-04-07 22:22:05:225"}
{"level":"\u001b[32minfo\u001b[39m","message":"\u001b[32mRegistered BullMQ worker for queue 'ai-processing'\u001b[39m","timestamp":"2026-04-07 22:22:05:225"}
{"level":"\u001b[32minfo\u001b[39m","message":"\u001b[32mRegistered BullMQ worker for queue 'media-processing'\u001b[39m","timestamp":"2026-04-07 22:22:05:225"}
{"level":"\u001b[32minfo\u001b[39m","message":"\u001b[32mStatsAggregatorJob initialized\u001b[39m","timestamp":"2026-04-07 22:22:05:225"}
{"level":"\u001b[32minfo\u001b[39m","message":"\u001b[32mInitializing WhatsApp Outbound Worker (Anti-Ban enabled)...\u001b[39m","timestamp":"2026-04-07 22:22:05:225"}
{"level":"\u001b[32minfo\u001b[39m","message":"\u001b[32mRegistered BullMQ worker for queue 'whatsapp-outbound'\u001b[39m","timestamp":"2026-04-07 22:22:05:225"}
{"level":"\u001b[32minfo\u001b[39m","message":"\u001b[32m[GroupSyncWorker] Initializing Group Sync Worker...\u001b[39m","timestamp":"2026-04-07 22:22:05:225"}
{"level":"\u001b[32minfo\u001b[39m","message":"\u001b[32mRegistered BullMQ worker for queue 'group-sync'\u001b[39m","timestamp":"2026-04-07 22:22:05:225"}
{"level":"\u001b[32minfo\u001b[39m","message":"\u001b[32m[GroupSyncWorker] Group Sync Worker registered and listening\u001b[39m","timestamp":"2026-04-07 22:22:05:225"}
{"level":"\u001b[32minfo\u001b[39m","message":"\u001b[32mInitializing Anti-Ban Resume Worker (Interval: 20000ms)...\u001b[39m","timestamp":"2026-04-07 22:22:05:225"}
{"level":"\u001b[32minfo\u001b[39m","message":"\u001b[32mAll job processors registered successfully\u001b[39m","timestamp":"2026-04-07 22:22:05:225"}
{"level":"\u001b[32minfo\u001b[39m","message":"\u001b[32m>>> [MASTERMIND] Initializing Campaign Worker...\u001b[39m","timestamp":"2026-04-07 22:22:05:225"}
{"level":"\u001b[32minfo\u001b[39m","message":"\u001b[32mCampaignWorker initialized with Omnichannel Adapter + Anti-Ban Engine\u001b[39m","timestamp":"2026-04-07 22:22:05:225"}
{"level":"\u001b[32minfo\u001b[39m","message":"\u001b[32m>>> [MASTERMIND] Campaign Worker call finished.\u001b[39m","timestamp":"2026-04-07 22:22:05:225"}
{"level":"\u001b[32minfo\u001b[39m","message":"\u001b[32m>>> [MASTERMIND] USE_SERVER is true. Initializing MultiTenantApp...\u001b[39m","timestamp":"2026-04-07 22:22:05:225"}
{"level":"\u001b[32minfo\u001b[39m","message":"\u001b[32mInitializing Multi-tenant DeXMart SaaS Platform...\u001b[39m","timestamp":"2026-04-07 22:22:05:225"}
{"level":"\u001b[32minfo\u001b[39m","message":"\u001b[32m>>> [MASTERMIND] Setting up server middleware...\u001b[39m","timestamp":"2026-04-07 22:22:05:225"}
{"level":"\u001b[32minfo\u001b[39m","message":"\u001b[32m>>> [MASTERMIND] Setting up server routes...\u001b[39m","timestamp":"2026-04-07 22:22:05:225"}
{"level":"\u001b[32minfo\u001b[39m","message":"\u001b[32m>>> [MASTERMIND] Initializing Analytics Service...\u001b[39m","timestamp":"2026-04-07 22:22:05:225"}
{"level":"\u001b[32minfo\u001b[39m","message":"\u001b[32mWebSocket server started on port 3002\u001b[39m","timestamp":"2026-04-07 22:22:05:225"}
{"level":"\u001b[32minfo\u001b[39m","message":"\u001b[32m>>> [MASTERMIND] Enterprise Analytics Gateway online at port 3002\u001b[39m","timestamp":"2026-04-07 22:22:05:225"}
{"level":"\u001b[32minfo\u001b[39m","message":"\u001b[32m>>> [MASTERMIND] Initializing Unified WebSockets...\u001b[39m","timestamp":"2026-04-07 22:22:05:225"}
{"level":"\u001b[32minfo\u001b[39m","message":"\u001b[32mUnified Socket Service initialized\u001b[39m","timestamp":"2026-04-07 22:22:05:225"}
{"level":"\u001b[32minfo\u001b[39m","message":"\u001b[32m>>> [MASTERMIND] Initializing additional services...\u001b[39m","timestamp":"2026-04-07 22:22:05:225"}
{"level":"\u001b[32minfo\u001b[39m","message":"\u001b[32m>>> [MASTERMIND] Starting active tenant bots...\u001b[39m","timestamp":"2026-04-07 22:22:05:225"}
{"level":"\u001b[32minfo\u001b[39m","message":"\u001b[32mStarting active tenant channels...\u001b[39m","timestamp":"2026-04-07 22:22:05:225"}
{"level":"\u001b[32minfo\u001b[39m","message":"\u001b[32m>>> [MASTERMIND] Resuming all active channels...\u001b[39m","timestamp":"2026-04-07 22:22:05:225"}
{"level":"\u001b[32minfo\u001b[39m","message":"\u001b[32mUsing application default credentials\u001b[39m","timestamp":"2026-04-07 22:22:05:225"}
{"level":"\u001b[32minfo\u001b[39m","message":"\u001b[32mInitializing Firebase Admin...\u001b[39m","timestamp":"2026-04-07 22:22:05:225"}
{"level":"\u001b[32minfo\u001b[39m","message":"\u001b[32m🔥 Firebase Admin Initialized (Project: dexmart)\u001b[39m","timestamp":"2026-04-07 22:22:05:225"}
{"error":"Could not load the default credentials. Browse to https://cloud.google.com/docs/authentication/getting-started for more information.","level":"\u001b[31merror\u001b[39m","message":"\u001b[31mFirestore getCollection error [tenants] (Tenant: undefined):\u001b[39m","stack":"Error: Could not load the default credentials. Browse to https://cloud.google.com/docs/authentication/getting-started for more information.\n    at GoogleAuth.getApplicationDefaultAsync (/home/codedex/projects/DeXMart/node_modules/.pnpm/google-auth-library@9.15.1/node_modules/google-auth-library/build/src/auth/googleauth.js:287:15)\n    at async GoogleAuth._GoogleAuth_determineClient (/home/codedex/projects/DeXMart/node_modules/.pnpm/google-auth-library@9.15.1/node_modules/google-auth-library/build/src/auth/googleauth.js:834:32)\n    at async GoogleAuth.getClient (/home/codedex/projects/DeXMart/node_modules/.pnpm/google-auth-library@9.15.1/node_modules/google-auth-library/build/src/auth/googleauth.js:698:20)\n    at async GrpcClient._getCredentials (/home/codedex/projects/DeXMart/node_modules/.pnpm/google-gax@4.6.1/node_modules/google-gax/src/grpc.ts:209:20)\n    at async GrpcClient.createStub (/home/codedex/projects/DeXMart/node_modules/.pnpm/google-gax@4.6.1/node_modules/google-gax/src/grpc.ts:426:19)\nCaused by: Error\n    at QueryUtil._getResponse (/home/codedex/projects/DeXMart/node_modules/.pnpm/@google-cloud+firestore@7.11.6/node_modules/@google-cloud/firestore/build/src/reference/query-util.js:44:23)\n    at CollectionReference._getResponse (/home/codedex/projects/DeXMart/node_modules/.pnpm/@google-cloud+firestore@7.11.6/node_modules/@google-cloud/firestore/build/src/reference/query.js:784:32)\n    at CollectionReference._get (/home/codedex/projects/DeXMart/node_modules/.pnpm/@google-cloud+firestore@7.11.6/node_modules/@google-cloud/firestore/build/src/reference/query.js:777:35)\n    at /home/codedex/projects/DeXMart/node_modules/.pnpm/@google-cloud+firestore@7.11.6/node_modules/@google-cloud/firestore/build/src/reference/query.js:745:43\n    at /home/codedex/projects/DeXMart/node_modules/.pnpm/@google-cloud+firestore@7.11.6/node_modules/@google-cloud/firestore/build/src/telemetry/enabled-trace-util.js:110:30\n    at NoopContextManager.with (/home/codedex/projects/DeXMart/node_modules/.pnpm/@opentelemetry+api@1.9.0/node_modules/@opentelemetry/api/src/context/NoopContextManager.ts:31:15)\n    at ContextAPI.with (/home/codedex/projects/DeXMart/node_modules/.pnpm/@opentelemetry+api@1.9.0/node_modules/@opentelemetry/api/src/api/context.ts:77:42)\n    at NoopTracer.startActiveSpan (/home/codedex/projects/DeXMart/node_modules/.pnpm/@opentelemetry+api@1.9.0/node_modules/@opentelemetry/api/src/trace/NoopTracer.ts:98:27)\n    at ProxyTracer.startActiveSpan (/home/codedex/projects/DeXMart/node_modules/.pnpm/@opentelemetry+api@1.9.0/node_modules/@opentelemetry/api/src/trace/ProxyTracer.ts:51:20)\n    at EnabledTraceUtil.startActiveSpan (/home/codedex/projects/DeXMart/node_modules/.pnpm/@google-cloud+firestore@7.11.6/node_modules/@google-cloud/firestore/build/src/telemetry/enabled-trace-util.js:102:28)","timestamp":"2026-04-07 22:22:12:2212"}
{"error":"Could not load the default credentials. Browse to https://cloud.google.com/docs/authentication/getting-started for more information.","level":"\u001b[31merror\u001b[39m","message":"\u001b[31mMultiTenantService.listTenants error:\u001b[39m","stack":"Error: Could not load the default credentials. Browse to https://cloud.google.com/docs/authentication/getting-started for more information.\n    at GoogleAuth.getApplicationDefaultAsync (/home/codedex/projects/DeXMart/node_modules/.pnpm/google-auth-library@9.15.1/node_modules/google-auth-library/build/src/auth/googleauth.js:287:15)\n    at async GoogleAuth._GoogleAuth_determineClient (/home/codedex/projects/DeXMart/node_modules/.pnpm/google-auth-library@9.15.1/node_modules/google-auth-library/build/src/auth/googleauth.js:834:32)\n    at async GoogleAuth.getClient (/home/codedex/projects/DeXMart/node_modules/.pnpm/google-auth-library@9.15.1/node_modules/google-auth-library/build/src/auth/googleauth.js:698:20)\n    at async GrpcClient._getCredentials (/home/codedex/projects/DeXMart/node_modules/.pnpm/google-gax@4.6.1/node_modules/google-gax/src/grpc.ts:209:20)\n    at async GrpcClient.createStub (/home/codedex/projects/DeXMart/node_modules/.pnpm/google-gax@4.6.1/node_modules/google-gax/src/grpc.ts:426:19)\nCaused by: Error\n    at QueryUtil._getResponse (/home/codedex/projects/DeXMart/node_modules/.pnpm/@google-cloud+firestore@7.11.6/node_modules/@google-cloud/firestore/build/src/reference/query-util.js:44:23)\n    at CollectionReference._getResponse (/home/codedex/projects/DeXMart/node_modules/.pnpm/@google-cloud+firestore@7.11.6/node_modules/@google-cloud/firestore/build/src/reference/query.js:784:32)\n    at CollectionReference._get (/home/codedex/projects/DeXMart/node_modules/.pnpm/@google-cloud+firestore@7.11.6/node_modules/@google-cloud/firestore/build/src/reference/query.js:777:35)\n    at /home/codedex/projects/DeXMart/node_modules/.pnpm/@google-cloud+firestore@7.11.6/node_modules/@google-cloud/firestore/build/src/reference/query.js:745:43\n    at /home/codedex/projects/DeXMart/node_modules/.pnpm/@google-cloud+firestore@7.11.6/node_modules/@google-cloud/firestore/build/src/telemetry/enabled-trace-util.js:110:30\n    at NoopContextManager.with (/home/codedex/projects/DeXMart/node_modules/.pnpm/@opentelemetry+api@1.9.0/node_modules/@opentelemetry/api/src/context/NoopContextManager.ts:31:15)\n    at ContextAPI.with (/home/codedex/projects/DeXMart/node_modules/.pnpm/@opentelemetry+api@1.9.0/node_modules/@opentelemetry/api/src/api/context.ts:77:42)\n    at NoopTracer.startActiveSpan (/home/codedex/projects/DeXMart/node_modules/.pnpm/@opentelemetry+api@1.9.0/node_modules/@opentelemetry/api/src/trace/NoopTracer.ts:98:27)\n    at ProxyTracer.startActiveSpan (/home/codedex/projects/DeXMart/node_modules/.pnpm/@opentelemetry+api@1.9.0/node_modules/@opentelemetry/api/src/trace/ProxyTracer.ts:51:20)\n    at EnabledTraceUtil.startActiveSpan (/home/codedex/projects/DeXMart/node_modules/.pnpm/@google-cloud+firestore@7.11.6/node_modules/@google-cloud/firestore/build/src/telemetry/enabled-trace-util.js:102:28)","timestamp":"2026-04-07 22:22:12:2212"}
{"level":"\u001b[32minfo\u001b[39m","message":"\u001b[32m[ChannelService] Successfully queued 0 channels for resumption.\u001b[39m","timestamp":"2026-04-07 22:22:12:2212"}
{"level":"\u001b[32minfo\u001b[39m","message":"\u001b[32mMulti-tenant app initialized successfully\u001b[39m","timestamp":"2026-04-07 22:22:12:2212"}
{"level":"\u001b[32minfo\u001b[39m","message":"\u001b[32m>>> [MASTERMIND] MultiTenantApp initialized.\u001b[39m","timestamp":"2026-04-07 22:22:12:2212"}
{"level":"\u001b[32minfo\u001b[39m","message":"\u001b[32m>>> [MASTERMIND] Attempting to listen on port 3001...\u001b[39m","timestamp":"2026-04-07 22:22:12:2212"}
{"level":"\u001b[32minfo\u001b[39m","message":"\u001b[32m>>> [MASTERMIND] MultiTenantApp started.\u001b[39m","timestamp":"2026-04-07 22:22:12:2212"}
{"level":"\u001b[32minfo\u001b[39m","message":"\u001b[32m>>> [MASTERMIND] Starting ChannelService watchdog (interval: 60000ms)\u001b[39m","timestamp":"2026-04-07 22:22:12:2212"}
{"level":"\u001b[32minfo\u001b[39m","message":"\u001b[32m[EventListener] Starting agent event listener\u001b[39m","timestamp":"2026-04-07 22:22:12:2212"}
{"level":"\u001b[32minfo\u001b[39m","message":"\u001b[32m✨ DeXMart is ready!\u001b[39m","timestamp":"2026-04-07 22:22:12:2212"}
{"level":"\u001b[32minfo\u001b[39m","message":"\u001b[32m>>> [MASTERMIND] Multi-tenant DeXMart server running on port 3001\u001b[39m","timestamp":"2026-04-07 22:22:12:2212"}
{"duration":300714232,"level":"\u001b[32minfo\u001b[39m","message":"\u001b[32mPerformance: memory_heap_used = 300714232 bytes\u001b[39m","operation":"memory_heap_used","timestamp":"2026-04-07 22:22:25:2225","unit":"bytes"}
{"duration":425480192,"level":"\u001b[32minfo\u001b[39m","message":"\u001b[32mPerformance: memory_heap_total = 425480192 bytes\u001b[39m","operation":"memory_heap_total","timestamp":"2026-04-07 22:22:25:2225","unit":"bytes"}
{"duration":681705472,"level":"\u001b[32minfo\u001b[39m","message":"\u001b[32mPerformance: memory_rss = 681705472 bytes\u001b[39m","operation":"memory_rss","timestamp":"2026-04-07 22:22:25:2225","unit":"bytes"}
{"duration":38184941,"level":"\u001b[32minfo\u001b[39m","message":"\u001b[32mPerformance: memory_external = 38184941 bytes\u001b[39m","operation":"memory_external","timestamp":"2026-04-07 22:22:25:2225","unit":"bytes"}
{"duration":6201530,"level":"\u001b[32minfo\u001b[39m","message":"\u001b[32mPerformance: cpu_user_time = 6201530 microseconds\u001b[39m","operation":"cpu_user_time","timestamp":"2026-04-07 22:22:25:2225","unit":"microseconds"}
{"duration":2441000,"level":"\u001b[32minfo\u001b[39m","message":"\u001b[32mPerformance: cpu_system_time = 2441000 microseconds\u001b[39m","operation":"cpu_system_time","timestamp":"2026-04-07 22:22:25:2225","unit":"microseconds"}
{"duration":31.106045135,"level":"\u001b[32minfo\u001b[39m","message":"\u001b[32mPerformance: process_uptime = 31.106045135 seconds\u001b[39m","operation":"process_uptime","timestamp":"2026-04-07 22:22:25:2225","unit":"seconds"}
{"duration":0.521156,"level":"\u001b[32minfo\u001b[39m","message":"\u001b[32mPerformance: event_loop_lag = 0.521156 milliseconds\u001b[39m","operation":"event_loop_lag","timestamp":"2026-04-07 22:22:25:2225","unit":"milliseconds"}
{"duration":302312848,"level":"\u001b[32minfo\u001b[39m","message":"\u001b[32mPerformance: memory_heap_used = 302312848 bytes\u001b[39m","operation":"memory_heap_used","timestamp":"2026-04-07 22:22:55:2255","unit":"bytes"}
{"duration":425480192,"level":"\u001b[32minfo\u001b[39m","message":"\u001b[32mPerformance: memory_heap_total = 425480192 bytes\u001b[39m","operation":"memory_heap_total","timestamp":"2026-04-07 22:22:55:2255","unit":"bytes"}
{"duration":681836544,"level":"\u001b[32minfo\u001b[39m","message":"\u001b[32mPerformance: memory_rss = 681836544 bytes\u001b[39m","operation":"memory_rss","timestamp":"2026-04-07 22:22:55:2255","unit":"bytes"}
{"duration":38210487,"level":"\u001b[32minfo\u001b[39m","message":"\u001b[32mPerformance: memory_external = 38210487 bytes\u001b[39m","operation":"memory_external","timestamp":"2026-04-07 22:22:55:2255","unit":"bytes"}
{"duration":6254030,"level":"\u001b[32minfo\u001b[39m","message":"\u001b[32mPerformance: cpu_user_time = 6254030 microseconds\u001b[39m","operation":"cpu_user_time","timestamp":"2026-04-07 22:22:55:2255","unit":"microseconds"}
{"duration":2443478,"level":"\u001b[32minfo\u001b[39m","message":"\u001b[32mPerformance: cpu_system_time = 2443478 microseconds\u001b[39m","operation":"cpu_system_time","timestamp":"2026-04-07 22:22:55:2255","unit":"microseconds"}
{"duration":61.107267625,"level":"\u001b[32minfo\u001b[39m","message":"\u001b[32mPerformance: process_uptime = 61.107267625 seconds\u001b[39m","operation":"process_uptime","timestamp":"2026-04-07 22:22:55:2255","unit":"seconds"}
{"duration":0.411982,"level":"\u001b[32minfo\u001b[39m","message":"\u001b[32mPerformance: event_loop_lag = 0.411982 milliseconds\u001b[39m","operation":"event_loop_lag","timestamp":"2026-04-07 22:22:55:2255","unit":"milliseconds"}
{"level":"\u001b[32minfo\u001b[39m","message":"\u001b[32m>>> [MASTERMIND] Resuming all active channels...\u001b[39m","timestamp":"2026-04-07 22:23:12:2312"}
{"error":"Could not load the default credentials. Browse to https://cloud.google.com/docs/authentication/getting-started for more information.","level":"\u001b[31merror\u001b[39m","message":"\u001b[31mFirestore getCollection error [tenants] (Tenant: undefined):\u001b[39m","stack":"Error: Could not load the default credentials. Browse to https://cloud.google.com/docs/authentication/getting-started for more information.\n    at GoogleAuth.getApplicationDefaultAsync (/home/codedex/projects/DeXMart/node_modules/.pnpm/google-auth-library@9.15.1/node_modules/google-auth-library/build/src/auth/googleauth.js:287:15)\n    at async GoogleAuth._GoogleAuth_determineClient (/home/codedex/projects/DeXMart/node_modules/.pnpm/google-auth-library@9.15.1/node_modules/google-auth-library/build/src/auth/googleauth.js:834:32)\n    at async GoogleAuth.getClient (/home/codedex/projects/DeXMart/node_modules/.pnpm/google-auth-library@9.15.1/node_modules/google-auth-library/build/src/auth/googleauth.js:698:20)\n    at async GrpcClient._getCredentials (/home/codedex/projects/DeXMart/node_modules/.pnpm/google-gax@4.6.1/node_modules/google-gax/src/grpc.ts:209:20)\n    at async GrpcClient.createStub (/home/codedex/projects/DeXMart/node_modules/.pnpm/google-gax@4.6.1/node_modules/google-gax/src/grpc.ts:426:19)\nCaused by: Error\n    at QueryUtil._getResponse (/home/codedex/projects/DeXMart/node_modules/.pnpm/@google-cloud+firestore@7.11.6/node_modules/@google-cloud/firestore/build/src/reference/query-util.js:44:23)\n    at CollectionReference._getResponse (/home/codedex/projects/DeXMart/node_modules/.pnpm/@google-cloud+firestore@7.11.6/node_modules/@google-cloud/firestore/build/src/reference/query.js:784:32)\n    at CollectionReference._get (/home/codedex/projects/DeXMart/node_modules/.pnpm/@google-cloud+firestore@7.11.6/node_modules/@google-cloud/firestore/build/src/reference/query.js:777:35)\n    at /home/codedex/projects/DeXMart/node_modules/.pnpm/@google-cloud+firestore@7.11.6/node_modules/@google-cloud/firestore/build/src/reference/query.js:745:43\n    at /home/codedex/projects/DeXMart/node_modules/.pnpm/@google-cloud+firestore@7.11.6/node_modules/@google-cloud/firestore/build/src/telemetry/enabled-trace-util.js:110:30\n    at NoopContextManager.with (/home/codedex/projects/DeXMart/node_modules/.pnpm/@opentelemetry+api@1.9.0/node_modules/@opentelemetry/api/src/context/NoopContextManager.ts:31:15)\n    at ContextAPI.with (/home/codedex/projects/DeXMart/node_modules/.pnpm/@opentelemetry+api@1.9.0/node_modules/@opentelemetry/api/src/api/context.ts:77:42)\n    at NoopTracer.startActiveSpan (/home/codedex/projects/DeXMart/node_modules/.pnpm/@opentelemetry+api@1.9.0/node_modules/@opentelemetry/api/src/trace/NoopTracer.ts:98:27)\n    at ProxyTracer.startActiveSpan (/home/codedex/projects/DeXMart/node_modules/.pnpm/@opentelemetry+api@1.9.0/node_modules/@opentelemetry/api/src/trace/ProxyTracer.ts:51:20)\n    at EnabledTraceUtil.startActiveSpan (/home/codedex/projects/DeXMart/node_modules/.pnpm/@google-cloud+firestore@7.11.6/node_modules/@google-cloud/firestore/build/src/telemetry/enabled-trace-util.js:102:28)","timestamp":"2026-04-07 22:23:20:2320"}
{"error":"Could not load the default credentials. Browse to https://cloud.google.com/docs/authentication/getting-started for more information.","level":"\u001b[31merror\u001b[39m","message":"\u001b[31mMultiTenantService.listTenants error:\u001b[39m","stack":"Error: Could not load the default credentials. Browse to https://cloud.google.com/docs/authentication/getting-started for more information.\n    at GoogleAuth.getApplicationDefaultAsync (/home/codedex/projects/DeXMart/node_modules/.pnpm/google-auth-library@9.15.1/node_modules/google-auth-library/build/src/auth/googleauth.js:287:15)\n    at async GoogleAuth._GoogleAuth_determineClient (/home/codedex/projects/DeXMart/node_modules/.pnpm/google-auth-library@9.15.1/node_modules/google-auth-library/build/src/auth/googleauth.js:834:32)\n    at async GoogleAuth.getClient (/home/codedex/projects/DeXMart/node_modules/.pnpm/google-auth-library@9.15.1/node_modules/google-auth-library/build/src/auth/googleauth.js:698:20)\n    at async GrpcClient._getCredentials (/home/codedex/projects/DeXMart/node_modules/.pnpm/google-gax@4.6.1/node_modules/google-gax/src/grpc.ts:209:20)\n    at async GrpcClient.createStub (/home/codedex/projects/DeXMart/node_modules/.pnpm/google-gax@4.6.1/node_modules/google-gax/src/grpc.ts:426:19)\nCaused by: Error\n    at QueryUtil._getResponse (/home/codedex/projects/DeXMart/node_modules/.pnpm/@google-cloud+firestore@7.11.6/node_modules/@google-cloud/firestore/build/src/reference/query-util.js:44:23)\n    at CollectionReference._getResponse (/home/codedex/projects/DeXMart/node_modules/.pnpm/@google-cloud+firestore@7.11.6/node_modules/@google-cloud/firestore/build/src/reference/query.js:784:32)\n    at CollectionReference._get (/home/codedex/projects/DeXMart/node_modules/.pnpm/@google-cloud+firestore@7.11.6/node_modules/@google-cloud/firestore/build/src/reference/query.js:777:35)\n    at /home/codedex/projects/DeXMart/node_modules/.pnpm/@google-cloud+firestore@7.11.6/node_modules/@google-cloud/firestore/build/src/reference/query.js:745:43\n    at /home/codedex/projects/DeXMart/node_modules/.pnpm/@google-cloud+firestore@7.11.6/node_modules/@google-cloud/firestore/build/src/telemetry/enabled-trace-util.js:110:30\n    at NoopContextManager.with (/home/codedex/projects/DeXMart/node_modules/.pnpm/@opentelemetry+api@1.9.0/node_modules/@opentelemetry/api/src/context/NoopContextManager.ts:31:15)\n    at ContextAPI.with (/home/codedex/projects/DeXMart/node_modules/.pnpm/@opentelemetry+api@1.9.0/node_modules/@opentelemetry/api/src/api/context.ts:77:42)\n    at NoopTracer.startActiveSpan (/home/codedex/projects/DeXMart/node_modules/.pnpm/@opentelemetry+api@1.9.0/node_modules/@opentelemetry/api/src/trace/NoopTracer.ts:98:27)\n    at ProxyTracer.startActiveSpan (/home/codedex/projects/DeXMart/node_modules/.pnpm/@opentelemetry+api@1.9.0/node_modules/@opentelemetry/api/src/trace/ProxyTracer.ts:51:20)\n    at EnabledTraceUtil.startActiveSpan (/home/codedex/projects/DeXMart/node_modules/.pnpm/@google-cloud+firestore@7.11.6/node_modules/@google-cloud/firestore/build/src/telemetry/enabled-trace-util.js:102:28)","timestamp":"2026-04-07 22:23:20:2320"}
{"level":"\u001b[32minfo\u001b[39m","message":"\u001b[32m[ChannelService] Successfully queued 0 channels for resumption.\u001b[39m","timestamp":"2026-04-07 22:23:20:2320"}
{"duration":304533776,"level":"\u001b[32minfo\u001b[39m","message":"\u001b[32mPerformance: memory_heap_used = 304533776 bytes\u001b[39m","operation":"memory_heap_used","timestamp":"2026-04-07 22:23:25:2325","unit":"bytes"}
{"duration":425742336,"level":"\u001b[32minfo\u001b[39m","message":"\u001b[32mPerformance: memory_heap_total = 425742336 bytes\u001b[39m","operation":"memory_heap_total","timestamp":"2026-04-07 22:23:25:2325","unit":"bytes"}
{"duration":681836544,"level":"\u001b[32minfo\u001b[39m","message":"\u001b[32mPerformance: memory_rss = 681836544 bytes\u001b[39m","operation":"memory_rss","timestamp":"2026-04-07 22:23:25:2325","unit":"bytes"}
{"duration":38268810,"level":"\u001b[32minfo\u001b[39m","message":"\u001b[32mPerformance: memory_external = 38268810 bytes\u001b[39m","operation":"memory_external","timestamp":"2026-04-07 22:23:25:2325","unit":"bytes"}
{"duration":6295850,"level":"\u001b[32minfo\u001b[39m","message":"\u001b[32mPerformance: cpu_user_time = 6295850 microseconds\u001b[39m","operation":"cpu_user_time","timestamp":"2026-04-07 22:23:25:2325","unit":"microseconds"}
{"duration":2462602,"level":"\u001b[32minfo\u001b[39m","message":"\u001b[32mPerformance: cpu_system_time = 2462602 microseconds\u001b[39m","operation":"cpu_system_time","timestamp":"2026-04-07 22:23:25:2325","unit":"microseconds"}
{"duration":91.110389289,"level":"\u001b[32minfo\u001b[39m","message":"\u001b[32mPerformance: process_uptime = 91.110389289 seconds\u001b[39m","operation":"process_uptime","timestamp":"2026-04-07 22:23:25:2325","unit":"seconds"}
{"duration":0.424686,"level":"\u001b[32minfo\u001b[39m","message":"\u001b[32mPerformance: event_loop_lag = 0.424686 milliseconds\u001b[39m","operation":"event_loop_lag","timestamp":"2026-04-07 22:23:25:2325","unit":"milliseconds"}
{"duration":259141608,"level":"\u001b[32minfo\u001b[39m","message":"\u001b[32mPerformance: memory_heap_used = 259141608 bytes\u001b[39m","operation":"memory_heap_used","timestamp":"2026-04-07 22:23:55:2355","unit":"bytes"}
{"duration":275300352,"level":"\u001b[32minfo\u001b[39m","message":"\u001b[32mPerformance: memory_heap_total = 275300352 bytes\u001b[39m","operation":"memory_heap_total","timestamp":"2026-04-07 22:23:55:2355","unit":"bytes"}
{"duration":496320512,"level":"\u001b[32minfo\u001b[39m","message":"\u001b[32mPerformance: memory_rss = 496320512 bytes\u001b[39m","operation":"memory_rss","timestamp":"2026-04-07 22:23:55:2355","unit":"bytes"}
{"duration":24291395,"level":"\u001b[32minfo\u001b[39m","message":"\u001b[32mPerformance: memory_external = 24291395 bytes\u001b[39m","operation":"memory_external","timestamp":"2026-04-07 22:23:55:2355","unit":"bytes"}
{"duration":6715564,"level":"\u001b[32minfo\u001b[39m","message":"\u001b[32mPerformance: cpu_user_time = 6715564 microseconds\u001b[39m","operation":"cpu_user_time","timestamp":"2026-04-07 22:23:55:2355","unit":"microseconds"}
{"duration":2538741,"level":"\u001b[32minfo\u001b[39m","message":"\u001b[32mPerformance: cpu_system_time = 2538741 microseconds\u001b[39m","operation":"cpu_system_time","timestamp":"2026-04-07 22:23:55:2355","unit":"microseconds"}
{"duration":121.111040085,"level":"\u001b[32minfo\u001b[39m","message":"\u001b[32mPerformance: process_uptime = 121.111040085 seconds\u001b[39m","operation":"process_uptime","timestamp":"2026-04-07 22:23:55:2355","unit":"seconds"}
{"duration":0.464531,"level":"\u001b[32minfo\u001b[39m","message":"\u001b[32mPerformance: event_loop_lag = 0.464531 milliseconds\u001b[39m","operation":"event_loop_lag","timestamp":"2026-04-07 22:23:55:2355","unit":"milliseconds"}
{"level":"\u001b[32minfo\u001b[39m","message":"\u001b[32m>>> [MASTERMIND] Resuming all active channels...\u001b[39m","timestamp":"2026-04-07 22:24:12:2412"}
{"error":"Could not load the default credentials. Browse to https://cloud.google.com/docs/authentication/getting-started for more information.","level":"\u001b[31merror\u001b[39m","message":"\u001b[31mFirestore getCollection error [tenants] (Tenant: undefined):\u001b[39m","stack":"Error: Could not load the default credentials. Browse to https://cloud.google.com/docs/authentication/getting-started for more information.\n    at GoogleAuth.getApplicationDefaultAsync (/home/codedex/projects/DeXMart/node_modules/.pnpm/google-auth-library@9.15.1/node_modules/google-auth-library/build/src/auth/googleauth.js:287:15)\n    at async GoogleAuth._GoogleAuth_determineClient (/home/codedex/projects/DeXMart/node_modules/.pnpm/google-auth-library@9.15.1/node_modules/google-auth-library/build/src/auth/googleauth.js:834:32)\n    at async GoogleAuth.getClient (/home/codedex/projects/DeXMart/node_modules/.pnpm/google-auth-library@9.15.1/node_modules/google-auth-library/build/src/auth/googleauth.js:698:20)\n    at async GrpcClient._getCredentials (/home/codedex/projects/DeXMart/node_modules/.pnpm/google-gax@4.6.1/node_modules/google-gax/src/grpc.ts:209:20)\n    at async GrpcClient.createStub (/home/codedex/projects/DeXMart/node_modules/.pnpm/google-gax@4.6.1/node_modules/google-gax/src/grpc.ts:426:19)\nCaused by: Error\n    at QueryUtil._getResponse (/home/codedex/projects/DeXMart/node_modules/.pnpm/@google-cloud+firestore@7.11.6/node_modules/@google-cloud/firestore/build/src/reference/query-util.js:44:23)\n    at CollectionReference._getResponse (/home/codedex/projects/DeXMart/node_modules/.pnpm/@google-cloud+firestore@7.11.6/node_modules/@google-cloud/firestore/build/src/reference/query.js:784:32)\n    at CollectionReference._get (/home/codedex/projects/DeXMart/node_modules/.pnpm/@google-cloud+firestore@7.11.6/node_modules/@google-cloud/firestore/build/src/reference/query.js:777:35)\n    at /home/codedex/projects/DeXMart/node_modules/.pnpm/@google-cloud+firestore@7.11.6/node_modules/@google-cloud/firestore/build/src/reference/query.js:745:43\n    at /home/codedex/projects/DeXMart/node_modules/.pnpm/@google-cloud+firestore@7.11.6/node_modules/@google-cloud/firestore/build/src/telemetry/enabled-trace-util.js:110:30\n    at NoopContextManager.with (/home/codedex/projects/DeXMart/node_modules/.pnpm/@opentelemetry+api@1.9.0/node_modules/@opentelemetry/api/src/context/NoopContextManager.ts:31:15)\n    at ContextAPI.with (/home/codedex/projects/DeXMart/node_modules/.pnpm/@opentelemetry+api@1.9.0/node_modules/@opentelemetry/api/src/api/context.ts:77:42)\n    at NoopTracer.startActiveSpan (/home/codedex/projects/DeXMart/node_modules/.pnpm/@opentelemetry+api@1.9.0/node_modules/@opentelemetry/api/src/trace/NoopTracer.ts:98:27)\n    at ProxyTracer.startActiveSpan (/home/codedex/projects/DeXMart/node_modules/.pnpm/@opentelemetry+api@1.9.0/node_modules/@opentelemetry/api/src/trace/ProxyTracer.ts:51:20)\n    at EnabledTraceUtil.startActiveSpan (/home/codedex/projects/DeXMart/node_modules/.pnpm/@google-cloud+firestore@7.11.6/node_modules/@google-cloud/firestore/build/src/telemetry/enabled-trace-util.js:102:28)","timestamp":"2026-04-07 22:24:17:2417"}
{"error":"Could not load the default credentials. Browse to https://cloud.google.com/docs/authentication/getting-started for more information.","level":"\u001b[31merror\u001b[39m","message":"\u001b[31mMultiTenantService.listTenants error:\u001b[39m","stack":"Error: Could not load the default credentials. Browse to https://cloud.google.com/docs/authentication/getting-started for more information.\n    at GoogleAuth.getApplicationDefaultAsync (/home/codedex/projects/DeXMart/node_modules/.pnpm/google-auth-library@9.15.1/node_modules/google-auth-library/build/src/auth/googleauth.js:287:15)\n    at async GoogleAuth._GoogleAuth_determineClient (/home/codedex/projects/DeXMart/node_modules/.pnpm/google-auth-library@9.15.1/node_modules/google-auth-library/build/src/auth/googleauth.js:834:32)\n    at async GoogleAuth.getClient (/home/codedex/projects/DeXMart/node_modules/.pnpm/google-auth-library@9.15.1/node_modules/google-auth-library/build/src/auth/googleauth.js:698:20)\n    at async GrpcClient._getCredentials (/home/codedex/projects/DeXMart/node_modules/.pnpm/google-gax@4.6.1/node_modules/google-gax/src/grpc.ts:209:20)\n    at async GrpcClient.createStub (/home/codedex/projects/DeXMart/node_modules/.pnpm/google-gax@4.6.1/node_modules/google-gax/src/grpc.ts:426:19)\nCaused by: Error\n    at QueryUtil._getResponse (/home/codedex/projects/DeXMart/node_modules/.pnpm/@google-cloud+firestore@7.11.6/node_modules/@google-cloud/firestore/build/src/reference/query-util.js:44:23)\n    at CollectionReference._getResponse (/home/codedex/projects/DeXMart/node_modules/.pnpm/@google-cloud+firestore@7.11.6/node_modules/@google-cloud/firestore/build/src/reference/query.js:784:32)\n    at CollectionReference._get (/home/codedex/projects/DeXMart/node_modules/.pnpm/@google-cloud+firestore@7.11.6/node_modules/@google-cloud/firestore/build/src/reference/query.js:777:35)\n    at /home/codedex/projects/DeXMart/node_modules/.pnpm/@google-cloud+firestore@7.11.6/node_modules/@google-cloud/firestore/build/src/reference/query.js:745:43\n    at /home/codedex/projects/DeXMart/node_modules/.pnpm/@google-cloud+firestore@7.11.6/node_modules/@google-cloud/firestore/build/src/telemetry/enabled-trace-util.js:110:30\n    at NoopContextManager.with (/home/codedex/projects/DeXMart/node_modules/.pnpm/@opentelemetry+api@1.9.0/node_modules/@opentelemetry/api/src/context/NoopContextManager.ts:31:15)\n    at ContextAPI.with (/home/codedex/projects/DeXMart/node_modules/.pnpm/@opentelemetry+api@1.9.0/node_modules/@opentelemetry/api/src/api/context.ts:77:42)\n    at NoopTracer.startActiveSpan (/home/codedex/projects/DeXMart/node_modules/.pnpm/@opentelemetry+api@1.9.0/node_modules/@opentelemetry/api/src/trace/NoopTracer.ts:98:27)\n    at ProxyTracer.startActiveSpan (/home/codedex/projects/DeXMart/node_modules/.pnpm/@opentelemetry+api@1.9.0/node_modules/@opentelemetry/api/src/trace/ProxyTracer.ts:51:20)\n    at EnabledTraceUtil.startActiveSpan (/home/codedex/projects/DeXMart/node_modules/.pnpm/@google-cloud+firestore@7.11.6/node_modules/@google-cloud/firestore/build/src/telemetry/enabled-trace-util.js:102:28)","timestamp":"2026-04-07 22:24:17:2417"}
{"level":"\u001b[32minfo\u001b[39m","message":"\u001b[32m[ChannelService] Successfully queued 0 channels for resumption.\u001b[39m","timestamp":"2026-04-07 22:24:17:2417"}
{"duration":259309224,"level":"\u001b[32minfo\u001b[39m","message":"\u001b[32mPerformance: memory_heap_used = 259309224 bytes\u001b[39m","operation":"memory_heap_used","timestamp":"2026-04-07 22:24:25:2425","unit":"bytes"}
{"duration":275300352,"level":"\u001b[32minfo\u001b[39m","message":"\u001b[32mPerformance: memory_heap_total = 275300352 bytes\u001b[39m","operation":"memory_heap_total","timestamp":"2026-04-07 22:24:25:2425","unit":"bytes"}
{"duration":497500160,"level":"\u001b[32minfo\u001b[39m","message":"\u001b[32mPerformance: memory_rss = 497500160 bytes\u001b[39m","operation":"memory_rss","timestamp":"2026-04-07 22:24:25:2425","unit":"bytes"}
{"duration":24315806,"level":"\u001b[32minfo\u001b[39m","message":"\u001b[32mPerformance: memory_external = 24315806 bytes\u001b[39m","operation":"memory_external","timestamp":"2026-04-07 22:24:25:2425","unit":"bytes"}
{"duration":6759120,"level":"\u001b[32minfo\u001b[39m","message":"\u001b[32mPerformance: cpu_user_time = 6759120 microseconds\u001b[39m","operation":"cpu_user_time","timestamp":"2026-04-07 22:24:25:2425","unit":"microseconds"}
{"duration":2548586,"level":"\u001b[32minfo\u001b[39m","message":"\u001b[32mPerformance: cpu_system_time = 2548586 microseconds\u001b[39m","operation":"cpu_system_time","timestamp":"2026-04-07 22:24:25:2425","unit":"microseconds"}
{"duration":151.113900519,"level":"\u001b[32minfo\u001b[39m","message":"\u001b[32mPerformance: process_uptime = 151.113900519 seconds\u001b[39m","operation":"process_uptime","timestamp":"2026-04-07 22:24:25:2425","unit":"seconds"}
{"duration":1.262956,"level":"\u001b[32minfo\u001b[39m","message":"\u001b[32mPerformance: event_loop_lag = 1.262956 milliseconds\u001b[39m","operation":"event_loop_lag","timestamp":"2026-04-07 22:24:25:2425","unit":"milliseconds"}
{"duration":259757312,"level":"\u001b[32minfo\u001b[39m","message":"\u001b[32mPerformance: memory_heap_used = 259757312 bytes\u001b[39m","operation":"memory_heap_used","timestamp":"2026-04-07 22:24:55:2455","unit":"bytes"}
{"duration":275300352,"level":"\u001b[32minfo\u001b[39m","message":"\u001b[32mPerformance: memory_heap_total = 275300352 bytes\u001b[39m","operation":"memory_heap_total","timestamp":"2026-04-07 22:24:55:2455","unit":"bytes"}
{"duration":497500160,"level":"\u001b[32minfo\u001b[39m","message":"\u001b[32mPerformance: memory_rss = 497500160 bytes\u001b[39m","operation":"memory_rss","timestamp":"2026-04-07 22:24:55:2455","unit":"bytes"}
{"duration":24316241,"level":"\u001b[32minfo\u001b[39m","message":"\u001b[32mPerformance: memory_external = 24316241 bytes\u001b[39m","operation":"memory_external","timestamp":"2026-04-07 22:24:55:2455","unit":"bytes"}
{"duration":6796792,"level":"\u001b[32minfo\u001b[39m","message":"\u001b[32mPerformance: cpu_user_time = 6796792 microseconds\u001b[39m","operation":"cpu_user_time","timestamp":"2026-04-07 22:24:55:2455","unit":"microseconds"}
{"duration":2554259,"level":"\u001b[32minfo\u001b[39m","message":"\u001b[32mPerformance: cpu_system_time = 2554259 microseconds\u001b[39m","operation":"cpu_system_time","timestamp":"2026-04-07 22:24:55:2455","unit":"microseconds"}
{"duration":181.114940846,"level":"\u001b[32minfo\u001b[39m","message":"\u001b[32mPerformance: process_uptime = 181.114940846 seconds\u001b[39m","operation":"process_uptime","timestamp":"2026-04-07 22:24:55:2455","unit":"seconds"}
{"duration":0.185578,"level":"\u001b[32minfo\u001b[39m","message":"\u001b[32mPerformance: event_loop_lag = 0.185578 milliseconds\u001b[39m","operation":"event_loop_lag","timestamp":"2026-04-07 22:24:55:2455","unit":"milliseconds"}
{"level":"\u001b[32minfo\u001b[39m","message":"\u001b[32m>>> [MASTERMIND] Resuming all active channels...\u001b[39m","timestamp":"2026-04-07 22:25:12:2512"}
{"error":"Could not load the default credentials. Browse to https://cloud.google.com/docs/authentication/getting-started for more information.","level":"\u001b[31merror\u001b[39m","message":"\u001b[31mFirestore getCollection error [tenants] (Tenant: undefined):\u001b[39m","stack":"Error: Could not load the default credentials. Browse to https://cloud.google.com/docs/authentication/getting-started for more information.\n    at GoogleAuth.getApplicationDefaultAsync (/home/codedex/projects/DeXMart/node_modules/.pnpm/google-auth-library@9.15.1/node_modules/google-auth-library/build/src/auth/googleauth.js:287:15)\n    at async GoogleAuth._GoogleAuth_determineClient (/home/codedex/projects/DeXMart/node_modules/.pnpm/google-auth-library@9.15.1/node_modules/google-auth-library/build/src/auth/googleauth.js:834:32)\n    at async GoogleAuth.getClient (/home/codedex/projects/DeXMart/node_modules/.pnpm/google-auth-library@9.15.1/node_modules/google-auth-library/build/src/auth/googleauth.js:698:20)\n    at async GrpcClient._getCredentials (/home/codedex/projects/DeXMart/node_modules/.pnpm/google-gax@4.6.1/node_modules/google-gax/src/grpc.ts:209:20)\n    at async GrpcClient.createStub (/home/codedex/projects/DeXMart/node_modules/.pnpm/google-gax@4.6.1/node_modules/google-gax/src/grpc.ts:426:19)\nCaused by: Error\n    at QueryUtil._getResponse (/home/codedex/projects/DeXMart/node_modules/.pnpm/@google-cloud+firestore@7.11.6/node_modules/@google-cloud/firestore/build/src/reference/query-util.js:44:23)\n    at CollectionReference._getResponse (/home/codedex/projects/DeXMart/node_modules/.pnpm/@google-cloud+firestore@7.11.6/node_modules/@google-cloud/firestore/build/src/reference/query.js:784:32)\n    at CollectionReference._get (/home/codedex/projects/DeXMart/node_modules/.pnpm/@google-cloud+firestore@7.11.6/node_modules/@google-cloud/firestore/build/src/reference/query.js:777:35)\n    at /home/codedex/projects/DeXMart/node_modules/.pnpm/@google-cloud+firestore@7.11.6/node_modules/@google-cloud/firestore/build/src/reference/query.js:745:43\n    at /home/codedex/projects/DeXMart/node_modules/.pnpm/@google-cloud+firestore@7.11.6/node_modules/@google-cloud/firestore/build/src/telemetry/enabled-trace-util.js:110:30\n    at NoopContextManager.with (/home/codedex/projects/DeXMart/node_modules/.pnpm/@opentelemetry+api@1.9.0/node_modules/@opentelemetry/api/src/context/NoopContextManager.ts:31:15)\n    at ContextAPI.with (/home/codedex/projects/DeXMart/node_modules/.pnpm/@opentelemetry+api@1.9.0/node_modules/@opentelemetry/api/src/api/context.ts:77:42)\n    at NoopTracer.startActiveSpan (/home/codedex/projects/DeXMart/node_modules/.pnpm/@opentelemetry+api@1.9.0/node_modules/@opentelemetry/api/src/trace/NoopTracer.ts:98:27)\n    at ProxyTracer.startActiveSpan (/home/codedex/projects/DeXMart/node_modules/.pnpm/@opentelemetry+api@1.9.0/node_modules/@opentelemetry/api/src/trace/ProxyTracer.ts:51:20)\n    at EnabledTraceUtil.startActiveSpan (/home/codedex/projects/DeXMart/node_modules/.pnpm/@google-cloud+firestore@7.11.6/node_modules/@google-cloud/firestore/build/src/telemetry/enabled-trace-util.js:102:28)","timestamp":"2026-04-07 22:25:21:2521"}
{"error":"Could not load the default credentials. Browse to https://cloud.google.com/docs/authentication/getting-started for more information.","level":"\u001b[31merror\u001b[39m","message":"\u001b[31mMultiTenantService.listTenants error:\u001b[39m","stack":"Error: Could not load the default credentials. Browse to https://cloud.google.com/docs/authentication/getting-started for more information.\n    at GoogleAuth.getApplicationDefaultAsync (/home/codedex/projects/DeXMart/node_modules/.pnpm/google-auth-library@9.15.1/node_modules/google-auth-library/build/src/auth/googleauth.js:287:15)\n    at async GoogleAuth._GoogleAuth_determineClient (/home/codedex/projects/DeXMart/node_modules/.pnpm/google-auth-library@9.15.1/node_modules/google-auth-library/build/src/auth/googleauth.js:834:32)\n    at async GoogleAuth.getClient (/home/codedex/projects/DeXMart/node_modules/.pnpm/google-auth-library@9.15.1/node_modules/google-auth-library/build/src/auth/googleauth.js:698:20)\n    at async GrpcClient._getCredentials (/home/codedex/projects/DeXMart/node_modules/.pnpm/google-gax@4.6.1/node_modules/google-gax/src/grpc.ts:209:20)\n    at async GrpcClient.createStub (/home/codedex/projects/DeXMart/node_modules/.pnpm/google-gax@4.6.1/node_modules/google-gax/src/grpc.ts:426:19)\nCaused by: Error\n    at QueryUtil._getResponse (/home/codedex/projects/DeXMart/node_modules/.pnpm/@google-cloud+firestore@7.11.6/node_modules/@google-cloud/firestore/build/src/reference/query-util.js:44:23)\n    at CollectionReference._getResponse (/home/codedex/projects/DeXMart/node_modules/.pnpm/@google-cloud+firestore@7.11.6/node_modules/@google-cloud/firestore/build/src/reference/query.js:784:32)\n    at CollectionReference._get (/home/codedex/projects/DeXMart/node_modules/.pnpm/@google-cloud+firestore@7.11.6/node_modules/@google-cloud/firestore/build/src/reference/query.js:777:35)\n    at /home/codedex/projects/DeXMart/node_modules/.pnpm/@google-cloud+firestore@7.11.6/node_modules/@google-cloud/firestore/build/src/reference/query.js:745:43\n    at /home/codedex/projects/DeXMart/node_modules/.pnpm/@google-cloud+firestore@7.11.6/node_modules/@google-cloud/firestore/build/src/telemetry/enabled-trace-util.js:110:30\n    at NoopContextManager.with (/home/codedex/projects/DeXMart/node_modules/.pnpm/@opentelemetry+api@1.9.0/node_modules/@opentelemetry/api/src/context/NoopContextManager.ts:31:15)\n    at ContextAPI.with (/home/codedex/projects/DeXMart/node_modules/.pnpm/@opentelemetry+api@1.9.0/node_modules/@opentelemetry/api/src/api/context.ts:77:42)\n    at NoopTracer.startActiveSpan (/home/codedex/projects/DeXMart/node_modules/.pnpm/@opentelemetry+api@1.9.0/node_modules/@opentelemetry/api/src/trace/NoopTracer.ts:98:27)\n    at ProxyTracer.startActiveSpan (/home/codedex/projects/DeXMart/node_modules/.pnpm/@opentelemetry+api@1.9.0/node_modules/@opentelemetry/api/src/trace/ProxyTracer.ts:51:20)\n    at EnabledTraceUtil.startActiveSpan (/home/codedex/projects/DeXMart/node_modules/.pnpm/@google-cloud+firestore@7.11.6/node_modules/@google-cloud/firestore/build/src/telemetry/enabled-trace-util.js:102:28)","timestamp":"2026-04-07 22:25:21:2521"}
{"level":"\u001b[32minfo\u001b[39m","message":"\u001b[32m[ChannelService] Successfully queued 0 channels for resumption.\u001b[39m","timestamp":"2026-04-07 22:25:21:2521"}
{"duration":259999376,"level":"\u001b[32minfo\u001b[39m","message":"\u001b[32mPerformance: memory_heap_used = 259999376 bytes\u001b[39m","operation":"memory_heap_used","timestamp":"2026-04-07 22:25:25:2525","unit":"bytes"}
{"duration":275562496,"level":"\u001b[32minfo\u001b[39m","message":"\u001b[32mPerformance: memory_heap_total = 275562496 bytes\u001b[39m","operation":"memory_heap_total","timestamp":"2026-04-07 22:25:25:2525","unit":"bytes"}
{"duration":497631232,"level":"\u001b[32minfo\u001b[39m","message":"\u001b[32mPerformance: memory_rss = 497631232 bytes\u001b[39m","operation":"memory_rss","timestamp":"2026-04-07 22:25:25:2525","unit":"bytes"}
{"duration":24356891,"level":"\u001b[32minfo\u001b[39m","message":"\u001b[32mPerformance: memory_external = 24356891 bytes\u001b[39m","operation":"memory_external","timestamp":"2026-04-07 22:25:25:2525","unit":"bytes"}
{"duration":6843143,"level":"\u001b[32minfo\u001b[39m","message":"\u001b[32mPerformance: cpu_user_time = 6843143 microseconds\u001b[39m","operation":"cpu_user_time","timestamp":"2026-04-07 22:25:25:2525","unit":"microseconds"}
{"duration":2566178,"level":"\u001b[32minfo\u001b[39m","message":"\u001b[32mPerformance: cpu_system_time = 2566178 microseconds\u001b[39m","operation":"cpu_system_time","timestamp":"2026-04-07 22:25:25:2525","unit":"microseconds"}
{"duration":211.121825075,"level":"\u001b[32minfo\u001b[39m","message":"\u001b[32mPerformance: process_uptime = 211.121825075 seconds\u001b[39m","operation":"process_uptime","timestamp":"2026-04-07 22:25:25:2525","unit":"seconds"}
{"duration":0.355836,"level":"\u001b[32minfo\u001b[39m","message":"\u001b[32mPerformance: event_loop_lag = 0.355836 milliseconds\u001b[39m","operation":"event_loop_lag","timestamp":"2026-04-07 22:25:25:2525","unit":"milliseconds"}
{"duration":259524720,"level":"\u001b[32minfo\u001b[39m","message":"\u001b[32mPerformance: memory_heap_used = 259524720 bytes\u001b[39m","operation":"memory_heap_used","timestamp":"2026-04-07 22:25:55:2555","unit":"bytes"}
{"duration":274776064,"level":"\u001b[32minfo\u001b[39m","message":"\u001b[32mPerformance: memory_heap_total = 274776064 bytes\u001b[39m","operation":"memory_heap_total","timestamp":"2026-04-07 22:25:55:2555","unit":"bytes"}
{"duration":494477312,"level":"\u001b[32minfo\u001b[39m","message":"\u001b[32mPerformance: memory_rss = 494477312 bytes\u001b[39m","operation":"memory_rss","timestamp":"2026-04-07 22:25:55:2555","unit":"bytes"}
{"duration":24300061,"level":"\u001b[32minfo\u001b[39m","message":"\u001b[32mPerformance: memory_external = 24300061 bytes\u001b[39m","operation":"memory_external","timestamp":"2026-04-07 22:25:55:2555","unit":"bytes"}
{"duration":7325984,"level":"\u001b[32minfo\u001b[39m","message":"\u001b[32mPerformance: cpu_user_time = 7325984 microseconds\u001b[39m","operation":"cpu_user_time","timestamp":"2026-04-07 22:25:55:2555","unit":"microseconds"}
{"duration":2599522,"level":"\u001b[32minfo\u001b[39m","message":"\u001b[32mPerformance: cpu_system_time = 2599522 microseconds\u001b[39m","operation":"cpu_system_time","timestamp":"2026-04-07 22:25:55:2555","unit":"microseconds"}
{"duration":241.122448915,"level":"\u001b[32minfo\u001b[39m","message":"\u001b[32mPerformance: process_uptime = 241.122448915 seconds\u001b[39m","operation":"process_uptime","timestamp":"2026-04-07 22:25:55:2555","unit":"seconds"}
{"duration":2.355168,"level":"\u001b[32minfo\u001b[39m","message":"\u001b[32mPerformance: event_loop_lag = 2.355168 milliseconds\u001b[39m","operation":"event_loop_lag","timestamp":"2026-04-07 22:25:55:2555","unit":"milliseconds"}
{"level":"\u001b[32minfo\u001b[39m","message":"\u001b[32m>>> [MASTERMIND] Resuming all active channels...\u001b[39m","timestamp":"2026-04-07 22:26:12:2612"}
{"error":"Could not load the default credentials. Browse to https://cloud.google.com/docs/authentication/getting-started for more information.","level":"\u001b[31merror\u001b[39m","message":"\u001b[31mFirestore getCollection error [tenants] (Tenant: undefined):\u001b[39m","stack":"Error: Could not load the default credentials. Browse to https://cloud.google.com/docs/authentication/getting-started for more information.\n    at GoogleAuth.getApplicationDefaultAsync (/home/codedex/projects/DeXMart/node_modules/.pnpm/google-auth-library@9.15.1/node_modules/google-auth-library/build/src/auth/googleauth.js:287:15)\n    at async GoogleAuth._GoogleAuth_determineClient (/home/codedex/projects/DeXMart/node_modules/.pnpm/google-auth-library@9.15.1/node_modules/google-auth-library/build/src/auth/googleauth.js:834:32)\n    at async GoogleAuth.getClient (/home/codedex/projects/DeXMart/node_modules/.pnpm/google-auth-library@9.15.1/node_modules/google-auth-library/build/src/auth/googleauth.js:698:20)\n    at async GrpcClient._getCredentials (/home/codedex/projects/DeXMart/node_modules/.pnpm/google-gax@4.6.1/node_modules/google-gax/src/grpc.ts:209:20)\n    at async GrpcClient.createStub (/home/codedex/projects/DeXMart/node_modules/.pnpm/google-gax@4.6.1/node_modules/google-gax/src/grpc.ts:426:19)\nCaused by: Error\n    at QueryUtil._getResponse (/home/codedex/projects/DeXMart/node_modules/.pnpm/@google-cloud+firestore@7.11.6/node_modules/@google-cloud/firestore/build/src/reference/query-util.js:44:23)\n    at CollectionReference._getResponse (/home/codedex/projects/DeXMart/node_modules/.pnpm/@google-cloud+firestore@7.11.6/node_modules/@google-cloud/firestore/build/src/reference/query.js:784:32)\n    at CollectionReference._get (/home/codedex/projects/DeXMart/node_modules/.pnpm/@google-cloud+firestore@7.11.6/node_modules/@google-cloud/firestore/build/src/reference/query.js:777:35)\n    at /home/codedex/projects/DeXMart/node_modules/.pnpm/@google-cloud+firestore@7.11.6/node_modules/@google-cloud/firestore/build/src/reference/query.js:745:43\n    at /home/codedex/projects/DeXMart/node_modules/.pnpm/@google-cloud+firestore@7.11.6/node_modules/@google-cloud/firestore/build/src/telemetry/enabled-trace-util.js:110:30\n    at NoopContextManager.with (/home/codedex/projects/DeXMart/node_modules/.pnpm/@opentelemetry+api@1.9.0/node_modules/@opentelemetry/api/src/context/NoopContextManager.ts:31:15)\n    at ContextAPI.with (/home/codedex/projects/DeXMart/node_modules/.pnpm/@opentelemetry+api@1.9.0/node_modules/@opentelemetry/api/src/api/context.ts:77:42)\n    at NoopTracer.startActiveSpan (/home/codedex/projects/DeXMart/node_modules/.pnpm/@opentelemetry+api@1.9.0/node_modules/@opentelemetry/api/src/trace/NoopTracer.ts:98:27)\n    at ProxyTracer.startActiveSpan (/home/codedex/projects/DeXMart/node_modules/.pnpm/@opentelemetry+api@1.9.0/node_modules/@opentelemetry/api/src/trace/ProxyTracer.ts:51:20)\n    at EnabledTraceUtil.startActiveSpan (/home/codedex/projects/DeXMart/node_modules/.pnpm/@google-cloud+firestore@7.11.6/node_modules/@google-cloud/firestore/build/src/telemetry/enabled-trace-util.js:102:28)","timestamp":"2026-04-07 22:26:21:2621"}
{"error":"Could not load the default credentials. Browse to https://cloud.google.com/docs/authentication/getting-started for more information.","level":"\u001b[31merror\u001b[39m","message":"\u001b[31mMultiTenantService.listTenants error:\u001b[39m","stack":"Error: Could not load the default credentials. Browse to https://cloud.google.com/docs/authentication/getting-started for more information.\n    at GoogleAuth.getApplicationDefaultAsync (/home/codedex/projects/DeXMart/node_modules/.pnpm/google-auth-library@9.15.1/node_modules/google-auth-library/build/src/auth/googleauth.js:287:15)\n    at async GoogleAuth._GoogleAuth_determineClient (/home/codedex/projects/DeXMart/node_modules/.pnpm/google-auth-library@9.15.1/node_modules/google-auth-library/build/src/auth/googleauth.js:834:32)\n    at async GoogleAuth.getClient (/home/codedex/projects/DeXMart/node_modules/.pnpm/google-auth-library@9.15.1/node_modules/google-auth-library/build/src/auth/googleauth.js:698:20)\n    at async GrpcClient._getCredentials (/home/codedex/projects/DeXMart/node_modules/.pnpm/google-gax@4.6.1/node_modules/google-gax/src/grpc.ts:209:20)\n    at async GrpcClient.createStub (/home/codedex/projects/DeXMart/node_modules/.pnpm/google-gax@4.6.1/node_modules/google-gax/src/grpc.ts:426:19)\nCaused by: Error\n    at QueryUtil._getResponse (/home/codedex/projects/DeXMart/node_modules/.pnpm/@google-cloud+firestore@7.11.6/node_modules/@google-cloud/firestore/build/src/reference/query-util.js:44:23)\n    at CollectionReference._getResponse (/home/codedex/projects/DeXMart/node_modules/.pnpm/@google-cloud+firestore@7.11.6/node_modules/@google-cloud/firestore/build/src/reference/query.js:784:32)\n    at CollectionReference._get (/home/codedex/projects/DeXMart/node_modules/.pnpm/@google-cloud+firestore@7.11.6/node_modules/@google-cloud/firestore/build/src/reference/query.js:777:35)\n    at /home/codedex/projects/DeXMart/node_modules/.pnpm/@google-cloud+firestore@7.11.6/node_modules/@google-cloud/firestore/build/src/reference/query.js:745:43\n    at /home/codedex/projects/DeXMart/node_modules/.pnpm/@google-cloud+firestore@7.11.6/node_modules/@google-cloud/firestore/build/src/telemetry/enabled-trace-util.js:110:30\n    at NoopContextManager.with (/home/codedex/projects/DeXMart/node_modules/.pnpm/@opentelemetry+api@1.9.0/node_modules/@opentelemetry/api/src/context/NoopContextManager.ts:31:15)\n    at ContextAPI.with (/home/codedex/projects/DeXMart/node_modules/.pnpm/@opentelemetry+api@1.9.0/node_modules/@opentelemetry/api/src/api/context.ts:77:42)\n    at NoopTracer.startActiveSpan (/home/codedex/projects/DeXMart/node_modules/.pnpm/@opentelemetry+api@1.9.0/node_modules/@opentelemetry/api/src/trace/NoopTracer.ts:98:27)\n    at ProxyTracer.startActiveSpan (/home/codedex/projects/DeXMart/node_modules/.pnpm/@opentelemetry+api@1.9.0/node_modules/@opentelemetry/api/src/trace/ProxyTracer.ts:51:20)\n    at EnabledTraceUtil.startActiveSpan (/home/codedex/projects/DeXMart/node_modules/.pnpm/@google-cloud+firestore@7.11.6/node_modules/@google-cloud/firestore/build/src/telemetry/enabled-trace-util.js:102:28)","timestamp":"2026-04-07 22:26:21:2621"}
{"level":"\u001b[32minfo\u001b[39m","message":"\u001b[32m[ChannelService] Successfully queued 0 channels for resumption.\u001b[39m","timestamp":"2026-04-07 22:26:21:2621"}
{"duration":259683408,"level":"\u001b[32minfo\u001b[39m","message":"\u001b[32mPerformance: memory_heap_used = 259683408 bytes\u001b[39m","operation":"memory_heap_used","timestamp":"2026-04-07 22:26:25:2625","unit":"bytes"}
{"duration":275824640,"level":"\u001b[32minfo\u001b[39m","message":"\u001b[32mPerformance: memory_heap_total = 275824640 bytes\u001b[39m","operation":"memory_heap_total","timestamp":"2026-04-07 22:26:25:2625","unit":"bytes"}
{"duration":495525888,"level":"\u001b[32minfo\u001b[39m","message":"\u001b[32mPerformance: memory_rss = 495525888 bytes\u001b[39m","operation":"memory_rss","timestamp":"2026-04-07 22:26:25:2625","unit":"bytes"}
{"duration":24340532,"level":"\u001b[32minfo\u001b[39m","message":"\u001b[32mPerformance: memory_external = 24340532 bytes\u001b[39m","operation":"memory_external","timestamp":"2026-04-07 22:26:25:2625","unit":"bytes"}
{"duration":7386097,"level":"\u001b[32minfo\u001b[39m","message":"\u001b[32mPerformance: cpu_user_time = 7386097 microseconds\u001b[39m","operation":"cpu_user_time","timestamp":"2026-04-07 22:26:25:2625","unit":"microseconds"}
{"duration":2608876,"level":"\u001b[32minfo\u001b[39m","message":"\u001b[32mPerformance: cpu_system_time = 2608876 microseconds\u001b[39m","operation":"cpu_system_time","timestamp":"2026-04-07 22:26:25:2625","unit":"microseconds"}
{"duration":271.123984408,"level":"\u001b[32minfo\u001b[39m","message":"\u001b[32mPerformance: process_uptime = 271.123984408 seconds\u001b[39m","operation":"process_uptime","timestamp":"2026-04-07 22:26:25:2625","unit":"seconds"}
{"duration":1.33449,"level":"\u001b[32minfo\u001b[39m","message":"\u001b[32mPerformance: event_loop_lag = 1.33449 milliseconds\u001b[39m","operation":"event_loop_lag","timestamp":"2026-04-07 22:26:25:2625","unit":"milliseconds"}
{"duration":259429664,"level":"\u001b[32minfo\u001b[39m","message":"\u001b[32mPerformance: memory_heap_used = 259429664 bytes\u001b[39m","operation":"memory_heap_used","timestamp":"2026-04-07 22:26:55:2655","unit":"bytes"}
{"duration":274776064,"level":"\u001b[32minfo\u001b[39m","message":"\u001b[32mPerformance: memory_heap_total = 274776064 bytes\u001b[39m","operation":"memory_heap_total","timestamp":"2026-04-07 22:26:55:2655","unit":"bytes"}
{"duration":495788032,"level":"\u001b[32minfo\u001b[39m","message":"\u001b[32mPerformance: memory_rss = 495788032 bytes\u001b[39m","operation":"memory_rss","timestamp":"2026-04-07 22:26:55:2655","unit":"bytes"}
{"duration":24348699,"level":"\u001b[32minfo\u001b[39m","message":"\u001b[32mPerformance: memory_external = 24348699 bytes\u001b[39m","operation":"memory_external","timestamp":"2026-04-07 22:26:55:2655","unit":"bytes"}
{"duration":7419937,"level":"\u001b[32minfo\u001b[39m","message":"\u001b[32mPerformance: cpu_user_time = 7419937 microseconds\u001b[39m","operation":"cpu_user_time","timestamp":"2026-04-07 22:26:55:2655","unit":"microseconds"}
{"duration":2621631,"level":"\u001b[32minfo\u001b[39m","message":"\u001b[32mPerformance: cpu_system_time = 2621631 microseconds\u001b[39m","operation":"cpu_system_time","timestamp":"2026-04-07 22:26:55:2655","unit":"microseconds"}
{"duration":301.125712413,"level":"\u001b[32minfo\u001b[39m","message":"\u001b[32mPerformance: process_uptime = 301.125712413 seconds\u001b[39m","operation":"process_uptime","timestamp":"2026-04-07 22:26:55:2655","unit":"seconds"}
{"duration":0.174046,"level":"\u001b[32minfo\u001b[39m","message":"\u001b[32mPerformance: event_loop_lag = 0.174046 milliseconds\u001b[39m","operation":"event_loop_lag","timestamp":"2026-04-07 22:26:55:2655","unit":"milliseconds"}
{"level":"\u001b[32minfo\u001b[39m","message":"\u001b[32m>>> [MASTERMIND] Resuming all active channels...\u001b[39m","timestamp":"2026-04-07 22:27:12:2712"}
{"error":"Could not load the default credentials. Browse to https://cloud.google.com/docs/authentication/getting-started for more information.","level":"\u001b[31merror\u001b[39m","message":"\u001b[31mFirestore getCollection error [tenants] (Tenant: undefined):\u001b[39m","stack":"Error: Could not load the default credentials. Browse to https://cloud.google.com/docs/authentication/getting-started for more information.\n    at GoogleAuth.getApplicationDefaultAsync (/home/codedex/projects/DeXMart/node_modules/.pnpm/google-auth-library@9.15.1/node_modules/google-auth-library/build/src/auth/googleauth.js:287:15)\n    at async GoogleAuth._GoogleAuth_determineClient (/home/codedex/projects/DeXMart/node_modules/.pnpm/google-auth-library@9.15.1/node_modules/google-auth-library/build/src/auth/googleauth.js:834:32)\n    at async GoogleAuth.getClient (/home/codedex/projects/DeXMart/node_modules/.pnpm/google-auth-library@9.15.1/node_modules/google-auth-library/build/src/auth/googleauth.js:698:20)\n    at async GrpcClient._getCredentials (/home/codedex/projects/DeXMart/node_modules/.pnpm/google-gax@4.6.1/node_modules/google-gax/src/grpc.ts:209:20)\n    at async GrpcClient.createStub (/home/codedex/projects/DeXMart/node_modules/.pnpm/google-gax@4.6.1/node_modules/google-gax/src/grpc.ts:426:19)\nCaused by: Error\n    at QueryUtil._getResponse (/home/codedex/projects/DeXMart/node_modules/.pnpm/@google-cloud+firestore@7.11.6/node_modules/@google-cloud/firestore/build/src/reference/query-util.js:44:23)\n    at CollectionReference._getResponse (/home/codedex/projects/DeXMart/node_modules/.pnpm/@google-cloud+firestore@7.11.6/node_modules/@google-cloud/firestore/build/src/reference/query.js:784:32)\n    at CollectionReference._get (/home/codedex/projects/DeXMart/node_modules/.pnpm/@google-cloud+firestore@7.11.6/node_modules/@google-cloud/firestore/build/src/reference/query.js:777:35)\n    at /home/codedex/projects/DeXMart/node_modules/.pnpm/@google-cloud+firestore@7.11.6/node_modules/@google-cloud/firestore/build/src/reference/query.js:745:43\n    at /home/codedex/projects/DeXMart/node_modules/.pnpm/@google-cloud+firestore@7.11.6/node_modules/@google-cloud/firestore/build/src/telemetry/enabled-trace-util.js:110:30\n    at NoopContextManager.with (/home/codedex/projects/DeXMart/node_modules/.pnpm/@opentelemetry+api@1.9.0/node_modules/@opentelemetry/api/src/context/NoopContextManager.ts:31:15)\n    at ContextAPI.with (/home/codedex/projects/DeXMart/node_modules/.pnpm/@opentelemetry+api@1.9.0/node_modules/@opentelemetry/api/src/api/context.ts:77:42)\n    at NoopTracer.startActiveSpan (/home/codedex/projects/DeXMart/node_modules/.pnpm/@opentelemetry+api@1.9.0/node_modules/@opentelemetry/api/src/trace/NoopTracer.ts:98:27)\n    at ProxyTracer.startActiveSpan (/home/codedex/projects/DeXMart/node_modules/.pnpm/@opentelemetry+api@1.9.0/node_modules/@opentelemetry/api/src/trace/ProxyTracer.ts:51:20)\n    at EnabledTraceUtil.startActiveSpan (/home/codedex/projects/DeXMart/node_modules/.pnpm/@google-cloud+firestore@7.11.6/node_modules/@google-cloud/firestore/build/src/telemetry/enabled-trace-util.js:102:28)","timestamp":"2026-04-07 22:27:21:2721"}
{"error":"Could not load the default credentials. Browse to https://cloud.google.com/docs/authentication/getting-started for more information.","level":"\u001b[31merror\u001b[39m","message":"\u001b[31mMultiTenantService.listTenants error:\u001b[39m","stack":"Error: Could not load the default credentials. Browse to https://cloud.google.com/docs/authentication/getting-started for more information.\n    at GoogleAuth.getApplicationDefaultAsync (/home/codedex/projects/DeXMart/node_modules/.pnpm/google-auth-library@9.15.1/node_modules/google-auth-library/build/src/auth/googleauth.js:287:15)\n    at async GoogleAuth._GoogleAuth_determineClient (/home/codedex/projects/DeXMart/node_modules/.pnpm/google-auth-library@9.15.1/node_modules/google-auth-library/build/src/auth/googleauth.js:834:32)\n    at async GoogleAuth.getClient (/home/codedex/projects/DeXMart/node_modules/.pnpm/google-auth-library@9.15.1/node_modules/google-auth-library/build/src/auth/googleauth.js:698:20)\n    at async GrpcClient._getCredentials (/home/codedex/projects/DeXMart/node_modules/.pnpm/google-gax@4.6.1/node_modules/google-gax/src/grpc.ts:209:20)\n    at async GrpcClient.createStub (/home/codedex/projects/DeXMart/node_modules/.pnpm/google-gax@4.6.1/node_modules/google-gax/src/grpc.ts:426:19)\nCaused by: Error\n    at QueryUtil._getResponse (/home/codedex/projects/DeXMart/node_modules/.pnpm/@google-cloud+firestore@7.11.6/node_modules/@google-cloud/firestore/build/src/reference/query-util.js:44:23)\n    at CollectionReference._getResponse (/home/codedex/projects/DeXMart/node_modules/.pnpm/@google-cloud+firestore@7.11.6/node_modules/@google-cloud/firestore/build/src/reference/query.js:784:32)\n    at CollectionReference._get (/home/codedex/projects/DeXMart/node_modules/.pnpm/@google-cloud+firestore@7.11.6/node_modules/@google-cloud/firestore/build/src/reference/query.js:777:35)\n    at /home/codedex/projects/DeXMart/node_modules/.pnpm/@google-cloud+firestore@7.11.6/node_modules/@google-cloud/firestore/build/src/reference/query.js:745:43\n    at /home/codedex/projects/DeXMart/node_modules/.pnpm/@google-cloud+firestore@7.11.6/node_modules/@google-cloud/firestore/build/src/telemetry/enabled-trace-util.js:110:30\n    at NoopContextManager.with (/home/codedex/projects/DeXMart/node_modules/.pnpm/@opentelemetry+api@1.9.0/node_modules/@opentelemetry/api/src/context/NoopContextManager.ts:31:15)\n    at ContextAPI.with (/home/codedex/projects/DeXMart/node_modules/.pnpm/@opentelemetry+api@1.9.0/node_modules/@opentelemetry/api/src/api/context.ts:77:42)\n    at NoopTracer.startActiveSpan (/home/codedex/projects/DeXMart/node_modules/.pnpm/@opentelemetry+api@1.9.0/node_modules/@opentelemetry/api/src/trace/NoopTracer.ts:98:27)\n    at ProxyTracer.startActiveSpan (/home/codedex/projects/DeXMart/node_modules/.pnpm/@opentelemetry+api@1.9.0/node_modules/@opentelemetry/api/src/trace/ProxyTracer.ts:51:20)\n    at EnabledTraceUtil.startActiveSpan (/home/codedex/projects/DeXMart/node_modules/.pnpm/@google-cloud+firestore@7.11.6/node_modules/@google-cloud/firestore/build/src/telemetry/enabled-trace-util.js:102:28)","timestamp":"2026-04-07 22:27:21:2721"}
{"level":"\u001b[32minfo\u001b[39m","message":"\u001b[32m[ChannelService] Successfully queued 0 channels for resumption.\u001b[39m","timestamp":"2026-04-07 22:27:21:2721"}
{"duration":259581576,"level":"\u001b[32minfo\u001b[39m","message":"\u001b[32mPerformance: memory_heap_used = 259581576 bytes\u001b[39m","operation":"memory_heap_used","timestamp":"2026-04-07 22:27:25:2725","unit":"bytes"}
{"duration":274776064,"level":"\u001b[32minfo\u001b[39m","message":"\u001b[32mPerformance: memory_heap_total = 274776064 bytes\u001b[39m","operation":"memory_heap_total","timestamp":"2026-04-07 22:27:25:2725","unit":"bytes"}
{"duration":495788032,"level":"\u001b[32minfo\u001b[39m","message":"\u001b[32mPerformance: memory_rss = 495788032 bytes\u001b[39m","operation":"memory_rss","timestamp":"2026-04-07 22:27:25:2725","unit":"bytes"}
{"duration":24364958,"level":"\u001b[32minfo\u001b[39m","message":"\u001b[32mPerformance: memory_external = 24364958 bytes\u001b[39m","operation":"memory_external","timestamp":"2026-04-07 22:27:25:2725","unit":"bytes"}
{"duration":7464707,"level":"\u001b[32minfo\u001b[39m","message":"\u001b[32mPerformance: cpu_user_time = 7464707 microseconds\u001b[39m","operation":"cpu_user_time","timestamp":"2026-04-07 22:27:25:2725","unit":"microseconds"}
{"duration":2632541,"level":"\u001b[32minfo\u001b[39m","message":"\u001b[32mPerformance: cpu_system_time = 2632541 microseconds\u001b[39m","operation":"cpu_system_time","timestamp":"2026-04-07 22:27:25:2725","unit":"microseconds"}
{"duration":331.134186098,"level":"\u001b[32minfo\u001b[39m","message":"\u001b[32mPerformance: process_uptime = 331.134186098 seconds\u001b[39m","operation":"process_uptime","timestamp":"2026-04-07 22:27:25:2725","unit":"seconds"}
{"duration":0.168335,"level":"\u001b[32minfo\u001b[39m","message":"\u001b[32mPerformance: event_loop_lag = 0.168335 milliseconds\u001b[39m","operation":"event_loop_lag","timestamp":"2026-04-07 22:27:25:2725","unit":"milliseconds"}
{"duration":259986064,"level":"\u001b[32minfo\u001b[39m","message":"\u001b[32mPerformance: memory_heap_used = 259986064 bytes\u001b[39m","operation":"memory_heap_used","timestamp":"2026-04-07 22:27:55:2755","unit":"bytes"}
{"duration":274776064,"level":"\u001b[32minfo\u001b[39m","message":"\u001b[32mPerformance: memory_heap_total = 274776064 bytes\u001b[39m","operation":"memory_heap_total","timestamp":"2026-04-07 22:27:55:2755","unit":"bytes"}
{"duration":496312320,"level":"\u001b[32minfo\u001b[39m","message":"\u001b[32mPerformance: memory_rss = 496312320 bytes\u001b[39m","operation":"memory_rss","timestamp":"2026-04-07 22:27:55:2755","unit":"bytes"}
{"duration":24398166,"level":"\u001b[32minfo\u001b[39m","message":"\u001b[32mPerformance: memory_external = 24398166 bytes\u001b[39m","operation":"memory_external","timestamp":"2026-04-07 22:27:55:2755","unit":"bytes"}
{"duration":7554497,"level":"\u001b[32minfo\u001b[39m","message":"\u001b[32mPerformance: cpu_user_time = 7554497 microseconds\u001b[39m","operation":"cpu_user_time","timestamp":"2026-04-07 22:27:55:2755","unit":"microseconds"}
{"duration":2654467,"level":"\u001b[32minfo\u001b[39m","message":"\u001b[32mPerformance: cpu_system_time = 2654467 microseconds\u001b[39m","operation":"cpu_system_time","timestamp":"2026-04-07 22:27:55:2755","unit":"microseconds"}
{"duration":361.141851976,"level":"\u001b[32minfo\u001b[39m","message":"\u001b[32mPerformance: process_uptime = 361.141851976 seconds\u001b[39m","operation":"process_uptime","timestamp":"2026-04-07 22:27:55:2755","unit":"seconds"}
{"duration":0.37377,"level":"\u001b[32minfo\u001b[39m","message":"\u001b[32mPerformance: event_loop_lag = 0.37377 milliseconds\u001b[39m","operation":"event_loop_lag","timestamp":"2026-04-07 22:27:55:2755","unit":"milliseconds"}
{"level":"\u001b[32minfo\u001b[39m","message":"\u001b[32m>>> [MASTERMIND] Resuming all active channels...\u001b[39m","timestamp":"2026-04-07 22:28:12:2812"}
{"error":"Could not load the default credentials. Browse to https://cloud.google.com/docs/authentication/getting-started for more information.","level":"\u001b[31merror\u001b[39m","message":"\u001b[31mFirestore getCollection error [tenants] (Tenant: undefined):\u001b[39m","stack":"Error: Could not load the default credentials. Browse to https://cloud.google.com/docs/authentication/getting-started for more information.\n    at GoogleAuth.getApplicationDefaultAsync (/home/codedex/projects/DeXMart/node_modules/.pnpm/google-auth-library@9.15.1/node_modules/google-auth-library/build/src/auth/googleauth.js:287:15)\n    at async GoogleAuth._GoogleAuth_determineClient (/home/codedex/projects/DeXMart/node_modules/.pnpm/google-auth-library@9.15.1/node_modules/google-auth-library/build/src/auth/googleauth.js:834:32)\n    at async GoogleAuth.getClient (/home/codedex/projects/DeXMart/node_modules/.pnpm/google-auth-library@9.15.1/node_modules/google-auth-library/build/src/auth/googleauth.js:698:20)\n    at async GrpcClient._getCredentials (/home/codedex/projects/DeXMart/node_modules/.pnpm/google-gax@4.6.1/node_modules/google-gax/src/grpc.ts:209:20)\n    at async GrpcClient.createStub (/home/codedex/projects/DeXMart/node_modules/.pnpm/google-gax@4.6.1/node_modules/google-gax/src/grpc.ts:426:19)\nCaused by: Error\n    at QueryUtil._getResponse (/home/codedex/projects/DeXMart/node_modules/.pnpm/@google-cloud+firestore@7.11.6/node_modules/@google-cloud/firestore/build/src/reference/query-util.js:44:23)\n    at CollectionReference._getResponse (/home/codedex/projects/DeXMart/node_modules/.pnpm/@google-cloud+firestore@7.11.6/node_modules/@google-cloud/firestore/build/src/reference/query.js:784:32)\n    at CollectionReference._get (/home/codedex/projects/DeXMart/node_modules/.pnpm/@google-cloud+firestore@7.11.6/node_modules/@google-cloud/firestore/build/src/reference/query.js:777:35)\n    at /home/codedex/projects/DeXMart/node_modules/.pnpm/@google-cloud+firestore@7.11.6/node_modules/@google-cloud/firestore/build/src/reference/query.js:745:43\n    at /home/codedex/projects/DeXMart/node_modules/.pnpm/@google-cloud+firestore@7.11.6/node_modules/@google-cloud/firestore/build/src/telemetry/enabled-trace-util.js:110:30\n    at NoopContextManager.with (/home/codedex/projects/DeXMart/node_modules/.pnpm/@opentelemetry+api@1.9.0/node_modules/@opentelemetry/api/src/context/NoopContextManager.ts:31:15)\n    at ContextAPI.with (/home/codedex/projects/DeXMart/node_modules/.pnpm/@opentelemetry+api@1.9.0/node_modules/@opentelemetry/api/src/api/context.ts:77:42)\n    at NoopTracer.startActiveSpan (/home/codedex/projects/DeXMart/node_modules/.pnpm/@opentelemetry+api@1.9.0/node_modules/@opentelemetry/api/src/trace/NoopTracer.ts:98:27)\n    at ProxyTracer.startActiveSpan (/home/codedex/projects/DeXMart/node_modules/.pnpm/@opentelemetry+api@1.9.0/node_modules/@opentelemetry/api/src/trace/ProxyTracer.ts:51:20)\n    at EnabledTraceUtil.startActiveSpan (/home/codedex/projects/DeXMart/node_modules/.pnpm/@google-cloud+firestore@7.11.6/node_modules/@google-cloud/firestore/build/src/telemetry/enabled-trace-util.js:102:28)","timestamp":"2026-04-07 22:28:22:2822"}
{"error":"Could not load the default credentials. Browse to https://cloud.google.com/docs/authentication/getting-started for more information.","level":"\u001b[31merror\u001b[39m","message":"\u001b[31mMultiTenantService.listTenants error:\u001b[39m","stack":"Error: Could not load the default credentials. Browse to https://cloud.google.com/docs/authentication/getting-started for more information.\n    at GoogleAuth.getApplicationDefaultAsync (/home/codedex/projects/DeXMart/node_modules/.pnpm/google-auth-library@9.15.1/node_modules/google-auth-library/build/src/auth/googleauth.js:287:15)\n    at async GoogleAuth._GoogleAuth_determineClient (/home/codedex/projects/DeXMart/node_modules/.pnpm/google-auth-library@9.15.1/node_modules/google-auth-library/build/src/auth/googleauth.js:834:32)\n    at async GoogleAuth.getClient (/home/codedex/projects/DeXMart/node_modules/.pnpm/google-auth-library@9.15.1/node_modules/google-auth-library/build/src/auth/googleauth.js:698:20)\n    at async GrpcClient._getCredentials (/home/codedex/projects/DeXMart/node_modules/.pnpm/google-gax@4.6.1/node_modules/google-gax/src/grpc.ts:209:20)\n    at async GrpcClient.createStub (/home/codedex/projects/DeXMart/node_modules/.pnpm/google-gax@4.6.1/node_modules/google-gax/src/grpc.ts:426:19)\nCaused by: Error\n    at QueryUtil._getResponse (/home/codedex/projects/DeXMart/node_modules/.pnpm/@google-cloud+firestore@7.11.6/node_modules/@google-cloud/firestore/build/src/reference/query-util.js:44:23)\n    at CollectionReference._getResponse (/home/codedex/projects/DeXMart/node_modules/.pnpm/@google-cloud+firestore@7.11.6/node_modules/@google-cloud/firestore/build/src/reference/query.js:784:32)\n    at CollectionReference._get (/home/codedex/projects/DeXMart/node_modules/.pnpm/@google-cloud+firestore@7.11.6/node_modules/@google-cloud/firestore/build/src/reference/query.js:777:35)\n    at /home/codedex/projects/DeXMart/node_modules/.pnpm/@google-cloud+firestore@7.11.6/node_modules/@google-cloud/firestore/build/src/reference/query.js:745:43\n    at /home/codedex/projects/DeXMart/node_modules/.pnpm/@google-cloud+firestore@7.11.6/node_modules/@google-cloud/firestore/build/src/telemetry/enabled-trace-util.js:110:30\n    at NoopContextManager.with (/home/codedex/projects/DeXMart/node_modules/.pnpm/@opentelemetry+api@1.9.0/node_modules/@opentelemetry/api/src/context/NoopContextManager.ts:31:15)\n    at ContextAPI.with (/home/codedex/projects/DeXMart/node_modules/.pnpm/@opentelemetry+api@1.9.0/node_modules/@opentelemetry/api/src/api/context.ts:77:42)\n    at NoopTracer.startActiveSpan (/home/codedex/projects/DeXMart/node_modules/.pnpm/@opentelemetry+api@1.9.0/node_modules/@opentelemetry/api/src/trace/NoopTracer.ts:98:27)\n    at ProxyTracer.startActiveSpan (/home/codedex/projects/DeXMart/node_modules/.pnpm/@opentelemetry+api@1.9.0/node_modules/@opentelemetry/api/src/trace/ProxyTracer.ts:51:20)\n    at EnabledTraceUtil.startActiveSpan (/home/codedex/projects/DeXMart/node_modules/.pnpm/@google-cloud+firestore@7.11.6/node_modules/@google-cloud/firestore/build/src/telemetry/enabled-trace-util.js:102:28)","timestamp":"2026-04-07 22:28:22:2822"}
{"level":"\u001b[32minfo\u001b[39m","message":"\u001b[32m[ChannelService] Successfully queued 0 channels for resumption.\u001b[39m","timestamp":"2026-04-07 22:28:22:2822"}
{"duration":260161736,"level":"\u001b[32minfo\u001b[39m","message":"\u001b[32mPerformance: memory_heap_used = 260161736 bytes\u001b[39m","operation":"memory_heap_used","timestamp":"2026-04-07 22:28:25:2825","unit":"bytes"}
{"duration":275824640,"level":"\u001b[32minfo\u001b[39m","message":"\u001b[32mPerformance: memory_heap_total = 275824640 bytes\u001b[39m","operation":"memory_heap_total","timestamp":"2026-04-07 22:28:25:2825","unit":"bytes"}
{"duration":496574464,"level":"\u001b[32minfo\u001b[39m","message":"\u001b[32mPerformance: memory_rss = 496574464 bytes\u001b[39m","operation":"memory_rss","timestamp":"2026-04-07 22:28:25:2825","unit":"bytes"}
{"duration":24422452,"level":"\u001b[32minfo\u001b[39m","message":"\u001b[32mPerformance: memory_external = 24422452 bytes\u001b[39m","operation":"memory_external","timestamp":"2026-04-07 22:28:25:2825","unit":"bytes"}
{"duration":7615467,"level":"\u001b[32minfo\u001b[39m","message":"\u001b[32mPerformance: cpu_user_time = 7615467 microseconds\u001b[39m","operation":"cpu_user_time","timestamp":"2026-04-07 22:28:25:2825","unit":"microseconds"}
{"duration":2672871,"level":"\u001b[32minfo\u001b[39m","message":"\u001b[32mPerformance: cpu_system_time = 2672871 microseconds\u001b[39m","operation":"cpu_system_time","timestamp":"2026-04-07 22:28:25:2825","unit":"microseconds"}
{"duration":391.138702245,"level":"\u001b[32minfo\u001b[39m","message":"\u001b[32mPerformance: process_uptime = 391.138702245 seconds\u001b[39m","operation":"process_uptime","timestamp":"2026-04-07 22:28:25:2825","unit":"seconds"}
{"duration":0.223799,"level":"\u001b[32minfo\u001b[39m","message":"\u001b[32mPerformance: event_loop_lag = 0.223799 milliseconds\u001b[39m","operation":"event_loop_lag","timestamp":"2026-04-07 22:28:25:2825","unit":"milliseconds"}
{"duration":259860216,"level":"\u001b[32minfo\u001b[39m","message":"\u001b[32mPerformance: memory_heap_used = 259860216 bytes\u001b[39m","operation":"memory_heap_used","timestamp":"2026-04-07 22:28:55:2855","unit":"bytes"}
{"duration":274776064,"level":"\u001b[32minfo\u001b[39m","message":"\u001b[32mPerformance: memory_heap_total = 274776064 bytes\u001b[39m","operation":"memory_heap_total","timestamp":"2026-04-07 22:28:55:2855","unit":"bytes"}
{"duration":496705536,"level":"\u001b[32minfo\u001b[39m","message":"\u001b[32mPerformance: memory_rss = 496705536 bytes\u001b[39m","operation":"memory_rss","timestamp":"2026-04-07 22:28:55:2855","unit":"bytes"}
{"duration":24422172,"level":"\u001b[32minfo\u001b[39m","message":"\u001b[32mPerformance: memory_external = 24422172 bytes\u001b[39m","operation":"memory_external","timestamp":"2026-04-07 22:28:55:2855","unit":"bytes"}
{"duration":7724496,"level":"\u001b[32minfo\u001b[39m","message":"\u001b[32mPerformance: cpu_user_time = 7724496 microseconds\u001b[39m","operation":"cpu_user_time","timestamp":"2026-04-07 22:28:55:2855","unit":"microseconds"}
{"duration":2711921,"level":"\u001b[32minfo\u001b[39m","message":"\u001b[32mPerformance: cpu_system_time = 2711921 microseconds\u001b[39m","operation":"cpu_system_time","timestamp":"2026-04-07 22:28:55:2855","unit":"microseconds"}
{"duration":421.139415312,"level":"\u001b[32minfo\u001b[39m","message":"\u001b[32mPerformance: process_uptime = 421.139415312 seconds\u001b[39m","operation":"process_uptime","timestamp":"2026-04-07 22:28:55:2855","unit":"seconds"}
{"duration":0.265818,"level":"\u001b[32minfo\u001b[39m","message":"\u001b[32mPerformance: event_loop_lag = 0.265818 milliseconds\u001b[39m","operation":"event_loop_lag","timestamp":"2026-04-07 22:28:55:2855","unit":"milliseconds"}
{"level":"\u001b[32minfo\u001b[39m","message":"\u001b[32m>>> [MASTERMIND] Resuming all active channels...\u001b[39m","timestamp":"2026-04-07 22:29:12:2912"}
{"error":"Could not load the default credentials. Browse to https://cloud.google.com/docs/authentication/getting-started for more information.","level":"\u001b[31merror\u001b[39m","message":"\u001b[31mFirestore getCollection error [tenants] (Tenant: undefined):\u001b[39m","stack":"Error: Could not load the default credentials. Browse to https://cloud.google.com/docs/authentication/getting-started for more information.\n    at GoogleAuth.getApplicationDefaultAsync (/home/codedex/projects/DeXMart/node_modules/.pnpm/google-auth-library@9.15.1/node_modules/google-auth-library/build/src/auth/googleauth.js:287:15)\n    at async GoogleAuth._GoogleAuth_determineClient (/home/codedex/projects/DeXMart/node_modules/.pnpm/google-auth-library@9.15.1/node_modules/google-auth-library/build/src/auth/googleauth.js:834:32)\n    at async GoogleAuth.getClient (/home/codedex/projects/DeXMart/node_modules/.pnpm/google-auth-library@9.15.1/node_modules/google-auth-library/build/src/auth/googleauth.js:698:20)\n    at async GrpcClient._getCredentials (/home/codedex/projects/DeXMart/node_modules/.pnpm/google-gax@4.6.1/node_modules/google-gax/src/grpc.ts:209:20)\n    at async GrpcClient.createStub (/home/codedex/projects/DeXMart/node_modules/.pnpm/google-gax@4.6.1/node_modules/google-gax/src/grpc.ts:426:19)\nCaused by: Error\n    at QueryUtil._getResponse (/home/codedex/projects/DeXMart/node_modules/.pnpm/@google-cloud+firestore@7.11.6/node_modules/@google-cloud/firestore/build/src/reference/query-util.js:44:23)\n    at CollectionReference._getResponse (/home/codedex/projects/DeXMart/node_modules/.pnpm/@google-cloud+firestore@7.11.6/node_modules/@google-cloud/firestore/build/src/reference/query.js:784:32)\n    at CollectionReference._get (/home/codedex/projects/DeXMart/node_modules/.pnpm/@google-cloud+firestore@7.11.6/node_modules/@google-cloud/firestore/build/src/reference/query.js:777:35)\n    at /home/codedex/projects/DeXMart/node_modules/.pnpm/@google-cloud+firestore@7.11.6/node_modules/@google-cloud/firestore/build/src/reference/query.js:745:43\n    at /home/codedex/projects/DeXMart/node_modules/.pnpm/@google-cloud+firestore@7.11.6/node_modules/@google-cloud/firestore/build/src/telemetry/enabled-trace-util.js:110:30\n    at NoopContextManager.with (/home/codedex/projects/DeXMart/node_modules/.pnpm/@opentelemetry+api@1.9.0/node_modules/@opentelemetry/api/src/context/NoopContextManager.ts:31:15)\n    at ContextAPI.with (/home/codedex/projects/DeXMart/node_modules/.pnpm/@opentelemetry+api@1.9.0/node_modules/@opentelemetry/api/src/api/context.ts:77:42)\n    at NoopTracer.startActiveSpan (/home/codedex/projects/DeXMart/node_modules/.pnpm/@opentelemetry+api@1.9.0/node_modules/@opentelemetry/api/src/trace/NoopTracer.ts:98:27)\n    at ProxyTracer.startActiveSpan (/home/codedex/projects/DeXMart/node_modules/.pnpm/@opentelemetry+api@1.9.0/node_modules/@opentelemetry/api/src/trace/ProxyTracer.ts:51:20)\n    at EnabledTraceUtil.startActiveSpan (/home/codedex/projects/DeXMart/node_modules/.pnpm/@google-cloud+firestore@7.11.6/node_modules/@google-cloud/firestore/build/src/telemetry/enabled-trace-util.js:102:28)","timestamp":"2026-04-07 22:29:21:2921"}
{"error":"Could not load the default credentials. Browse to https://cloud.google.com/docs/authentication/getting-started for more information.","level":"\u001b[31merror\u001b[39m","message":"\u001b[31mMultiTenantService.listTenants error:\u001b[39m","stack":"Error: Could not load the default credentials. Browse to https://cloud.google.com/docs/authentication/getting-started for more information.\n    at GoogleAuth.getApplicationDefaultAsync (/home/codedex/projects/DeXMart/node_modules/.pnpm/google-auth-library@9.15.1/node_modules/google-auth-library/build/src/auth/googleauth.js:287:15)\n    at async GoogleAuth._GoogleAuth_determineClient (/home/codedex/projects/DeXMart/node_modules/.pnpm/google-auth-library@9.15.1/node_modules/google-auth-library/build/src/auth/googleauth.js:834:32)\n    at async GoogleAuth.getClient (/home/codedex/projects/DeXMart/node_modules/.pnpm/google-auth-library@9.15.1/node_modules/google-auth-library/build/src/auth/googleauth.js:698:20)\n    at async GrpcClient._getCredentials (/home/codedex/projects/DeXMart/node_modules/.pnpm/google-gax@4.6.1/node_modules/google-gax/src/grpc.ts:209:20)\n    at async GrpcClient.createStub (/home/codedex/projects/DeXMart/node_modules/.pnpm/google-gax@4.6.1/node_modules/google-gax/src/grpc.ts:426:19)\nCaused by: Error\n    at QueryUtil._getResponse (/home/codedex/projects/DeXMart/node_modules/.pnpm/@google-cloud+firestore@7.11.6/node_modules/@google-cloud/firestore/build/src/reference/query-util.js:44:23)\n    at CollectionReference._getResponse (/home/codedex/projects/DeXMart/node_modules/.pnpm/@google-cloud+firestore@7.11.6/node_modules/@google-cloud/firestore/build/src/reference/query.js:784:32)\n    at CollectionReference._get (/home/codedex/projects/DeXMart/node_modules/.pnpm/@google-cloud+firestore@7.11.6/node_modules/@google-cloud/firestore/build/src/reference/query.js:777:35)\n    at /home/codedex/projects/DeXMart/node_modules/.pnpm/@google-cloud+firestore@7.11.6/node_modules/@google-cloud/firestore/build/src/reference/query.js:745:43\n    at /home/codedex/projects/DeXMart/node_modules/.pnpm/@google-cloud+firestore@7.11.6/node_modules/@google-cloud/firestore/build/src/telemetry/enabled-trace-util.js:110:30\n    at NoopContextManager.with (/home/codedex/projects/DeXMart/node_modules/.pnpm/@opentelemetry+api@1.9.0/node_modules/@opentelemetry/api/src/context/NoopContextManager.ts:31:15)\n    at ContextAPI.with (/home/codedex/projects/DeXMart/node_modules/.pnpm/@opentelemetry+api@1.9.0/node_modules/@opentelemetry/api/src/api/context.ts:77:42)\n    at NoopTracer.startActiveSpan (/home/codedex/projects/DeXMart/node_modules/.pnpm/@opentelemetry+api@1.9.0/node_modules/@opentelemetry/api/src/trace/NoopTracer.ts:98:27)\n    at ProxyTracer.startActiveSpan (/home/codedex/projects/DeXMart/node_modules/.pnpm/@opentelemetry+api@1.9.0/node_modules/@opentelemetry/api/src/trace/ProxyTracer.ts:51:20)\n    at EnabledTraceUtil.startActiveSpan (/home/codedex/projects/DeXMart/node_modules/.pnpm/@google-cloud+firestore@7.11.6/node_modules/@google-cloud/firestore/build/src/telemetry/enabled-trace-util.js:102:28)","timestamp":"2026-04-07 22:29:21:2921"}
{"level":"\u001b[32minfo\u001b[39m","message":"\u001b[32m[ChannelService] Successfully queued 0 channels for resumption.\u001b[39m","timestamp":"2026-04-07 22:29:21:2921"}
{"duration":260710328,"level":"\u001b[32minfo\u001b[39m","message":"\u001b[32mPerformance: memory_heap_used = 260710328 bytes\u001b[39m","operation":"memory_heap_used","timestamp":"2026-04-07 22:29:25:2925","unit":"bytes"}
{"duration":274776064,"level":"\u001b[32minfo\u001b[39m","message":"\u001b[32mPerformance: memory_heap_total = 274776064 bytes\u001b[39m","operation":"memory_heap_total","timestamp":"2026-04-07 22:29:25:2925","unit":"bytes"}
{"duration":497491968,"level":"\u001b[32minfo\u001b[39m","message":"\u001b[32mPerformance: memory_rss = 497491968 bytes\u001b[39m","operation":"memory_rss","timestamp":"2026-04-07 22:29:25:2925","unit":"bytes"}
{"duration":24463562,"level":"\u001b[32minfo\u001b[39m","message":"\u001b[32mPerformance: memory_external = 24463562 bytes\u001b[39m","operation":"memory_external","timestamp":"2026-04-07 22:29:25:2925","unit":"bytes"}
{"duration":7797580,"level":"\u001b[32minfo\u001b[39m","message":"\u001b[32mPerformance: cpu_user_time = 7797580 microseconds\u001b[39m","operation":"cpu_user_time","timestamp":"2026-04-07 22:29:25:2925","unit":"microseconds"}
{"duration":2715919,"level":"\u001b[32minfo\u001b[39m","message":"\u001b[32mPerformance: cpu_system_time = 2715919 microseconds\u001b[39m","operation":"cpu_system_time","timestamp":"2026-04-07 22:29:25:2925","unit":"microseconds"}
{"duration":451.140618017,"level":"\u001b[32minfo\u001b[39m","message":"\u001b[32mPerformance: process_uptime = 451.140618017 seconds\u001b[39m","operation":"process_uptime","timestamp":"2026-04-07 22:29:25:2925","unit":"seconds"}
{"duration":1.441502,"level":"\u001b[32minfo\u001b[39m","message":"\u001b[32mPerformance: event_loop_lag = 1.441502 milliseconds\u001b[39m","operation":"event_loop_lag","timestamp":"2026-04-07 22:29:25:2925","unit":"milliseconds"}
{"level":"\u001b[32minfo\u001b[39m","message":"\u001b[32mINCOMING REQUEST: POST /api/internal/channels\u001b[39m","timestamp":"2026-04-07 22:29:39:2939"}
{"level":"\u001b[32minfo\u001b[39m","message":"\u001b[32mMutating request without Origin/Referer header\u001b[39m","path":"/api/internal/channels","timestamp":"2026-04-07 22:29:39:2939"}
{"ip":"::ffff:127.0.0.1","level":"\u001b[32minfo\u001b[39m","message":"\u001b[32mPOST /api/internal/channels\u001b[39m","timestamp":"2026-04-07 22:29:40:2940","userAgent":"node"}
{"error":"Could not load the default credentials. Browse to https://cloud.google.com/docs/authentication/getting-started for more information.","level":"\u001b[31merror\u001b[39m","message":"\u001b[31mSystemAuthorityService.checkAuthority error for system_default:\u001b[39m","stack":"Error: Could not load the default credentials. Browse to https://cloud.google.com/docs/authentication/getting-started for more information.\n    at GoogleAuth.getApplicationDefaultAsync (/home/codedex/projects/DeXMart/node_modules/.pnpm/google-auth-library@9.15.1/node_modules/google-auth-library/build/src/auth/googleauth.js:287:15)\n    at async GoogleAuth._GoogleAuth_determineClient (/home/codedex/projects/DeXMart/node_modules/.pnpm/google-auth-library@9.15.1/node_modules/google-auth-library/build/src/auth/googleauth.js:834:32)\n    at async GoogleAuth.getClient (/home/codedex/projects/DeXMart/node_modules/.pnpm/google-auth-library@9.15.1/node_modules/google-auth-library/build/src/auth/googleauth.js:698:20)\n    at async GrpcClient._getCredentials (/home/codedex/projects/DeXMart/node_modules/.pnpm/google-gax@4.6.1/node_modules/google-gax/src/grpc.ts:209:20)\n    at async GrpcClient.createStub (/home/codedex/projects/DeXMart/node_modules/.pnpm/google-gax@4.6.1/node_modules/google-gax/src/grpc.ts:426:19)\nCaused by: Error\n    at /home/codedex/projects/DeXMart/node_modules/.pnpm/@google-cloud+firestore@7.11.6/node_modules/@google-cloud/firestore/build/src/index.js:1040:27\n    at /home/codedex/projects/DeXMart/node_modules/.pnpm/@google-cloud+firestore@7.11.6/node_modules/@google-cloud/firestore/build/src/telemetry/enabled-trace-util.js:110:30\n    at NoopContextManager.with (/home/codedex/projects/DeXMart/node_modules/.pnpm/@opentelemetry+api@1.9.0/node_modules/@opentelemetry/api/src/context/NoopContextManager.ts:31:15)\n    at ContextAPI.with (/home/codedex/projects/DeXMart/node_modules/.pnpm/@opentelemetry+api@1.9.0/node_modules/@opentelemetry/api/src/api/context.ts:77:42)\n    at NoopTracer.startActiveSpan (/home/codedex/projects/DeXMart/node_modules/.pnpm/@opentelemetry+api@1.9.0/node_modules/@opentelemetry/api/src/trace/NoopTracer.ts:98:27)\n    at ProxyTracer.startActiveSpan (/home/codedex/projects/DeXMart/node_modules/.pnpm/@opentelemetry+api@1.9.0/node_modules/@opentelemetry/api/src/trace/ProxyTracer.ts:51:20)\n    at EnabledTraceUtil.startActiveSpan (/home/codedex/projects/DeXMart/node_modules/.pnpm/@google-cloud+firestore@7.11.6/node_modules/@google-cloud/firestore/build/src/telemetry/enabled-trace-util.js:102:28)\n    at Firestore.getAll (/home/codedex/projects/DeXMart/node_modules/.pnpm/@google-cloud+firestore@7.11.6/node_modules/@google-cloud/firestore/build/src/index.js:1031:32)\n    at /home/codedex/projects/DeXMart/node_modules/.pnpm/@google-cloud+firestore@7.11.6/node_modules/@google-cloud/firestore/build/src/reference/document-reference.js:182:36\n    at /home/codedex/projects/DeXMart/node_modules/.pnpm/@google-cloud+firestore@7.11.6/node_modules/@google-cloud/firestore/build/src/telemetry/enabled-trace-util.js:110:30","timestamp":"2026-04-07 22:29:48:2948"}
{"data":"{\"id\":\"chan_10f10d19-4a8d-4956-8b0b-7083323ee448\",\"name\":\"API Test Channel\",\"type\":\"whatsapp\",\"status\":\"disconnected\",\"assignedAgentId\":\"system_default\",\"stats\":{\"messagesSent\":0,\"messagesReceived\":0,\"contactsCount\":0,\"errorsCount\":0},\"config\":{},\"createdAt\":\"2026-04-07T22:29:48.000Z\",\"updatedAt\":\"2026-04-07T22:29:48.000Z\"}","level":"\u001b[31merror\u001b[39m","message":"\u001b[31mFirestore setDoc error [agents/system_default/channels/chan_10f10d19-4a8d-4956-8b0b-7083323ee448] (Tenant: system_default): Could not load the default credentials. Browse to https://cloud.google.com/docs/authentication/getting-started for more information.\u001b[39m","stack":"Error: Could not load the default credentials. Browse to https://cloud.google.com/docs/authentication/getting-started for more information.\n    at GoogleAuth.getApplicationDefaultAsync (/home/codedex/projects/DeXMart/node_modules/.pnpm/google-auth-library@9.15.1/node_modules/google-auth-library/build/src/auth/googleauth.js:287:15)\n    at async GoogleAuth._GoogleAuth_determineClient (/home/codedex/projects/DeXMart/node_modules/.pnpm/google-auth-library@9.15.1/node_modules/google-auth-library/build/src/auth/googleauth.js:834:32)\n    at async GoogleAuth.getClient (/home/codedex/projects/DeXMart/node_modules/.pnpm/google-auth-library@9.15.1/node_modules/google-auth-library/build/src/auth/googleauth.js:698:20)\n    at async GrpcClient._getCredentials (/home/codedex/projects/DeXMart/node_modules/.pnpm/google-gax@4.6.1/node_modules/google-gax/src/grpc.ts:209:20)\n    at async GrpcClient.createStub (/home/codedex/projects/DeXMart/node_modules/.pnpm/google-gax@4.6.1/node_modules/google-gax/src/grpc.ts:426:19)\nCaused by: Error\n    at _firestore._traceUtil.startActiveSpan (/home/codedex/projects/DeXMart/node_modules/.pnpm/@google-cloud+firestore@7.11.6/node_modules/@google-cloud/firestore/build/src/write-batch.js:438:27)\n    at /home/codedex/projects/DeXMart/node_modules/.pnpm/@google-cloud+firestore@7.11.6/node_modules/@google-cloud/firestore/build/src/telemetry/enabled-trace-util.js:110:30\n    at NoopContextManager.with (/home/codedex/projects/DeXMart/node_modules/.pnpm/@opentelemetry+api@1.9.0/node_modules/@opentelemetry/api/src/context/NoopContextManager.ts:31:15)\n    at ContextAPI.with (/home/codedex/projects/DeXMart/node_modules/.pnpm/@opentelemetry+api@1.9.0/node_modules/@opentelemetry/api/src/api/context.ts:77:42)\n    at NoopTracer.startActiveSpan (/home/codedex/projects/DeXMart/node_modules/.pnpm/@opentelemetry+api@1.9.0/node_modules/@opentelemetry/api/src/trace/NoopTracer.ts:98:27)\n    at ProxyTracer.startActiveSpan (/home/codedex/projects/DeXMart/node_modules/.pnpm/@opentelemetry+api@1.9.0/node_modules/@opentelemetry/api/src/trace/ProxyTracer.ts:51:20)\n    at EnabledTraceUtil.startActiveSpan (/home/codedex/projects/DeXMart/node_modules/.pnpm/@google-cloud+firestore@7.11.6/node_modules/@google-cloud/firestore/build/src/telemetry/enabled-trace-util.js:102:28)\n    at WriteBatch.commit (/home/codedex/projects/DeXMart/node_modules/.pnpm/@google-cloud+firestore@7.11.6/node_modules/@google-cloud/firestore/build/src/write-batch.js:436:43)\n    at /home/codedex/projects/DeXMart/node_modules/.pnpm/@google-cloud+firestore@7.11.6/node_modules/@google-cloud/firestore/build/src/reference/document-reference.js:350:31\n    at /home/codedex/projects/DeXMart/node_modules/.pnpm/@google-cloud+firestore@7.11.6/node_modules/@google-cloud/firestore/build/src/telemetry/enabled-trace-util.js:110:30","timestamp":"2026-04-07 22:29:48:2948"}
{"error":"Could not load the default credentials. Browse to https://cloud.google.com/docs/authentication/getting-started for more information.","level":"\u001b[31merror\u001b[39m","message":"\u001b[31mChannelService.createChannel error [system_default]:\u001b[39m","stack":"Error: Could not load the default credentials. Browse to https://cloud.google.com/docs/authentication/getting-started for more information.\n    at GoogleAuth.getApplicationDefaultAsync (/home/codedex/projects/DeXMart/node_modules/.pnpm/google-auth-library@9.15.1/node_modules/google-auth-library/build/src/auth/googleauth.js:287:15)\n    at async GoogleAuth._GoogleAuth_determineClient (/home/codedex/projects/DeXMart/node_modules/.pnpm/google-auth-library@9.15.1/node_modules/google-auth-library/build/src/auth/googleauth.js:834:32)\n    at async GoogleAuth.getClient (/home/codedex/projects/DeXMart/node_modules/.pnpm/google-auth-library@9.15.1/node_modules/google-auth-library/build/src/auth/googleauth.js:698:20)\n    at async GrpcClient._getCredentials (/home/codedex/projects/DeXMart/node_modules/.pnpm/google-gax@4.6.1/node_modules/google-gax/src/grpc.ts:209:20)\n    at async GrpcClient.createStub (/home/codedex/projects/DeXMart/node_modules/.pnpm/google-gax@4.6.1/node_modules/google-gax/src/grpc.ts:426:19)\nCaused by: Error\n    at _firestore._traceUtil.startActiveSpan (/home/codedex/projects/DeXMart/node_modules/.pnpm/@google-cloud+firestore@7.11.6/node_modules/@google-cloud/firestore/build/src/write-batch.js:438:27)\n    at /home/codedex/projects/DeXMart/node_modules/.pnpm/@google-cloud+firestore@7.11.6/node_modules/@google-cloud/firestore/build/src/telemetry/enabled-trace-util.js:110:30\n    at NoopContextManager.with (/home/codedex/projects/DeXMart/node_modules/.pnpm/@opentelemetry+api@1.9.0/node_modules/@opentelemetry/api/src/context/NoopContextManager.ts:31:15)\n    at ContextAPI.with (/home/codedex/projects/DeXMart/node_modules/.pnpm/@opentelemetry+api@1.9.0/node_modules/@opentelemetry/api/src/api/context.ts:77:42)\n    at NoopTracer.startActiveSpan (/home/codedex/projects/DeXMart/node_modules/.pnpm/@opentelemetry+api@1.9.0/node_modules/@opentelemetry/api/src/trace/NoopTracer.ts:98:27)\n    at ProxyTracer.startActiveSpan (/home/codedex/projects/DeXMart/node_modules/.pnpm/@opentelemetry+api@1.9.0/node_modules/@opentelemetry/api/src/trace/ProxyTracer.ts:51:20)\n    at EnabledTraceUtil.startActiveSpan (/home/codedex/projects/DeXMart/node_modules/.pnpm/@google-cloud+firestore@7.11.6/node_modules/@google-cloud/firestore/build/src/telemetry/enabled-trace-util.js:102:28)\n    at WriteBatch.commit (/home/codedex/projects/DeXMart/node_modules/.pnpm/@google-cloud+firestore@7.11.6/node_modules/@google-cloud/firestore/build/src/write-batch.js:436:43)\n    at /home/codedex/projects/DeXMart/node_modules/.pnpm/@google-cloud+firestore@7.11.6/node_modules/@google-cloud/firestore/build/src/reference/document-reference.js:350:31\n    at /home/codedex/projects/DeXMart/node_modules/.pnpm/@google-cloud+firestore@7.11.6/node_modules/@google-cloud/firestore/build/src/telemetry/enabled-trace-util.js:110:30","timestamp":"2026-04-07 22:29:48:2948"}
{"duration":262109792,"level":"\u001b[32minfo\u001b[39m","message":"\u001b[32mPerformance: memory_heap_used = 262109792 bytes\u001b[39m","operation":"memory_heap_used","timestamp":"2026-04-07 22:29:55:2955","unit":"bytes"}
{"duration":275824640,"level":"\u001b[32minfo\u001b[39m","message":"\u001b[32mPerformance: memory_heap_total = 275824640 bytes\u001b[39m","operation":"memory_heap_total","timestamp":"2026-04-07 22:29:55:2955","unit":"bytes"}
{"duration":498540544,"level":"\u001b[32minfo\u001b[39m","message":"\u001b[32mPerformance: memory_rss = 498540544 bytes\u001b[39m","operation":"memory_rss","timestamp":"2026-04-07 22:29:55:2955","unit":"bytes"}
{"duration":24512479,"level":"\u001b[32minfo\u001b[39m","message":"\u001b[32mPerformance: memory_external = 24512479 bytes\u001b[39m","operation":"memory_external","timestamp":"2026-04-07 22:29:55:2955","unit":"bytes"}
{"duration":7995251,"level":"\u001b[32minfo\u001b[39m","message":"\u001b[32mPerformance: cpu_user_time = 7995251 microseconds\u001b[39m","operation":"cpu_user_time","timestamp":"2026-04-07 22:29:55:2955","unit":"microseconds"}
{"duration":2791113,"level":"\u001b[32minfo\u001b[39m","message":"\u001b[32mPerformance: cpu_system_time = 2791113 microseconds\u001b[39m","operation":"cpu_system_time","timestamp":"2026-04-07 22:29:55:2955","unit":"microseconds"}
{"duration":481.141646591,"level":"\u001b[32minfo\u001b[39m","message":"\u001b[32mPerformance: process_uptime = 481.141646591 seconds\u001b[39m","operation":"process_uptime","timestamp":"2026-04-07 22:29:55:2955","unit":"seconds"}
{"duration":1.518015,"level":"\u001b[32minfo\u001b[39m","message":"\u001b[32mPerformance: event_loop_lag = 1.518015 milliseconds\u001b[39m","operation":"event_loop_lag","timestamp":"2026-04-07 22:29:55:2955","unit":"milliseconds"}
{"level":"\u001b[32minfo\u001b[39m","message":"\u001b[32m>>> [MASTERMIND] Resuming all active channels...\u001b[39m","timestamp":"2026-04-07 22:30:12:3012"}
{"error":"Could not load the default credentials. Browse to https://cloud.google.com/docs/authentication/getting-started for more information.","level":"\u001b[31merror\u001b[39m","message":"\u001b[31mFirestore getCollection error [tenants] (Tenant: undefined):\u001b[39m","stack":"Error: Could not load the default credentials. Browse to https://cloud.google.com/docs/authentication/getting-started for more information.\n    at GoogleAuth.getApplicationDefaultAsync (/home/codedex/projects/DeXMart/node_modules/.pnpm/google-auth-library@9.15.1/node_modules/google-auth-library/build/src/auth/googleauth.js:287:15)\n    at async GoogleAuth._GoogleAuth_determineClient (/home/codedex/projects/DeXMart/node_modules/.pnpm/google-auth-library@9.15.1/node_modules/google-auth-library/build/src/auth/googleauth.js:834:32)\n    at async GoogleAuth.getClient (/home/codedex/projects/DeXMart/node_modules/.pnpm/google-auth-library@9.15.1/node_modules/google-auth-library/build/src/auth/googleauth.js:698:20)\n    at async GrpcClient._getCredentials (/home/codedex/projects/DeXMart/node_modules/.pnpm/google-gax@4.6.1/node_modules/google-gax/src/grpc.ts:209:20)\n    at async GrpcClient.createStub (/home/codedex/projects/DeXMart/node_modules/.pnpm/google-gax@4.6.1/node_modules/google-gax/src/grpc.ts:426:19)\nCaused by: Error\n    at QueryUtil._getResponse (/home/codedex/projects/DeXMart/node_modules/.pnpm/@google-cloud+firestore@7.11.6/node_modules/@google-cloud/firestore/build/src/reference/query-util.js:44:23)\n    at CollectionReference._getResponse (/home/codedex/projects/DeXMart/node_modules/.pnpm/@google-cloud+firestore@7.11.6/node_modules/@google-cloud/firestore/build/src/reference/query.js:784:32)\n    at CollectionReference._get (/home/codedex/projects/DeXMart/node_modules/.pnpm/@google-cloud+firestore@7.11.6/node_modules/@google-cloud/firestore/build/src/reference/query.js:777:35)\n    at /home/codedex/projects/DeXMart/node_modules/.pnpm/@google-cloud+firestore@7.11.6/node_modules/@google-cloud/firestore/build/src/reference/query.js:745:43\n    at /home/codedex/projects/DeXMart/node_modules/.pnpm/@google-cloud+firestore@7.11.6/node_modules/@google-cloud/firestore/build/src/telemetry/enabled-trace-util.js:110:30\n    at NoopContextManager.with (/home/codedex/projects/DeXMart/node_modules/.pnpm/@opentelemetry+api@1.9.0/node_modules/@opentelemetry/api/src/context/NoopContextManager.ts:31:15)\n    at ContextAPI.with (/home/codedex/projects/DeXMart/node_modules/.pnpm/@opentelemetry+api@1.9.0/node_modules/@opentelemetry/api/src/api/context.ts:77:42)\n    at NoopTracer.startActiveSpan (/home/codedex/projects/DeXMart/node_modules/.pnpm/@opentelemetry+api@1.9.0/node_modules/@opentelemetry/api/src/trace/NoopTracer.ts:98:27)\n    at ProxyTracer.startActiveSpan (/home/codedex/projects/DeXMart/node_modules/.pnpm/@opentelemetry+api@1.9.0/node_modules/@opentelemetry/api/src/trace/ProxyTracer.ts:51:20)\n    at EnabledTraceUtil.startActiveSpan (/home/codedex/projects/DeXMart/node_modules/.pnpm/@google-cloud+firestore@7.11.6/node_modules/@google-cloud/firestore/build/src/telemetry/enabled-trace-util.js:102:28)","timestamp":"2026-04-07 22:30:19:3019"}
{"error":"Could not load the default credentials. Browse to https://cloud.google.com/docs/authentication/getting-started for more information.","level":"\u001b[31merror\u001b[39m","message":"\u001b[31mMultiTenantService.listTenants error:\u001b[39m","stack":"Error: Could not load the default credentials. Browse to https://cloud.google.com/docs/authentication/getting-started for more information.\n    at GoogleAuth.getApplicationDefaultAsync (/home/codedex/projects/DeXMart/node_modules/.pnpm/google-auth-library@9.15.1/node_modules/google-auth-library/build/src/auth/googleauth.js:287:15)\n    at async GoogleAuth._GoogleAuth_determineClient (/home/codedex/projects/DeXMart/node_modules/.pnpm/google-auth-library@9.15.1/node_modules/google-auth-library/build/src/auth/googleauth.js:834:32)\n    at async GoogleAuth.getClient (/home/codedex/projects/DeXMart/node_modules/.pnpm/google-auth-library@9.15.1/node_modules/google-auth-library/build/src/auth/googleauth.js:698:20)\n    at async GrpcClient._getCredentials (/home/codedex/projects/DeXMart/node_modules/.pnpm/google-gax@4.6.1/node_modules/google-gax/src/grpc.ts:209:20)\n    at async GrpcClient.createStub (/home/codedex/projects/DeXMart/node_modules/.pnpm/google-gax@4.6.1/node_modules/google-gax/src/grpc.ts:426:19)\nCaused by: Error\n    at QueryUtil._getResponse (/home/codedex/projects/DeXMart/node_modules/.pnpm/@google-cloud+firestore@7.11.6/node_modules/@google-cloud/firestore/build/src/reference/query-util.js:44:23)\n    at CollectionReference._getResponse (/home/codedex/projects/DeXMart/node_modules/.pnpm/@google-cloud+firestore@7.11.6/node_modules/@google-cloud/firestore/build/src/reference/query.js:784:32)\n    at CollectionReference._get (/home/codedex/projects/DeXMart/node_modules/.pnpm/@google-cloud+firestore@7.11.6/node_modules/@google-cloud/firestore/build/src/reference/query.js:777:35)\n    at /home/codedex/projects/DeXMart/node_modules/.pnpm/@google-cloud+firestore@7.11.6/node_modules/@google-cloud/firestore/build/src/reference/query.js:745:43\n    at /home/codedex/projects/DeXMart/node_modules/.pnpm/@google-cloud+firestore@7.11.6/node_modules/@google-cloud/firestore/build/src/telemetry/enabled-trace-util.js:110:30\n    at NoopContextManager.with (/home/codedex/projects/DeXMart/node_modules/.pnpm/@opentelemetry+api@1.9.0/node_modules/@opentelemetry/api/src/context/NoopContextManager.ts:31:15)\n    at ContextAPI.with (/home/codedex/projects/DeXMart/node_modules/.pnpm/@opentelemetry+api@1.9.0/node_modules/@opentelemetry/api/src/api/context.ts:77:42)\n    at NoopTracer.startActiveSpan (/home/codedex/projects/DeXMart/node_modules/.pnpm/@opentelemetry+api@1.9.0/node_modules/@opentelemetry/api/src/trace/NoopTracer.ts:98:27)\n    at ProxyTracer.startActiveSpan (/home/codedex/projects/DeXMart/node_modules/.pnpm/@opentelemetry+api@1.9.0/node_modules/@opentelemetry/api/src/trace/ProxyTracer.ts:51:20)\n    at EnabledTraceUtil.startActiveSpan (/home/codedex/projects/DeXMart/node_modules/.pnpm/@google-cloud+firestore@7.11.6/node_modules/@google-cloud/firestore/build/src/telemetry/enabled-trace-util.js:102:28)","timestamp":"2026-04-07 22:30:19:3019"}
{"level":"\u001b[32minfo\u001b[39m","message":"\u001b[32m[ChannelService] Successfully queued 0 channels for resumption.\u001b[39m","timestamp":"2026-04-07 22:30:19:3019"}
{"duration":262346704,"level":"\u001b[32minfo\u001b[39m","message":"\u001b[32mPerformance: memory_heap_used = 262346704 bytes\u001b[39m","operation":"memory_heap_used","timestamp":"2026-04-07 22:30:25:3025","unit":"bytes"}
{"duration":275824640,"level":"\u001b[32minfo\u001b[39m","message":"\u001b[32mPerformance: memory_heap_total = 275824640 bytes\u001b[39m","operation":"memory_heap_total","timestamp":"2026-04-07 22:30:25:3025","unit":"bytes"}
{"duration":498802688,"level":"\u001b[32minfo\u001b[39m","message":"\u001b[32mPerformance: memory_rss = 498802688 bytes\u001b[39m","operation":"memory_rss","timestamp":"2026-04-07 22:30:25:3025","unit":"bytes"}
{"duration":24529073,"level":"\u001b[32minfo\u001b[39m","message":"\u001b[32mPerformance: memory_external = 24529073 bytes\u001b[39m","operation":"memory_external","timestamp":"2026-04-07 22:30:25:3025","unit":"bytes"}
{"duration":8055128,"level":"\u001b[32minfo\u001b[39m","message":"\u001b[32mPerformance: cpu_user_time = 8055128 microseconds\u001b[39m","operation":"cpu_user_time","timestamp":"2026-04-07 22:30:25:3025","unit":"microseconds"}
{"duration":2814393,"level":"\u001b[32minfo\u001b[39m","message":"\u001b[32mPerformance: cpu_system_time = 2814393 microseconds\u001b[39m","operation":"cpu_system_time","timestamp":"2026-04-07 22:30:25:3025","unit":"microseconds"}
{"duration":511.143123009,"level":"\u001b[32minfo\u001b[39m","message":"\u001b[32mPerformance: process_uptime = 511.143123009 seconds\u001b[39m","operation":"process_uptime","timestamp":"2026-04-07 22:30:25:3025","unit":"seconds"}
{"duration":1.697992,"level":"\u001b[32minfo\u001b[39m","message":"\u001b[32mPerformance: event_loop_lag = 1.697992 milliseconds\u001b[39m","operation":"event_loop_lag","timestamp":"2026-04-07 22:30:25:3025","unit":"milliseconds"}
{"duration":262017824,"level":"\u001b[32minfo\u001b[39m","message":"\u001b[32mPerformance: memory_heap_used = 262017824 bytes\u001b[39m","operation":"memory_heap_used","timestamp":"2026-04-07 22:30:55:3055","unit":"bytes"}
{"duration":276873216,"level":"\u001b[32minfo\u001b[39m","message":"\u001b[32mPerformance: memory_heap_total = 276873216 bytes\u001b[39m","operation":"memory_heap_total","timestamp":"2026-04-07 22:30:55:3055","unit":"bytes"}
{"duration":498933760,"level":"\u001b[32minfo\u001b[39m","message":"\u001b[32mPerformance: memory_rss = 498933760 bytes\u001b[39m","operation":"memory_rss","timestamp":"2026-04-07 22:30:55:3055","unit":"bytes"}
{"duration":24512439,"level":"\u001b[32minfo\u001b[39m","message":"\u001b[32mPerformance: memory_external = 24512439 bytes\u001b[39m","operation":"memory_external","timestamp":"2026-04-07 22:30:55:3055","unit":"bytes"}
{"duration":8135051,"level":"\u001b[32minfo\u001b[39m","message":"\u001b[32mPerformance: cpu_user_time = 8135051 microseconds\u001b[39m","operation":"cpu_user_time","timestamp":"2026-04-07 22:30:55:3055","unit":"microseconds"}
{"duration":2828376,"level":"\u001b[32minfo\u001b[39m","message":"\u001b[32mPerformance: cpu_system_time = 2828376 microseconds\u001b[39m","operation":"cpu_system_time","timestamp":"2026-04-07 22:30:55:3055","unit":"microseconds"}
{"duration":541.144264046,"level":"\u001b[32minfo\u001b[39m","message":"\u001b[32mPerformance: process_uptime = 541.144264046 seconds\u001b[39m","operation":"process_uptime","timestamp":"2026-04-07 22:30:55:3055","unit":"seconds"}
{"duration":0.403035,"level":"\u001b[32minfo\u001b[39m","message":"\u001b[32mPerformance: event_loop_lag = 0.403035 milliseconds\u001b[39m","operation":"event_loop_lag","timestamp":"2026-04-07 22:30:55:3055","unit":"milliseconds"}
{"level":"\u001b[32minfo\u001b[39m","message":"\u001b[32m>>> [MASTERMIND] Resuming all active channels...\u001b[39m","timestamp":"2026-04-07 22:31:12:3112"}
{"error":"Could not load the default credentials. Browse to https://cloud.google.com/docs/authentication/getting-started for more information.","level":"\u001b[31merror\u001b[39m","message":"\u001b[31mFirestore getCollection error [tenants] (Tenant: undefined):\u001b[39m","stack":"Error: Could not load the default credentials. Browse to https://cloud.google.com/docs/authentication/getting-started for more information.\n    at GoogleAuth.getApplicationDefaultAsync (/home/codedex/projects/DeXMart/node_modules/.pnpm/google-auth-library@9.15.1/node_modules/google-auth-library/build/src/auth/googleauth.js:287:15)\n    at async GoogleAuth._GoogleAuth_determineClient (/home/codedex/projects/DeXMart/node_modules/.pnpm/google-auth-library@9.15.1/node_modules/google-auth-library/build/src/auth/googleauth.js:834:32)\n    at async GoogleAuth.getClient (/home/codedex/projects/DeXMart/node_modules/.pnpm/google-auth-library@9.15.1/node_modules/google-auth-library/build/src/auth/googleauth.js:698:20)\n    at async GrpcClient._getCredentials (/home/codedex/projects/DeXMart/node_modules/.pnpm/google-gax@4.6.1/node_modules/google-gax/src/grpc.ts:209:20)\n    at async GrpcClient.createStub (/home/codedex/projects/DeXMart/node_modules/.pnpm/google-gax@4.6.1/node_modules/google-gax/src/grpc.ts:426:19)\nCaused by: Error\n    at QueryUtil._getResponse (/home/codedex/projects/DeXMart/node_modules/.pnpm/@google-cloud+firestore@7.11.6/node_modules/@google-cloud/firestore/build/src/reference/query-util.js:44:23)\n    at CollectionReference._getResponse (/home/codedex/projects/DeXMart/node_modules/.pnpm/@google-cloud+firestore@7.11.6/node_modules/@google-cloud/firestore/build/src/reference/query.js:784:32)\n    at CollectionReference._get (/home/codedex/projects/DeXMart/node_modules/.pnpm/@google-cloud+firestore@7.11.6/node_modules/@google-cloud/firestore/build/src/reference/query.js:777:35)\n    at /home/codedex/projects/DeXMart/node_modules/.pnpm/@google-cloud+firestore@7.11.6/node_modules/@google-cloud/firestore/build/src/reference/query.js:745:43\n    at /home/codedex/projects/DeXMart/node_modules/.pnpm/@google-cloud+firestore@7.11.6/node_modules/@google-cloud/firestore/build/src/telemetry/enabled-trace-util.js:110:30\n    at NoopContextManager.with (/home/codedex/projects/DeXMart/node_modules/.pnpm/@opentelemetry+api@1.9.0/node_modules/@opentelemetry/api/src/context/NoopContextManager.ts:31:15)\n    at ContextAPI.with (/home/codedex/projects/DeXMart/node_modules/.pnpm/@opentelemetry+api@1.9.0/node_modules/@opentelemetry/api/src/api/context.ts:77:42)\n    at NoopTracer.startActiveSpan (/home/codedex/projects/DeXMart/node_modules/.pnpm/@opentelemetry+api@1.9.0/node_modules/@opentelemetry/api/src/trace/NoopTracer.ts:98:27)\n    at ProxyTracer.startActiveSpan (/home/codedex/projects/DeXMart/node_modules/.pnpm/@opentelemetry+api@1.9.0/node_modules/@opentelemetry/api/src/trace/ProxyTracer.ts:51:20)\n    at EnabledTraceUtil.startActiveSpan (/home/codedex/projects/DeXMart/node_modules/.pnpm/@google-cloud+firestore@7.11.6/node_modules/@google-cloud/firestore/build/src/telemetry/enabled-trace-util.js:102:28)","timestamp":"2026-04-07 22:31:22:3122"}
{"error":"Could not load the default credentials. Browse to https://cloud.google.com/docs/authentication/getting-started for more information.","level":"\u001b[31merror\u001b[39m","message":"\u001b[31mMultiTenantService.listTenants error:\u001b[39m","stack":"Error: Could not load the default credentials. Browse to https://cloud.google.com/docs/authentication/getting-started for more information.\n    at GoogleAuth.getApplicationDefaultAsync (/home/codedex/projects/DeXMart/node_modules/.pnpm/google-auth-library@9.15.1/node_modules/google-auth-library/build/src/auth/googleauth.js:287:15)\n    at async GoogleAuth._GoogleAuth_determineClient (/home/codedex/projects/DeXMart/node_modules/.pnpm/google-auth-library@9.15.1/node_modules/google-auth-library/build/src/auth/googleauth.js:834:32)\n    at async GoogleAuth.getClient (/home/codedex/projects/DeXMart/node_modules/.pnpm/google-auth-library@9.15.1/node_modules/google-auth-library/build/src/auth/googleauth.js:698:20)\n    at async GrpcClient._getCredentials (/home/codedex/projects/DeXMart/node_modules/.pnpm/google-gax@4.6.1/node_modules/google-gax/src/grpc.ts:209:20)\n    at async GrpcClient.createStub (/home/codedex/projects/DeXMart/node_modules/.pnpm/google-gax@4.6.1/node_modules/google-gax/src/grpc.ts:426:19)\nCaused by: Error\n    at QueryUtil._getResponse (/home/codedex/projects/DeXMart/node_modules/.pnpm/@google-cloud+firestore@7.11.6/node_modules/@google-cloud/firestore/build/src/reference/query-util.js:44:23)\n    at CollectionReference._getResponse (/home/codedex/projects/DeXMart/node_modules/.pnpm/@google-cloud+firestore@7.11.6/node_modules/@google-cloud/firestore/build/src/reference/query.js:784:32)\n    at CollectionReference._get (/home/codedex/projects/DeXMart/node_modules/.pnpm/@google-cloud+firestore@7.11.6/node_modules/@google-cloud/firestore/build/src/reference/query.js:777:35)\n    at /home/codedex/projects/DeXMart/node_modules/.pnpm/@google-cloud+firestore@7.11.6/node_modules/@google-cloud/firestore/build/src/reference/query.js:745:43\n    at /home/codedex/projects/DeXMart/node_modules/.pnpm/@google-cloud+firestore@7.11.6/node_modules/@google-cloud/firestore/build/src/telemetry/enabled-trace-util.js:110:30\n    at NoopContextManager.with (/home/codedex/projects/DeXMart/node_modules/.pnpm/@opentelemetry+api@1.9.0/node_modules/@opentelemetry/api/src/context/NoopContextManager.ts:31:15)\n    at ContextAPI.with (/home/codedex/projects/DeXMart/node_modules/.pnpm/@opentelemetry+api@1.9.0/node_modules/@opentelemetry/api/src/api/context.ts:77:42)\n    at NoopTracer.startActiveSpan (/home/codedex/projects/DeXMart/node_modules/.pnpm/@opentelemetry+api@1.9.0/node_modules/@opentelemetry/api/src/trace/NoopTracer.ts:98:27)\n    at ProxyTracer.startActiveSpan (/home/codedex/projects/DeXMart/node_modules/.pnpm/@opentelemetry+api@1.9.0/node_modules/@opentelemetry/api/src/trace/ProxyTracer.ts:51:20)\n    at EnabledTraceUtil.startActiveSpan (/home/codedex/projects/DeXMart/node_modules/.pnpm/@google-cloud+firestore@7.11.6/node_modules/@google-cloud/firestore/build/src/telemetry/enabled-trace-util.js:102:28)","timestamp":"2026-04-07 22:31:22:3122"}
{"level":"\u001b[32minfo\u001b[39m","message":"\u001b[32m[ChannelService] Successfully queued 0 channels for resumption.\u001b[39m","timestamp":"2026-04-07 22:31:22:3122"}
{"duration":262194000,"level":"\u001b[32minfo\u001b[39m","message":"\u001b[32mPerformance: memory_heap_used = 262194000 bytes\u001b[39m","operation":"memory_heap_used","timestamp":"2026-04-07 22:31:25:3125","unit":"bytes"}
{"duration":275824640,"level":"\u001b[32minfo\u001b[39m","message":"\u001b[32mPerformance: memory_heap_total = 275824640 bytes\u001b[39m","operation":"memory_heap_total","timestamp":"2026-04-07 22:31:25:3125","unit":"bytes"}
{"duration":498933760,"level":"\u001b[32minfo\u001b[39m","message":"\u001b[32mPerformance: memory_rss = 498933760 bytes\u001b[39m","operation":"memory_rss","timestamp":"2026-04-07 22:31:25:3125","unit":"bytes"}
{"duration":24520606,"level":"\u001b[32minfo\u001b[39m","message":"\u001b[32mPerformance: memory_external = 24520606 bytes\u001b[39m","operation":"memory_external","timestamp":"2026-04-07 22:31:25:3125","unit":"bytes"}
{"duration":8225005,"level":"\u001b[32minfo\u001b[39m","message":"\u001b[32mPerformance: cpu_user_time = 8225005 microseconds\u001b[39m","operation":"cpu_user_time","timestamp":"2026-04-07 22:31:25:3125","unit":"microseconds"}
{"duration":2851061,"level":"\u001b[32minfo\u001b[39m","message":"\u001b[32mPerformance: cpu_system_time = 2851061 microseconds\u001b[39m","operation":"cpu_system_time","timestamp":"2026-04-07 22:31:25:3125","unit":"microseconds"}
{"duration":571.144977562,"level":"\u001b[32minfo\u001b[39m","message":"\u001b[32mPerformance: process_uptime = 571.144977562 seconds\u001b[39m","operation":"process_uptime","timestamp":"2026-04-07 22:31:25:3125","unit":"seconds"}
{"duration":0.289944,"level":"\u001b[32minfo\u001b[39m","message":"\u001b[32mPerformance: event_loop_lag = 0.289944 milliseconds\u001b[39m","operation":"event_loop_lag","timestamp":"2026-04-07 22:31:25:3125","unit":"milliseconds"}
{"duration":262583984,"level":"\u001b[32minfo\u001b[39m","message":"\u001b[32mPerformance: memory_heap_used = 262583984 bytes\u001b[39m","operation":"memory_heap_used","timestamp":"2026-04-07 22:31:55:3155","unit":"bytes"}
{"duration":276348928,"level":"\u001b[32minfo\u001b[39m","message":"\u001b[32mPerformance: memory_heap_total = 276348928 bytes\u001b[39m","operation":"memory_heap_total","timestamp":"2026-04-07 22:31:55:3155","unit":"bytes"}
{"duration":498933760,"level":"\u001b[32minfo\u001b[39m","message":"\u001b[32mPerformance: memory_rss = 498933760 bytes\u001b[39m","operation":"memory_rss","timestamp":"2026-04-07 22:31:55:3155","unit":"bytes"}
{"duration":24529218,"level":"\u001b[32minfo\u001b[39m","message":"\u001b[32mPerformance: memory_external = 24529218 bytes\u001b[39m","operation":"memory_external","timestamp":"2026-04-07 22:31:55:3155","unit":"bytes"}
{"duration":8343135,"level":"\u001b[32minfo\u001b[39m","message":"\u001b[32mPerformance: cpu_user_time = 8343135 microseconds\u001b[39m","operation":"cpu_user_time","timestamp":"2026-04-07 22:31:55:3155","unit":"microseconds"}
{"duration":2882748,"level":"\u001b[32minfo\u001b[39m","message":"\u001b[32mPerformance: cpu_system_time = 2882748 microseconds\u001b[39m","operation":"cpu_system_time","timestamp":"2026-04-07 22:31:55:3155","unit":"microseconds"}
{"duration":601.145905814,"level":"\u001b[32minfo\u001b[39m","message":"\u001b[32mPerformance: process_uptime = 601.145905814 seconds\u001b[39m","operation":"process_uptime","timestamp":"2026-04-07 22:31:55:3155","unit":"seconds"}
{"duration":0.327594,"level":"\u001b[32minfo\u001b[39m","message":"\u001b[32mPerformance: event_loop_lag = 0.327594 milliseconds\u001b[39m","operation":"event_loop_lag","timestamp":"2026-04-07 22:31:55:3155","unit":"milliseconds"}
{"level":"\u001b[32minfo\u001b[39m","message":"\u001b[32m>>> [MASTERMIND] Resuming all active channels...\u001b[39m","timestamp":"2026-04-07 22:32:12:3212"}
{"error":"Could not load the default credentials. Browse to https://cloud.google.com/docs/authentication/getting-started for more information.","level":"\u001b[31merror\u001b[39m","message":"\u001b[31mFirestore getCollection error [tenants] (Tenant: undefined):\u001b[39m","stack":"Error: Could not load the default credentials. Browse to https://cloud.google.com/docs/authentication/getting-started for more information.\n    at GoogleAuth.getApplicationDefaultAsync (/home/codedex/projects/DeXMart/node_modules/.pnpm/google-auth-library@9.15.1/node_modules/google-auth-library/build/src/auth/googleauth.js:287:15)\n    at async GoogleAuth._GoogleAuth_determineClient (/home/codedex/projects/DeXMart/node_modules/.pnpm/google-auth-library@9.15.1/node_modules/google-auth-library/build/src/auth/googleauth.js:834:32)\n    at async GoogleAuth.getClient (/home/codedex/projects/DeXMart/node_modules/.pnpm/google-auth-library@9.15.1/node_modules/google-auth-library/build/src/auth/googleauth.js:698:20)\n    at async GrpcClient._getCredentials (/home/codedex/projects/DeXMart/node_modules/.pnpm/google-gax@4.6.1/node_modules/google-gax/src/grpc.ts:209:20)\n    at async GrpcClient.createStub (/home/codedex/projects/DeXMart/node_modules/.pnpm/google-gax@4.6.1/node_modules/google-gax/src/grpc.ts:426:19)\nCaused by: Error\n    at QueryUtil._getResponse (/home/codedex/projects/DeXMart/node_modules/.pnpm/@google-cloud+firestore@7.11.6/node_modules/@google-cloud/firestore/build/src/reference/query-util.js:44:23)\n    at CollectionReference._getResponse (/home/codedex/projects/DeXMart/node_modules/.pnpm/@google-cloud+firestore@7.11.6/node_modules/@google-cloud/firestore/build/src/reference/query.js:784:32)\n    at CollectionReference._get (/home/codedex/projects/DeXMart/node_modules/.pnpm/@google-cloud+firestore@7.11.6/node_modules/@google-cloud/firestore/build/src/reference/query.js:777:35)\n    at /home/codedex/projects/DeXMart/node_modules/.pnpm/@google-cloud+firestore@7.11.6/node_modules/@google-cloud/firestore/build/src/reference/query.js:745:43\n    at /home/codedex/projects/DeXMart/node_modules/.pnpm/@google-cloud+firestore@7.11.6/node_modules/@google-cloud/firestore/build/src/telemetry/enabled-trace-util.js:110:30\n    at NoopContextManager.with (/home/codedex/projects/DeXMart/node_modules/.pnpm/@opentelemetry+api@1.9.0/node_modules/@opentelemetry/api/src/context/NoopContextManager.ts:31:15)\n    at ContextAPI.with (/home/codedex/projects/DeXMart/node_modules/.pnpm/@opentelemetry+api@1.9.0/node_modules/@opentelemetry/api/src/api/context.ts:77:42)\n    at NoopTracer.startActiveSpan (/home/codedex/projects/DeXMart/node_modules/.pnpm/@opentelemetry+api@1.9.0/node_modules/@opentelemetry/api/src/trace/NoopTracer.ts:98:27)\n    at ProxyTracer.startActiveSpan (/home/codedex/projects/DeXMart/node_modules/.pnpm/@opentelemetry+api@1.9.0/node_modules/@opentelemetry/api/src/trace/ProxyTracer.ts:51:20)\n    at EnabledTraceUtil.startActiveSpan (/home/codedex/projects/DeXMart/node_modules/.pnpm/@google-cloud+firestore@7.11.6/node_modules/@google-cloud/firestore/build/src/telemetry/enabled-trace-util.js:102:28)","timestamp":"2026-04-07 22:32:20:3220"}
{"error":"Could not load the default credentials. Browse to https://cloud.google.com/docs/authentication/getting-started for more information.","level":"\u001b[31merror\u001b[39m","message":"\u001b[31mMultiTenantService.listTenants error:\u001b[39m","stack":"Error: Could not load the default credentials. Browse to https://cloud.google.com/docs/authentication/getting-started for more information.\n    at GoogleAuth.getApplicationDefaultAsync (/home/codedex/projects/DeXMart/node_modules/.pnpm/google-auth-library@9.15.1/node_modules/google-auth-library/build/src/auth/googleauth.js:287:15)\n    at async GoogleAuth._GoogleAuth_determineClient (/home/codedex/projects/DeXMart/node_modules/.pnpm/google-auth-library@9.15.1/node_modules/google-auth-library/build/src/auth/googleauth.js:834:32)\n    at async GoogleAuth.getClient (/home/codedex/projects/DeXMart/node_modules/.pnpm/google-auth-library@9.15.1/node_modules/google-auth-library/build/src/auth/googleauth.js:698:20)\n    at async GrpcClient._getCredentials (/home/codedex/projects/DeXMart/node_modules/.pnpm/google-gax@4.6.1/node_modules/google-gax/src/grpc.ts:209:20)\n    at async GrpcClient.createStub (/home/codedex/projects/DeXMart/node_modules/.pnpm/google-gax@4.6.1/node_modules/google-gax/src/grpc.ts:426:19)\nCaused by: Error\n    at QueryUtil._getResponse (/home/codedex/projects/DeXMart/node_modules/.pnpm/@google-cloud+firestore@7.11.6/node_modules/@google-cloud/firestore/build/src/reference/query-util.js:44:23)\n    at CollectionReference._getResponse (/home/codedex/projects/DeXMart/node_modules/.pnpm/@google-cloud+firestore@7.11.6/node_modules/@google-cloud/firestore/build/src/reference/query.js:784:32)\n    at CollectionReference._get (/home/codedex/projects/DeXMart/node_modules/.pnpm/@google-cloud+firestore@7.11.6/node_modules/@google-cloud/firestore/build/src/reference/query.js:777:35)\n    at /home/codedex/projects/DeXMart/node_modules/.pnpm/@google-cloud+firestore@7.11.6/node_modules/@google-cloud/firestore/build/src/reference/query.js:745:43\n    at /home/codedex/projects/DeXMart/node_modules/.pnpm/@google-cloud+firestore@7.11.6/node_modules/@google-cloud/firestore/build/src/telemetry/enabled-trace-util.js:110:30\n    at NoopContextManager.with (/home/codedex/projects/DeXMart/node_modules/.pnpm/@opentelemetry+api@1.9.0/node_modules/@opentelemetry/api/src/context/NoopContextManager.ts:31:15)\n    at ContextAPI.with (/home/codedex/projects/DeXMart/node_modules/.pnpm/@opentelemetry+api@1.9.0/node_modules/@opentelemetry/api/src/api/context.ts:77:42)\n    at NoopTracer.startActiveSpan (/home/codedex/projects/DeXMart/node_modules/.pnpm/@opentelemetry+api@1.9.0/node_modules/@opentelemetry/api/src/trace/NoopTracer.ts:98:27)\n    at ProxyTracer.startActiveSpan (/home/codedex/projects/DeXMart/node_modules/.pnpm/@opentelemetry+api@1.9.0/node_modules/@opentelemetry/api/src/trace/ProxyTracer.ts:51:20)\n    at EnabledTraceUtil.startActiveSpan (/home/codedex/projects/DeXMart/node_modules/.pnpm/@google-cloud+firestore@7.11.6/node_modules/@google-cloud/firestore/build/src/telemetry/enabled-trace-util.js:102:28)","timestamp":"2026-04-07 22:32:20:3220"}
{"level":"\u001b[32minfo\u001b[39m","message":"\u001b[32m[ChannelService] Successfully queued 0 channels for resumption.\u001b[39m","timestamp":"2026-04-07 22:32:20:3220"}
{"duration":262738632,"level":"\u001b[32minfo\u001b[39m","message":"\u001b[32mPerformance: memory_heap_used = 262738632 bytes\u001b[39m","operation":"memory_heap_used","timestamp":"2026-04-07 22:32:25:3225","unit":"bytes"}
{"duration":276348928,"level":"\u001b[32minfo\u001b[39m","message":"\u001b[32mPerformance: memory_heap_total = 276348928 bytes\u001b[39m","operation":"memory_heap_total","timestamp":"2026-04-07 22:32:25:3225","unit":"bytes"}
{"duration":498933760,"level":"\u001b[32minfo\u001b[39m","message":"\u001b[32mPerformance: memory_rss = 498933760 bytes\u001b[39m","operation":"memory_rss","timestamp":"2026-04-07 22:32:25:3225","unit":"bytes"}
{"duration":24545332,"level":"\u001b[32minfo\u001b[39m","message":"\u001b[32mPerformance: memory_external = 24545332 bytes\u001b[39m","operation":"memory_external","timestamp":"2026-04-07 22:32:25:3225","unit":"bytes"}
{"duration":8568429,"level":"\u001b[32minfo\u001b[39m","message":"\u001b[32mPerformance: cpu_user_time = 8568429 microseconds\u001b[39m","operation":"cpu_user_time","timestamp":"2026-04-07 22:32:25:3225","unit":"microseconds"}
{"duration":2924378,"level":"\u001b[32minfo\u001b[39m","message":"\u001b[32mPerformance: cpu_system_time = 2924378 microseconds\u001b[39m","operation":"cpu_system_time","timestamp":"2026-04-07 22:32:25:3225","unit":"microseconds"}
{"duration":631.149418282,"level":"\u001b[32minfo\u001b[39m","message":"\u001b[32mPerformance: process_uptime = 631.149418282 seconds\u001b[39m","operation":"process_uptime","timestamp":"2026-04-07 22:32:25:3225","unit":"seconds"}
{"duration":0.237945,"level":"\u001b[32minfo\u001b[39m","message":"\u001b[32mPerformance: event_loop_lag = 0.237945 milliseconds\u001b[39m","operation":"event_loop_lag","timestamp":"2026-04-07 22:32:25:3225","unit":"milliseconds"}
{"duration":262449248,"level":"\u001b[32minfo\u001b[39m","message":"\u001b[32mPerformance: memory_heap_used = 262449248 bytes\u001b[39m","operation":"memory_heap_used","timestamp":"2026-04-07 22:32:55:3255","unit":"bytes"}
{"duration":276348928,"level":"\u001b[32minfo\u001b[39m","message":"\u001b[32mPerformance: memory_heap_total = 276348928 bytes\u001b[39m","operation":"memory_heap_total","timestamp":"2026-04-07 22:32:55:3255","unit":"bytes"}
{"duration":499064832,"level":"\u001b[32minfo\u001b[39m","message":"\u001b[32mPerformance: memory_rss = 499064832 bytes\u001b[39m","operation":"memory_rss","timestamp":"2026-04-07 22:32:55:3255","unit":"bytes"}
{"duration":24520476,"level":"\u001b[32minfo\u001b[39m","message":"\u001b[32mPerformance: memory_external = 24520476 bytes\u001b[39m","operation":"memory_external","timestamp":"2026-04-07 22:32:55:3255","unit":"bytes"}
{"duration":8791775,"level":"\u001b[32minfo\u001b[39m","message":"\u001b[32mPerformance: cpu_user_time = 8791775 microseconds\u001b[39m","operation":"cpu_user_time","timestamp":"2026-04-07 22:32:55:3255","unit":"microseconds"}
{"duration":2973935,"level":"\u001b[32minfo\u001b[39m","message":"\u001b[32mPerformance: cpu_system_time = 2973935 microseconds\u001b[39m","operation":"cpu_system_time","timestamp":"2026-04-07 22:32:55:3255","unit":"microseconds"}
{"duration":661.148666369,"level":"\u001b[32minfo\u001b[39m","message":"\u001b[32mPerformance: process_uptime = 661.148666369 seconds\u001b[39m","operation":"process_uptime","timestamp":"2026-04-07 22:32:55:3255","unit":"seconds"}
{"duration":0.208791,"level":"\u001b[32minfo\u001b[39m","message":"\u001b[32mPerformance: event_loop_lag = 0.208791 milliseconds\u001b[39m","operation":"event_loop_lag","timestamp":"2026-04-07 22:32:55:3255","unit":"milliseconds"}
{"level":"\u001b[32minfo\u001b[39m","message":"\u001b[32m>>> [MASTERMIND] Resuming all active channels...\u001b[39m","timestamp":"2026-04-07 22:33:12:3312"}
{"error":"Could not load the default credentials. Browse to https://cloud.google.com/docs/authentication/getting-started for more information.","level":"\u001b[31merror\u001b[39m","message":"\u001b[31mFirestore getCollection error [tenants] (Tenant: undefined):\u001b[39m","stack":"Error: Could not load the default credentials. Browse to https://cloud.google.com/docs/authentication/getting-started for more information.\n    at GoogleAuth.getApplicationDefaultAsync (/home/codedex/projects/DeXMart/node_modules/.pnpm/google-auth-library@9.15.1/node_modules/google-auth-library/build/src/auth/googleauth.js:287:15)\n    at async GoogleAuth._GoogleAuth_determineClient (/home/codedex/projects/DeXMart/node_modules/.pnpm/google-auth-library@9.15.1/node_modules/google-auth-library/build/src/auth/googleauth.js:834:32)\n    at async GoogleAuth.getClient (/home/codedex/projects/DeXMart/node_modules/.pnpm/google-auth-library@9.15.1/node_modules/google-auth-library/build/src/auth/googleauth.js:698:20)\n    at async GrpcClient._getCredentials (/home/codedex/projects/DeXMart/node_modules/.pnpm/google-gax@4.6.1/node_modules/google-gax/src/grpc.ts:209:20)\n    at async GrpcClient.createStub (/home/codedex/projects/DeXMart/node_modules/.pnpm/google-gax@4.6.1/node_modules/google-gax/src/grpc.ts:426:19)\nCaused by: Error\n    at QueryUtil._getResponse (/home/codedex/projects/DeXMart/node_modules/.pnpm/@google-cloud+firestore@7.11.6/node_modules/@google-cloud/firestore/build/src/reference/query-util.js:44:23)\n    at CollectionReference._getResponse (/home/codedex/projects/DeXMart/node_modules/.pnpm/@google-cloud+firestore@7.11.6/node_modules/@google-cloud/firestore/build/src/reference/query.js:784:32)\n    at CollectionReference._get (/home/codedex/projects/DeXMart/node_modules/.pnpm/@google-cloud+firestore@7.11.6/node_modules/@google-cloud/firestore/build/src/reference/query.js:777:35)\n    at /home/codedex/projects/DeXMart/node_modules/.pnpm/@google-cloud+firestore@7.11.6/node_modules/@google-cloud/firestore/build/src/reference/query.js:745:43\n    at /home/codedex/projects/DeXMart/node_modules/.pnpm/@google-cloud+firestore@7.11.6/node_modules/@google-cloud/firestore/build/src/telemetry/enabled-trace-util.js:110:30\n    at NoopContextManager.with (/home/codedex/projects/DeXMart/node_modules/.pnpm/@opentelemetry+api@1.9.0/node_modules/@opentelemetry/api/src/context/NoopContextManager.ts:31:15)\n    at ContextAPI.with (/home/codedex/projects/DeXMart/node_modules/.pnpm/@opentelemetry+api@1.9.0/node_modules/@opentelemetry/api/src/api/context.ts:77:42)\n    at NoopTracer.startActiveSpan (/home/codedex/projects/DeXMart/node_modules/.pnpm/@opentelemetry+api@1.9.0/node_modules/@opentelemetry/api/src/trace/NoopTracer.ts:98:27)\n    at ProxyTracer.startActiveSpan (/home/codedex/projects/DeXMart/node_modules/.pnpm/@opentelemetry+api@1.9.0/node_modules/@opentelemetry/api/src/trace/ProxyTracer.ts:51:20)\n    at EnabledTraceUtil.startActiveSpan (/home/codedex/projects/DeXMart/node_modules/.pnpm/@google-cloud+firestore@7.11.6/node_modules/@google-cloud/firestore/build/src/telemetry/enabled-trace-util.js:102:28)","timestamp":"2026-04-07 22:33:20:3320"}
{"error":"Could not load the default credentials. Browse to https://cloud.google.com/docs/authentication/getting-started for more information.","level":"\u001b[31merror\u001b[39m","message":"\u001b[31mMultiTenantService.listTenants error:\u001b[39m","stack":"Error: Could not load the default credentials. Browse to https://cloud.google.com/docs/authentication/getting-started for more information.\n    at GoogleAuth.getApplicationDefaultAsync (/home/codedex/projects/DeXMart/node_modules/.pnpm/google-auth-library@9.15.1/node_modules/google-auth-library/build/src/auth/googleauth.js:287:15)\n    at async GoogleAuth._GoogleAuth_determineClient (/home/codedex/projects/DeXMart/node_modules/.pnpm/google-auth-library@9.15.1/node_modules/google-auth-library/build/src/auth/googleauth.js:834:32)\n    at async GoogleAuth.getClient (/home/codedex/projects/DeXMart/node_modules/.pnpm/google-auth-library@9.15.1/node_modules/google-auth-library/build/src/auth/googleauth.js:698:20)\n    at async GrpcClient._getCredentials (/home/codedex/projects/DeXMart/node_modules/.pnpm/google-gax@4.6.1/node_modules/google-gax/src/grpc.ts:209:20)\n    at async GrpcClient.createStub (/home/codedex/projects/DeXMart/node_modules/.pnpm/google-gax@4.6.1/node_modules/google-gax/src/grpc.ts:426:19)\nCaused by: Error\n    at QueryUtil._getResponse (/home/codedex/projects/DeXMart/node_modules/.pnpm/@google-cloud+firestore@7.11.6/node_modules/@google-cloud/firestore/build/src/reference/query-util.js:44:23)\n    at CollectionReference._getResponse (/home/codedex/projects/DeXMart/node_modules/.pnpm/@google-cloud+firestore@7.11.6/node_modules/@google-cloud/firestore/build/src/reference/query.js:784:32)\n    at CollectionReference._get (/home/codedex/projects/DeXMart/node_modules/.pnpm/@google-cloud+firestore@7.11.6/node_modules/@google-cloud/firestore/build/src/reference/query.js:777:35)\n    at /home/codedex/projects/DeXMart/node_modules/.pnpm/@google-cloud+firestore@7.11.6/node_modules/@google-cloud/firestore/build/src/reference/query.js:745:43\n    at /home/codedex/projects/DeXMart/node_modules/.pnpm/@google-cloud+firestore@7.11.6/node_modules/@google-cloud/firestore/build/src/telemetry/enabled-trace-util.js:110:30\n    at NoopContextManager.with (/home/codedex/projects/DeXMart/node_modules/.pnpm/@opentelemetry+api@1.9.0/node_modules/@opentelemetry/api/src/context/NoopContextManager.ts:31:15)\n    at ContextAPI.with (/home/codedex/projects/DeXMart/node_modules/.pnpm/@opentelemetry+api@1.9.0/node_modules/@opentelemetry/api/src/api/context.ts:77:42)\n    at NoopTracer.startActiveSpan (/home/codedex/projects/DeXMart/node_modules/.pnpm/@opentelemetry+api@1.9.0/node_modules/@opentelemetry/api/src/trace/NoopTracer.ts:98:27)\n    at ProxyTracer.startActiveSpan (/home/codedex/projects/DeXMart/node_modules/.pnpm/@opentelemetry+api@1.9.0/node_modules/@opentelemetry/api/src/trace/ProxyTracer.ts:51:20)\n    at EnabledTraceUtil.startActiveSpan (/home/codedex/projects/DeXMart/node_modules/.pnpm/@google-cloud+firestore@7.11.6/node_modules/@google-cloud/firestore/build/src/telemetry/enabled-trace-util.js:102:28)","timestamp":"2026-04-07 22:33:20:3320"}
{"level":"\u001b[32minfo\u001b[39m","message":"\u001b[32m[ChannelService] Successfully queued 0 channels for resumption.\u001b[39m","timestamp":"2026-04-07 22:33:20:3320"}
{"duration":262615984,"level":"\u001b[32minfo\u001b[39m","message":"\u001b[32mPerformance: memory_heap_used = 262615984 bytes\u001b[39m","operation":"memory_heap_used","timestamp":"2026-04-07 22:33:25:3325","unit":"bytes"}
{"duration":276348928,"level":"\u001b[32minfo\u001b[39m","message":"\u001b[32mPerformance: memory_heap_total = 276348928 bytes\u001b[39m","operation":"memory_heap_total","timestamp":"2026-04-07 22:33:25:3325","unit":"bytes"}
{"duration":499195904,"level":"\u001b[32minfo\u001b[39m","message":"\u001b[32mPerformance: memory_rss = 499195904 bytes\u001b[39m","operation":"memory_rss","timestamp":"2026-04-07 22:33:25:3325","unit":"bytes"}
{"duration":24553674,"level":"\u001b[32minfo\u001b[39m","message":"\u001b[32mPerformance: memory_external = 24553674 bytes\u001b[39m","operation":"memory_external","timestamp":"2026-04-07 22:33:25:3325","unit":"bytes"}
{"duration":9062421,"level":"\u001b[32minfo\u001b[39m","message":"\u001b[32mPerformance: cpu_user_time = 9062421 microseconds\u001b[39m","operation":"cpu_user_time","timestamp":"2026-04-07 22:33:25:3325","unit":"microseconds"}
{"duration":3104325,"level":"\u001b[32minfo\u001b[39m","message":"\u001b[32mPerformance: cpu_system_time = 3104325 microseconds\u001b[39m","operation":"cpu_system_time","timestamp":"2026-04-07 22:33:25:3325","unit":"microseconds"}
{"duration":691.149329312,"level":"\u001b[32minfo\u001b[39m","message":"\u001b[32mPerformance: process_uptime = 691.149329312 seconds\u001b[39m","operation":"process_uptime","timestamp":"2026-04-07 22:33:25:3325","unit":"seconds"}
{"duration":0.330149,"level":"\u001b[32minfo\u001b[39m","message":"\u001b[32mPerformance: event_loop_lag = 0.330149 milliseconds\u001b[39m","operation":"event_loop_lag","timestamp":"2026-04-07 22:33:25:3325","unit":"milliseconds"}
{"duration":262984608,"level":"\u001b[32minfo\u001b[39m","message":"\u001b[32mPerformance: memory_heap_used = 262984608 bytes\u001b[39m","operation":"memory_heap_used","timestamp":"2026-04-07 22:33:55:3355","unit":"bytes"}
{"duration":276348928,"level":"\u001b[32minfo\u001b[39m","message":"\u001b[32mPerformance: memory_heap_total = 276348928 bytes\u001b[39m","operation":"memory_heap_total","timestamp":"2026-04-07 22:33:55:3355","unit":"bytes"}
{"duration":499195904,"level":"\u001b[32minfo\u001b[39m","message":"\u001b[32mPerformance: memory_rss = 499195904 bytes\u001b[39m","operation":"memory_rss","timestamp":"2026-04-07 22:33:55:3355","unit":"bytes"}
{"duration":24537220,"level":"\u001b[32minfo\u001b[39m","message":"\u001b[32mPerformance: memory_external = 24537220 bytes\u001b[39m","operation":"memory_external","timestamp":"2026-04-07 22:33:55:3355","unit":"bytes"}
{"duration":9134985,"level":"\u001b[32minfo\u001b[39m","message":"\u001b[32mPerformance: cpu_user_time = 9134985 microseconds\u001b[39m","operation":"cpu_user_time","timestamp":"2026-04-07 22:33:55:3355","unit":"microseconds"}
{"duration":3127254,"level":"\u001b[32minfo\u001b[39m","message":"\u001b[32mPerformance: cpu_system_time = 3127254 microseconds\u001b[39m","operation":"cpu_system_time","timestamp":"2026-04-07 22:33:55:3355","unit":"microseconds"}
{"duration":721.192567061,"level":"\u001b[32minfo\u001b[39m","message":"\u001b[32mPerformance: process_uptime = 721.192567061 seconds\u001b[39m","operation":"process_uptime","timestamp":"2026-04-07 22:33:55:3355","unit":"seconds"}
{"duration":0.290625,"level":"\u001b[32minfo\u001b[39m","message":"\u001b[32mPerformance: event_loop_lag = 0.290625 milliseconds\u001b[39m","operation":"event_loop_lag","timestamp":"2026-04-07 22:33:55:3355","unit":"milliseconds"}
{"level":"\u001b[32minfo\u001b[39m","message":"\u001b[32m>>> [MASTERMIND] Resuming all active channels...\u001b[39m","timestamp":"2026-04-07 22:34:12:3412"}
{"error":"Could not load the default credentials. Browse to https://cloud.google.com/docs/authentication/getting-started for more information.","level":"\u001b[31merror\u001b[39m","message":"\u001b[31mFirestore getCollection error [tenants] (Tenant: undefined):\u001b[39m","stack":"Error: Could not load the default credentials. Browse to https://cloud.google.com/docs/authentication/getting-started for more information.\n    at GoogleAuth.getApplicationDefaultAsync (/home/codedex/projects/DeXMart/node_modules/.pnpm/google-auth-library@9.15.1/node_modules/google-auth-library/build/src/auth/googleauth.js:287:15)\n    at async GoogleAuth._GoogleAuth_determineClient (/home/codedex/projects/DeXMart/node_modules/.pnpm/google-auth-library@9.15.1/node_modules/google-auth-library/build/src/auth/googleauth.js:834:32)\n    at async GoogleAuth.getClient (/home/codedex/projects/DeXMart/node_modules/.pnpm/google-auth-library@9.15.1/node_modules/google-auth-library/build/src/auth/googleauth.js:698:20)\n    at async GrpcClient._getCredentials (/home/codedex/projects/DeXMart/node_modules/.pnpm/google-gax@4.6.1/node_modules/google-gax/src/grpc.ts:209:20)\n    at async GrpcClient.createStub (/home/codedex/projects/DeXMart/node_modules/.pnpm/google-gax@4.6.1/node_modules/google-gax/src/grpc.ts:426:19)\nCaused by: Error\n    at QueryUtil._getResponse (/home/codedex/projects/DeXMart/node_modules/.pnpm/@google-cloud+firestore@7.11.6/node_modules/@google-cloud/firestore/build/src/reference/query-util.js:44:23)\n    at CollectionReference._getResponse (/home/codedex/projects/DeXMart/node_modules/.pnpm/@google-cloud+firestore@7.11.6/node_modules/@google-cloud/firestore/build/src/reference/query.js:784:32)\n    at CollectionReference._get (/home/codedex/projects/DeXMart/node_modules/.pnpm/@google-cloud+firestore@7.11.6/node_modules/@google-cloud/firestore/build/src/reference/query.js:777:35)\n    at /home/codedex/projects/DeXMart/node_modules/.pnpm/@google-cloud+firestore@7.11.6/node_modules/@google-cloud/firestore/build/src/reference/query.js:745:43\n    at /home/codedex/projects/DeXMart/node_modules/.pnpm/@google-cloud+firestore@7.11.6/node_modules/@google-cloud/firestore/build/src/telemetry/enabled-trace-util.js:110:30\n    at NoopContextManager.with (/home/codedex/projects/DeXMart/node_modules/.pnpm/@opentelemetry+api@1.9.0/node_modules/@opentelemetry/api/src/context/NoopContextManager.ts:31:15)\n    at ContextAPI.with (/home/codedex/projects/DeXMart/node_modules/.pnpm/@opentelemetry+api@1.9.0/node_modules/@opentelemetry/api/src/api/context.ts:77:42)\n    at NoopTracer.startActiveSpan (/home/codedex/projects/DeXMart/node_modules/.pnpm/@opentelemetry+api@1.9.0/node_modules/@opentelemetry/api/src/trace/NoopTracer.ts:98:27)\n    at ProxyTracer.startActiveSpan (/home/codedex/projects/DeXMart/node_modules/.pnpm/@opentelemetry+api@1.9.0/node_modules/@opentelemetry/api/src/trace/ProxyTracer.ts:51:20)\n    at EnabledTraceUtil.startActiveSpan (/home/codedex/projects/DeXMart/node_modules/.pnpm/@google-cloud+firestore@7.11.6/node_modules/@google-cloud/firestore/build/src/telemetry/enabled-trace-util.js:102:28)","timestamp":"2026-04-07 22:34:22:3422"}
{"error":"Could not load the default credentials. Browse to https://cloud.google.com/docs/authentication/getting-started for more information.","level":"\u001b[31merror\u001b[39m","message":"\u001b[31mMultiTenantService.listTenants error:\u001b[39m","stack":"Error: Could not load the default credentials. Browse to https://cloud.google.com/docs/authentication/getting-started for more information.\n    at GoogleAuth.getApplicationDefaultAsync (/home/codedex/projects/DeXMart/node_modules/.pnpm/google-auth-library@9.15.1/node_modules/google-auth-library/build/src/auth/googleauth.js:287:15)\n    at async GoogleAuth._GoogleAuth_determineClient (/home/codedex/projects/DeXMart/node_modules/.pnpm/google-auth-library@9.15.1/node_modules/google-auth-library/build/src/auth/googleauth.js:834:32)\n    at async GoogleAuth.getClient (/home/codedex/projects/DeXMart/node_modules/.pnpm/google-auth-library@9.15.1/node_modules/google-auth-library/build/src/auth/googleauth.js:698:20)\n    at async GrpcClient._getCredentials (/home/codedex/projects/DeXMart/node_modules/.pnpm/google-gax@4.6.1/node_modules/google-gax/src/grpc.ts:209:20)\n    at async GrpcClient.createStub (/home/codedex/projects/DeXMart/node_modules/.pnpm/google-gax@4.6.1/node_modules/google-gax/src/grpc.ts:426:19)\nCaused by: Error\n    at QueryUtil._getResponse (/home/codedex/projects/DeXMart/node_modules/.pnpm/@google-cloud+firestore@7.11.6/node_modules/@google-cloud/firestore/build/src/reference/query-util.js:44:23)\n    at CollectionReference._getResponse (/home/codedex/projects/DeXMart/node_modules/.pnpm/@google-cloud+firestore@7.11.6/node_modules/@google-cloud/firestore/build/src/reference/query.js:784:32)\n    at CollectionReference._get (/home/codedex/projects/DeXMart/node_modules/.pnpm/@google-cloud+firestore@7.11.6/node_modules/@google-cloud/firestore/build/src/reference/query.js:777:35)\n    at /home/codedex/projects/DeXMart/node_modules/.pnpm/@google-cloud+firestore@7.11.6/node_modules/@google-cloud/firestore/build/src/reference/query.js:745:43\n    at /home/codedex/projects/DeXMart/node_modules/.pnpm/@google-cloud+firestore@7.11.6/node_modules/@google-cloud/firestore/build/src/telemetry/enabled-trace-util.js:110:30\n    at NoopContextManager.with (/home/codedex/projects/DeXMart/node_modules/.pnpm/@opentelemetry+api@1.9.0/node_modules/@opentelemetry/api/src/context/NoopContextManager.ts:31:15)\n    at ContextAPI.with (/home/codedex/projects/DeXMart/node_modules/.pnpm/@opentelemetry+api@1.9.0/node_modules/@opentelemetry/api/src/api/context.ts:77:42)\n    at NoopTracer.startActiveSpan (/home/codedex/projects/DeXMart/node_modules/.pnpm/@opentelemetry+api@1.9.0/node_modules/@opentelemetry/api/src/trace/NoopTracer.ts:98:27)\n    at ProxyTracer.startActiveSpan (/home/codedex/projects/DeXMart/node_modules/.pnpm/@opentelemetry+api@1.9.0/node_modules/@opentelemetry/api/src/trace/ProxyTracer.ts:51:20)\n    at EnabledTraceUtil.startActiveSpan (/home/codedex/projects/DeXMart/node_modules/.pnpm/@google-cloud+firestore@7.11.6/node_modules/@google-cloud/firestore/build/src/telemetry/enabled-trace-util.js:102:28)","timestamp":"2026-04-07 22:34:22:3422"}
{"level":"\u001b[32minfo\u001b[39m","message":"\u001b[32m[ChannelService] Successfully queued 0 channels for resumption.\u001b[39m","timestamp":"2026-04-07 22:34:22:3422"}
{"duration":262973848,"level":"\u001b[32minfo\u001b[39m","message":"\u001b[32mPerformance: memory_heap_used = 262973848 bytes\u001b[39m","operation":"memory_heap_used","timestamp":"2026-04-07 22:34:25:3425","unit":"bytes"}
{"duration":276348928,"level":"\u001b[32minfo\u001b[39m","message":"\u001b[32mPerformance: memory_heap_total = 276348928 bytes\u001b[39m","operation":"memory_heap_total","timestamp":"2026-04-07 22:34:25:3425","unit":"bytes"}
{"duration":499195904,"level":"\u001b[32minfo\u001b[39m","message":"\u001b[32mPerformance: memory_rss = 499195904 bytes\u001b[39m","operation":"memory_rss","timestamp":"2026-04-07 22:34:25:3425","unit":"bytes"}
{"duration":24545182,"level":"\u001b[32minfo\u001b[39m","message":"\u001b[32mPerformance: memory_external = 24545182 bytes\u001b[39m","operation":"memory_external","timestamp":"2026-04-07 22:34:25:3425","unit":"bytes"}
{"duration":9488011,"level":"\u001b[32minfo\u001b[39m","message":"\u001b[32mPerformance: cpu_user_time = 9488011 microseconds\u001b[39m","operation":"cpu_user_time","timestamp":"2026-04-07 22:34:25:3425","unit":"microseconds"}
{"duration":3261280,"level":"\u001b[32minfo\u001b[39m","message":"\u001b[32mPerformance: cpu_system_time = 3261280 microseconds\u001b[39m","operation":"cpu_system_time","timestamp":"2026-04-07 22:34:25:3425","unit":"microseconds"}
{"duration":751.150516386,"level":"\u001b[32minfo\u001b[39m","message":"\u001b[32mPerformance: process_uptime = 751.150516386 seconds\u001b[39m","operation":"process_uptime","timestamp":"2026-04-07 22:34:25:3425","unit":"seconds"}
{"duration":0.950781,"level":"\u001b[32minfo\u001b[39m","message":"\u001b[32mPerformance: event_loop_lag = 0.950781 milliseconds\u001b[39m","operation":"event_loop_lag","timestamp":"2026-04-07 22:34:25:3425","unit":"milliseconds"}
{"duration":263288848,"level":"\u001b[32minfo\u001b[39m","message":"\u001b[32mPerformance: memory_heap_used = 263288848 bytes\u001b[39m","operation":"memory_heap_used","timestamp":"2026-04-07 22:34:55:3455","unit":"bytes"}
{"duration":276348928,"level":"\u001b[32minfo\u001b[39m","message":"\u001b[32mPerformance: memory_heap_total = 276348928 bytes\u001b[39m","operation":"memory_heap_total","timestamp":"2026-04-07 22:34:55:3455","unit":"bytes"}
{"duration":499195904,"level":"\u001b[32minfo\u001b[39m","message":"\u001b[32mPerformance: memory_rss = 499195904 bytes\u001b[39m","operation":"memory_rss","timestamp":"2026-04-07 22:34:55:3455","unit":"bytes"}
{"duration":24545492,"level":"\u001b[32minfo\u001b[39m","message":"\u001b[32mPerformance: memory_external = 24545492 bytes\u001b[39m","operation":"memory_external","timestamp":"2026-04-07 22:34:55:3455","unit":"bytes"}
{"duration":9606583,"level":"\u001b[32minfo\u001b[39m","message":"\u001b[32mPerformance: cpu_user_time = 9606583 microseconds\u001b[39m","operation":"cpu_user_time","timestamp":"2026-04-07 22:34:55:3455","unit":"microseconds"}
{"duration":3274149,"level":"\u001b[32minfo\u001b[39m","message":"\u001b[32mPerformance: cpu_system_time = 3274149 microseconds\u001b[39m","operation":"cpu_system_time","timestamp":"2026-04-07 22:34:55:3455","unit":"microseconds"}
{"duration":781.150368952,"level":"\u001b[32minfo\u001b[39m","message":"\u001b[32mPerformance: process_uptime = 781.150368952 seconds\u001b[39m","operation":"process_uptime","timestamp":"2026-04-07 22:34:55:3455","unit":"seconds"}
{"duration":0.284132,"level":"\u001b[32minfo\u001b[39m","message":"\u001b[32mPerformance: event_loop_lag = 0.284132 milliseconds\u001b[39m","operation":"event_loop_lag","timestamp":"2026-04-07 22:34:55:3455","unit":"milliseconds"}
{"level":"\u001b[32minfo\u001b[39m","message":"\u001b[32m>>> [MASTERMIND] Resuming all active channels...\u001b[39m","timestamp":"2026-04-07 22:35:12:3512"}
{"error":"Could not load the default credentials. Browse to https://cloud.google.com/docs/authentication/getting-started for more information.","level":"\u001b[31merror\u001b[39m","message":"\u001b[31mFirestore getCollection error [tenants] (Tenant: undefined):\u001b[39m","stack":"Error: Could not load the default credentials. Browse to https://cloud.google.com/docs/authentication/getting-started for more information.\n    at GoogleAuth.getApplicationDefaultAsync (/home/codedex/projects/DeXMart/node_modules/.pnpm/google-auth-library@9.15.1/node_modules/google-auth-library/build/src/auth/googleauth.js:287:15)\n    at async GoogleAuth._GoogleAuth_determineClient (/home/codedex/projects/DeXMart/node_modules/.pnpm/google-auth-library@9.15.1/node_modules/google-auth-library/build/src/auth/googleauth.js:834:32)\n    at async GoogleAuth.getClient (/home/codedex/projects/DeXMart/node_modules/.pnpm/google-auth-library@9.15.1/node_modules/google-auth-library/build/src/auth/googleauth.js:698:20)\n    at async GrpcClient._getCredentials (/home/codedex/projects/DeXMart/node_modules/.pnpm/google-gax@4.6.1/node_modules/google-gax/src/grpc.ts:209:20)\n    at async GrpcClient.createStub (/home/codedex/projects/DeXMart/node_modules/.pnpm/google-gax@4.6.1/node_modules/google-gax/src/grpc.ts:426:19)\nCaused by: Error\n    at QueryUtil._getResponse (/home/codedex/projects/DeXMart/node_modules/.pnpm/@google-cloud+firestore@7.11.6/node_modules/@google-cloud/firestore/build/src/reference/query-util.js:44:23)\n    at CollectionReference._getResponse (/home/codedex/projects/DeXMart/node_modules/.pnpm/@google-cloud+firestore@7.11.6/node_modules/@google-cloud/firestore/build/src/reference/query.js:784:32)\n    at CollectionReference._get (/home/codedex/projects/DeXMart/node_modules/.pnpm/@google-cloud+firestore@7.11.6/node_modules/@google-cloud/firestore/build/src/reference/query.js:777:35)\n    at /home/codedex/projects/DeXMart/node_modules/.pnpm/@google-cloud+firestore@7.11.6/node_modules/@google-cloud/firestore/build/src/reference/query.js:745:43\n    at /home/codedex/projects/DeXMart/node_modules/.pnpm/@google-cloud+firestore@7.11.6/node_modules/@google-cloud/firestore/build/src/telemetry/enabled-trace-util.js:110:30\n    at NoopContextManager.with (/home/codedex/projects/DeXMart/node_modules/.pnpm/@opentelemetry+api@1.9.0/node_modules/@opentelemetry/api/src/context/NoopContextManager.ts:31:15)\n    at ContextAPI.with (/home/codedex/projects/DeXMart/node_modules/.pnpm/@opentelemetry+api@1.9.0/node_modules/@opentelemetry/api/src/api/context.ts:77:42)\n    at NoopTracer.startActiveSpan (/home/codedex/projects/DeXMart/node_modules/.pnpm/@opentelemetry+api@1.9.0/node_modules/@opentelemetry/api/src/trace/NoopTracer.ts:98:27)\n    at ProxyTracer.startActiveSpan (/home/codedex/projects/DeXMart/node_modules/.pnpm/@opentelemetry+api@1.9.0/node_modules/@opentelemetry/api/src/trace/ProxyTracer.ts:51:20)\n    at EnabledTraceUtil.startActiveSpan (/home/codedex/projects/DeXMart/node_modules/.pnpm/@google-cloud+firestore@7.11.6/node_modules/@google-cloud/firestore/build/src/telemetry/enabled-trace-util.js:102:28)","timestamp":"2026-04-07 22:35:21:3521"}
{"error":"Could not load the default credentials. Browse to https://cloud.google.com/docs/authentication/getting-started for more information.","level":"\u001b[31merror\u001b[39m","message":"\u001b[31mMultiTenantService.listTenants error:\u001b[39m","stack":"Error: Could not load the default credentials. Browse to https://cloud.google.com/docs/authentication/getting-started for more information.\n    at GoogleAuth.getApplicationDefaultAsync (/home/codedex/projects/DeXMart/node_modules/.pnpm/google-auth-library@9.15.1/node_modules/google-auth-library/build/src/auth/googleauth.js:287:15)\n    at async GoogleAuth._GoogleAuth_determineClient (/home/codedex/projects/DeXMart/node_modules/.pnpm/google-auth-library@9.15.1/node_modules/google-auth-library/build/src/auth/googleauth.js:834:32)\n    at async GoogleAuth.getClient (/home/codedex/projects/DeXMart/node_modules/.pnpm/google-auth-library@9.15.1/node_modules/google-auth-library/build/src/auth/googleauth.js:698:20)\n    at async GrpcClient._getCredentials (/home/codedex/projects/DeXMart/node_modules/.pnpm/google-gax@4.6.1/node_modules/google-gax/src/grpc.ts:209:20)\n    at async GrpcClient.createStub (/home/codedex/projects/DeXMart/node_modules/.pnpm/google-gax@4.6.1/node_modules/google-gax/src/grpc.ts:426:19)\nCaused by: Error\n    at QueryUtil._getResponse (/home/codedex/projects/DeXMart/node_modules/.pnpm/@google-cloud+firestore@7.11.6/node_modules/@google-cloud/firestore/build/src/reference/query-util.js:44:23)\n    at CollectionReference._getResponse (/home/codedex/projects/DeXMart/node_modules/.pnpm/@google-cloud+firestore@7.11.6/node_modules/@google-cloud/firestore/build/src/reference/query.js:784:32)\n    at CollectionReference._get (/home/codedex/projects/DeXMart/node_modules/.pnpm/@google-cloud+firestore@7.11.6/node_modules/@google-cloud/firestore/build/src/reference/query.js:777:35)\n    at /home/codedex/projects/DeXMart/node_modules/.pnpm/@google-cloud+firestore@7.11.6/node_modules/@google-cloud/firestore/build/src/reference/query.js:745:43\n    at /home/codedex/projects/DeXMart/node_modules/.pnpm/@google-cloud+firestore@7.11.6/node_modules/@google-cloud/firestore/build/src/telemetry/enabled-trace-util.js:110:30\n    at NoopContextManager.with (/home/codedex/projects/DeXMart/node_modules/.pnpm/@opentelemetry+api@1.9.0/node_modules/@opentelemetry/api/src/context/NoopContextManager.ts:31:15)\n    at ContextAPI.with (/home/codedex/projects/DeXMart/node_modules/.pnpm/@opentelemetry+api@1.9.0/node_modules/@opentelemetry/api/src/api/context.ts:77:42)\n    at NoopTracer.startActiveSpan (/home/codedex/projects/DeXMart/node_modules/.pnpm/@opentelemetry+api@1.9.0/node_modules/@opentelemetry/api/src/trace/NoopTracer.ts:98:27)\n    at ProxyTracer.startActiveSpan (/home/codedex/projects/DeXMart/node_modules/.pnpm/@opentelemetry+api@1.9.0/node_modules/@opentelemetry/api/src/trace/ProxyTracer.ts:51:20)\n    at EnabledTraceUtil.startActiveSpan (/home/codedex/projects/DeXMart/node_modules/.pnpm/@google-cloud+firestore@7.11.6/node_modules/@google-cloud/firestore/build/src/telemetry/enabled-trace-util.js:102:28)","timestamp":"2026-04-07 22:35:21:3521"}
{"level":"\u001b[32minfo\u001b[39m","message":"\u001b[32m[ChannelService] Successfully queued 0 channels for resumption.\u001b[39m","timestamp":"2026-04-07 22:35:21:3521"}
{"duration":263255272,"level":"\u001b[32minfo\u001b[39m","message":"\u001b[32mPerformance: memory_heap_used = 263255272 bytes\u001b[39m","operation":"memory_heap_used","timestamp":"2026-04-07 22:35:25:3525","unit":"bytes"}
{"duration":277397504,"level":"\u001b[32minfo\u001b[39m","message":"\u001b[32mPerformance: memory_heap_total = 277397504 bytes\u001b[39m","operation":"memory_heap_total","timestamp":"2026-04-07 22:35:25:3525","unit":"bytes"}
{"duration":499326976,"level":"\u001b[32minfo\u001b[39m","message":"\u001b[32mPerformance: memory_rss = 499326976 bytes\u001b[39m","operation":"memory_rss","timestamp":"2026-04-07 22:35:25:3525","unit":"bytes"}
{"duration":24569758,"level":"\u001b[32minfo\u001b[39m","message":"\u001b[32mPerformance: memory_external = 24569758 bytes\u001b[39m","operation":"memory_external","timestamp":"2026-04-07 22:35:25:3525","unit":"bytes"}
{"duration":9774846,"level":"\u001b[32minfo\u001b[39m","message":"\u001b[32mPerformance: cpu_user_time = 9774846 microseconds\u001b[39m","operation":"cpu_user_time","timestamp":"2026-04-07 22:35:25:3525","unit":"microseconds"}
{"duration":3335513,"level":"\u001b[32minfo\u001b[39m","message":"\u001b[32mPerformance: cpu_system_time = 3335513 microseconds\u001b[39m","operation":"cpu_system_time","timestamp":"2026-04-07 22:35:25:3525","unit":"microseconds"}
{"duration":811.150222631,"level":"\u001b[32minfo\u001b[39m","message":"\u001b[32mPerformance: process_uptime = 811.150222631 seconds\u001b[39m","operation":"process_uptime","timestamp":"2026-04-07 22:35:25:3525","unit":"seconds"}
{"duration":0.214051,"level":"\u001b[32minfo\u001b[39m","message":"\u001b[32mPerformance: event_loop_lag = 0.214051 milliseconds\u001b[39m","operation":"event_loop_lag","timestamp":"2026-04-07 22:35:25:3525","unit":"milliseconds"}
{"duration":263566240,"level":"\u001b[32minfo\u001b[39m","message":"\u001b[32mPerformance: memory_heap_used = 263566240 bytes\u001b[39m","operation":"memory_heap_used","timestamp":"2026-04-07 22:35:55:3555","unit":"bytes"}
{"duration":276348928,"level":"\u001b[32minfo\u001b[39m","message":"\u001b[32mPerformance: memory_heap_total = 276348928 bytes\u001b[39m","operation":"memory_heap_total","timestamp":"2026-04-07 22:35:55:3555","unit":"bytes"}
{"duration":499326976,"level":"\u001b[32minfo\u001b[39m","message":"\u001b[32mPerformance: memory_rss = 499326976 bytes\u001b[39m","operation":"memory_rss","timestamp":"2026-04-07 22:35:55:3555","unit":"bytes"}
{"duration":24594669,"level":"\u001b[32minfo\u001b[39m","message":"\u001b[32mPerformance: memory_external = 24594669 bytes\u001b[39m","operation":"memory_external","timestamp":"2026-04-07 22:35:55:3555","unit":"bytes"}
{"duration":9898774,"level":"\u001b[32minfo\u001b[39m","message":"\u001b[32mPerformance: cpu_user_time = 9898774 microseconds\u001b[39m","operation":"cpu_user_time","timestamp":"2026-04-07 22:35:55:3555","unit":"microseconds"}
{"duration":3366764,"level":"\u001b[32minfo\u001b[39m","message":"\u001b[32mPerformance: cpu_system_time = 3366764 microseconds\u001b[39m","operation":"cpu_system_time","timestamp":"2026-04-07 22:35:55:3555","unit":"microseconds"}
{"duration":841.15188541,"level":"\u001b[32minfo\u001b[39m","message":"\u001b[32mPerformance: process_uptime = 841.15188541 seconds\u001b[39m","operation":"process_uptime","timestamp":"2026-04-07 22:35:55:3555","unit":"seconds"}
{"duration":0.638607,"level":"\u001b[32minfo\u001b[39m","message":"\u001b[32mPerformance: event_loop_lag = 0.638607 milliseconds\u001b[39m","operation":"event_loop_lag","timestamp":"2026-04-07 22:35:55:3555","unit":"milliseconds"}
{"level":"\u001b[32minfo\u001b[39m","message":"\u001b[32m>>> [MASTERMIND] Resuming all active channels...\u001b[39m","timestamp":"2026-04-07 22:36:12:3612"}
